ISO-10303-21;
HEADER;
FILE_DESCRIPTION(('Open CASCADE Model'),'2;1');
FILE_NAME('Open CASCADE Shape Model','2026-09-21T20:23:59',('Author'),(
    'Open CASCADE'),'Open CASCADE STEP processor 7.9','Open CASCADE 7.9'
  ,'Unknown');
FILE_SCHEMA(('AUTOMOTIVE_DESIGN { 1 0 10303 214 1 1 1 1 }'));
ENDSEC;
DATA;
#1 = APPLICATION_PROTOCOL_DEFINITION('international standard',
  'automotive_design',2000,#2);
#2 = APPLICATION_CONTEXT(
  'core data for automotive mechanical design processes');
#3 = SHAPE_DEFINITION_REPRESENTATION(#4,#10);
#4 = PRODUCT_DEFINITION_SHAPE('','',#5);
#5 = PRODUCT_DEFINITION('design','',#6,#9);
#6 = PRODUCT_DEFINITION_FORMATION('','',#7);
#7 = PRODUCT('right_foot_comparison','right_foot_comparison','',(#8));
#8 = PRODUCT_CONTEXT('',#2,'mechanical');
#9 = PRODUCT_DEFINITION_CONTEXT('part definition',#2,'design');
#10 = SHAPE_REPRESENTATION('',(#11,#15,#19,#23,#27,#31,#35,#39),#43);
#11 = AXIS2_PLACEMENT_3D('',#12,#13,#14);
#12 = CARTESIAN_POINT('',(0.,0.,0.));
#13 = DIRECTION('',(0.,0.,1.));
#14 = DIRECTION('',(1.,0.,-0.));
#15 = AXIS2_PLACEMENT_3D('',#16,#17,#18);
#16 = CARTESIAN_POINT('',(0.,0.,0.));
#17 = DIRECTION('',(0.,0.,1.));
#18 = DIRECTION('',(1.,0.,-0.));
#19 = AXIS2_PLACEMENT_3D('',#20,#21,#22);
#20 = CARTESIAN_POINT('',(0.,0.,0.));
#21 = DIRECTION('',(0.,0.,1.));
#22 = DIRECTION('',(1.,0.,-0.));
#23 = AXIS2_PLACEMENT_3D('',#24,#25,#26);
#24 = CARTESIAN_POINT('',(0.,0.,0.));
#25 = DIRECTION('',(0.,0.,1.));
#26 = DIRECTION('',(1.,0.,-0.));
#27 = AXIS2_PLACEMENT_3D('',#28,#29,#30);
#28 = CARTESIAN_POINT('',(0.,0.,0.));
#29 = DIRECTION('',(0.,0.,1.));
#30 = DIRECTION('',(1.,0.,-0.));
#31 = AXIS2_PLACEMENT_3D('',#32,#33,#34);
#32 = CARTESIAN_POINT('',(0.,0.,0.));
#33 = DIRECTION('',(0.,0.,1.));
#34 = DIRECTION('',(1.,0.,-0.));
#35 = AXIS2_PLACEMENT_3D('',#36,#37,#38);
#36 = CARTESIAN_POINT('',(0.,0.,0.));
#37 = DIRECTION('',(0.,0.,1.));
#38 = DIRECTION('',(1.,0.,-0.));
#39 = AXIS2_PLACEMENT_3D('',#40,#41,#42);
#40 = CARTESIAN_POINT('',(0.,0.,0.));
#41 = DIRECTION('',(0.,0.,1.));
#42 = DIRECTION('',(1.,0.,-0.));
#43 = ( GEOMETRIC_REPRESENTATION_CONTEXT(3) 
GLOBAL_UNCERTAINTY_ASSIGNED_CONTEXT((#47)) GLOBAL_UNIT_ASSIGNED_CONTEXT(
(#44,#45,#46)) REPRESENTATION_CONTEXT('Context #1',
  '3D Context with UNIT and UNCERTAINTY') );
#44 = ( LENGTH_UNIT() NAMED_UNIT(*) SI_UNIT(.MILLI.,.METRE.) );
#45 = ( NAMED_UNIT(*) PLANE_ANGLE_UNIT() SI_UNIT($,.RADIAN.) );
#46 = ( NAMED_UNIT(*) SI_UNIT($,.STERADIAN.) SOLID_ANGLE_UNIT() );
#47 = UNCERTAINTY_MEASURE_WITH_UNIT(LENGTH_MEASURE(1.E-07),#44,
  'distance_accuracy_value','confusion accuracy');
#48 = PRODUCT_RELATED_PRODUCT_CATEGORY('part',$,(#7));
#49 = SHAPE_DEFINITION_REPRESENTATION(#50,#56);
#50 = PRODUCT_DEFINITION_SHAPE('','',#51);
#51 = PRODUCT_DEFINITION('design','',#52,#55);
#52 = PRODUCT_DEFINITION_FORMATION('','',#53);
#53 = PRODUCT('boot','boot','',(#54));
#54 = PRODUCT_CONTEXT('',#2,'mechanical');
#55 = PRODUCT_DEFINITION_CONTEXT('part definition',#2,'design');
#56 = ADVANCED_BREP_SHAPE_REPRESENTATION('',(#11,#57),#9524);
#57 = MANIFOLD_SOLID_BREP('',#58);
#58 = CLOSED_SHELL('',(#59,#996,#1706,#1760,#2682,#2709,#2764,#2819,
    #2874,#3050,#3100,#3149,#3249,#3298,#3393,#3488,#3538,#3587,#3641,
    #3736,#3864,#3913,#4728,#4777,#4827,#4876,#4930,#4957,#5006,#5056,
    #5105,#5137,#5192,#5219,#5246,#5324,#5395,#5422,#5451,#5479,#5546,
    #5574,#5602,#5629,#5658,#5730,#5757,#5785,#5870,#5970,#6020,#6069,
    #6162,#6189,#6216,#6223,#6277,#6326,#6431,#6485,#6589,#6616,#6643,
    #6670,#6697,#6724,#6751,#6778,#6805,#6832,#6859,#6886,#6913,#6940,
    #6967,#6994,#7021,#7048,#7075,#7102,#7109,#7144,#7179,#7214,#7241,
    #7270,#7310,#7361,#7401,#7450,#7545,#7622,#7649,#7684,#7716,#7771,
    #7826,#7834,#7884,#7891,#7898,#7953,#8008,#8063,#8118,#8173,#8228,
    #8346,#8464,#8582,#8700,#8798,#8896,#8994,#9092,#9139,#9166,#9193,
    #9200,#9247,#9274,#9301,#9308,#9355,#9382,#9409,#9416,#9463,#9490,
    #9517));
#59 = ADVANCED_FACE('',(#60,#179,#210,#241,#272,#965),#74,.F.);
#60 = FACE_BOUND('',#61,.F.);
#61 = EDGE_LOOP('',(#62,#97,#125,#153));
#62 = ORIENTED_EDGE('',*,*,#63,.F.);
#63 = EDGE_CURVE('',#64,#66,#68,.T.);
#64 = VERTEX_POINT('',#65);
#65 = CARTESIAN_POINT('',(-37.8,18.,-15.8));
#66 = VERTEX_POINT('',#67);
#67 = CARTESIAN_POINT('',(45.8,18.,-15.8));
#68 = SURFACE_CURVE('',#69,(#73,#85),.PCURVE_S1.);
#69 = LINE('',#70,#71);
#70 = CARTESIAN_POINT('',(-37.8,18.,-15.8));
#71 = VECTOR('',#72,1.);
#72 = DIRECTION('',(1.,0.,-2.124828755263E-17));
#73 = PCURVE('',#74,#79);
#74 = PLANE('',#75);
#75 = AXIS2_PLACEMENT_3D('',#76,#77,#78);
#76 = CARTESIAN_POINT('',(-39.,18.,-15.8));
#77 = DIRECTION('',(-0.,0.,1.));
#78 = DIRECTION('',(1.,0.,0.));
#79 = DEFINITIONAL_REPRESENTATION('',(#80),#84);
#80 = LINE('',#81,#82);
#81 = CARTESIAN_POINT('',(1.2,0.));
#82 = VECTOR('',#83,1.);
#83 = DIRECTION('',(1.,0.));
#84 = ( GEOMETRIC_REPRESENTATION_CONTEXT(2) 
PARAMETRIC_REPRESENTATION_CONTEXT() REPRESENTATION_CONTEXT('2D SPACE',''
  ) );
#85 = PCURVE('',#86,#91);
#86 = PLANE('',#87);
#87 = AXIS2_PLACEMENT_3D('',#88,#89,#90);
#88 = CARTESIAN_POINT('',(2.351435856768,18.,8.262235193787));
#89 = DIRECTION('',(-0.,-1.,-0.));
#90 = DIRECTION('',(0.,0.,-1.));
#91 = DEFINITIONAL_REPRESENTATION('',(#92),#96);
#92 = LINE('',#93,#94);
#93 = CARTESIAN_POINT('',(24.062235193787,-40.15143585676));
#94 = VECTOR('',#95,1.);
#95 = DIRECTION('',(2.124828755263E-17,1.));
#96 = ( GEOMETRIC_REPRESENTATION_CONTEXT(2) 
PARAMETRIC_REPRESENTATION_CONTEXT() REPRESENTATION_CONTEXT('2D SPACE',''
  ) );
#97 = ORIENTED_EDGE('',*,*,#98,.T.);
#98 = EDGE_CURVE('',#64,#99,#101,.T.);
#99 = VERTEX_POINT('',#100);
#100 = CARTESIAN_POINT('',(-37.8,-30.,-15.8));
#101 = SURFACE_CURVE('',#102,(#106,#113),.PCURVE_S1.);
#102 = LINE('',#103,#104);
#103 = CARTESIAN_POINT('',(-37.8,18.,-15.8));
#104 = VECTOR('',#105,1.);
#105 = DIRECTION('',(0.,-1.,0.));
#106 = PCURVE('',#74,#107);
#107 = DEFINITIONAL_REPRESENTATION('',(#108),#112);
#108 = LINE('',#109,#110);
#109 = CARTESIAN_POINT('',(1.2,0.));
#110 = VECTOR('',#111,1.);
#111 = DIRECTION('',(0.,-1.));
#112 = ( GEOMETRIC_REPRESENTATION_CONTEXT(2) 
PARAMETRIC_REPRESENTATION_CONTEXT() REPRESENTATION_CONTEXT('2D SPACE',''
  ) );
#113 = PCURVE('',#114,#119);
#114 = CYLINDRICAL_SURFACE('',#115,1.2);
#115 = AXIS2_PLACEMENT_3D('',#116,#117,#118);
#116 = CARTESIAN_POINT('',(-37.8,18.,-14.6));
#117 = DIRECTION('',(0.,-1.,0.));
#118 = DIRECTION('',(0.,-0.,-1.));
#119 = DEFINITIONAL_REPRESENTATION('',(#120),#124);
#120 = LINE('',#121,#122);
#121 = CARTESIAN_POINT('',(6.28318530718,0.));
#122 = VECTOR('',#123,1.);
#123 = DIRECTION('',(-0.,1.));
#124 = ( GEOMETRIC_REPRESENTATION_CONTEXT(2) 
PARAMETRIC_REPRESENTATION_CONTEXT() REPRESENTATION_CONTEXT('2D SPACE',''
  ) );
#125 = ORIENTED_EDGE('',*,*,#126,.F.);
#126 = EDGE_CURVE('',#127,#99,#129,.T.);
#127 = VERTEX_POINT('',#128);
#128 = CARTESIAN_POINT('',(45.8,-30.,-15.8));
#129 = SURFACE_CURVE('',#130,(#134,#141),.PCURVE_S1.);
#130 = LINE('',#131,#132);
#131 = CARTESIAN_POINT('',(45.8,-30.,-15.8));
#132 = VECTOR('',#133,1.);
#133 = DIRECTION('',(-1.,0.,2.124828755263E-17));
#134 = PCURVE('',#74,#135);
#135 = DEFINITIONAL_REPRESENTATION('',(#136),#140);
#136 = LINE('',#137,#138);
#137 = CARTESIAN_POINT('',(84.8,-48.));
#138 = VECTOR('',#139,1.);
#139 = DIRECTION('',(-1.,0.));
#140 = ( GEOMETRIC_REPRESENTATION_CONTEXT(2) 
PARAMETRIC_REPRESENTATION_CONTEXT() REPRESENTATION_CONTEXT('2D SPACE',''
  ) );
#141 = PCURVE('',#142,#147);
#142 = PLANE('',#143);
#143 = AXIS2_PLACEMENT_3D('',#144,#145,#146);
#144 = CARTESIAN_POINT('',(2.351435856768,-30.,8.262235193787));
#145 = DIRECTION('',(-0.,-1.,-0.));
#146 = DIRECTION('',(0.,0.,-1.));
#147 = DEFINITIONAL_REPRESENTATION('',(#148),#152);
#148 = LINE('',#149,#150);
#149 = CARTESIAN_POINT('',(24.062235193787,43.448564143232));
#150 = VECTOR('',#151,1.);
#151 = DIRECTION('',(-2.124828755263E-17,-1.));
#152 = ( GEOMETRIC_REPRESENTATION_CONTEXT(2) 
PARAMETRIC_REPRESENTATION_CONTEXT() REPRESENTATION_CONTEXT('2D SPACE',''
  ) );
#153 = ORIENTED_EDGE('',*,*,#154,.F.);
#154 = EDGE_CURVE('',#66,#127,#155,.T.);
#155 = SURFACE_CURVE('',#156,(#160,#167),.PCURVE_S1.);
#156 = LINE('',#157,#158);
#157 = CARTESIAN_POINT('',(45.8,18.,-15.8));
#158 = VECTOR('',#159,1.);
#159 = DIRECTION('',(0.,-1.,0.));
#160 = PCURVE('',#74,#161);
#161 = DEFINITIONAL_REPRESENTATION('',(#162),#166);
#162 = LINE('',#163,#164);
#163 = CARTESIAN_POINT('',(84.8,0.));
#164 = VECTOR('',#165,1.);
#165 = DIRECTION('',(0.,-1.));
#166 = ( GEOMETRIC_REPRESENTATION_CONTEXT(2) 
PARAMETRIC_REPRESENTATION_CONTEXT() REPRESENTATION_CONTEXT('2D SPACE',''
  ) );
#167 = PCURVE('',#168,#173);
#168 = CYLINDRICAL_SURFACE('',#169,1.2);
#169 = AXIS2_PLACEMENT_3D('',#170,#171,#172);
#170 = CARTESIAN_POINT('',(45.8,18.,-14.6));
#171 = DIRECTION('',(0.,-1.,0.));
#172 = DIRECTION('',(0.,-0.,-1.));
#173 = DEFINITIONAL_REPRESENTATION('',(#174),#178);
#174 = LINE('',#175,#176);
#175 = CARTESIAN_POINT('',(0.,0.));
#176 = VECTOR('',#177,1.);
#177 = DIRECTION('',(0.,1.));
#178 = ( GEOMETRIC_REPRESENTATION_CONTEXT(2) 
PARAMETRIC_REPRESENTATION_CONTEXT() REPRESENTATION_CONTEXT('2D SPACE',''
  ) );
#179 = FACE_BOUND('',#180,.F.);
#180 = EDGE_LOOP('',(#181));
#181 = ORIENTED_EDGE('',*,*,#182,.F.);
#182 = EDGE_CURVE('',#183,#183,#185,.T.);
#183 = VERTEX_POINT('',#184);
#184 = CARTESIAN_POINT('',(-31.,-26.5,-15.8));
#185 = SURFACE_CURVE('',#186,(#191,#198),.PCURVE_S1.);
#186 = CIRCLE('',#187,3.);
#187 = AXIS2_PLACEMENT_3D('',#188,#189,#190);
#188 = CARTESIAN_POINT('',(-34.,-26.5,-15.8));
#189 = DIRECTION('',(0.,0.,1.));
#190 = DIRECTION('',(1.,0.,-0.));
#191 = PCURVE('',#74,#192);
#192 = DEFINITIONAL_REPRESENTATION('',(#193),#197);
#193 = CIRCLE('',#194,3.);
#194 = AXIS2_PLACEMENT_2D('',#195,#196);
#195 = CARTESIAN_POINT('',(5.,-44.5));
#196 = DIRECTION('',(1.,0.));
#197 = ( GEOMETRIC_REPRESENTATION_CONTEXT(2) 
PARAMETRIC_REPRESENTATION_CONTEXT() REPRESENTATION_CONTEXT('2D SPACE',''
  ) );
#198 = PCURVE('',#199,#204);
#199 = CYLINDRICAL_SURFACE('',#200,3.);
#200 = AXIS2_PLACEMENT_3D('',#201,#202,#203);
#201 = CARTESIAN_POINT('',(-34.,-26.5,-16.));
#202 = DIRECTION('',(0.,0.,1.));
#203 = DIRECTION('',(1.,0.,-0.));
#204 = DEFINITIONAL_REPRESENTATION('',(#205),#209);
#205 = LINE('',#206,#207);
#206 = CARTESIAN_POINT('',(0.,0.2));
#207 = VECTOR('',#208,1.);
#208 = DIRECTION('',(1.,0.));
#209 = ( GEOMETRIC_REPRESENTATION_CONTEXT(2) 
PARAMETRIC_REPRESENTATION_CONTEXT() REPRESENTATION_CONTEXT('2D SPACE',''
  ) );
#210 = FACE_BOUND('',#211,.F.);
#211 = EDGE_LOOP('',(#212));
#212 = ORIENTED_EDGE('',*,*,#213,.F.);
#213 = EDGE_CURVE('',#214,#214,#216,.T.);
#214 = VERTEX_POINT('',#215);
#215 = CARTESIAN_POINT('',(39.,-26.5,-15.8));
#216 = SURFACE_CURVE('',#217,(#222,#229),.PCURVE_S1.);
#217 = CIRCLE('',#218,3.);
#218 = AXIS2_PLACEMENT_3D('',#219,#220,#221);
#219 = CARTESIAN_POINT('',(36.,-26.5,-15.8));
#220 = DIRECTION('',(0.,0.,1.));
#221 = DIRECTION('',(1.,0.,-0.));
#222 = PCURVE('',#74,#223);
#223 = DEFINITIONAL_REPRESENTATION('',(#224),#228);
#224 = CIRCLE('',#225,3.);
#225 = AXIS2_PLACEMENT_2D('',#226,#227);
#226 = CARTESIAN_POINT('',(75.,-44.5));
#227 = DIRECTION('',(1.,0.));
#228 = ( GEOMETRIC_REPRESENTATION_CONTEXT(2) 
PARAMETRIC_REPRESENTATION_CONTEXT() REPRESENTATION_CONTEXT('2D SPACE',''
  ) );
#229 = PCURVE('',#230,#235);
#230 = CYLINDRICAL_SURFACE('',#231,3.);
#231 = AXIS2_PLACEMENT_3D('',#232,#233,#234);
#232 = CARTESIAN_POINT('',(36.,-26.5,-16.));
#233 = DIRECTION('',(0.,0.,1.));
#234 = DIRECTION('',(1.,0.,-0.));
#235 = DEFINITIONAL_REPRESENTATION('',(#236),#240);
#236 = LINE('',#237,#238);
#237 = CARTESIAN_POINT('',(0.,0.2));
#238 = VECTOR('',#239,1.);
#239 = DIRECTION('',(1.,0.));
#240 = ( GEOMETRIC_REPRESENTATION_CONTEXT(2) 
PARAMETRIC_REPRESENTATION_CONTEXT() REPRESENTATION_CONTEXT('2D SPACE',''
  ) );
#241 = FACE_BOUND('',#242,.F.);
#242 = EDGE_LOOP('',(#243));
#243 = ORIENTED_EDGE('',*,*,#244,.F.);
#244 = EDGE_CURVE('',#245,#245,#247,.T.);
#245 = VERTEX_POINT('',#246);
#246 = CARTESIAN_POINT('',(-31.,14.5,-15.8));
#247 = SURFACE_CURVE('',#248,(#253,#260),.PCURVE_S1.);
#248 = CIRCLE('',#249,3.);
#249 = AXIS2_PLACEMENT_3D('',#250,#251,#252);
#250 = CARTESIAN_POINT('',(-34.,14.5,-15.8));
#251 = DIRECTION('',(0.,0.,1.));
#252 = DIRECTION('',(1.,0.,-0.));
#253 = PCURVE('',#74,#254);
#254 = DEFINITIONAL_REPRESENTATION('',(#255),#259);
#255 = CIRCLE('',#256,3.);
#256 = AXIS2_PLACEMENT_2D('',#257,#258);
#257 = CARTESIAN_POINT('',(5.,-3.5));
#258 = DIRECTION('',(1.,0.));
#259 = ( GEOMETRIC_REPRESENTATION_CONTEXT(2) 
PARAMETRIC_REPRESENTATION_CONTEXT() REPRESENTATION_CONTEXT('2D SPACE',''
  ) );
#260 = PCURVE('',#261,#266);
#261 = CYLINDRICAL_SURFACE('',#262,3.);
#262 = AXIS2_PLACEMENT_3D('',#263,#264,#265);
#263 = CARTESIAN_POINT('',(-34.,14.5,-16.));
#264 = DIRECTION('',(0.,0.,1.));
#265 = DIRECTION('',(1.,0.,-0.));
#266 = DEFINITIONAL_REPRESENTATION('',(#267),#271);
#267 = LINE('',#268,#269);
#268 = CARTESIAN_POINT('',(0.,0.2));
#269 = VECTOR('',#270,1.);
#270 = DIRECTION('',(1.,0.));
#271 = ( GEOMETRIC_REPRESENTATION_CONTEXT(2) 
PARAMETRIC_REPRESENTATION_CONTEXT() REPRESENTATION_CONTEXT('2D SPACE',''
  ) );
#272 = FACE_BOUND('',#273,.F.);
#273 = EDGE_LOOP('',(#274,#304,#333,#361,#394,#422,#450,#478,#507,#535,
    #568,#596,#624,#652,#680,#708,#737,#765,#798,#826,#849,#877,#906,
    #934));
#274 = ORIENTED_EDGE('',*,*,#275,.T.);
#275 = EDGE_CURVE('',#276,#278,#280,.T.);
#276 = VERTEX_POINT('',#277);
#277 = CARTESIAN_POINT('',(-37.,-23.13397459621,-15.8));
#278 = VERTEX_POINT('',#279);
#279 = CARTESIAN_POINT('',(-37.,11.133974596216,-15.8));
#280 = SURFACE_CURVE('',#281,(#285,#292),.PCURVE_S1.);
#281 = LINE('',#282,#283);
#282 = CARTESIAN_POINT('',(-37.,17.,-15.8));
#283 = VECTOR('',#284,1.);
#284 = DIRECTION('',(0.,1.,-0.));
#285 = PCURVE('',#74,#286);
#286 = DEFINITIONAL_REPRESENTATION('',(#287),#291);
#287 = LINE('',#288,#289);
#288 = CARTESIAN_POINT('',(2.,-1.));
#289 = VECTOR('',#290,1.);
#290 = DIRECTION('',(0.,1.));
#291 = ( GEOMETRIC_REPRESENTATION_CONTEXT(2) 
PARAMETRIC_REPRESENTATION_CONTEXT() REPRESENTATION_CONTEXT('2D SPACE',''
  ) );
#292 = PCURVE('',#293,#298);
#293 = PLANE('',#294);
#294 = AXIS2_PLACEMENT_3D('',#295,#296,#297);
#295 = CARTESIAN_POINT('',(-37.,16.,23.2));
#296 = DIRECTION('',(1.,0.,0.));
#297 = DIRECTION('',(0.,0.,-1.));
#298 = DEFINITIONAL_REPRESENTATION('',(#299),#303);
#299 = LINE('',#300,#301);
#300 = CARTESIAN_POINT('',(39.,1.));
#301 = VECTOR('',#302,1.);
#302 = DIRECTION('',(0.,1.));
#303 = ( GEOMETRIC_REPRESENTATION_CONTEXT(2) 
PARAMETRIC_REPRESENTATION_CONTEXT() REPRESENTATION_CONTEXT('2D SPACE',''
  ) );
#304 = ORIENTED_EDGE('',*,*,#305,.T.);
#305 = EDGE_CURVE('',#278,#306,#308,.T.);
#306 = VERTEX_POINT('',#307);
#307 = CARTESIAN_POINT('',(-36.5,11.,-15.8));
#308 = SURFACE_CURVE('',#309,(#314,#321),.PCURVE_S1.);
#309 = CIRCLE('',#310,1.);
#310 = AXIS2_PLACEMENT_3D('',#311,#312,#313);
#311 = CARTESIAN_POINT('',(-36.5,12.,-15.8));
#312 = DIRECTION('',(0.,0.,1.));
#313 = DIRECTION('',(0.,-1.,0.));
#314 = PCURVE('',#74,#315);
#315 = DEFINITIONAL_REPRESENTATION('',(#316),#320);
#316 = CIRCLE('',#317,1.);
#317 = AXIS2_PLACEMENT_2D('',#318,#319);
#318 = CARTESIAN_POINT('',(2.5,-6.));
#319 = DIRECTION('',(0.,-1.));
#320 = ( GEOMETRIC_REPRESENTATION_CONTEXT(2) 
PARAMETRIC_REPRESENTATION_CONTEXT() REPRESENTATION_CONTEXT('2D SPACE',''
  ) );
#321 = PCURVE('',#322,#327);
#322 = CYLINDRICAL_SURFACE('',#323,1.);
#323 = AXIS2_PLACEMENT_3D('',#324,#325,#326);
#324 = CARTESIAN_POINT('',(-36.5,12.,-15.8));
#325 = DIRECTION('',(0.,0.,1.));
#326 = DIRECTION('',(-1.,-0.,0.));
#327 = DEFINITIONAL_REPRESENTATION('',(#328),#332);
#328 = LINE('',#329,#330);
#329 = CARTESIAN_POINT('',(-4.712388980385,0.));
#330 = VECTOR('',#331,1.);
#331 = DIRECTION('',(1.,0.));
#332 = ( GEOMETRIC_REPRESENTATION_CONTEXT(2) 
PARAMETRIC_REPRESENTATION_CONTEXT() REPRESENTATION_CONTEXT('2D SPACE',''
  ) );
#333 = ORIENTED_EDGE('',*,*,#334,.T.);
#334 = EDGE_CURVE('',#306,#335,#337,.T.);
#335 = VERTEX_POINT('',#336);
#336 = CARTESIAN_POINT('',(-31.5,11.,-15.8));
#337 = SURFACE_CURVE('',#338,(#342,#349),.PCURVE_S1.);
#338 = LINE('',#339,#340);
#339 = CARTESIAN_POINT('',(-37.5,11.,-15.8));
#340 = VECTOR('',#341,1.);
#341 = DIRECTION('',(1.,0.,0.));
#342 = PCURVE('',#74,#343);
#343 = DEFINITIONAL_REPRESENTATION('',(#344),#348);
#344 = LINE('',#345,#346);
#345 = CARTESIAN_POINT('',(1.5,-7.));
#346 = VECTOR('',#347,1.);
#347 = DIRECTION('',(1.,0.));
#348 = ( GEOMETRIC_REPRESENTATION_CONTEXT(2) 
PARAMETRIC_REPRESENTATION_CONTEXT() REPRESENTATION_CONTEXT('2D SPACE',''
  ) );
#349 = PCURVE('',#350,#355);
#350 = PLANE('',#351);
#351 = AXIS2_PLACEMENT_3D('',#352,#353,#354);
#352 = CARTESIAN_POINT('',(-37.5,11.,-15.8));
#353 = DIRECTION('',(0.,1.,0.));
#354 = DIRECTION('',(0.,-0.,1.));
#355 = DEFINITIONAL_REPRESENTATION('',(#356),#360);
#356 = LINE('',#357,#358);
#357 = CARTESIAN_POINT('',(0.,0.));
#358 = VECTOR('',#359,1.);
#359 = DIRECTION('',(0.,1.));
#360 = ( GEOMETRIC_REPRESENTATION_CONTEXT(2) 
PARAMETRIC_REPRESENTATION_CONTEXT() REPRESENTATION_CONTEXT('2D SPACE',''
  ) );
#361 = ORIENTED_EDGE('',*,*,#362,.F.);
#362 = EDGE_CURVE('',#363,#335,#365,.T.);
#363 = VERTEX_POINT('',#364);
#364 = CARTESIAN_POINT('',(-30.5,12.,-15.8));
#365 = SURFACE_CURVE('',#366,(#371,#382),.PCURVE_S1.);
#366 = CIRCLE('',#367,1.);
#367 = AXIS2_PLACEMENT_3D('',#368,#369,#370);
#368 = CARTESIAN_POINT('',(-31.5,12.,-15.8));
#369 = DIRECTION('',(-0.,-0.,-1.));
#370 = DIRECTION('',(0.,-1.,0.));
#371 = PCURVE('',#74,#372);
#372 = DEFINITIONAL_REPRESENTATION('',(#373),#381);
#373 = ( BOUNDED_CURVE() B_SPLINE_CURVE(2,(#374,#375,#376,#377,#378,#379
,#380),.UNSPECIFIED.,.T.,.F.) B_SPLINE_CURVE_WITH_KNOTS((1,2,2,2,2,1),(
    -2.094395102393,0.,2.094395102393,4.188790204786,6.28318530718,
8.377580409573),.UNSPECIFIED.) CURVE() GEOMETRIC_REPRESENTATION_ITEM() 
RATIONAL_B_SPLINE_CURVE((1.,0.5,1.,0.5,1.,0.5,1.)) REPRESENTATION_ITEM(
  '') );
#374 = CARTESIAN_POINT('',(7.5,-7.));
#375 = CARTESIAN_POINT('',(5.767949192431,-7.));
#376 = CARTESIAN_POINT('',(6.633974596216,-5.5));
#377 = CARTESIAN_POINT('',(7.5,-4.));
#378 = CARTESIAN_POINT('',(8.366025403784,-5.5));
#379 = CARTESIAN_POINT('',(9.232050807569,-7.));
#380 = CARTESIAN_POINT('',(7.5,-7.));
#381 = ( GEOMETRIC_REPRESENTATION_CONTEXT(2) 
PARAMETRIC_REPRESENTATION_CONTEXT() REPRESENTATION_CONTEXT('2D SPACE',''
  ) );
#382 = PCURVE('',#383,#388);
#383 = CYLINDRICAL_SURFACE('',#384,1.);
#384 = AXIS2_PLACEMENT_3D('',#385,#386,#387);
#385 = CARTESIAN_POINT('',(-31.5,12.,-15.8));
#386 = DIRECTION('',(0.,0.,1.));
#387 = DIRECTION('',(1.,0.,-0.));
#388 = DEFINITIONAL_REPRESENTATION('',(#389),#393);
#389 = LINE('',#390,#391);
#390 = CARTESIAN_POINT('',(10.995574287565,0.));
#391 = VECTOR('',#392,1.);
#392 = DIRECTION('',(-1.,0.));
#393 = ( GEOMETRIC_REPRESENTATION_CONTEXT(2) 
PARAMETRIC_REPRESENTATION_CONTEXT() REPRESENTATION_CONTEXT('2D SPACE',''
  ) );
#394 = ORIENTED_EDGE('',*,*,#395,.T.);
#395 = EDGE_CURVE('',#363,#396,#398,.T.);
#396 = VERTEX_POINT('',#397);
#397 = CARTESIAN_POINT('',(-30.5,16.,-15.8));
#398 = SURFACE_CURVE('',#399,(#403,#410),.PCURVE_S1.);
#399 = LINE('',#400,#401);
#400 = CARTESIAN_POINT('',(-30.5,11.,-15.8));
#401 = VECTOR('',#402,1.);
#402 = DIRECTION('',(0.,1.,0.));
#403 = PCURVE('',#74,#404);
#404 = DEFINITIONAL_REPRESENTATION('',(#405),#409);
#405 = LINE('',#406,#407);
#406 = CARTESIAN_POINT('',(8.5,-7.));
#407 = VECTOR('',#408,1.);
#408 = DIRECTION('',(0.,1.));
#409 = ( GEOMETRIC_REPRESENTATION_CONTEXT(2) 
PARAMETRIC_REPRESENTATION_CONTEXT() REPRESENTATION_CONTEXT('2D SPACE',''
  ) );
#410 = PCURVE('',#411,#416);
#411 = PLANE('',#412);
#412 = AXIS2_PLACEMENT_3D('',#413,#414,#415);
#413 = CARTESIAN_POINT('',(-30.5,11.,-15.8));
#414 = DIRECTION('',(1.,0.,0.));
#415 = DIRECTION('',(0.,0.,1.));
#416 = DEFINITIONAL_REPRESENTATION('',(#417),#421);
#417 = LINE('',#418,#419);
#418 = CARTESIAN_POINT('',(0.,0.));
#419 = VECTOR('',#420,1.);
#420 = DIRECTION('',(0.,-1.));
#421 = ( GEOMETRIC_REPRESENTATION_CONTEXT(2) 
PARAMETRIC_REPRESENTATION_CONTEXT() REPRESENTATION_CONTEXT('2D SPACE',''
  ) );
#422 = ORIENTED_EDGE('',*,*,#423,.T.);
#423 = EDGE_CURVE('',#396,#424,#426,.T.);
#424 = VERTEX_POINT('',#425);
#425 = CARTESIAN_POINT('',(32.5,16.,-15.8));
#426 = SURFACE_CURVE('',#427,(#431,#438),.PCURVE_S1.);
#427 = LINE('',#428,#429);
#428 = CARTESIAN_POINT('',(-18.30929289582,16.,-15.8));
#429 = VECTOR('',#430,1.);
#430 = DIRECTION('',(1.,-0.,0.));
#431 = PCURVE('',#74,#432);
#432 = DEFINITIONAL_REPRESENTATION('',(#433),#437);
#433 = LINE('',#434,#435);
#434 = CARTESIAN_POINT('',(20.69070710418,-2.));
#435 = VECTOR('',#436,1.);
#436 = DIRECTION('',(1.,0.));
#437 = ( GEOMETRIC_REPRESENTATION_CONTEXT(2) 
PARAMETRIC_REPRESENTATION_CONTEXT() REPRESENTATION_CONTEXT('2D SPACE',''
  ) );
#438 = PCURVE('',#439,#444);
#439 = PLANE('',#440);
#440 = AXIS2_PLACEMENT_3D('',#441,#442,#443);
#441 = CARTESIAN_POINT('',(2.381414208361,16.,6.210634975253));
#442 = DIRECTION('',(-0.,-1.,-0.));
#443 = DIRECTION('',(0.,0.,-1.));
#444 = DEFINITIONAL_REPRESENTATION('',(#445),#449);
#445 = LINE('',#446,#447);
#446 = CARTESIAN_POINT('',(22.010634975253,-20.69070710418));
#447 = VECTOR('',#448,1.);
#448 = DIRECTION('',(0.,1.));
#449 = ( GEOMETRIC_REPRESENTATION_CONTEXT(2) 
PARAMETRIC_REPRESENTATION_CONTEXT() REPRESENTATION_CONTEXT('2D SPACE',''
  ) );
#450 = ORIENTED_EDGE('',*,*,#451,.F.);
#451 = EDGE_CURVE('',#452,#424,#454,.T.);
#452 = VERTEX_POINT('',#453);
#453 = CARTESIAN_POINT('',(32.5,12.,-15.8));
#454 = SURFACE_CURVE('',#455,(#459,#466),.PCURVE_S1.);
#455 = LINE('',#456,#457);
#456 = CARTESIAN_POINT('',(32.5,11.,-15.8));
#457 = VECTOR('',#458,1.);
#458 = DIRECTION('',(0.,1.,0.));
#459 = PCURVE('',#74,#460);
#460 = DEFINITIONAL_REPRESENTATION('',(#461),#465);
#461 = LINE('',#462,#463);
#462 = CARTESIAN_POINT('',(71.5,-7.));
#463 = VECTOR('',#464,1.);
#464 = DIRECTION('',(0.,1.));
#465 = ( GEOMETRIC_REPRESENTATION_CONTEXT(2) 
PARAMETRIC_REPRESENTATION_CONTEXT() REPRESENTATION_CONTEXT('2D SPACE',''
  ) );
#466 = PCURVE('',#467,#472);
#467 = PLANE('',#468);
#468 = AXIS2_PLACEMENT_3D('',#469,#470,#471);
#469 = CARTESIAN_POINT('',(32.5,11.,-15.8));
#470 = DIRECTION('',(1.,0.,0.));
#471 = DIRECTION('',(0.,0.,1.));
#472 = DEFINITIONAL_REPRESENTATION('',(#473),#477);
#473 = LINE('',#474,#475);
#474 = CARTESIAN_POINT('',(0.,0.));
#475 = VECTOR('',#476,1.);
#476 = DIRECTION('',(0.,-1.));
#477 = ( GEOMETRIC_REPRESENTATION_CONTEXT(2) 
PARAMETRIC_REPRESENTATION_CONTEXT() REPRESENTATION_CONTEXT('2D SPACE',''
  ) );
#478 = ORIENTED_EDGE('',*,*,#479,.T.);
#479 = EDGE_CURVE('',#452,#480,#482,.T.);
#480 = VERTEX_POINT('',#481);
#481 = CARTESIAN_POINT('',(33.5,11.,-15.8));
#482 = SURFACE_CURVE('',#483,(#488,#495),.PCURVE_S1.);
#483 = CIRCLE('',#484,1.);
#484 = AXIS2_PLACEMENT_3D('',#485,#486,#487);
#485 = CARTESIAN_POINT('',(33.5,12.,-15.8));
#486 = DIRECTION('',(0.,0.,1.));
#487 = DIRECTION('',(0.,-1.,0.));
#488 = PCURVE('',#74,#489);
#489 = DEFINITIONAL_REPRESENTATION('',(#490),#494);
#490 = CIRCLE('',#491,1.);
#491 = AXIS2_PLACEMENT_2D('',#492,#493);
#492 = CARTESIAN_POINT('',(72.5,-6.));
#493 = DIRECTION('',(0.,-1.));
#494 = ( GEOMETRIC_REPRESENTATION_CONTEXT(2) 
PARAMETRIC_REPRESENTATION_CONTEXT() REPRESENTATION_CONTEXT('2D SPACE',''
  ) );
#495 = PCURVE('',#496,#501);
#496 = CYLINDRICAL_SURFACE('',#497,1.);
#497 = AXIS2_PLACEMENT_3D('',#498,#499,#500);
#498 = CARTESIAN_POINT('',(33.5,12.,-15.8));
#499 = DIRECTION('',(0.,0.,1.));
#500 = DIRECTION('',(-1.,-0.,0.));
#501 = DEFINITIONAL_REPRESENTATION('',(#502),#506);
#502 = LINE('',#503,#504);
#503 = CARTESIAN_POINT('',(-4.712388980385,0.));
#504 = VECTOR('',#505,1.);
#505 = DIRECTION('',(1.,0.));
#506 = ( GEOMETRIC_REPRESENTATION_CONTEXT(2) 
PARAMETRIC_REPRESENTATION_CONTEXT() REPRESENTATION_CONTEXT('2D SPACE',''
  ) );
#507 = ORIENTED_EDGE('',*,*,#508,.T.);
#508 = EDGE_CURVE('',#480,#509,#511,.T.);
#509 = VERTEX_POINT('',#510);
#510 = CARTESIAN_POINT('',(38.5,11.,-15.8));
#511 = SURFACE_CURVE('',#512,(#516,#523),.PCURVE_S1.);
#512 = LINE('',#513,#514);
#513 = CARTESIAN_POINT('',(32.5,11.,-15.8));
#514 = VECTOR('',#515,1.);
#515 = DIRECTION('',(1.,0.,0.));
#516 = PCURVE('',#74,#517);
#517 = DEFINITIONAL_REPRESENTATION('',(#518),#522);
#518 = LINE('',#519,#520);
#519 = CARTESIAN_POINT('',(71.5,-7.));
#520 = VECTOR('',#521,1.);
#521 = DIRECTION('',(1.,0.));
#522 = ( GEOMETRIC_REPRESENTATION_CONTEXT(2) 
PARAMETRIC_REPRESENTATION_CONTEXT() REPRESENTATION_CONTEXT('2D SPACE',''
  ) );
#523 = PCURVE('',#524,#529);
#524 = PLANE('',#525);
#525 = AXIS2_PLACEMENT_3D('',#526,#527,#528);
#526 = CARTESIAN_POINT('',(32.5,11.,-15.8));
#527 = DIRECTION('',(0.,1.,0.));
#528 = DIRECTION('',(0.,-0.,1.));
#529 = DEFINITIONAL_REPRESENTATION('',(#530),#534);
#530 = LINE('',#531,#532);
#531 = CARTESIAN_POINT('',(0.,0.));
#532 = VECTOR('',#533,1.);
#533 = DIRECTION('',(0.,1.));
#534 = ( GEOMETRIC_REPRESENTATION_CONTEXT(2) 
PARAMETRIC_REPRESENTATION_CONTEXT() REPRESENTATION_CONTEXT('2D SPACE',''
  ) );
#535 = ORIENTED_EDGE('',*,*,#536,.F.);
#536 = EDGE_CURVE('',#537,#509,#539,.T.);
#537 = VERTEX_POINT('',#538);
#538 = CARTESIAN_POINT('',(39.5,12.,-15.8));
#539 = SURFACE_CURVE('',#540,(#545,#556),.PCURVE_S1.);
#540 = CIRCLE('',#541,1.);
#541 = AXIS2_PLACEMENT_3D('',#542,#543,#544);
#542 = CARTESIAN_POINT('',(38.5,12.,-15.8));
#543 = DIRECTION('',(-0.,-0.,-1.));
#544 = DIRECTION('',(0.,-1.,0.));
#545 = PCURVE('',#74,#546);
#546 = DEFINITIONAL_REPRESENTATION('',(#547),#555);
#547 = ( BOUNDED_CURVE() B_SPLINE_CURVE(2,(#548,#549,#550,#551,#552,#553
,#554),.UNSPECIFIED.,.T.,.F.) B_SPLINE_CURVE_WITH_KNOTS((1,2,2,2,2,1),(
    -2.094395102393,0.,2.094395102393,4.188790204786,6.28318530718,
8.377580409573),.UNSPECIFIED.) CURVE() GEOMETRIC_REPRESENTATION_ITEM() 
RATIONAL_B_SPLINE_CURVE((1.,0.5,1.,0.5,1.,0.5,1.)) REPRESENTATION_ITEM(
  '') );
#548 = CARTESIAN_POINT('',(77.5,-7.));
#549 = CARTESIAN_POINT('',(75.767949192431,-7.));
#550 = CARTESIAN_POINT('',(76.633974596216,-5.5));
#551 = CARTESIAN_POINT('',(77.5,-4.));
#552 = CARTESIAN_POINT('',(78.366025403784,-5.5));
#553 = CARTESIAN_POINT('',(79.232050807569,-7.));
#554 = CARTESIAN_POINT('',(77.5,-7.));
#555 = ( GEOMETRIC_REPRESENTATION_CONTEXT(2) 
PARAMETRIC_REPRESENTATION_CONTEXT() REPRESENTATION_CONTEXT('2D SPACE',''
  ) );
#556 = PCURVE('',#557,#562);
#557 = CYLINDRICAL_SURFACE('',#558,1.);
#558 = AXIS2_PLACEMENT_3D('',#559,#560,#561);
#559 = CARTESIAN_POINT('',(38.5,12.,-15.8));
#560 = DIRECTION('',(0.,0.,1.));
#561 = DIRECTION('',(1.,0.,-0.));
#562 = DEFINITIONAL_REPRESENTATION('',(#563),#567);
#563 = LINE('',#564,#565);
#564 = CARTESIAN_POINT('',(10.995574287565,0.));
#565 = VECTOR('',#566,1.);
#566 = DIRECTION('',(-1.,0.));
#567 = ( GEOMETRIC_REPRESENTATION_CONTEXT(2) 
PARAMETRIC_REPRESENTATION_CONTEXT() REPRESENTATION_CONTEXT('2D SPACE',''
  ) );
#568 = ORIENTED_EDGE('',*,*,#569,.T.);
#569 = EDGE_CURVE('',#537,#570,#572,.T.);
#570 = VERTEX_POINT('',#571);
#571 = CARTESIAN_POINT('',(39.5,16.,-15.8));
#572 = SURFACE_CURVE('',#573,(#577,#584),.PCURVE_S1.);
#573 = LINE('',#574,#575);
#574 = CARTESIAN_POINT('',(39.5,11.,-15.8));
#575 = VECTOR('',#576,1.);
#576 = DIRECTION('',(0.,1.,0.));
#577 = PCURVE('',#74,#578);
#578 = DEFINITIONAL_REPRESENTATION('',(#579),#583);
#579 = LINE('',#580,#581);
#580 = CARTESIAN_POINT('',(78.5,-7.));
#581 = VECTOR('',#582,1.);
#582 = DIRECTION('',(0.,1.));
#583 = ( GEOMETRIC_REPRESENTATION_CONTEXT(2) 
PARAMETRIC_REPRESENTATION_CONTEXT() REPRESENTATION_CONTEXT('2D SPACE',''
  ) );
#584 = PCURVE('',#585,#590);
#585 = PLANE('',#586);
#586 = AXIS2_PLACEMENT_3D('',#587,#588,#589);
#587 = CARTESIAN_POINT('',(39.5,11.,-15.8));
#588 = DIRECTION('',(1.,0.,0.));
#589 = DIRECTION('',(0.,0.,1.));
#590 = DEFINITIONAL_REPRESENTATION('',(#591),#595);
#591 = LINE('',#592,#593);
#592 = CARTESIAN_POINT('',(0.,0.));
#593 = VECTOR('',#594,1.);
#594 = DIRECTION('',(0.,-1.));
#595 = ( GEOMETRIC_REPRESENTATION_CONTEXT(2) 
PARAMETRIC_REPRESENTATION_CONTEXT() REPRESENTATION_CONTEXT('2D SPACE',''
  ) );
#596 = ORIENTED_EDGE('',*,*,#597,.T.);
#597 = EDGE_CURVE('',#570,#598,#600,.T.);
#598 = VERTEX_POINT('',#599);
#599 = CARTESIAN_POINT('',(45.,16.,-15.8));
#600 = SURFACE_CURVE('',#601,(#605,#612),.PCURVE_S1.);
#601 = LINE('',#602,#603);
#602 = CARTESIAN_POINT('',(-18.30929289582,16.,-15.8));
#603 = VECTOR('',#604,1.);
#604 = DIRECTION('',(1.,-0.,0.));
#605 = PCURVE('',#74,#606);
#606 = DEFINITIONAL_REPRESENTATION('',(#607),#611);
#607 = LINE('',#608,#609);
#608 = CARTESIAN_POINT('',(20.69070710418,-2.));
#609 = VECTOR('',#610,1.);
#610 = DIRECTION('',(1.,0.));
#611 = ( GEOMETRIC_REPRESENTATION_CONTEXT(2) 
PARAMETRIC_REPRESENTATION_CONTEXT() REPRESENTATION_CONTEXT('2D SPACE',''
  ) );
#612 = PCURVE('',#613,#618);
#613 = PLANE('',#614);
#614 = AXIS2_PLACEMENT_3D('',#615,#616,#617);
#615 = CARTESIAN_POINT('',(2.381414208361,16.,6.210634975253));
#616 = DIRECTION('',(-0.,-1.,-0.));
#617 = DIRECTION('',(0.,0.,-1.));
#618 = DEFINITIONAL_REPRESENTATION('',(#619),#623);
#619 = LINE('',#620,#621);
#620 = CARTESIAN_POINT('',(22.010634975253,-20.69070710418));
#621 = VECTOR('',#622,1.);
#622 = DIRECTION('',(0.,1.));
#623 = ( GEOMETRIC_REPRESENTATION_CONTEXT(2) 
PARAMETRIC_REPRESENTATION_CONTEXT() REPRESENTATION_CONTEXT('2D SPACE',''
  ) );
#624 = ORIENTED_EDGE('',*,*,#625,.T.);
#625 = EDGE_CURVE('',#598,#626,#628,.T.);
#626 = VERTEX_POINT('',#627);
#627 = CARTESIAN_POINT('',(45.,-28.,-15.8));
#628 = SURFACE_CURVE('',#629,(#633,#640),.PCURVE_S1.);
#629 = LINE('',#630,#631);
#630 = CARTESIAN_POINT('',(45.,17.,-15.8));
#631 = VECTOR('',#632,1.);
#632 = DIRECTION('',(0.,-1.,0.));
#633 = PCURVE('',#74,#634);
#634 = DEFINITIONAL_REPRESENTATION('',(#635),#639);
#635 = LINE('',#636,#637);
#636 = CARTESIAN_POINT('',(84.,-1.));
#637 = VECTOR('',#638,1.);
#638 = DIRECTION('',(0.,-1.));
#639 = ( GEOMETRIC_REPRESENTATION_CONTEXT(2) 
PARAMETRIC_REPRESENTATION_CONTEXT() REPRESENTATION_CONTEXT('2D SPACE',''
  ) );
#640 = PCURVE('',#641,#646);
#641 = PLANE('',#642);
#642 = AXIS2_PLACEMENT_3D('',#643,#644,#645);
#643 = CARTESIAN_POINT('',(45.,16.,-18.));
#644 = DIRECTION('',(-1.,0.,0.));
#645 = DIRECTION('',(0.,0.,1.));
#646 = DEFINITIONAL_REPRESENTATION('',(#647),#651);
#647 = LINE('',#648,#649);
#648 = CARTESIAN_POINT('',(2.2,1.));
#649 = VECTOR('',#650,1.);
#650 = DIRECTION('',(0.,-1.));
#651 = ( GEOMETRIC_REPRESENTATION_CONTEXT(2) 
PARAMETRIC_REPRESENTATION_CONTEXT() REPRESENTATION_CONTEXT('2D SPACE',''
  ) );
#652 = ORIENTED_EDGE('',*,*,#653,.F.);
#653 = EDGE_CURVE('',#654,#626,#656,.T.);
#654 = VERTEX_POINT('',#655);
#655 = CARTESIAN_POINT('',(39.5,-28.,-15.8));
#656 = SURFACE_CURVE('',#657,(#661,#668),.PCURVE_S1.);
#657 = LINE('',#658,#659);
#658 = CARTESIAN_POINT('',(-18.30929289582,-28.,-15.8));
#659 = VECTOR('',#660,1.);
#660 = DIRECTION('',(1.,-0.,0.));
#661 = PCURVE('',#74,#662);
#662 = DEFINITIONAL_REPRESENTATION('',(#663),#667);
#663 = LINE('',#664,#665);
#664 = CARTESIAN_POINT('',(20.69070710418,-46.));
#665 = VECTOR('',#666,1.);
#666 = DIRECTION('',(1.,0.));
#667 = ( GEOMETRIC_REPRESENTATION_CONTEXT(2) 
PARAMETRIC_REPRESENTATION_CONTEXT() REPRESENTATION_CONTEXT('2D SPACE',''
  ) );
#668 = PCURVE('',#669,#674);
#669 = PLANE('',#670);
#670 = AXIS2_PLACEMENT_3D('',#671,#672,#673);
#671 = CARTESIAN_POINT('',(2.381414208361,-28.,6.210634975253));
#672 = DIRECTION('',(-0.,-1.,-0.));
#673 = DIRECTION('',(0.,0.,-1.));
#674 = DEFINITIONAL_REPRESENTATION('',(#675),#679);
#675 = LINE('',#676,#677);
#676 = CARTESIAN_POINT('',(22.010634975253,-20.69070710418));
#677 = VECTOR('',#678,1.);
#678 = DIRECTION('',(0.,1.));
#679 = ( GEOMETRIC_REPRESENTATION_CONTEXT(2) 
PARAMETRIC_REPRESENTATION_CONTEXT() REPRESENTATION_CONTEXT('2D SPACE',''
  ) );
#680 = ORIENTED_EDGE('',*,*,#681,.T.);
#681 = EDGE_CURVE('',#654,#682,#684,.T.);
#682 = VERTEX_POINT('',#683);
#683 = CARTESIAN_POINT('',(39.5,-24.,-15.8));
#684 = SURFACE_CURVE('',#685,(#689,#696),.PCURVE_S1.);
#685 = LINE('',#686,#687);
#686 = CARTESIAN_POINT('',(39.5,-30.,-15.8));
#687 = VECTOR('',#688,1.);
#688 = DIRECTION('',(0.,1.,0.));
#689 = PCURVE('',#74,#690);
#690 = DEFINITIONAL_REPRESENTATION('',(#691),#695);
#691 = LINE('',#692,#693);
#692 = CARTESIAN_POINT('',(78.5,-48.));
#693 = VECTOR('',#694,1.);
#694 = DIRECTION('',(0.,1.));
#695 = ( GEOMETRIC_REPRESENTATION_CONTEXT(2) 
PARAMETRIC_REPRESENTATION_CONTEXT() REPRESENTATION_CONTEXT('2D SPACE',''
  ) );
#696 = PCURVE('',#697,#702);
#697 = PLANE('',#698);
#698 = AXIS2_PLACEMENT_3D('',#699,#700,#701);
#699 = CARTESIAN_POINT('',(39.5,-30.,-15.8));
#700 = DIRECTION('',(1.,0.,0.));
#701 = DIRECTION('',(0.,0.,1.));
#702 = DEFINITIONAL_REPRESENTATION('',(#703),#707);
#703 = LINE('',#704,#705);
#704 = CARTESIAN_POINT('',(0.,0.));
#705 = VECTOR('',#706,1.);
#706 = DIRECTION('',(0.,-1.));
#707 = ( GEOMETRIC_REPRESENTATION_CONTEXT(2) 
PARAMETRIC_REPRESENTATION_CONTEXT() REPRESENTATION_CONTEXT('2D SPACE',''
  ) );
#708 = ORIENTED_EDGE('',*,*,#709,.T.);
#709 = EDGE_CURVE('',#682,#710,#712,.T.);
#710 = VERTEX_POINT('',#711);
#711 = CARTESIAN_POINT('',(38.5,-23.,-15.8));
#712 = SURFACE_CURVE('',#713,(#718,#725),.PCURVE_S1.);
#713 = CIRCLE('',#714,1.);
#714 = AXIS2_PLACEMENT_3D('',#715,#716,#717);
#715 = CARTESIAN_POINT('',(38.5,-24.,-15.8));
#716 = DIRECTION('',(0.,0.,1.));
#717 = DIRECTION('',(0.,-1.,0.));
#718 = PCURVE('',#74,#719);
#719 = DEFINITIONAL_REPRESENTATION('',(#720),#724);
#720 = CIRCLE('',#721,1.);
#721 = AXIS2_PLACEMENT_2D('',#722,#723);
#722 = CARTESIAN_POINT('',(77.5,-42.));
#723 = DIRECTION('',(0.,-1.));
#724 = ( GEOMETRIC_REPRESENTATION_CONTEXT(2) 
PARAMETRIC_REPRESENTATION_CONTEXT() REPRESENTATION_CONTEXT('2D SPACE',''
  ) );
#725 = PCURVE('',#726,#731);
#726 = CYLINDRICAL_SURFACE('',#727,1.);
#727 = AXIS2_PLACEMENT_3D('',#728,#729,#730);
#728 = CARTESIAN_POINT('',(38.5,-24.,-15.8));
#729 = DIRECTION('',(0.,0.,1.));
#730 = DIRECTION('',(1.,0.,-0.));
#731 = DEFINITIONAL_REPRESENTATION('',(#732),#736);
#732 = LINE('',#733,#734);
#733 = CARTESIAN_POINT('',(-1.570796326795,0.));
#734 = VECTOR('',#735,1.);
#735 = DIRECTION('',(1.,0.));
#736 = ( GEOMETRIC_REPRESENTATION_CONTEXT(2) 
PARAMETRIC_REPRESENTATION_CONTEXT() REPRESENTATION_CONTEXT('2D SPACE',''
  ) );
#737 = ORIENTED_EDGE('',*,*,#738,.F.);
#738 = EDGE_CURVE('',#739,#710,#741,.T.);
#739 = VERTEX_POINT('',#740);
#740 = CARTESIAN_POINT('',(33.5,-23.,-15.8));
#741 = SURFACE_CURVE('',#742,(#746,#753),.PCURVE_S1.);
#742 = LINE('',#743,#744);
#743 = CARTESIAN_POINT('',(32.5,-23.,-15.8));
#744 = VECTOR('',#745,1.);
#745 = DIRECTION('',(1.,0.,0.));
#746 = PCURVE('',#74,#747);
#747 = DEFINITIONAL_REPRESENTATION('',(#748),#752);
#748 = LINE('',#749,#750);
#749 = CARTESIAN_POINT('',(71.5,-41.));
#750 = VECTOR('',#751,1.);
#751 = DIRECTION('',(1.,0.));
#752 = ( GEOMETRIC_REPRESENTATION_CONTEXT(2) 
PARAMETRIC_REPRESENTATION_CONTEXT() REPRESENTATION_CONTEXT('2D SPACE',''
  ) );
#753 = PCURVE('',#754,#759);
#754 = PLANE('',#755);
#755 = AXIS2_PLACEMENT_3D('',#756,#757,#758);
#756 = CARTESIAN_POINT('',(32.5,-23.,-15.8));
#757 = DIRECTION('',(0.,1.,0.));
#758 = DIRECTION('',(0.,-0.,1.));
#759 = DEFINITIONAL_REPRESENTATION('',(#760),#764);
#760 = LINE('',#761,#762);
#761 = CARTESIAN_POINT('',(0.,0.));
#762 = VECTOR('',#763,1.);
#763 = DIRECTION('',(0.,1.));
#764 = ( GEOMETRIC_REPRESENTATION_CONTEXT(2) 
PARAMETRIC_REPRESENTATION_CONTEXT() REPRESENTATION_CONTEXT('2D SPACE',''
  ) );
#765 = ORIENTED_EDGE('',*,*,#766,.F.);
#766 = EDGE_CURVE('',#767,#739,#769,.T.);
#767 = VERTEX_POINT('',#768);
#768 = CARTESIAN_POINT('',(32.5,-24.,-15.8));
#769 = SURFACE_CURVE('',#770,(#775,#786),.PCURVE_S1.);
#770 = CIRCLE('',#771,1.);
#771 = AXIS2_PLACEMENT_3D('',#772,#773,#774);
#772 = CARTESIAN_POINT('',(33.5,-24.,-15.8));
#773 = DIRECTION('',(-0.,-0.,-1.));
#774 = DIRECTION('',(0.,-1.,0.));
#775 = PCURVE('',#74,#776);
#776 = DEFINITIONAL_REPRESENTATION('',(#777),#785);
#777 = ( BOUNDED_CURVE() B_SPLINE_CURVE(2,(#778,#779,#780,#781,#782,#783
,#784),.UNSPECIFIED.,.T.,.F.) B_SPLINE_CURVE_WITH_KNOTS((1,2,2,2,2,1),(
    -2.094395102393,0.,2.094395102393,4.188790204786,6.28318530718,
8.377580409573),.UNSPECIFIED.) CURVE() GEOMETRIC_REPRESENTATION_ITEM() 
RATIONAL_B_SPLINE_CURVE((1.,0.5,1.,0.5,1.,0.5,1.)) REPRESENTATION_ITEM(
  '') );
#778 = CARTESIAN_POINT('',(72.5,-43.));
#779 = CARTESIAN_POINT('',(70.767949192431,-43.));
#780 = CARTESIAN_POINT('',(71.633974596216,-41.5));
#781 = CARTESIAN_POINT('',(72.5,-40.));
#782 = CARTESIAN_POINT('',(73.366025403784,-41.5));
#783 = CARTESIAN_POINT('',(74.232050807569,-43.));
#784 = CARTESIAN_POINT('',(72.5,-43.));
#785 = ( GEOMETRIC_REPRESENTATION_CONTEXT(2) 
PARAMETRIC_REPRESENTATION_CONTEXT() REPRESENTATION_CONTEXT('2D SPACE',''
  ) );
#786 = PCURVE('',#787,#792);
#787 = CYLINDRICAL_SURFACE('',#788,1.);
#788 = AXIS2_PLACEMENT_3D('',#789,#790,#791);
#789 = CARTESIAN_POINT('',(33.5,-24.,-15.8));
#790 = DIRECTION('',(0.,0.,1.));
#791 = DIRECTION('',(-1.,-0.,0.));
#792 = DEFINITIONAL_REPRESENTATION('',(#793),#797);
#793 = LINE('',#794,#795);
#794 = CARTESIAN_POINT('',(7.853981633975,0.));
#795 = VECTOR('',#796,1.);
#796 = DIRECTION('',(-1.,0.));
#797 = ( GEOMETRIC_REPRESENTATION_CONTEXT(2) 
PARAMETRIC_REPRESENTATION_CONTEXT() REPRESENTATION_CONTEXT('2D SPACE',''
  ) );
#798 = ORIENTED_EDGE('',*,*,#799,.F.);
#799 = EDGE_CURVE('',#800,#767,#802,.T.);
#800 = VERTEX_POINT('',#801);
#801 = CARTESIAN_POINT('',(32.5,-28.,-15.8));
#802 = SURFACE_CURVE('',#803,(#807,#814),.PCURVE_S1.);
#803 = LINE('',#804,#805);
#804 = CARTESIAN_POINT('',(32.5,-30.,-15.8));
#805 = VECTOR('',#806,1.);
#806 = DIRECTION('',(0.,1.,0.));
#807 = PCURVE('',#74,#808);
#808 = DEFINITIONAL_REPRESENTATION('',(#809),#813);
#809 = LINE('',#810,#811);
#810 = CARTESIAN_POINT('',(71.5,-48.));
#811 = VECTOR('',#812,1.);
#812 = DIRECTION('',(0.,1.));
#813 = ( GEOMETRIC_REPRESENTATION_CONTEXT(2) 
PARAMETRIC_REPRESENTATION_CONTEXT() REPRESENTATION_CONTEXT('2D SPACE',''
  ) );
#814 = PCURVE('',#815,#820);
#815 = PLANE('',#816);
#816 = AXIS2_PLACEMENT_3D('',#817,#818,#819);
#817 = CARTESIAN_POINT('',(32.5,-30.,-15.8));
#818 = DIRECTION('',(1.,0.,0.));
#819 = DIRECTION('',(0.,0.,1.));
#820 = DEFINITIONAL_REPRESENTATION('',(#821),#825);
#821 = LINE('',#822,#823);
#822 = CARTESIAN_POINT('',(0.,0.));
#823 = VECTOR('',#824,1.);
#824 = DIRECTION('',(0.,-1.));
#825 = ( GEOMETRIC_REPRESENTATION_CONTEXT(2) 
PARAMETRIC_REPRESENTATION_CONTEXT() REPRESENTATION_CONTEXT('2D SPACE',''
  ) );
#826 = ORIENTED_EDGE('',*,*,#827,.F.);
#827 = EDGE_CURVE('',#828,#800,#830,.T.);
#828 = VERTEX_POINT('',#829);
#829 = CARTESIAN_POINT('',(-30.5,-28.,-15.8));
#830 = SURFACE_CURVE('',#831,(#835,#842),.PCURVE_S1.);
#831 = LINE('',#832,#833);
#832 = CARTESIAN_POINT('',(-18.30929289582,-28.,-15.8));
#833 = VECTOR('',#834,1.);
#834 = DIRECTION('',(1.,-0.,0.));
#835 = PCURVE('',#74,#836);
#836 = DEFINITIONAL_REPRESENTATION('',(#837),#841);
#837 = LINE('',#838,#839);
#838 = CARTESIAN_POINT('',(20.69070710418,-46.));
#839 = VECTOR('',#840,1.);
#840 = DIRECTION('',(1.,0.));
#841 = ( GEOMETRIC_REPRESENTATION_CONTEXT(2) 
PARAMETRIC_REPRESENTATION_CONTEXT() REPRESENTATION_CONTEXT('2D SPACE',''
  ) );
#842 = PCURVE('',#669,#843);
#843 = DEFINITIONAL_REPRESENTATION('',(#844),#848);
#844 = LINE('',#845,#846);
#845 = CARTESIAN_POINT('',(22.010634975253,-20.69070710418));
#846 = VECTOR('',#847,1.);
#847 = DIRECTION('',(0.,1.));
#848 = ( GEOMETRIC_REPRESENTATION_CONTEXT(2) 
PARAMETRIC_REPRESENTATION_CONTEXT() REPRESENTATION_CONTEXT('2D SPACE',''
  ) );
#849 = ORIENTED_EDGE('',*,*,#850,.T.);
#850 = EDGE_CURVE('',#828,#851,#853,.T.);
#851 = VERTEX_POINT('',#852);
#852 = CARTESIAN_POINT('',(-30.5,-24.,-15.8));
#853 = SURFACE_CURVE('',#854,(#858,#865),.PCURVE_S1.);
#854 = LINE('',#855,#856);
#855 = CARTESIAN_POINT('',(-30.5,-30.,-15.8));
#856 = VECTOR('',#857,1.);
#857 = DIRECTION('',(0.,1.,0.));
#858 = PCURVE('',#74,#859);
#859 = DEFINITIONAL_REPRESENTATION('',(#860),#864);
#860 = LINE('',#861,#862);
#861 = CARTESIAN_POINT('',(8.5,-48.));
#862 = VECTOR('',#863,1.);
#863 = DIRECTION('',(0.,1.));
#864 = ( GEOMETRIC_REPRESENTATION_CONTEXT(2) 
PARAMETRIC_REPRESENTATION_CONTEXT() REPRESENTATION_CONTEXT('2D SPACE',''
  ) );
#865 = PCURVE('',#866,#871);
#866 = PLANE('',#867);
#867 = AXIS2_PLACEMENT_3D('',#868,#869,#870);
#868 = CARTESIAN_POINT('',(-30.5,-30.,-15.8));
#869 = DIRECTION('',(1.,0.,0.));
#870 = DIRECTION('',(0.,0.,1.));
#871 = DEFINITIONAL_REPRESENTATION('',(#872),#876);
#872 = LINE('',#873,#874);
#873 = CARTESIAN_POINT('',(0.,0.));
#874 = VECTOR('',#875,1.);
#875 = DIRECTION('',(0.,-1.));
#876 = ( GEOMETRIC_REPRESENTATION_CONTEXT(2) 
PARAMETRIC_REPRESENTATION_CONTEXT() REPRESENTATION_CONTEXT('2D SPACE',''
  ) );
#877 = ORIENTED_EDGE('',*,*,#878,.T.);
#878 = EDGE_CURVE('',#851,#879,#881,.T.);
#879 = VERTEX_POINT('',#880);
#880 = CARTESIAN_POINT('',(-31.5,-23.,-15.8));
#881 = SURFACE_CURVE('',#882,(#887,#894),.PCURVE_S1.);
#882 = CIRCLE('',#883,1.);
#883 = AXIS2_PLACEMENT_3D('',#884,#885,#886);
#884 = CARTESIAN_POINT('',(-31.5,-24.,-15.8));
#885 = DIRECTION('',(0.,0.,1.));
#886 = DIRECTION('',(0.,-1.,0.));
#887 = PCURVE('',#74,#888);
#888 = DEFINITIONAL_REPRESENTATION('',(#889),#893);
#889 = CIRCLE('',#890,1.);
#890 = AXIS2_PLACEMENT_2D('',#891,#892);
#891 = CARTESIAN_POINT('',(7.5,-42.));
#892 = DIRECTION('',(0.,-1.));
#893 = ( GEOMETRIC_REPRESENTATION_CONTEXT(2) 
PARAMETRIC_REPRESENTATION_CONTEXT() REPRESENTATION_CONTEXT('2D SPACE',''
  ) );
#894 = PCURVE('',#895,#900);
#895 = CYLINDRICAL_SURFACE('',#896,1.);
#896 = AXIS2_PLACEMENT_3D('',#897,#898,#899);
#897 = CARTESIAN_POINT('',(-31.5,-24.,-15.8));
#898 = DIRECTION('',(0.,0.,1.));
#899 = DIRECTION('',(1.,0.,-0.));
#900 = DEFINITIONAL_REPRESENTATION('',(#901),#905);
#901 = LINE('',#902,#903);
#902 = CARTESIAN_POINT('',(-1.570796326795,0.));
#903 = VECTOR('',#904,1.);
#904 = DIRECTION('',(1.,0.));
#905 = ( GEOMETRIC_REPRESENTATION_CONTEXT(2) 
PARAMETRIC_REPRESENTATION_CONTEXT() REPRESENTATION_CONTEXT('2D SPACE',''
  ) );
#906 = ORIENTED_EDGE('',*,*,#907,.F.);
#907 = EDGE_CURVE('',#908,#879,#910,.T.);
#908 = VERTEX_POINT('',#909);
#909 = CARTESIAN_POINT('',(-36.5,-23.,-15.8));
#910 = SURFACE_CURVE('',#911,(#915,#922),.PCURVE_S1.);
#911 = LINE('',#912,#913);
#912 = CARTESIAN_POINT('',(-37.5,-23.,-15.8));
#913 = VECTOR('',#914,1.);
#914 = DIRECTION('',(1.,0.,0.));
#915 = PCURVE('',#74,#916);
#916 = DEFINITIONAL_REPRESENTATION('',(#917),#921);
#917 = LINE('',#918,#919);
#918 = CARTESIAN_POINT('',(1.5,-41.));
#919 = VECTOR('',#920,1.);
#920 = DIRECTION('',(1.,0.));
#921 = ( GEOMETRIC_REPRESENTATION_CONTEXT(2) 
PARAMETRIC_REPRESENTATION_CONTEXT() REPRESENTATION_CONTEXT('2D SPACE',''
  ) );
#922 = PCURVE('',#923,#928);
#923 = PLANE('',#924);
#924 = AXIS2_PLACEMENT_3D('',#925,#926,#927);
#925 = CARTESIAN_POINT('',(-37.5,-23.,-15.8));
#926 = DIRECTION('',(0.,1.,0.));
#927 = DIRECTION('',(0.,-0.,1.));
#928 = DEFINITIONAL_REPRESENTATION('',(#929),#933);
#929 = LINE('',#930,#931);
#930 = CARTESIAN_POINT('',(0.,0.));
#931 = VECTOR('',#932,1.);
#932 = DIRECTION('',(0.,1.));
#933 = ( GEOMETRIC_REPRESENTATION_CONTEXT(2) 
PARAMETRIC_REPRESENTATION_CONTEXT() REPRESENTATION_CONTEXT('2D SPACE',''
  ) );
#934 = ORIENTED_EDGE('',*,*,#935,.F.);
#935 = EDGE_CURVE('',#276,#908,#936,.T.);
#936 = SURFACE_CURVE('',#937,(#942,#953),.PCURVE_S1.);
#937 = CIRCLE('',#938,1.);
#938 = AXIS2_PLACEMENT_3D('',#939,#940,#941);
#939 = CARTESIAN_POINT('',(-36.5,-24.,-15.8));
#940 = DIRECTION('',(-0.,-0.,-1.));
#941 = DIRECTION('',(0.,-1.,0.));
#942 = PCURVE('',#74,#943);
#943 = DEFINITIONAL_REPRESENTATION('',(#944),#952);
#944 = ( BOUNDED_CURVE() B_SPLINE_CURVE(2,(#945,#946,#947,#948,#949,#950
,#951),.UNSPECIFIED.,.T.,.F.) B_SPLINE_CURVE_WITH_KNOTS((1,2,2,2,2,1),(
    -2.094395102393,0.,2.094395102393,4.188790204786,6.28318530718,
8.377580409573),.UNSPECIFIED.) CURVE() GEOMETRIC_REPRESENTATION_ITEM() 
RATIONAL_B_SPLINE_CURVE((1.,0.5,1.,0.5,1.,0.5,1.)) REPRESENTATION_ITEM(
  '') );
#945 = CARTESIAN_POINT('',(2.5,-43.));
#946 = CARTESIAN_POINT('',(0.767949192431,-43.));
#947 = CARTESIAN_POINT('',(1.633974596216,-41.5));
#948 = CARTESIAN_POINT('',(2.5,-40.));
#949 = CARTESIAN_POINT('',(3.366025403784,-41.5));
#950 = CARTESIAN_POINT('',(4.232050807569,-43.));
#951 = CARTESIAN_POINT('',(2.5,-43.));
#952 = ( GEOMETRIC_REPRESENTATION_CONTEXT(2) 
PARAMETRIC_REPRESENTATION_CONTEXT() REPRESENTATION_CONTEXT('2D SPACE',''
  ) );
#953 = PCURVE('',#954,#959);
#954 = CYLINDRICAL_SURFACE('',#955,1.);
#955 = AXIS2_PLACEMENT_3D('',#956,#957,#958);
#956 = CARTESIAN_POINT('',(-36.5,-24.,-15.8));
#957 = DIRECTION('',(0.,0.,1.));
#958 = DIRECTION('',(-1.,-0.,0.));
#959 = DEFINITIONAL_REPRESENTATION('',(#960),#964);
#960 = LINE('',#961,#962);
#961 = CARTESIAN_POINT('',(7.853981633975,0.));
#962 = VECTOR('',#963,1.);
#963 = DIRECTION('',(-1.,0.));
#964 = ( GEOMETRIC_REPRESENTATION_CONTEXT(2) 
PARAMETRIC_REPRESENTATION_CONTEXT() REPRESENTATION_CONTEXT('2D SPACE',''
  ) );
#965 = FACE_BOUND('',#966,.F.);
#966 = EDGE_LOOP('',(#967));
#967 = ORIENTED_EDGE('',*,*,#968,.F.);
#968 = EDGE_CURVE('',#969,#969,#971,.T.);
#969 = VERTEX_POINT('',#970);
#970 = CARTESIAN_POINT('',(39.,14.5,-15.8));
#971 = SURFACE_CURVE('',#972,(#977,#984),.PCURVE_S1.);
#972 = CIRCLE('',#973,3.);
#973 = AXIS2_PLACEMENT_3D('',#974,#975,#976);
#974 = CARTESIAN_POINT('',(36.,14.5,-15.8));
#975 = DIRECTION('',(0.,0.,1.));
#976 = DIRECTION('',(1.,0.,-0.));
#977 = PCURVE('',#74,#978);
#978 = DEFINITIONAL_REPRESENTATION('',(#979),#983);
#979 = CIRCLE('',#980,3.);
#980 = AXIS2_PLACEMENT_2D('',#981,#982);
#981 = CARTESIAN_POINT('',(75.,-3.5));
#982 = DIRECTION('',(1.,0.));
#983 = ( GEOMETRIC_REPRESENTATION_CONTEXT(2) 
PARAMETRIC_REPRESENTATION_CONTEXT() REPRESENTATION_CONTEXT('2D SPACE',''
  ) );
#984 = PCURVE('',#985,#990);
#985 = CYLINDRICAL_SURFACE('',#986,3.);
#986 = AXIS2_PLACEMENT_3D('',#987,#988,#989);
#987 = CARTESIAN_POINT('',(36.,14.5,-16.));
#988 = DIRECTION('',(0.,0.,1.));
#989 = DIRECTION('',(1.,0.,-0.));
#990 = DEFINITIONAL_REPRESENTATION('',(#991),#995);
#991 = LINE('',#992,#993);
#992 = CARTESIAN_POINT('',(0.,0.2));
#993 = VECTOR('',#994,1.);
#994 = DIRECTION('',(1.,0.));
#995 = ( GEOMETRIC_REPRESENTATION_CONTEXT(2) 
PARAMETRIC_REPRESENTATION_CONTEXT() REPRESENTATION_CONTEXT('2D SPACE',''
  ) );
#996 = ADVANCED_FACE('',(#997),#86,.F.);
#997 = FACE_BOUND('',#998,.F.);
#998 = EDGE_LOOP('',(#999,#1027,#1028,#1052,#1080,#1109,#1137,#1165,
    #1198,#1226,#1254,#1282,#1310,#1338,#1366,#1394,#1422,#1450,#1478,
    #1506,#1534,#1567,#1595,#1623,#1651,#1680));
#999 = ORIENTED_EDGE('',*,*,#1000,.F.);
#1000 = EDGE_CURVE('',#64,#1001,#1003,.T.);
#1001 = VERTEX_POINT('',#1002);
#1002 = CARTESIAN_POINT('',(-39.,18.,-14.6));
#1003 = SURFACE_CURVE('',#1004,(#1009,#1020),.PCURVE_S1.);
#1004 = CIRCLE('',#1005,1.2);
#1005 = AXIS2_PLACEMENT_3D('',#1006,#1007,#1008);
#1006 = CARTESIAN_POINT('',(-37.8,18.,-14.6));
#1007 = DIRECTION('',(0.,1.,0.));
#1008 = DIRECTION('',(0.,0.,-1.));
#1009 = PCURVE('',#86,#1010);
#1010 = DEFINITIONAL_REPRESENTATION('',(#1011),#1019);
#1011 = ( BOUNDED_CURVE() B_SPLINE_CURVE(2,(#1012,#1013,#1014,#1015,
#1016,#1017,#1018),.UNSPECIFIED.,.T.,.F.) B_SPLINE_CURVE_WITH_KNOTS((1,2
    ,2,2,2,1),(-2.094395102393,0.,2.094395102393,4.188790204786,
6.28318530718,8.377580409573),.UNSPECIFIED.) CURVE() 
GEOMETRIC_REPRESENTATION_ITEM() RATIONAL_B_SPLINE_CURVE((1.,0.5,1.,0.5,
1.,0.5,1.)) REPRESENTATION_ITEM('') );
#1012 = CARTESIAN_POINT('',(24.062235193787,-40.15143585676));
#1013 = CARTESIAN_POINT('',(24.062235193787,-42.22989682585));
#1014 = CARTESIAN_POINT('',(22.262235193787,-41.1906663413));
#1015 = CARTESIAN_POINT('',(20.462235193787,-40.15143585676));
#1016 = CARTESIAN_POINT('',(22.262235193787,-39.11220537222));
#1017 = CARTESIAN_POINT('',(24.062235193787,-38.07297488768));
#1018 = CARTESIAN_POINT('',(24.062235193787,-40.15143585676));
#1019 = ( GEOMETRIC_REPRESENTATION_CONTEXT(2) 
PARAMETRIC_REPRESENTATION_CONTEXT() REPRESENTATION_CONTEXT('2D SPACE',''
  ) );
#1020 = PCURVE('',#114,#1021);
#1021 = DEFINITIONAL_REPRESENTATION('',(#1022),#1026);
#1022 = LINE('',#1023,#1024);
#1023 = CARTESIAN_POINT('',(6.28318530718,0.));
#1024 = VECTOR('',#1025,1.);
#1025 = DIRECTION('',(-1.,0.));
#1026 = ( GEOMETRIC_REPRESENTATION_CONTEXT(2) 
PARAMETRIC_REPRESENTATION_CONTEXT() REPRESENTATION_CONTEXT('2D SPACE',''
  ) );
#1027 = ORIENTED_EDGE('',*,*,#63,.T.);
#1028 = ORIENTED_EDGE('',*,*,#1029,.T.);
#1029 = EDGE_CURVE('',#66,#1030,#1032,.T.);
#1030 = VERTEX_POINT('',#1031);
#1031 = CARTESIAN_POINT('',(47.,18.,-14.6));
#1032 = SURFACE_CURVE('',#1033,(#1038,#1045),.PCURVE_S1.);
#1033 = CIRCLE('',#1034,1.2);
#1034 = AXIS2_PLACEMENT_3D('',#1035,#1036,#1037);
#1035 = CARTESIAN_POINT('',(45.8,18.,-14.6));
#1036 = DIRECTION('',(0.,-1.,0.));
#1037 = DIRECTION('',(0.,-0.,-1.));
#1038 = PCURVE('',#86,#1039);
#1039 = DEFINITIONAL_REPRESENTATION('',(#1040),#1044);
#1040 = CIRCLE('',#1041,1.2);
#1041 = AXIS2_PLACEMENT_2D('',#1042,#1043);
#1042 = CARTESIAN_POINT('',(22.862235193787,43.448564143232));
#1043 = DIRECTION('',(1.,0.));
#1044 = ( GEOMETRIC_REPRESENTATION_CONTEXT(2) 
PARAMETRIC_REPRESENTATION_CONTEXT() REPRESENTATION_CONTEXT('2D SPACE',''
  ) );
#1045 = PCURVE('',#168,#1046);
#1046 = DEFINITIONAL_REPRESENTATION('',(#1047),#1051);
#1047 = LINE('',#1048,#1049);
#1048 = CARTESIAN_POINT('',(0.,0.));
#1049 = VECTOR('',#1050,1.);
#1050 = DIRECTION('',(1.,0.));
#1051 = ( GEOMETRIC_REPRESENTATION_CONTEXT(2) 
PARAMETRIC_REPRESENTATION_CONTEXT() REPRESENTATION_CONTEXT('2D SPACE',''
  ) );
#1052 = ORIENTED_EDGE('',*,*,#1053,.T.);
#1053 = EDGE_CURVE('',#1030,#1054,#1056,.T.);
#1054 = VERTEX_POINT('',#1055);
#1055 = CARTESIAN_POINT('',(47.,18.,-0.194733192202));
#1056 = SURFACE_CURVE('',#1057,(#1061,#1068),.PCURVE_S1.);
#1057 = LINE('',#1058,#1059);
#1058 = CARTESIAN_POINT('',(47.,18.,-15.8));
#1059 = VECTOR('',#1060,1.);
#1060 = DIRECTION('',(0.,0.,1.));
#1061 = PCURVE('',#86,#1062);
#1062 = DEFINITIONAL_REPRESENTATION('',(#1063),#1067);
#1063 = LINE('',#1064,#1065);
#1064 = CARTESIAN_POINT('',(24.062235193787,44.648564143232));
#1065 = VECTOR('',#1066,1.);
#1066 = DIRECTION('',(-1.,0.));
#1067 = ( GEOMETRIC_REPRESENTATION_CONTEXT(2) 
PARAMETRIC_REPRESENTATION_CONTEXT() REPRESENTATION_CONTEXT('2D SPACE',''
  ) );
#1068 = PCURVE('',#1069,#1074);
#1069 = PLANE('',#1070);
#1070 = AXIS2_PLACEMENT_3D('',#1071,#1072,#1073);
#1071 = CARTESIAN_POINT('',(47.,18.,-15.8));
#1072 = DIRECTION('',(-1.,0.,0.));
#1073 = DIRECTION('',(0.,0.,1.));
#1074 = DEFINITIONAL_REPRESENTATION('',(#1075),#1079);
#1075 = LINE('',#1076,#1077);
#1076 = CARTESIAN_POINT('',(0.,0.));
#1077 = VECTOR('',#1078,1.);
#1078 = DIRECTION('',(1.,0.));
#1079 = ( GEOMETRIC_REPRESENTATION_CONTEXT(2) 
PARAMETRIC_REPRESENTATION_CONTEXT() REPRESENTATION_CONTEXT('2D SPACE',''
  ) );
#1080 = ORIENTED_EDGE('',*,*,#1081,.T.);
#1081 = EDGE_CURVE('',#1054,#1082,#1084,.T.);
#1082 = VERTEX_POINT('',#1083);
#1083 = CARTESIAN_POINT('',(46.938419957661,18.,0.184740127018));
#1084 = SURFACE_CURVE('',#1085,(#1090,#1097),.PCURVE_S1.);
#1085 = CIRCLE('',#1086,1.2);
#1086 = AXIS2_PLACEMENT_3D('',#1087,#1088,#1089);
#1087 = CARTESIAN_POINT('',(45.8,18.,-0.194733192202));
#1088 = DIRECTION('',(0.,-1.,0.));
#1089 = DIRECTION('',(0.,-0.,-1.));
#1090 = PCURVE('',#86,#1091);
#1091 = DEFINITIONAL_REPRESENTATION('',(#1092),#1096);
#1092 = CIRCLE('',#1093,1.2);
#1093 = AXIS2_PLACEMENT_2D('',#1094,#1095);
#1094 = CARTESIAN_POINT('',(8.456968385989,43.448564143232));
#1095 = DIRECTION('',(1.,0.));
#1096 = ( GEOMETRIC_REPRESENTATION_CONTEXT(2) 
PARAMETRIC_REPRESENTATION_CONTEXT() REPRESENTATION_CONTEXT('2D SPACE',''
  ) );
#1097 = PCURVE('',#1098,#1103);
#1098 = CYLINDRICAL_SURFACE('',#1099,1.2);
#1099 = AXIS2_PLACEMENT_3D('',#1100,#1101,#1102);
#1100 = CARTESIAN_POINT('',(45.8,18.,-0.194733192202));
#1101 = DIRECTION('',(0.,-1.,0.));
#1102 = DIRECTION('',(1.,0.,0.));
#1103 = DEFINITIONAL_REPRESENTATION('',(#1104),#1108);
#1104 = LINE('',#1105,#1106);
#1105 = CARTESIAN_POINT('',(-1.570796326795,0.));
#1106 = VECTOR('',#1107,1.);
#1107 = DIRECTION('',(1.,0.));
#1108 = ( GEOMETRIC_REPRESENTATION_CONTEXT(2) 
PARAMETRIC_REPRESENTATION_CONTEXT() REPRESENTATION_CONTEXT('2D SPACE',''
  ) );
#1109 = ORIENTED_EDGE('',*,*,#1110,.T.);
#1110 = EDGE_CURVE('',#1082,#1111,#1113,.T.);
#1111 = VERTEX_POINT('',#1112);
#1112 = CARTESIAN_POINT('',(44.,18.,9.));
#1113 = SURFACE_CURVE('',#1114,(#1118,#1125),.PCURVE_S1.);
#1114 = LINE('',#1115,#1116);
#1115 = CARTESIAN_POINT('',(47.,18.,0.));
#1116 = VECTOR('',#1117,1.);
#1117 = DIRECTION('',(-0.316227766017,0.,0.948683298051));
#1118 = PCURVE('',#86,#1119);
#1119 = DEFINITIONAL_REPRESENTATION('',(#1120),#1124);
#1120 = LINE('',#1121,#1122);
#1121 = CARTESIAN_POINT('',(8.262235193787,44.648564143232));
#1122 = VECTOR('',#1123,1.);
#1123 = DIRECTION('',(-0.948683298051,-0.316227766017));
#1124 = ( GEOMETRIC_REPRESENTATION_CONTEXT(2) 
PARAMETRIC_REPRESENTATION_CONTEXT() REPRESENTATION_CONTEXT('2D SPACE',''
  ) );
#1125 = PCURVE('',#1126,#1131);
#1126 = PLANE('',#1127);
#1127 = AXIS2_PLACEMENT_3D('',#1128,#1129,#1130);
#1128 = CARTESIAN_POINT('',(47.,18.,0.));
#1129 = DIRECTION('',(-0.948683298051,-0.,-0.316227766017));
#1130 = DIRECTION('',(-0.316227766017,0.,0.948683298051));
#1131 = DEFINITIONAL_REPRESENTATION('',(#1132),#1136);
#1132 = LINE('',#1133,#1134);
#1133 = CARTESIAN_POINT('',(0.,0.));
#1134 = VECTOR('',#1135,1.);
#1135 = DIRECTION('',(1.,0.));
#1136 = ( GEOMETRIC_REPRESENTATION_CONTEXT(2) 
PARAMETRIC_REPRESENTATION_CONTEXT() REPRESENTATION_CONTEXT('2D SPACE',''
  ) );
#1137 = ORIENTED_EDGE('',*,*,#1138,.F.);
#1138 = EDGE_CURVE('',#1139,#1111,#1141,.T.);
#1139 = VERTEX_POINT('',#1140);
#1140 = CARTESIAN_POINT('',(44.,18.,-12.8));
#1141 = SURFACE_CURVE('',#1142,(#1146,#1153),.PCURVE_S1.);
#1142 = LINE('',#1143,#1144);
#1143 = CARTESIAN_POINT('',(44.,18.,-2.768882403106));
#1144 = VECTOR('',#1145,1.);
#1145 = DIRECTION('',(0.,0.,1.));
#1146 = PCURVE('',#86,#1147);
#1147 = DEFINITIONAL_REPRESENTATION('',(#1148),#1152);
#1148 = LINE('',#1149,#1150);
#1149 = CARTESIAN_POINT('',(11.031117596893,41.648564143232));
#1150 = VECTOR('',#1151,1.);
#1151 = DIRECTION('',(-1.,0.));
#1152 = ( GEOMETRIC_REPRESENTATION_CONTEXT(2) 
PARAMETRIC_REPRESENTATION_CONTEXT() REPRESENTATION_CONTEXT('2D SPACE',''
  ) );
#1153 = PCURVE('',#1154,#1159);
#1154 = PLANE('',#1155);
#1155 = AXIS2_PLACEMENT_3D('',#1156,#1157,#1158);
#1156 = CARTESIAN_POINT('',(44.,14.,-13.8));
#1157 = DIRECTION('',(1.,0.,0.));
#1158 = DIRECTION('',(0.,0.,1.));
#1159 = DEFINITIONAL_REPRESENTATION('',(#1160),#1164);
#1160 = LINE('',#1161,#1162);
#1161 = CARTESIAN_POINT('',(11.031117596894,-4.));
#1162 = VECTOR('',#1163,1.);
#1163 = DIRECTION('',(1.,0.));
#1164 = ( GEOMETRIC_REPRESENTATION_CONTEXT(2) 
PARAMETRIC_REPRESENTATION_CONTEXT() REPRESENTATION_CONTEXT('2D SPACE',''
  ) );
#1165 = ORIENTED_EDGE('',*,*,#1166,.T.);
#1166 = EDGE_CURVE('',#1139,#1167,#1169,.T.);
#1167 = VERTEX_POINT('',#1168);
#1168 = CARTESIAN_POINT('',(43.,18.,-13.8));
#1169 = SURFACE_CURVE('',#1170,(#1175,#1186),.PCURVE_S1.);
#1170 = CIRCLE('',#1171,1.);
#1171 = AXIS2_PLACEMENT_3D('',#1172,#1173,#1174);
#1172 = CARTESIAN_POINT('',(43.,18.,-12.8));
#1173 = DIRECTION('',(0.,1.,0.));
#1174 = DIRECTION('',(1.,0.,-0.));
#1175 = PCURVE('',#86,#1176);
#1176 = DEFINITIONAL_REPRESENTATION('',(#1177),#1185);
#1177 = ( BOUNDED_CURVE() B_SPLINE_CURVE(2,(#1178,#1179,#1180,#1181,
#1182,#1183,#1184),.UNSPECIFIED.,.T.,.F.) B_SPLINE_CURVE_WITH_KNOTS((1,2
    ,2,2,2,1),(-2.094395102393,0.,2.094395102393,4.188790204786,
6.28318530718,8.377580409573),.UNSPECIFIED.) CURVE() 
GEOMETRIC_REPRESENTATION_ITEM() RATIONAL_B_SPLINE_CURVE((1.,0.5,1.,0.5,
1.,0.5,1.)) REPRESENTATION_ITEM('') );
#1178 = CARTESIAN_POINT('',(21.062235193787,41.648564143232));
#1179 = CARTESIAN_POINT('',(22.794286001356,41.648564143232));
#1180 = CARTESIAN_POINT('',(21.928260597571,40.148564143232));
#1181 = CARTESIAN_POINT('',(21.062235193787,38.648564143232));
#1182 = CARTESIAN_POINT('',(20.196209790003,40.148564143232));
#1183 = CARTESIAN_POINT('',(19.330184386218,41.648564143232));
#1184 = CARTESIAN_POINT('',(21.062235193787,41.648564143232));
#1185 = ( GEOMETRIC_REPRESENTATION_CONTEXT(2) 
PARAMETRIC_REPRESENTATION_CONTEXT() REPRESENTATION_CONTEXT('2D SPACE',''
  ) );
#1186 = PCURVE('',#1187,#1192);
#1187 = CYLINDRICAL_SURFACE('',#1188,1.);
#1188 = AXIS2_PLACEMENT_3D('',#1189,#1190,#1191);
#1189 = CARTESIAN_POINT('',(43.,14.,-12.8));
#1190 = DIRECTION('',(0.,1.,0.));
#1191 = DIRECTION('',(1.,0.,-0.));
#1192 = DEFINITIONAL_REPRESENTATION('',(#1193),#1197);
#1193 = LINE('',#1194,#1195);
#1194 = CARTESIAN_POINT('',(0.,4.));
#1195 = VECTOR('',#1196,1.);
#1196 = DIRECTION('',(1.,0.));
#1197 = ( GEOMETRIC_REPRESENTATION_CONTEXT(2) 
PARAMETRIC_REPRESENTATION_CONTEXT() REPRESENTATION_CONTEXT('2D SPACE',''
  ) );
#1198 = ORIENTED_EDGE('',*,*,#1199,.T.);
#1199 = EDGE_CURVE('',#1167,#1200,#1202,.T.);
#1200 = VERTEX_POINT('',#1201);
#1201 = CARTESIAN_POINT('',(38.5,18.,-13.8));
#1202 = SURFACE_CURVE('',#1203,(#1207,#1214),.PCURVE_S1.);
#1203 = LINE('',#1204,#1205);
#1204 = CARTESIAN_POINT('',(-15.32428207161,18.,-13.8));
#1205 = VECTOR('',#1206,1.);
#1206 = DIRECTION('',(-1.,0.,0.));
#1207 = PCURVE('',#86,#1208);
#1208 = DEFINITIONAL_REPRESENTATION('',(#1209),#1213);
#1209 = LINE('',#1210,#1211);
#1210 = CARTESIAN_POINT('',(22.062235193787,-17.67571792837));
#1211 = VECTOR('',#1212,1.);
#1212 = DIRECTION('',(0.,-1.));
#1213 = ( GEOMETRIC_REPRESENTATION_CONTEXT(2) 
PARAMETRIC_REPRESENTATION_CONTEXT() REPRESENTATION_CONTEXT('2D SPACE',''
  ) );
#1214 = PCURVE('',#1215,#1220);
#1215 = PLANE('',#1216);
#1216 = AXIS2_PLACEMENT_3D('',#1217,#1218,#1219);
#1217 = CARTESIAN_POINT('',(-33.,14.,-13.8));
#1218 = DIRECTION('',(0.,0.,1.));
#1219 = DIRECTION('',(1.,0.,-0.));
#1220 = DEFINITIONAL_REPRESENTATION('',(#1221),#1225);
#1221 = LINE('',#1222,#1223);
#1222 = CARTESIAN_POINT('',(17.67571792839,4.));
#1223 = VECTOR('',#1224,1.);
#1224 = DIRECTION('',(-1.,0.));
#1225 = ( GEOMETRIC_REPRESENTATION_CONTEXT(2) 
PARAMETRIC_REPRESENTATION_CONTEXT() REPRESENTATION_CONTEXT('2D SPACE',''
  ) );
#1226 = ORIENTED_EDGE('',*,*,#1227,.T.);
#1227 = EDGE_CURVE('',#1200,#1228,#1230,.T.);
#1228 = VERTEX_POINT('',#1229);
#1229 = CARTESIAN_POINT('',(38.5,18.,-12.6));
#1230 = SURFACE_CURVE('',#1231,(#1235,#1242),.PCURVE_S1.);
#1231 = LINE('',#1232,#1233);
#1232 = CARTESIAN_POINT('',(38.5,18.,-15.8));
#1233 = VECTOR('',#1234,1.);
#1234 = DIRECTION('',(0.,0.,1.));
#1235 = PCURVE('',#86,#1236);
#1236 = DEFINITIONAL_REPRESENTATION('',(#1237),#1241);
#1237 = LINE('',#1238,#1239);
#1238 = CARTESIAN_POINT('',(24.062235193787,36.148564143232));
#1239 = VECTOR('',#1240,1.);
#1240 = DIRECTION('',(-1.,0.));
#1241 = ( GEOMETRIC_REPRESENTATION_CONTEXT(2) 
PARAMETRIC_REPRESENTATION_CONTEXT() REPRESENTATION_CONTEXT('2D SPACE',''
  ) );
#1242 = PCURVE('',#1243,#1248);
#1243 = CYLINDRICAL_SURFACE('',#1244,1.);
#1244 = AXIS2_PLACEMENT_3D('',#1245,#1246,#1247);
#1245 = CARTESIAN_POINT('',(38.5,17.,-15.8));
#1246 = DIRECTION('',(0.,0.,1.));
#1247 = DIRECTION('',(1.,0.,-0.));
#1248 = DEFINITIONAL_REPRESENTATION('',(#1249),#1253);
#1249 = LINE('',#1250,#1251);
#1250 = CARTESIAN_POINT('',(1.570796326795,0.));
#1251 = VECTOR('',#1252,1.);
#1252 = DIRECTION('',(0.,1.));
#1253 = ( GEOMETRIC_REPRESENTATION_CONTEXT(2) 
PARAMETRIC_REPRESENTATION_CONTEXT() REPRESENTATION_CONTEXT('2D SPACE',''
  ) );
#1254 = ORIENTED_EDGE('',*,*,#1255,.F.);
#1255 = EDGE_CURVE('',#1256,#1228,#1258,.T.);
#1256 = VERTEX_POINT('',#1257);
#1257 = CARTESIAN_POINT('',(33.5,18.,-12.6));
#1258 = SURFACE_CURVE('',#1259,(#1263,#1270),.PCURVE_S1.);
#1259 = LINE('',#1260,#1261);
#1260 = CARTESIAN_POINT('',(32.5,18.,-12.6));
#1261 = VECTOR('',#1262,1.);
#1262 = DIRECTION('',(1.,0.,0.));
#1263 = PCURVE('',#86,#1264);
#1264 = DEFINITIONAL_REPRESENTATION('',(#1265),#1269);
#1265 = LINE('',#1266,#1267);
#1266 = CARTESIAN_POINT('',(20.862235193787,30.148564143232));
#1267 = VECTOR('',#1268,1.);
#1268 = DIRECTION('',(0.,1.));
#1269 = ( GEOMETRIC_REPRESENTATION_CONTEXT(2) 
PARAMETRIC_REPRESENTATION_CONTEXT() REPRESENTATION_CONTEXT('2D SPACE',''
  ) );
#1270 = PCURVE('',#1271,#1276);
#1271 = PLANE('',#1272);
#1272 = AXIS2_PLACEMENT_3D('',#1273,#1274,#1275);
#1273 = CARTESIAN_POINT('',(32.5,11.,-12.6));
#1274 = DIRECTION('',(0.,0.,1.));
#1275 = DIRECTION('',(1.,0.,-0.));
#1276 = DEFINITIONAL_REPRESENTATION('',(#1277),#1281);
#1277 = LINE('',#1278,#1279);
#1278 = CARTESIAN_POINT('',(0.,7.));
#1279 = VECTOR('',#1280,1.);
#1280 = DIRECTION('',(1.,0.));
#1281 = ( GEOMETRIC_REPRESENTATION_CONTEXT(2) 
PARAMETRIC_REPRESENTATION_CONTEXT() REPRESENTATION_CONTEXT('2D SPACE',''
  ) );
#1282 = ORIENTED_EDGE('',*,*,#1283,.F.);
#1283 = EDGE_CURVE('',#1284,#1256,#1286,.T.);
#1284 = VERTEX_POINT('',#1285);
#1285 = CARTESIAN_POINT('',(33.5,18.,-13.8));
#1286 = SURFACE_CURVE('',#1287,(#1291,#1298),.PCURVE_S1.);
#1287 = LINE('',#1288,#1289);
#1288 = CARTESIAN_POINT('',(33.5,18.,-15.8));
#1289 = VECTOR('',#1290,1.);
#1290 = DIRECTION('',(0.,0.,1.));
#1291 = PCURVE('',#86,#1292);
#1292 = DEFINITIONAL_REPRESENTATION('',(#1293),#1297);
#1293 = LINE('',#1294,#1295);
#1294 = CARTESIAN_POINT('',(24.062235193787,31.148564143232));
#1295 = VECTOR('',#1296,1.);
#1296 = DIRECTION('',(-1.,0.));
#1297 = ( GEOMETRIC_REPRESENTATION_CONTEXT(2) 
PARAMETRIC_REPRESENTATION_CONTEXT() REPRESENTATION_CONTEXT('2D SPACE',''
  ) );
#1298 = PCURVE('',#1299,#1304);
#1299 = CYLINDRICAL_SURFACE('',#1300,1.);
#1300 = AXIS2_PLACEMENT_3D('',#1301,#1302,#1303);
#1301 = CARTESIAN_POINT('',(33.5,17.,-15.8));
#1302 = DIRECTION('',(0.,0.,1.));
#1303 = DIRECTION('',(-1.,-0.,0.));
#1304 = DEFINITIONAL_REPRESENTATION('',(#1305),#1309);
#1305 = LINE('',#1306,#1307);
#1306 = CARTESIAN_POINT('',(4.712388980385,0.));
#1307 = VECTOR('',#1308,1.);
#1308 = DIRECTION('',(-0.,1.));
#1309 = ( GEOMETRIC_REPRESENTATION_CONTEXT(2) 
PARAMETRIC_REPRESENTATION_CONTEXT() REPRESENTATION_CONTEXT('2D SPACE',''
  ) );
#1310 = ORIENTED_EDGE('',*,*,#1311,.T.);
#1311 = EDGE_CURVE('',#1284,#1312,#1314,.T.);
#1312 = VERTEX_POINT('',#1313);
#1313 = CARTESIAN_POINT('',(-29.,18.,-13.8));
#1314 = SURFACE_CURVE('',#1315,(#1319,#1326),.PCURVE_S1.);
#1315 = LINE('',#1316,#1317);
#1316 = CARTESIAN_POINT('',(-15.32428207161,18.,-13.8));
#1317 = VECTOR('',#1318,1.);
#1318 = DIRECTION('',(-1.,0.,0.));
#1319 = PCURVE('',#86,#1320);
#1320 = DEFINITIONAL_REPRESENTATION('',(#1321),#1325);
#1321 = LINE('',#1322,#1323);
#1322 = CARTESIAN_POINT('',(22.062235193787,-17.67571792837));
#1323 = VECTOR('',#1324,1.);
#1324 = DIRECTION('',(0.,-1.));
#1325 = ( GEOMETRIC_REPRESENTATION_CONTEXT(2) 
PARAMETRIC_REPRESENTATION_CONTEXT() REPRESENTATION_CONTEXT('2D SPACE',''
  ) );
#1326 = PCURVE('',#1327,#1332);
#1327 = PLANE('',#1328);
#1328 = AXIS2_PLACEMENT_3D('',#1329,#1330,#1331);
#1329 = CARTESIAN_POINT('',(-33.,14.,-13.8));
#1330 = DIRECTION('',(0.,0.,1.));
#1331 = DIRECTION('',(1.,0.,-0.));
#1332 = DEFINITIONAL_REPRESENTATION('',(#1333),#1337);
#1333 = LINE('',#1334,#1335);
#1334 = CARTESIAN_POINT('',(17.67571792839,4.));
#1335 = VECTOR('',#1336,1.);
#1336 = DIRECTION('',(-1.,0.));
#1337 = ( GEOMETRIC_REPRESENTATION_CONTEXT(2) 
PARAMETRIC_REPRESENTATION_CONTEXT() REPRESENTATION_CONTEXT('2D SPACE',''
  ) );
#1338 = ORIENTED_EDGE('',*,*,#1339,.F.);
#1339 = EDGE_CURVE('',#1340,#1312,#1342,.T.);
#1340 = VERTEX_POINT('',#1341);
#1341 = CARTESIAN_POINT('',(-29.,18.,-14.));
#1342 = SURFACE_CURVE('',#1343,(#1347,#1354),.PCURVE_S1.);
#1343 = LINE('',#1344,#1345);
#1344 = CARTESIAN_POINT('',(-29.,18.,-14.));
#1345 = VECTOR('',#1346,1.);
#1346 = DIRECTION('',(0.,0.,1.));
#1347 = PCURVE('',#86,#1348);
#1348 = DEFINITIONAL_REPRESENTATION('',(#1349),#1353);
#1349 = LINE('',#1350,#1351);
#1350 = CARTESIAN_POINT('',(22.262235193787,-31.35143585676));
#1351 = VECTOR('',#1352,1.);
#1352 = DIRECTION('',(-1.,0.));
#1353 = ( GEOMETRIC_REPRESENTATION_CONTEXT(2) 
PARAMETRIC_REPRESENTATION_CONTEXT() REPRESENTATION_CONTEXT('2D SPACE',''
  ) );
#1354 = PCURVE('',#1355,#1360);
#1355 = PLANE('',#1356);
#1356 = AXIS2_PLACEMENT_3D('',#1357,#1358,#1359);
#1357 = CARTESIAN_POINT('',(-29.,-18.,-14.));
#1358 = DIRECTION('',(1.,0.,0.));
#1359 = DIRECTION('',(0.,0.,1.));
#1360 = DEFINITIONAL_REPRESENTATION('',(#1361),#1365);
#1361 = LINE('',#1362,#1363);
#1362 = CARTESIAN_POINT('',(0.,-36.));
#1363 = VECTOR('',#1364,1.);
#1364 = DIRECTION('',(1.,0.));
#1365 = ( GEOMETRIC_REPRESENTATION_CONTEXT(2) 
PARAMETRIC_REPRESENTATION_CONTEXT() REPRESENTATION_CONTEXT('2D SPACE',''
  ) );
#1366 = ORIENTED_EDGE('',*,*,#1367,.F.);
#1367 = EDGE_CURVE('',#1368,#1340,#1370,.T.);
#1368 = VERTEX_POINT('',#1369);
#1369 = CARTESIAN_POINT('',(-31.,18.,-14.));
#1370 = SURFACE_CURVE('',#1371,(#1375,#1382),.PCURVE_S1.);
#1371 = LINE('',#1372,#1373);
#1372 = CARTESIAN_POINT('',(-31.,18.,-14.));
#1373 = VECTOR('',#1374,1.);
#1374 = DIRECTION('',(1.,0.,0.));
#1375 = PCURVE('',#86,#1376);
#1376 = DEFINITIONAL_REPRESENTATION('',(#1377),#1381);
#1377 = LINE('',#1378,#1379);
#1378 = CARTESIAN_POINT('',(22.262235193787,-33.35143585676));
#1379 = VECTOR('',#1380,1.);
#1380 = DIRECTION('',(0.,1.));
#1381 = ( GEOMETRIC_REPRESENTATION_CONTEXT(2) 
PARAMETRIC_REPRESENTATION_CONTEXT() REPRESENTATION_CONTEXT('2D SPACE',''
  ) );
#1382 = PCURVE('',#1383,#1388);
#1383 = PLANE('',#1384);
#1384 = AXIS2_PLACEMENT_3D('',#1385,#1386,#1387);
#1385 = CARTESIAN_POINT('',(-31.,-18.,-14.));
#1386 = DIRECTION('',(0.,0.,1.));
#1387 = DIRECTION('',(1.,0.,-0.));
#1388 = DEFINITIONAL_REPRESENTATION('',(#1389),#1393);
#1389 = LINE('',#1390,#1391);
#1390 = CARTESIAN_POINT('',(0.,36.));
#1391 = VECTOR('',#1392,1.);
#1392 = DIRECTION('',(1.,0.));
#1393 = ( GEOMETRIC_REPRESENTATION_CONTEXT(2) 
PARAMETRIC_REPRESENTATION_CONTEXT() REPRESENTATION_CONTEXT('2D SPACE',''
  ) );
#1394 = ORIENTED_EDGE('',*,*,#1395,.T.);
#1395 = EDGE_CURVE('',#1368,#1396,#1398,.T.);
#1396 = VERTEX_POINT('',#1397);
#1397 = CARTESIAN_POINT('',(-31.,18.,-13.8));
#1398 = SURFACE_CURVE('',#1399,(#1403,#1410),.PCURVE_S1.);
#1399 = LINE('',#1400,#1401);
#1400 = CARTESIAN_POINT('',(-31.,18.,-14.));
#1401 = VECTOR('',#1402,1.);
#1402 = DIRECTION('',(0.,0.,1.));
#1403 = PCURVE('',#86,#1404);
#1404 = DEFINITIONAL_REPRESENTATION('',(#1405),#1409);
#1405 = LINE('',#1406,#1407);
#1406 = CARTESIAN_POINT('',(22.262235193787,-33.35143585676));
#1407 = VECTOR('',#1408,1.);
#1408 = DIRECTION('',(-1.,0.));
#1409 = ( GEOMETRIC_REPRESENTATION_CONTEXT(2) 
PARAMETRIC_REPRESENTATION_CONTEXT() REPRESENTATION_CONTEXT('2D SPACE',''
  ) );
#1410 = PCURVE('',#1411,#1416);
#1411 = PLANE('',#1412);
#1412 = AXIS2_PLACEMENT_3D('',#1413,#1414,#1415);
#1413 = CARTESIAN_POINT('',(-31.,-18.,-14.));
#1414 = DIRECTION('',(1.,0.,0.));
#1415 = DIRECTION('',(0.,0.,1.));
#1416 = DEFINITIONAL_REPRESENTATION('',(#1417),#1421);
#1417 = LINE('',#1418,#1419);
#1418 = CARTESIAN_POINT('',(0.,-36.));
#1419 = VECTOR('',#1420,1.);
#1420 = DIRECTION('',(1.,0.));
#1421 = ( GEOMETRIC_REPRESENTATION_CONTEXT(2) 
PARAMETRIC_REPRESENTATION_CONTEXT() REPRESENTATION_CONTEXT('2D SPACE',''
  ) );
#1422 = ORIENTED_EDGE('',*,*,#1423,.T.);
#1423 = EDGE_CURVE('',#1396,#1424,#1426,.T.);
#1424 = VERTEX_POINT('',#1425);
#1425 = CARTESIAN_POINT('',(-31.5,18.,-13.8));
#1426 = SURFACE_CURVE('',#1427,(#1431,#1438),.PCURVE_S1.);
#1427 = LINE('',#1428,#1429);
#1428 = CARTESIAN_POINT('',(-15.32428207161,18.,-13.8));
#1429 = VECTOR('',#1430,1.);
#1430 = DIRECTION('',(-1.,0.,0.));
#1431 = PCURVE('',#86,#1432);
#1432 = DEFINITIONAL_REPRESENTATION('',(#1433),#1437);
#1433 = LINE('',#1434,#1435);
#1434 = CARTESIAN_POINT('',(22.062235193787,-17.67571792837));
#1435 = VECTOR('',#1436,1.);
#1436 = DIRECTION('',(0.,-1.));
#1437 = ( GEOMETRIC_REPRESENTATION_CONTEXT(2) 
PARAMETRIC_REPRESENTATION_CONTEXT() REPRESENTATION_CONTEXT('2D SPACE',''
  ) );
#1438 = PCURVE('',#1439,#1444);
#1439 = PLANE('',#1440);
#1440 = AXIS2_PLACEMENT_3D('',#1441,#1442,#1443);
#1441 = CARTESIAN_POINT('',(-33.,14.,-13.8));
#1442 = DIRECTION('',(0.,0.,1.));
#1443 = DIRECTION('',(1.,0.,-0.));
#1444 = DEFINITIONAL_REPRESENTATION('',(#1445),#1449);
#1445 = LINE('',#1446,#1447);
#1446 = CARTESIAN_POINT('',(17.67571792839,4.));
#1447 = VECTOR('',#1448,1.);
#1448 = DIRECTION('',(-1.,0.));
#1449 = ( GEOMETRIC_REPRESENTATION_CONTEXT(2) 
PARAMETRIC_REPRESENTATION_CONTEXT() REPRESENTATION_CONTEXT('2D SPACE',''
  ) );
#1450 = ORIENTED_EDGE('',*,*,#1451,.T.);
#1451 = EDGE_CURVE('',#1424,#1452,#1454,.T.);
#1452 = VERTEX_POINT('',#1453);
#1453 = CARTESIAN_POINT('',(-31.5,18.,-12.6));
#1454 = SURFACE_CURVE('',#1455,(#1459,#1466),.PCURVE_S1.);
#1455 = LINE('',#1456,#1457);
#1456 = CARTESIAN_POINT('',(-31.5,18.,-15.8));
#1457 = VECTOR('',#1458,1.);
#1458 = DIRECTION('',(0.,0.,1.));
#1459 = PCURVE('',#86,#1460);
#1460 = DEFINITIONAL_REPRESENTATION('',(#1461),#1465);
#1461 = LINE('',#1462,#1463);
#1462 = CARTESIAN_POINT('',(24.062235193787,-33.85143585676));
#1463 = VECTOR('',#1464,1.);
#1464 = DIRECTION('',(-1.,0.));
#1465 = ( GEOMETRIC_REPRESENTATION_CONTEXT(2) 
PARAMETRIC_REPRESENTATION_CONTEXT() REPRESENTATION_CONTEXT('2D SPACE',''
  ) );
#1466 = PCURVE('',#1467,#1472);
#1467 = CYLINDRICAL_SURFACE('',#1468,1.);
#1468 = AXIS2_PLACEMENT_3D('',#1469,#1470,#1471);
#1469 = CARTESIAN_POINT('',(-31.5,17.,-15.8));
#1470 = DIRECTION('',(0.,0.,1.));
#1471 = DIRECTION('',(1.,0.,-0.));
#1472 = DEFINITIONAL_REPRESENTATION('',(#1473),#1477);
#1473 = LINE('',#1474,#1475);
#1474 = CARTESIAN_POINT('',(1.570796326795,0.));
#1475 = VECTOR('',#1476,1.);
#1476 = DIRECTION('',(0.,1.));
#1477 = ( GEOMETRIC_REPRESENTATION_CONTEXT(2) 
PARAMETRIC_REPRESENTATION_CONTEXT() REPRESENTATION_CONTEXT('2D SPACE',''
  ) );
#1478 = ORIENTED_EDGE('',*,*,#1479,.F.);
#1479 = EDGE_CURVE('',#1480,#1452,#1482,.T.);
#1480 = VERTEX_POINT('',#1481);
#1481 = CARTESIAN_POINT('',(-33.,18.,-12.6));
#1482 = SURFACE_CURVE('',#1483,(#1487,#1494),.PCURVE_S1.);
#1483 = LINE('',#1484,#1485);
#1484 = CARTESIAN_POINT('',(-37.5,18.,-12.6));
#1485 = VECTOR('',#1486,1.);
#1486 = DIRECTION('',(1.,0.,0.));
#1487 = PCURVE('',#86,#1488);
#1488 = DEFINITIONAL_REPRESENTATION('',(#1489),#1493);
#1489 = LINE('',#1490,#1491);
#1490 = CARTESIAN_POINT('',(20.862235193787,-39.85143585676));
#1491 = VECTOR('',#1492,1.);
#1492 = DIRECTION('',(0.,1.));
#1493 = ( GEOMETRIC_REPRESENTATION_CONTEXT(2) 
PARAMETRIC_REPRESENTATION_CONTEXT() REPRESENTATION_CONTEXT('2D SPACE',''
  ) );
#1494 = PCURVE('',#1495,#1500);
#1495 = PLANE('',#1496);
#1496 = AXIS2_PLACEMENT_3D('',#1497,#1498,#1499);
#1497 = CARTESIAN_POINT('',(-37.5,11.,-12.6));
#1498 = DIRECTION('',(0.,0.,1.));
#1499 = DIRECTION('',(1.,0.,-0.));
#1500 = DEFINITIONAL_REPRESENTATION('',(#1501),#1505);
#1501 = LINE('',#1502,#1503);
#1502 = CARTESIAN_POINT('',(0.,7.));
#1503 = VECTOR('',#1504,1.);
#1504 = DIRECTION('',(1.,0.));
#1505 = ( GEOMETRIC_REPRESENTATION_CONTEXT(2) 
PARAMETRIC_REPRESENTATION_CONTEXT() REPRESENTATION_CONTEXT('2D SPACE',''
  ) );
#1506 = ORIENTED_EDGE('',*,*,#1507,.T.);
#1507 = EDGE_CURVE('',#1480,#1508,#1510,.T.);
#1508 = VERTEX_POINT('',#1509);
#1509 = CARTESIAN_POINT('',(-33.,18.,30.2));
#1510 = SURFACE_CURVE('',#1511,(#1515,#1522),.PCURVE_S1.);
#1511 = LINE('',#1512,#1513);
#1512 = CARTESIAN_POINT('',(-33.,18.,-2.768882403106));
#1513 = VECTOR('',#1514,1.);
#1514 = DIRECTION('',(0.,0.,1.));
#1515 = PCURVE('',#86,#1516);
#1516 = DEFINITIONAL_REPRESENTATION('',(#1517),#1521);
#1517 = LINE('',#1518,#1519);
#1518 = CARTESIAN_POINT('',(11.031117596893,-35.35143585676));
#1519 = VECTOR('',#1520,1.);
#1520 = DIRECTION('',(-1.,0.));
#1521 = ( GEOMETRIC_REPRESENTATION_CONTEXT(2) 
PARAMETRIC_REPRESENTATION_CONTEXT() REPRESENTATION_CONTEXT('2D SPACE',''
  ) );
#1522 = PCURVE('',#1523,#1528);
#1523 = PLANE('',#1524);
#1524 = AXIS2_PLACEMENT_3D('',#1525,#1526,#1527);
#1525 = CARTESIAN_POINT('',(-33.,14.,-13.8));
#1526 = DIRECTION('',(1.,0.,0.));
#1527 = DIRECTION('',(0.,0.,1.));
#1528 = DEFINITIONAL_REPRESENTATION('',(#1529),#1533);
#1529 = LINE('',#1530,#1531);
#1530 = CARTESIAN_POINT('',(11.031117596894,-4.));
#1531 = VECTOR('',#1532,1.);
#1532 = DIRECTION('',(1.,0.));
#1533 = ( GEOMETRIC_REPRESENTATION_CONTEXT(2) 
PARAMETRIC_REPRESENTATION_CONTEXT() REPRESENTATION_CONTEXT('2D SPACE',''
  ) );
#1534 = ORIENTED_EDGE('',*,*,#1535,.T.);
#1535 = EDGE_CURVE('',#1508,#1536,#1538,.T.);
#1536 = VERTEX_POINT('',#1537);
#1537 = CARTESIAN_POINT('',(-32.,18.,31.2));
#1538 = SURFACE_CURVE('',#1539,(#1544,#1555),.PCURVE_S1.);
#1539 = CIRCLE('',#1540,1.);
#1540 = AXIS2_PLACEMENT_3D('',#1541,#1542,#1543);
#1541 = CARTESIAN_POINT('',(-32.,18.,30.2));
#1542 = DIRECTION('',(0.,1.,0.));
#1543 = DIRECTION('',(-1.,0.,0.));
#1544 = PCURVE('',#86,#1545);
#1545 = DEFINITIONAL_REPRESENTATION('',(#1546),#1554);
#1546 = ( BOUNDED_CURVE() B_SPLINE_CURVE(2,(#1547,#1548,#1549,#1550,
#1551,#1552,#1553),.UNSPECIFIED.,.T.,.F.) B_SPLINE_CURVE_WITH_KNOTS((1,2
    ,2,2,2,1),(-2.094395102393,0.,2.094395102393,4.188790204786,
6.28318530718,8.377580409573),.UNSPECIFIED.) CURVE() 
GEOMETRIC_REPRESENTATION_ITEM() RATIONAL_B_SPLINE_CURVE((1.,0.5,1.,0.5,
1.,0.5,1.)) REPRESENTATION_ITEM('') );
#1547 = CARTESIAN_POINT('',(-21.93776480621,-35.35143585676));
#1548 = CARTESIAN_POINT('',(-23.66981561378,-35.35143585676));
#1549 = CARTESIAN_POINT('',(-22.80379020999,-33.85143585676));
#1550 = CARTESIAN_POINT('',(-21.93776480621,-32.35143585676));
#1551 = CARTESIAN_POINT('',(-21.07173940242,-33.85143585676));
#1552 = CARTESIAN_POINT('',(-20.20571399864,-35.35143585676));
#1553 = CARTESIAN_POINT('',(-21.93776480621,-35.35143585676));
#1554 = ( GEOMETRIC_REPRESENTATION_CONTEXT(2) 
PARAMETRIC_REPRESENTATION_CONTEXT() REPRESENTATION_CONTEXT('2D SPACE',''
  ) );
#1555 = PCURVE('',#1556,#1561);
#1556 = CYLINDRICAL_SURFACE('',#1557,1.);
#1557 = AXIS2_PLACEMENT_3D('',#1558,#1559,#1560);
#1558 = CARTESIAN_POINT('',(-32.,14.,30.2));
#1559 = DIRECTION('',(0.,1.,0.));
#1560 = DIRECTION('',(-1.,0.,0.));
#1561 = DEFINITIONAL_REPRESENTATION('',(#1562),#1566);
#1562 = LINE('',#1563,#1564);
#1563 = CARTESIAN_POINT('',(0.,4.));
#1564 = VECTOR('',#1565,1.);
#1565 = DIRECTION('',(1.,0.));
#1566 = ( GEOMETRIC_REPRESENTATION_CONTEXT(2) 
PARAMETRIC_REPRESENTATION_CONTEXT() REPRESENTATION_CONTEXT('2D SPACE',''
  ) );
#1567 = ORIENTED_EDGE('',*,*,#1568,.F.);
#1568 = EDGE_CURVE('',#1569,#1536,#1571,.T.);
#1569 = VERTEX_POINT('',#1570);
#1570 = CARTESIAN_POINT('',(-31.5,18.,31.2));
#1571 = SURFACE_CURVE('',#1572,(#1576,#1583),.PCURVE_S1.);
#1572 = LINE('',#1573,#1574);
#1573 = CARTESIAN_POINT('',(-15.32428207161,18.,31.2));
#1574 = VECTOR('',#1575,1.);
#1575 = DIRECTION('',(-1.,0.,0.));
#1576 = PCURVE('',#86,#1577);
#1577 = DEFINITIONAL_REPRESENTATION('',(#1578),#1582);
#1578 = LINE('',#1579,#1580);
#1579 = CARTESIAN_POINT('',(-22.93776480621,-17.67571792837));
#1580 = VECTOR('',#1581,1.);
#1581 = DIRECTION('',(0.,-1.));
#1582 = ( GEOMETRIC_REPRESENTATION_CONTEXT(2) 
PARAMETRIC_REPRESENTATION_CONTEXT() REPRESENTATION_CONTEXT('2D SPACE',''
  ) );
#1583 = PCURVE('',#1584,#1589);
#1584 = PLANE('',#1585);
#1585 = AXIS2_PLACEMENT_3D('',#1586,#1587,#1588);
#1586 = CARTESIAN_POINT('',(-33.,14.,31.2));
#1587 = DIRECTION('',(0.,0.,1.));
#1588 = DIRECTION('',(1.,0.,-0.));
#1589 = DEFINITIONAL_REPRESENTATION('',(#1590),#1594);
#1590 = LINE('',#1591,#1592);
#1591 = CARTESIAN_POINT('',(17.67571792839,4.));
#1592 = VECTOR('',#1593,1.);
#1593 = DIRECTION('',(-1.,0.));
#1594 = ( GEOMETRIC_REPRESENTATION_CONTEXT(2) 
PARAMETRIC_REPRESENTATION_CONTEXT() REPRESENTATION_CONTEXT('2D SPACE',''
  ) );
#1595 = ORIENTED_EDGE('',*,*,#1596,.T.);
#1596 = EDGE_CURVE('',#1569,#1597,#1599,.T.);
#1597 = VERTEX_POINT('',#1598);
#1598 = CARTESIAN_POINT('',(-31.5,18.,33.75));
#1599 = SURFACE_CURVE('',#1600,(#1604,#1611),.PCURVE_S1.);
#1600 = LINE('',#1601,#1602);
#1601 = CARTESIAN_POINT('',(-31.5,18.,11.631117596893));
#1602 = VECTOR('',#1603,1.);
#1603 = DIRECTION('',(0.,0.,1.));
#1604 = PCURVE('',#86,#1605);
#1605 = DEFINITIONAL_REPRESENTATION('',(#1606),#1610);
#1606 = LINE('',#1607,#1608);
#1607 = CARTESIAN_POINT('',(-3.368882403106,-33.85143585676));
#1608 = VECTOR('',#1609,1.);
#1609 = DIRECTION('',(-1.,0.));
#1610 = ( GEOMETRIC_REPRESENTATION_CONTEXT(2) 
PARAMETRIC_REPRESENTATION_CONTEXT() REPRESENTATION_CONTEXT('2D SPACE',''
  ) );
#1611 = PCURVE('',#1612,#1617);
#1612 = PLANE('',#1613);
#1613 = AXIS2_PLACEMENT_3D('',#1614,#1615,#1616);
#1614 = CARTESIAN_POINT('',(-31.5,-32.,15.));
#1615 = DIRECTION('',(1.,0.,0.));
#1616 = DIRECTION('',(0.,0.,1.));
#1617 = DEFINITIONAL_REPRESENTATION('',(#1618),#1622);
#1618 = LINE('',#1619,#1620);
#1619 = CARTESIAN_POINT('',(-3.368882403107,-50.));
#1620 = VECTOR('',#1621,1.);
#1621 = DIRECTION('',(1.,0.));
#1622 = ( GEOMETRIC_REPRESENTATION_CONTEXT(2) 
PARAMETRIC_REPRESENTATION_CONTEXT() REPRESENTATION_CONTEXT('2D SPACE',''
  ) );
#1623 = ORIENTED_EDGE('',*,*,#1624,.T.);
#1624 = EDGE_CURVE('',#1597,#1625,#1627,.T.);
#1625 = VERTEX_POINT('',#1626);
#1626 = CARTESIAN_POINT('',(-38.75114878692,18.,24.323506576997));
#1627 = SURFACE_CURVE('',#1628,(#1632,#1639),.PCURVE_S1.);
#1628 = LINE('',#1629,#1630);
#1629 = CARTESIAN_POINT('',(-29.,18.,37.));
#1630 = VECTOR('',#1631,1.);
#1631 = DIRECTION('',(-0.60971076085,0.,-0.792623989105));
#1632 = PCURVE('',#86,#1633);
#1633 = DEFINITIONAL_REPRESENTATION('',(#1634),#1638);
#1634 = LINE('',#1635,#1636);
#1635 = CARTESIAN_POINT('',(-28.73776480621,-31.35143585676));
#1636 = VECTOR('',#1637,1.);
#1637 = DIRECTION('',(0.792623989105,-0.60971076085));
#1638 = ( GEOMETRIC_REPRESENTATION_CONTEXT(2) 
PARAMETRIC_REPRESENTATION_CONTEXT() REPRESENTATION_CONTEXT('2D SPACE',''
  ) );
#1639 = PCURVE('',#1640,#1645);
#1640 = PLANE('',#1641);
#1641 = AXIS2_PLACEMENT_3D('',#1642,#1643,#1644);
#1642 = CARTESIAN_POINT('',(-29.,18.,37.));
#1643 = DIRECTION('',(0.792623989105,0.,-0.60971076085));
#1644 = DIRECTION('',(-0.60971076085,0.,-0.792623989105));
#1645 = DEFINITIONAL_REPRESENTATION('',(#1646),#1650);
#1646 = LINE('',#1647,#1648);
#1647 = CARTESIAN_POINT('',(0.,0.));
#1648 = VECTOR('',#1649,1.);
#1649 = DIRECTION('',(1.,0.));
#1650 = ( GEOMETRIC_REPRESENTATION_CONTEXT(2) 
PARAMETRIC_REPRESENTATION_CONTEXT() REPRESENTATION_CONTEXT('2D SPACE',''
  ) );
#1651 = ORIENTED_EDGE('',*,*,#1652,.T.);
#1652 = EDGE_CURVE('',#1625,#1653,#1655,.T.);
#1653 = VERTEX_POINT('',#1654);
#1654 = CARTESIAN_POINT('',(-39.,18.,23.591853663977));
#1655 = SURFACE_CURVE('',#1656,(#1661,#1668),.PCURVE_S1.);
#1656 = CIRCLE('',#1657,1.2);
#1657 = AXIS2_PLACEMENT_3D('',#1658,#1659,#1660);
#1658 = CARTESIAN_POINT('',(-37.8,18.,23.591853663977));
#1659 = DIRECTION('',(0.,-1.,0.));
#1660 = DIRECTION('',(0.,-0.,-1.));
#1661 = PCURVE('',#86,#1662);
#1662 = DEFINITIONAL_REPRESENTATION('',(#1663),#1667);
#1663 = CIRCLE('',#1664,1.2);
#1664 = AXIS2_PLACEMENT_2D('',#1665,#1666);
#1665 = CARTESIAN_POINT('',(-15.32961847019,-40.15143585676));
#1666 = DIRECTION('',(1.,0.));
#1667 = ( GEOMETRIC_REPRESENTATION_CONTEXT(2) 
PARAMETRIC_REPRESENTATION_CONTEXT() REPRESENTATION_CONTEXT('2D SPACE',''
  ) );
#1668 = PCURVE('',#1669,#1674);
#1669 = CYLINDRICAL_SURFACE('',#1670,1.2);
#1670 = AXIS2_PLACEMENT_3D('',#1671,#1672,#1673);
#1671 = CARTESIAN_POINT('',(-37.8,18.,23.591853663977));
#1672 = DIRECTION('',(0.,-1.,0.));
#1673 = DIRECTION('',(-0.792623989105,0.,0.60971076085));
#1674 = DEFINITIONAL_REPRESENTATION('',(#1675),#1679);
#1675 = LINE('',#1676,#1677);
#1676 = CARTESIAN_POINT('',(-4.056693354143,0.));
#1677 = VECTOR('',#1678,1.);
#1678 = DIRECTION('',(1.,0.));
#1679 = ( GEOMETRIC_REPRESENTATION_CONTEXT(2) 
PARAMETRIC_REPRESENTATION_CONTEXT() REPRESENTATION_CONTEXT('2D SPACE',''
  ) );
#1680 = ORIENTED_EDGE('',*,*,#1681,.T.);
#1681 = EDGE_CURVE('',#1653,#1001,#1682,.T.);
#1682 = SURFACE_CURVE('',#1683,(#1687,#1694),.PCURVE_S1.);
#1683 = LINE('',#1684,#1685);
#1684 = CARTESIAN_POINT('',(-39.,18.,24.));
#1685 = VECTOR('',#1686,1.);
#1686 = DIRECTION('',(0.,0.,-1.));
#1687 = PCURVE('',#86,#1688);
#1688 = DEFINITIONAL_REPRESENTATION('',(#1689),#1693);
#1689 = LINE('',#1690,#1691);
#1690 = CARTESIAN_POINT('',(-15.73776480621,-41.35143585676));
#1691 = VECTOR('',#1692,1.);
#1692 = DIRECTION('',(1.,0.));
#1693 = ( GEOMETRIC_REPRESENTATION_CONTEXT(2) 
PARAMETRIC_REPRESENTATION_CONTEXT() REPRESENTATION_CONTEXT('2D SPACE',''
  ) );
#1694 = PCURVE('',#1695,#1700);
#1695 = PLANE('',#1696);
#1696 = AXIS2_PLACEMENT_3D('',#1697,#1698,#1699);
#1697 = CARTESIAN_POINT('',(-39.,18.,24.));
#1698 = DIRECTION('',(1.,0.,0.));
#1699 = DIRECTION('',(0.,0.,-1.));
#1700 = DEFINITIONAL_REPRESENTATION('',(#1701),#1705);
#1701 = LINE('',#1702,#1703);
#1702 = CARTESIAN_POINT('',(0.,0.));
#1703 = VECTOR('',#1704,1.);
#1704 = DIRECTION('',(1.,0.));
#1705 = ( GEOMETRIC_REPRESENTATION_CONTEXT(2) 
PARAMETRIC_REPRESENTATION_CONTEXT() REPRESENTATION_CONTEXT('2D SPACE',''
  ) );
#1706 = ADVANCED_FACE('',(#1707),#114,.T.);
#1707 = FACE_BOUND('',#1708,.T.);
#1708 = EDGE_LOOP('',(#1709,#1710,#1738,#1759));
#1709 = ORIENTED_EDGE('',*,*,#98,.T.);
#1710 = ORIENTED_EDGE('',*,*,#1711,.T.);
#1711 = EDGE_CURVE('',#99,#1712,#1714,.T.);
#1712 = VERTEX_POINT('',#1713);
#1713 = CARTESIAN_POINT('',(-39.,-30.,-14.6));
#1714 = SURFACE_CURVE('',#1715,(#1720,#1727),.PCURVE_S1.);
#1715 = CIRCLE('',#1716,1.2);
#1716 = AXIS2_PLACEMENT_3D('',#1717,#1718,#1719);
#1717 = CARTESIAN_POINT('',(-37.8,-30.,-14.6));
#1718 = DIRECTION('',(0.,1.,0.));
#1719 = DIRECTION('',(0.,0.,-1.));
#1720 = PCURVE('',#114,#1721);
#1721 = DEFINITIONAL_REPRESENTATION('',(#1722),#1726);
#1722 = LINE('',#1723,#1724);
#1723 = CARTESIAN_POINT('',(6.28318530718,48.));
#1724 = VECTOR('',#1725,1.);
#1725 = DIRECTION('',(-1.,0.));
#1726 = ( GEOMETRIC_REPRESENTATION_CONTEXT(2) 
PARAMETRIC_REPRESENTATION_CONTEXT() REPRESENTATION_CONTEXT('2D SPACE',''
  ) );
#1727 = PCURVE('',#142,#1728);
#1728 = DEFINITIONAL_REPRESENTATION('',(#1729),#1737);
#1729 = ( BOUNDED_CURVE() B_SPLINE_CURVE(2,(#1730,#1731,#1732,#1733,
#1734,#1735,#1736),.UNSPECIFIED.,.T.,.F.) B_SPLINE_CURVE_WITH_KNOTS((1,2
    ,2,2,2,1),(-2.094395102393,0.,2.094395102393,4.188790204786,
6.28318530718,8.377580409573),.UNSPECIFIED.) CURVE() 
GEOMETRIC_REPRESENTATION_ITEM() RATIONAL_B_SPLINE_CURVE((1.,0.5,1.,0.5,
1.,0.5,1.)) REPRESENTATION_ITEM('') );
#1730 = CARTESIAN_POINT('',(24.062235193787,-40.15143585676));
#1731 = CARTESIAN_POINT('',(24.062235193787,-42.22989682585));
#1732 = CARTESIAN_POINT('',(22.262235193787,-41.1906663413));
#1733 = CARTESIAN_POINT('',(20.462235193787,-40.15143585676));
#1734 = CARTESIAN_POINT('',(22.262235193787,-39.11220537222));
#1735 = CARTESIAN_POINT('',(24.062235193787,-38.07297488768));
#1736 = CARTESIAN_POINT('',(24.062235193787,-40.15143585676));
#1737 = ( GEOMETRIC_REPRESENTATION_CONTEXT(2) 
PARAMETRIC_REPRESENTATION_CONTEXT() REPRESENTATION_CONTEXT('2D SPACE',''
  ) );
#1738 = ORIENTED_EDGE('',*,*,#1739,.F.);
#1739 = EDGE_CURVE('',#1001,#1712,#1740,.T.);
#1740 = SURFACE_CURVE('',#1741,(#1745,#1752),.PCURVE_S1.);
#1741 = LINE('',#1742,#1743);
#1742 = CARTESIAN_POINT('',(-39.,18.,-14.6));
#1743 = VECTOR('',#1744,1.);
#1744 = DIRECTION('',(0.,-1.,0.));
#1745 = PCURVE('',#114,#1746);
#1746 = DEFINITIONAL_REPRESENTATION('',(#1747),#1751);
#1747 = LINE('',#1748,#1749);
#1748 = CARTESIAN_POINT('',(4.712388980385,0.));
#1749 = VECTOR('',#1750,1.);
#1750 = DIRECTION('',(-0.,1.));
#1751 = ( GEOMETRIC_REPRESENTATION_CONTEXT(2) 
PARAMETRIC_REPRESENTATION_CONTEXT() REPRESENTATION_CONTEXT('2D SPACE',''
  ) );
#1752 = PCURVE('',#1695,#1753);
#1753 = DEFINITIONAL_REPRESENTATION('',(#1754),#1758);
#1754 = LINE('',#1755,#1756);
#1755 = CARTESIAN_POINT('',(38.6,0.));
#1756 = VECTOR('',#1757,1.);
#1757 = DIRECTION('',(0.,-1.));
#1758 = ( GEOMETRIC_REPRESENTATION_CONTEXT(2) 
PARAMETRIC_REPRESENTATION_CONTEXT() REPRESENTATION_CONTEXT('2D SPACE',''
  ) );
#1759 = ORIENTED_EDGE('',*,*,#1000,.F.);
#1760 = ADVANCED_FACE('',(#1761),#142,.T.);
#1761 = FACE_BOUND('',#1762,.T.);
#1762 = EDGE_LOOP('',(#1763,#1764,#1765,#1789,#1812,#1836,#1859,#1888,
    #1916,#1944,#1973,#2001,#2029,#2057,#2085,#2118,#2146,#2179,#2207,
    #2235,#2263,#2296,#2324,#2357,#2385,#2413,#2441,#2474,#2502,#2535,
    #2563,#2591,#2614,#2637,#2661));
#1763 = ORIENTED_EDGE('',*,*,#1711,.F.);
#1764 = ORIENTED_EDGE('',*,*,#126,.F.);
#1765 = ORIENTED_EDGE('',*,*,#1766,.T.);
#1766 = EDGE_CURVE('',#127,#1767,#1769,.T.);
#1767 = VERTEX_POINT('',#1768);
#1768 = CARTESIAN_POINT('',(47.,-30.,-14.6));
#1769 = SURFACE_CURVE('',#1770,(#1775,#1782),.PCURVE_S1.);
#1770 = CIRCLE('',#1771,1.2);
#1771 = AXIS2_PLACEMENT_3D('',#1772,#1773,#1774);
#1772 = CARTESIAN_POINT('',(45.8,-30.,-14.6));
#1773 = DIRECTION('',(0.,-1.,0.));
#1774 = DIRECTION('',(0.,-0.,-1.));
#1775 = PCURVE('',#142,#1776);
#1776 = DEFINITIONAL_REPRESENTATION('',(#1777),#1781);
#1777 = CIRCLE('',#1778,1.2);
#1778 = AXIS2_PLACEMENT_2D('',#1779,#1780);
#1779 = CARTESIAN_POINT('',(22.862235193787,43.448564143232));
#1780 = DIRECTION('',(1.,0.));
#1781 = ( GEOMETRIC_REPRESENTATION_CONTEXT(2) 
PARAMETRIC_REPRESENTATION_CONTEXT() REPRESENTATION_CONTEXT('2D SPACE',''
  ) );
#1782 = PCURVE('',#168,#1783);
#1783 = DEFINITIONAL_REPRESENTATION('',(#1784),#1788);
#1784 = LINE('',#1785,#1786);
#1785 = CARTESIAN_POINT('',(0.,48.));
#1786 = VECTOR('',#1787,1.);
#1787 = DIRECTION('',(1.,0.));
#1788 = ( GEOMETRIC_REPRESENTATION_CONTEXT(2) 
PARAMETRIC_REPRESENTATION_CONTEXT() REPRESENTATION_CONTEXT('2D SPACE',''
  ) );
#1789 = ORIENTED_EDGE('',*,*,#1790,.T.);
#1790 = EDGE_CURVE('',#1767,#1791,#1793,.T.);
#1791 = VERTEX_POINT('',#1792);
#1792 = CARTESIAN_POINT('',(47.,-30.,-0.194733192202));
#1793 = SURFACE_CURVE('',#1794,(#1798,#1805),.PCURVE_S1.);
#1794 = LINE('',#1795,#1796);
#1795 = CARTESIAN_POINT('',(47.,-30.,-15.8));
#1796 = VECTOR('',#1797,1.);
#1797 = DIRECTION('',(0.,0.,1.));
#1798 = PCURVE('',#142,#1799);
#1799 = DEFINITIONAL_REPRESENTATION('',(#1800),#1804);
#1800 = LINE('',#1801,#1802);
#1801 = CARTESIAN_POINT('',(24.062235193787,44.648564143232));
#1802 = VECTOR('',#1803,1.);
#1803 = DIRECTION('',(-1.,0.));
#1804 = ( GEOMETRIC_REPRESENTATION_CONTEXT(2) 
PARAMETRIC_REPRESENTATION_CONTEXT() REPRESENTATION_CONTEXT('2D SPACE',''
  ) );
#1805 = PCURVE('',#1069,#1806);
#1806 = DEFINITIONAL_REPRESENTATION('',(#1807),#1811);
#1807 = LINE('',#1808,#1809);
#1808 = CARTESIAN_POINT('',(0.,-48.));
#1809 = VECTOR('',#1810,1.);
#1810 = DIRECTION('',(1.,0.));
#1811 = ( GEOMETRIC_REPRESENTATION_CONTEXT(2) 
PARAMETRIC_REPRESENTATION_CONTEXT() REPRESENTATION_CONTEXT('2D SPACE',''
  ) );
#1812 = ORIENTED_EDGE('',*,*,#1813,.T.);
#1813 = EDGE_CURVE('',#1791,#1814,#1816,.T.);
#1814 = VERTEX_POINT('',#1815);
#1815 = CARTESIAN_POINT('',(46.938419957661,-30.,0.184740127018));
#1816 = SURFACE_CURVE('',#1817,(#1822,#1829),.PCURVE_S1.);
#1817 = CIRCLE('',#1818,1.2);
#1818 = AXIS2_PLACEMENT_3D('',#1819,#1820,#1821);
#1819 = CARTESIAN_POINT('',(45.8,-30.,-0.194733192202));
#1820 = DIRECTION('',(0.,-1.,0.));
#1821 = DIRECTION('',(0.,-0.,-1.));
#1822 = PCURVE('',#142,#1823);
#1823 = DEFINITIONAL_REPRESENTATION('',(#1824),#1828);
#1824 = CIRCLE('',#1825,1.2);
#1825 = AXIS2_PLACEMENT_2D('',#1826,#1827);
#1826 = CARTESIAN_POINT('',(8.456968385989,43.448564143232));
#1827 = DIRECTION('',(1.,0.));
#1828 = ( GEOMETRIC_REPRESENTATION_CONTEXT(2) 
PARAMETRIC_REPRESENTATION_CONTEXT() REPRESENTATION_CONTEXT('2D SPACE',''
  ) );
#1829 = PCURVE('',#1098,#1830);
#1830 = DEFINITIONAL_REPRESENTATION('',(#1831),#1835);
#1831 = LINE('',#1832,#1833);
#1832 = CARTESIAN_POINT('',(-1.570796326795,48.));
#1833 = VECTOR('',#1834,1.);
#1834 = DIRECTION('',(1.,0.));
#1835 = ( GEOMETRIC_REPRESENTATION_CONTEXT(2) 
PARAMETRIC_REPRESENTATION_CONTEXT() REPRESENTATION_CONTEXT('2D SPACE',''
  ) );
#1836 = ORIENTED_EDGE('',*,*,#1837,.T.);
#1837 = EDGE_CURVE('',#1814,#1838,#1840,.T.);
#1838 = VERTEX_POINT('',#1839);
#1839 = CARTESIAN_POINT('',(43.026968338458,-30.,11.919094984625));
#1840 = SURFACE_CURVE('',#1841,(#1845,#1852),.PCURVE_S1.);
#1841 = LINE('',#1842,#1843);
#1842 = CARTESIAN_POINT('',(47.,-30.,0.));
#1843 = VECTOR('',#1844,1.);
#1844 = DIRECTION('',(-0.316227766017,0.,0.948683298051));
#1845 = PCURVE('',#142,#1846);
#1846 = DEFINITIONAL_REPRESENTATION('',(#1847),#1851);
#1847 = LINE('',#1848,#1849);
#1848 = CARTESIAN_POINT('',(8.262235193787,44.648564143232));
#1849 = VECTOR('',#1850,1.);
#1850 = DIRECTION('',(-0.948683298051,-0.316227766017));
#1851 = ( GEOMETRIC_REPRESENTATION_CONTEXT(2) 
PARAMETRIC_REPRESENTATION_CONTEXT() REPRESENTATION_CONTEXT('2D SPACE',''
  ) );
#1852 = PCURVE('',#1126,#1853);
#1853 = DEFINITIONAL_REPRESENTATION('',(#1854),#1858);
#1854 = LINE('',#1855,#1856);
#1855 = CARTESIAN_POINT('',(0.,-48.));
#1856 = VECTOR('',#1857,1.);
#1857 = DIRECTION('',(1.,0.));
#1858 = ( GEOMETRIC_REPRESENTATION_CONTEXT(2) 
PARAMETRIC_REPRESENTATION_CONTEXT() REPRESENTATION_CONTEXT('2D SPACE',''
  ) );
#1859 = ORIENTED_EDGE('',*,*,#1860,.T.);
#1860 = EDGE_CURVE('',#1838,#1861,#1863,.T.);
#1861 = VERTEX_POINT('',#1862);
#1862 = CARTESIAN_POINT('',(42.961861009998,-30.,12.076277980005));
#1863 = SURFACE_CURVE('',#1864,(#1869,#1876),.PCURVE_S1.);
#1864 = CIRCLE('',#1865,1.2);
#1865 = AXIS2_PLACEMENT_3D('',#1866,#1867,#1868);
#1866 = CARTESIAN_POINT('',(41.888548380798,-30.,11.539621665405));
#1867 = DIRECTION('',(0.,-1.,0.));
#1868 = DIRECTION('',(0.,-0.,-1.));
#1869 = PCURVE('',#142,#1870);
#1870 = DEFINITIONAL_REPRESENTATION('',(#1871),#1875);
#1871 = CIRCLE('',#1872,1.2);
#1872 = AXIS2_PLACEMENT_2D('',#1873,#1874);
#1873 = CARTESIAN_POINT('',(-3.277386471618,39.53711252403));
#1874 = DIRECTION('',(1.,0.));
#1875 = ( GEOMETRIC_REPRESENTATION_CONTEXT(2) 
PARAMETRIC_REPRESENTATION_CONTEXT() REPRESENTATION_CONTEXT('2D SPACE',''
  ) );
#1876 = PCURVE('',#1877,#1882);
#1877 = CYLINDRICAL_SURFACE('',#1878,1.2);
#1878 = AXIS2_PLACEMENT_3D('',#1879,#1880,#1881);
#1879 = CARTESIAN_POINT('',(41.888548380798,18.,11.539621665405));
#1880 = DIRECTION('',(0.,-1.,0.));
#1881 = DIRECTION('',(0.948683298051,0.,0.316227766017));
#1882 = DEFINITIONAL_REPRESENTATION('',(#1883),#1887);
#1883 = LINE('',#1884,#1885);
#1884 = CARTESIAN_POINT('',(-1.892546881192,48.));
#1885 = VECTOR('',#1886,1.);
#1886 = DIRECTION('',(1.,0.));
#1887 = ( GEOMETRIC_REPRESENTATION_CONTEXT(2) 
PARAMETRIC_REPRESENTATION_CONTEXT() REPRESENTATION_CONTEXT('2D SPACE',''
  ) );
#1888 = ORIENTED_EDGE('',*,*,#1889,.T.);
#1889 = EDGE_CURVE('',#1861,#1890,#1892,.T.);
#1890 = VERTEX_POINT('',#1891);
#1891 = CARTESIAN_POINT('',(38.,-30.,22.));
#1892 = SURFACE_CURVE('',#1893,(#1897,#1904),.PCURVE_S1.);
#1893 = LINE('',#1894,#1895);
#1894 = CARTESIAN_POINT('',(43.,-30.,12.));
#1895 = VECTOR('',#1896,1.);
#1896 = DIRECTION('',(-0.4472135955,0.,0.894427191));
#1897 = PCURVE('',#142,#1898);
#1898 = DEFINITIONAL_REPRESENTATION('',(#1899),#1903);
#1899 = LINE('',#1900,#1901);
#1900 = CARTESIAN_POINT('',(-3.737764806213,40.648564143232));
#1901 = VECTOR('',#1902,1.);
#1902 = DIRECTION('',(-0.894427191,-0.4472135955));
#1903 = ( GEOMETRIC_REPRESENTATION_CONTEXT(2) 
PARAMETRIC_REPRESENTATION_CONTEXT() REPRESENTATION_CONTEXT('2D SPACE',''
  ) );
#1904 = PCURVE('',#1905,#1910);
#1905 = PLANE('',#1906);
#1906 = AXIS2_PLACEMENT_3D('',#1907,#1908,#1909);
#1907 = CARTESIAN_POINT('',(43.,18.,12.));
#1908 = DIRECTION('',(-0.894427191,-0.,-0.4472135955));
#1909 = DIRECTION('',(-0.4472135955,0.,0.894427191));
#1910 = DEFINITIONAL_REPRESENTATION('',(#1911),#1915);
#1911 = LINE('',#1912,#1913);
#1912 = CARTESIAN_POINT('',(0.,-48.));
#1913 = VECTOR('',#1914,1.);
#1914 = DIRECTION('',(1.,0.));
#1915 = ( GEOMETRIC_REPRESENTATION_CONTEXT(2) 
PARAMETRIC_REPRESENTATION_CONTEXT() REPRESENTATION_CONTEXT('2D SPACE',''
  ) );
#1916 = ORIENTED_EDGE('',*,*,#1917,.T.);
#1917 = EDGE_CURVE('',#1890,#1918,#1920,.T.);
#1918 = VERTEX_POINT('',#1919);
#1919 = CARTESIAN_POINT('',(30.338823529412,-30.,36.364705882353));
#1920 = SURFACE_CURVE('',#1921,(#1925,#1932),.PCURVE_S1.);
#1921 = LINE('',#1922,#1923);
#1922 = CARTESIAN_POINT('',(38.,-30.,22.));
#1923 = VECTOR('',#1924,1.);
#1924 = DIRECTION('',(-0.470588235294,0.,0.882352941176));
#1925 = PCURVE('',#142,#1926);
#1926 = DEFINITIONAL_REPRESENTATION('',(#1927),#1931);
#1927 = LINE('',#1928,#1929);
#1928 = CARTESIAN_POINT('',(-13.73776480621,35.648564143232));
#1929 = VECTOR('',#1930,1.);
#1930 = DIRECTION('',(-0.882352941176,-0.470588235294));
#1931 = ( GEOMETRIC_REPRESENTATION_CONTEXT(2) 
PARAMETRIC_REPRESENTATION_CONTEXT() REPRESENTATION_CONTEXT('2D SPACE',''
  ) );
#1932 = PCURVE('',#1933,#1938);
#1933 = PLANE('',#1934);
#1934 = AXIS2_PLACEMENT_3D('',#1935,#1936,#1937);
#1935 = CARTESIAN_POINT('',(38.,18.,22.));
#1936 = DIRECTION('',(-0.882352941176,-0.,-0.470588235294));
#1937 = DIRECTION('',(-0.470588235294,0.,0.882352941176));
#1938 = DEFINITIONAL_REPRESENTATION('',(#1939),#1943);
#1939 = LINE('',#1940,#1941);
#1940 = CARTESIAN_POINT('',(0.,-48.));
#1941 = VECTOR('',#1942,1.);
#1942 = DIRECTION('',(1.,0.));
#1943 = ( GEOMETRIC_REPRESENTATION_CONTEXT(2) 
PARAMETRIC_REPRESENTATION_CONTEXT() REPRESENTATION_CONTEXT('2D SPACE',''
  ) );
#1944 = ORIENTED_EDGE('',*,*,#1945,.T.);
#1945 = EDGE_CURVE('',#1918,#1946,#1948,.T.);
#1946 = VERTEX_POINT('',#1947);
#1947 = CARTESIAN_POINT('',(29.28,-30.,37.));
#1948 = SURFACE_CURVE('',#1949,(#1954,#1961),.PCURVE_S1.);
#1949 = CIRCLE('',#1950,1.2);
#1950 = AXIS2_PLACEMENT_3D('',#1951,#1952,#1953);
#1951 = CARTESIAN_POINT('',(29.28,-30.,35.8));
#1952 = DIRECTION('',(0.,-1.,0.));
#1953 = DIRECTION('',(0.,-0.,-1.));
#1954 = PCURVE('',#142,#1955);
#1955 = DEFINITIONAL_REPRESENTATION('',(#1956),#1960);
#1956 = CIRCLE('',#1957,1.2);
#1957 = AXIS2_PLACEMENT_2D('',#1958,#1959);
#1958 = CARTESIAN_POINT('',(-27.53776480621,26.928564143232));
#1959 = DIRECTION('',(1.,0.));
#1960 = ( GEOMETRIC_REPRESENTATION_CONTEXT(2) 
PARAMETRIC_REPRESENTATION_CONTEXT() REPRESENTATION_CONTEXT('2D SPACE',''
  ) );
#1961 = PCURVE('',#1962,#1967);
#1962 = CYLINDRICAL_SURFACE('',#1963,1.2);
#1963 = AXIS2_PLACEMENT_3D('',#1964,#1965,#1966);
#1964 = CARTESIAN_POINT('',(29.28,18.,35.8));
#1965 = DIRECTION('',(0.,-1.,0.));
#1966 = DIRECTION('',(0.882352941176,0.,0.470588235294));
#1967 = DEFINITIONAL_REPRESENTATION('',(#1968),#1972);
#1968 = LINE('',#1969,#1970);
#1969 = CARTESIAN_POINT('',(-2.060753653049,48.));
#1970 = VECTOR('',#1971,1.);
#1971 = DIRECTION('',(1.,0.));
#1972 = ( GEOMETRIC_REPRESENTATION_CONTEXT(2) 
PARAMETRIC_REPRESENTATION_CONTEXT() REPRESENTATION_CONTEXT('2D SPACE',''
  ) );
#1973 = ORIENTED_EDGE('',*,*,#1974,.T.);
#1974 = EDGE_CURVE('',#1946,#1975,#1977,.T.);
#1975 = VERTEX_POINT('',#1976);
#1976 = CARTESIAN_POINT('',(3.,-30.,37.));
#1977 = SURFACE_CURVE('',#1978,(#1982,#1989),.PCURVE_S1.);
#1978 = LINE('',#1979,#1980);
#1979 = CARTESIAN_POINT('',(30.,-30.,37.));
#1980 = VECTOR('',#1981,1.);
#1981 = DIRECTION('',(-1.,0.,0.));
#1982 = PCURVE('',#142,#1983);
#1983 = DEFINITIONAL_REPRESENTATION('',(#1984),#1988);
#1984 = LINE('',#1985,#1986);
#1985 = CARTESIAN_POINT('',(-28.73776480621,27.648564143232));
#1986 = VECTOR('',#1987,1.);
#1987 = DIRECTION('',(0.,-1.));
#1988 = ( GEOMETRIC_REPRESENTATION_CONTEXT(2) 
PARAMETRIC_REPRESENTATION_CONTEXT() REPRESENTATION_CONTEXT('2D SPACE',''
  ) );
#1989 = PCURVE('',#1990,#1995);
#1990 = PLANE('',#1991);
#1991 = AXIS2_PLACEMENT_3D('',#1992,#1993,#1994);
#1992 = CARTESIAN_POINT('',(30.,18.,37.));
#1993 = DIRECTION('',(-0.,-0.,-1.));
#1994 = DIRECTION('',(-1.,0.,0.));
#1995 = DEFINITIONAL_REPRESENTATION('',(#1996),#2000);
#1996 = LINE('',#1997,#1998);
#1997 = CARTESIAN_POINT('',(0.,-48.));
#1998 = VECTOR('',#1999,1.);
#1999 = DIRECTION('',(1.,0.));
#2000 = ( GEOMETRIC_REPRESENTATION_CONTEXT(2) 
PARAMETRIC_REPRESENTATION_CONTEXT() REPRESENTATION_CONTEXT('2D SPACE',''
  ) );
#2001 = ORIENTED_EDGE('',*,*,#2002,.F.);
#2002 = EDGE_CURVE('',#2003,#1975,#2005,.T.);
#2003 = VERTEX_POINT('',#2004);
#2004 = CARTESIAN_POINT('',(3.,-30.,15.));
#2005 = SURFACE_CURVE('',#2006,(#2010,#2017),.PCURVE_S1.);
#2006 = LINE('',#2007,#2008);
#2007 = CARTESIAN_POINT('',(3.,-30.,11.631117596893));
#2008 = VECTOR('',#2009,1.);
#2009 = DIRECTION('',(0.,0.,1.));
#2010 = PCURVE('',#142,#2011);
#2011 = DEFINITIONAL_REPRESENTATION('',(#2012),#2016);
#2012 = LINE('',#2013,#2014);
#2013 = CARTESIAN_POINT('',(-3.368882403106,0.648564143232));
#2014 = VECTOR('',#2015,1.);
#2015 = DIRECTION('',(-1.,0.));
#2016 = ( GEOMETRIC_REPRESENTATION_CONTEXT(2) 
PARAMETRIC_REPRESENTATION_CONTEXT() REPRESENTATION_CONTEXT('2D SPACE',''
  ) );
#2017 = PCURVE('',#2018,#2023);
#2018 = PLANE('',#2019);
#2019 = AXIS2_PLACEMENT_3D('',#2020,#2021,#2022);
#2020 = CARTESIAN_POINT('',(3.,-32.,15.));
#2021 = DIRECTION('',(1.,0.,0.));
#2022 = DIRECTION('',(0.,0.,1.));
#2023 = DEFINITIONAL_REPRESENTATION('',(#2024),#2028);
#2024 = LINE('',#2025,#2026);
#2025 = CARTESIAN_POINT('',(-3.368882403107,-2.));
#2026 = VECTOR('',#2027,1.);
#2027 = DIRECTION('',(1.,0.));
#2028 = ( GEOMETRIC_REPRESENTATION_CONTEXT(2) 
PARAMETRIC_REPRESENTATION_CONTEXT() REPRESENTATION_CONTEXT('2D SPACE',''
  ) );
#2029 = ORIENTED_EDGE('',*,*,#2030,.T.);
#2030 = EDGE_CURVE('',#2003,#2031,#2033,.T.);
#2031 = VERTEX_POINT('',#2032);
#2032 = CARTESIAN_POINT('',(0.5,-30.,15.));
#2033 = SURFACE_CURVE('',#2034,(#2038,#2045),.PCURVE_S1.);
#2034 = LINE('',#2035,#2036);
#2035 = CARTESIAN_POINT('',(-14.57428207161,-30.,15.));
#2036 = VECTOR('',#2037,1.);
#2037 = DIRECTION('',(-1.,0.,0.));
#2038 = PCURVE('',#142,#2039);
#2039 = DEFINITIONAL_REPRESENTATION('',(#2040),#2044);
#2040 = LINE('',#2041,#2042);
#2041 = CARTESIAN_POINT('',(-6.737764806213,-16.92571792837));
#2042 = VECTOR('',#2043,1.);
#2043 = DIRECTION('',(0.,-1.));
#2044 = ( GEOMETRIC_REPRESENTATION_CONTEXT(2) 
PARAMETRIC_REPRESENTATION_CONTEXT() REPRESENTATION_CONTEXT('2D SPACE',''
  ) );
#2045 = PCURVE('',#2046,#2051);
#2046 = PLANE('',#2047);
#2047 = AXIS2_PLACEMENT_3D('',#2048,#2049,#2050);
#2048 = CARTESIAN_POINT('',(-31.5,-32.,15.));
#2049 = DIRECTION('',(0.,0.,1.));
#2050 = DIRECTION('',(1.,0.,-0.));
#2051 = DEFINITIONAL_REPRESENTATION('',(#2052),#2056);
#2052 = LINE('',#2053,#2054);
#2053 = CARTESIAN_POINT('',(16.92571792839,2.));
#2054 = VECTOR('',#2055,1.);
#2055 = DIRECTION('',(-1.,0.));
#2056 = ( GEOMETRIC_REPRESENTATION_CONTEXT(2) 
PARAMETRIC_REPRESENTATION_CONTEXT() REPRESENTATION_CONTEXT('2D SPACE',''
  ) );
#2057 = ORIENTED_EDGE('',*,*,#2058,.F.);
#2058 = EDGE_CURVE('',#2059,#2031,#2061,.T.);
#2059 = VERTEX_POINT('',#2060);
#2060 = CARTESIAN_POINT('',(0.5,-30.,13.7));
#2061 = SURFACE_CURVE('',#2062,(#2066,#2073),.PCURVE_S1.);
#2062 = LINE('',#2063,#2064);
#2063 = CARTESIAN_POINT('',(0.5,-30.,10.631117596894));
#2064 = VECTOR('',#2065,1.);
#2065 = DIRECTION('',(0.,0.,1.));
#2066 = PCURVE('',#142,#2067);
#2067 = DEFINITIONAL_REPRESENTATION('',(#2068),#2072);
#2068 = LINE('',#2069,#2070);
#2069 = CARTESIAN_POINT('',(-2.368882403107,-1.851435856768));
#2070 = VECTOR('',#2071,1.);
#2071 = DIRECTION('',(-1.,0.));
#2072 = ( GEOMETRIC_REPRESENTATION_CONTEXT(2) 
PARAMETRIC_REPRESENTATION_CONTEXT() REPRESENTATION_CONTEXT('2D SPACE',''
  ) );
#2073 = PCURVE('',#2074,#2079);
#2074 = PLANE('',#2075);
#2075 = AXIS2_PLACEMENT_3D('',#2076,#2077,#2078);
#2076 = CARTESIAN_POINT('',(0.5,-33.,13.));
#2077 = DIRECTION('',(1.,0.,0.));
#2078 = DIRECTION('',(0.,0.,1.));
#2079 = DEFINITIONAL_REPRESENTATION('',(#2080),#2084);
#2080 = LINE('',#2081,#2082);
#2081 = CARTESIAN_POINT('',(-2.368882403106,-3.));
#2082 = VECTOR('',#2083,1.);
#2083 = DIRECTION('',(1.,0.));
#2084 = ( GEOMETRIC_REPRESENTATION_CONTEXT(2) 
PARAMETRIC_REPRESENTATION_CONTEXT() REPRESENTATION_CONTEXT('2D SPACE',''
  ) );
#2085 = ORIENTED_EDGE('',*,*,#2086,.T.);
#2086 = EDGE_CURVE('',#2059,#2087,#2089,.T.);
#2087 = VERTEX_POINT('',#2088);
#2088 = CARTESIAN_POINT('',(-0.2,-30.,13.));
#2089 = SURFACE_CURVE('',#2090,(#2095,#2106),.PCURVE_S1.);
#2090 = CIRCLE('',#2091,0.7);
#2091 = AXIS2_PLACEMENT_3D('',#2092,#2093,#2094);
#2092 = CARTESIAN_POINT('',(-0.2,-30.,13.7));
#2093 = DIRECTION('',(0.,1.,0.));
#2094 = DIRECTION('',(1.,0.,-0.));
#2095 = PCURVE('',#142,#2096);
#2096 = DEFINITIONAL_REPRESENTATION('',(#2097),#2105);
#2097 = ( BOUNDED_CURVE() B_SPLINE_CURVE(2,(#2098,#2099,#2100,#2101,
#2102,#2103,#2104),.UNSPECIFIED.,.T.,.F.) B_SPLINE_CURVE_WITH_KNOTS((1,2
    ,2,2,2,1),(-2.094395102393,0.,2.094395102393,4.188790204786,
6.28318530718,8.377580409573),.UNSPECIFIED.) CURVE() 
GEOMETRIC_REPRESENTATION_ITEM() RATIONAL_B_SPLINE_CURVE((1.,0.5,1.,0.5,
1.,0.5,1.)) REPRESENTATION_ITEM('') );
#2098 = CARTESIAN_POINT('',(-5.437764806213,-1.851435856768));
#2099 = CARTESIAN_POINT('',(-4.225329240915,-1.851435856768));
#2100 = CARTESIAN_POINT('',(-4.831547023564,-2.901435856768));
#2101 = CARTESIAN_POINT('',(-5.437764806213,-3.951435856768));
#2102 = CARTESIAN_POINT('',(-6.043982588862,-2.901435856768));
#2103 = CARTESIAN_POINT('',(-6.650200371511,-1.851435856768));
#2104 = CARTESIAN_POINT('',(-5.437764806213,-1.851435856768));
#2105 = ( GEOMETRIC_REPRESENTATION_CONTEXT(2) 
PARAMETRIC_REPRESENTATION_CONTEXT() REPRESENTATION_CONTEXT('2D SPACE',''
  ) );
#2106 = PCURVE('',#2107,#2112);
#2107 = CYLINDRICAL_SURFACE('',#2108,0.7);
#2108 = AXIS2_PLACEMENT_3D('',#2109,#2110,#2111);
#2109 = CARTESIAN_POINT('',(-0.2,-33.,13.7));
#2110 = DIRECTION('',(0.,1.,0.));
#2111 = DIRECTION('',(1.,0.,-0.));
#2112 = DEFINITIONAL_REPRESENTATION('',(#2113),#2117);
#2113 = LINE('',#2114,#2115);
#2114 = CARTESIAN_POINT('',(0.,3.));
#2115 = VECTOR('',#2116,1.);
#2116 = DIRECTION('',(1.,0.));
#2117 = ( GEOMETRIC_REPRESENTATION_CONTEXT(2) 
PARAMETRIC_REPRESENTATION_CONTEXT() REPRESENTATION_CONTEXT('2D SPACE',''
  ) );
#2118 = ORIENTED_EDGE('',*,*,#2119,.T.);
#2119 = EDGE_CURVE('',#2087,#2120,#2122,.T.);
#2120 = VERTEX_POINT('',#2121);
#2121 = CARTESIAN_POINT('',(-1.8,-30.,13.));
#2122 = SURFACE_CURVE('',#2123,(#2127,#2134),.PCURVE_S1.);
#2123 = LINE('',#2124,#2125);
#2124 = CARTESIAN_POINT('',(-7.428207161589E-02,-30.,13.));
#2125 = VECTOR('',#2126,1.);
#2126 = DIRECTION('',(-1.,0.,0.));
#2127 = PCURVE('',#142,#2128);
#2128 = DEFINITIONAL_REPRESENTATION('',(#2129),#2133);
#2129 = LINE('',#2130,#2131);
#2130 = CARTESIAN_POINT('',(-4.737764806213,-2.425717928384));
#2131 = VECTOR('',#2132,1.);
#2132 = DIRECTION('',(0.,-1.));
#2133 = ( GEOMETRIC_REPRESENTATION_CONTEXT(2) 
PARAMETRIC_REPRESENTATION_CONTEXT() REPRESENTATION_CONTEXT('2D SPACE',''
  ) );
#2134 = PCURVE('',#2135,#2140);
#2135 = PLANE('',#2136);
#2136 = AXIS2_PLACEMENT_3D('',#2137,#2138,#2139);
#2137 = CARTESIAN_POINT('',(-2.5,-33.,13.));
#2138 = DIRECTION('',(0.,0.,1.));
#2139 = DIRECTION('',(1.,0.,-0.));
#2140 = DEFINITIONAL_REPRESENTATION('',(#2141),#2145);
#2141 = LINE('',#2142,#2143);
#2142 = CARTESIAN_POINT('',(2.425717928384,3.));
#2143 = VECTOR('',#2144,1.);
#2144 = DIRECTION('',(-1.,0.));
#2145 = ( GEOMETRIC_REPRESENTATION_CONTEXT(2) 
PARAMETRIC_REPRESENTATION_CONTEXT() REPRESENTATION_CONTEXT('2D SPACE',''
  ) );
#2146 = ORIENTED_EDGE('',*,*,#2147,.T.);
#2147 = EDGE_CURVE('',#2120,#2148,#2150,.T.);
#2148 = VERTEX_POINT('',#2149);
#2149 = CARTESIAN_POINT('',(-2.5,-30.,13.7));
#2150 = SURFACE_CURVE('',#2151,(#2156,#2167),.PCURVE_S1.);
#2151 = CIRCLE('',#2152,0.7);
#2152 = AXIS2_PLACEMENT_3D('',#2153,#2154,#2155);
#2153 = CARTESIAN_POINT('',(-1.8,-30.,13.7));
#2154 = DIRECTION('',(0.,1.,0.));
#2155 = DIRECTION('',(-1.,0.,0.));
#2156 = PCURVE('',#142,#2157);
#2157 = DEFINITIONAL_REPRESENTATION('',(#2158),#2166);
#2158 = ( BOUNDED_CURVE() B_SPLINE_CURVE(2,(#2159,#2160,#2161,#2162,
#2163,#2164,#2165),.UNSPECIFIED.,.T.,.F.) B_SPLINE_CURVE_WITH_KNOTS((1,2
    ,2,2,2,1),(-2.094395102393,0.,2.094395102393,4.188790204786,
6.28318530718,8.377580409573),.UNSPECIFIED.) CURVE() 
GEOMETRIC_REPRESENTATION_ITEM() RATIONAL_B_SPLINE_CURVE((1.,0.5,1.,0.5,
1.,0.5,1.)) REPRESENTATION_ITEM('') );
#2159 = CARTESIAN_POINT('',(-5.437764806213,-4.851435856768));
#2160 = CARTESIAN_POINT('',(-6.650200371511,-4.851435856768));
#2161 = CARTESIAN_POINT('',(-6.043982588862,-3.801435856768));
#2162 = CARTESIAN_POINT('',(-5.437764806213,-2.751435856768));
#2163 = CARTESIAN_POINT('',(-4.831547023564,-3.801435856768));
#2164 = CARTESIAN_POINT('',(-4.225329240915,-4.851435856768));
#2165 = CARTESIAN_POINT('',(-5.437764806213,-4.851435856768));
#2166 = ( GEOMETRIC_REPRESENTATION_CONTEXT(2) 
PARAMETRIC_REPRESENTATION_CONTEXT() REPRESENTATION_CONTEXT('2D SPACE',''
  ) );
#2167 = PCURVE('',#2168,#2173);
#2168 = CYLINDRICAL_SURFACE('',#2169,0.7);
#2169 = AXIS2_PLACEMENT_3D('',#2170,#2171,#2172);
#2170 = CARTESIAN_POINT('',(-1.8,-33.,13.7));
#2171 = DIRECTION('',(0.,1.,0.));
#2172 = DIRECTION('',(-1.,0.,0.));
#2173 = DEFINITIONAL_REPRESENTATION('',(#2174),#2178);
#2174 = LINE('',#2175,#2176);
#2175 = CARTESIAN_POINT('',(-4.138911435803E-13,3.));
#2176 = VECTOR('',#2177,1.);
#2177 = DIRECTION('',(1.,-0.));
#2178 = ( GEOMETRIC_REPRESENTATION_CONTEXT(2) 
PARAMETRIC_REPRESENTATION_CONTEXT() REPRESENTATION_CONTEXT('2D SPACE',''
  ) );
#2179 = ORIENTED_EDGE('',*,*,#2180,.T.);
#2180 = EDGE_CURVE('',#2148,#2181,#2183,.T.);
#2181 = VERTEX_POINT('',#2182);
#2182 = CARTESIAN_POINT('',(-2.5,-30.,15.));
#2183 = SURFACE_CURVE('',#2184,(#2188,#2195),.PCURVE_S1.);
#2184 = LINE('',#2185,#2186);
#2185 = CARTESIAN_POINT('',(-2.5,-30.,10.631117596894));
#2186 = VECTOR('',#2187,1.);
#2187 = DIRECTION('',(0.,0.,1.));
#2188 = PCURVE('',#142,#2189);
#2189 = DEFINITIONAL_REPRESENTATION('',(#2190),#2194);
#2190 = LINE('',#2191,#2192);
#2191 = CARTESIAN_POINT('',(-2.368882403107,-4.851435856768));
#2192 = VECTOR('',#2193,1.);
#2193 = DIRECTION('',(-1.,0.));
#2194 = ( GEOMETRIC_REPRESENTATION_CONTEXT(2) 
PARAMETRIC_REPRESENTATION_CONTEXT() REPRESENTATION_CONTEXT('2D SPACE',''
  ) );
#2195 = PCURVE('',#2196,#2201);
#2196 = PLANE('',#2197);
#2197 = AXIS2_PLACEMENT_3D('',#2198,#2199,#2200);
#2198 = CARTESIAN_POINT('',(-2.5,-33.,13.));
#2199 = DIRECTION('',(1.,0.,0.));
#2200 = DIRECTION('',(0.,0.,1.));
#2201 = DEFINITIONAL_REPRESENTATION('',(#2202),#2206);
#2202 = LINE('',#2203,#2204);
#2203 = CARTESIAN_POINT('',(-2.368882403106,-3.));
#2204 = VECTOR('',#2205,1.);
#2205 = DIRECTION('',(1.,0.));
#2206 = ( GEOMETRIC_REPRESENTATION_CONTEXT(2) 
PARAMETRIC_REPRESENTATION_CONTEXT() REPRESENTATION_CONTEXT('2D SPACE',''
  ) );
#2207 = ORIENTED_EDGE('',*,*,#2208,.T.);
#2208 = EDGE_CURVE('',#2181,#2209,#2211,.T.);
#2209 = VERTEX_POINT('',#2210);
#2210 = CARTESIAN_POINT('',(-8.5,-30.,15.));
#2211 = SURFACE_CURVE('',#2212,(#2216,#2223),.PCURVE_S1.);
#2212 = LINE('',#2213,#2214);
#2213 = CARTESIAN_POINT('',(-14.57428207161,-30.,15.));
#2214 = VECTOR('',#2215,1.);
#2215 = DIRECTION('',(-1.,0.,0.));
#2216 = PCURVE('',#142,#2217);
#2217 = DEFINITIONAL_REPRESENTATION('',(#2218),#2222);
#2218 = LINE('',#2219,#2220);
#2219 = CARTESIAN_POINT('',(-6.737764806213,-16.92571792837));
#2220 = VECTOR('',#2221,1.);
#2221 = DIRECTION('',(0.,-1.));
#2222 = ( GEOMETRIC_REPRESENTATION_CONTEXT(2) 
PARAMETRIC_REPRESENTATION_CONTEXT() REPRESENTATION_CONTEXT('2D SPACE',''
  ) );
#2223 = PCURVE('',#2224,#2229);
#2224 = PLANE('',#2225);
#2225 = AXIS2_PLACEMENT_3D('',#2226,#2227,#2228);
#2226 = CARTESIAN_POINT('',(-31.5,-32.,15.));
#2227 = DIRECTION('',(0.,0.,1.));
#2228 = DIRECTION('',(1.,0.,-0.));
#2229 = DEFINITIONAL_REPRESENTATION('',(#2230),#2234);
#2230 = LINE('',#2231,#2232);
#2231 = CARTESIAN_POINT('',(16.92571792839,2.));
#2232 = VECTOR('',#2233,1.);
#2233 = DIRECTION('',(-1.,0.));
#2234 = ( GEOMETRIC_REPRESENTATION_CONTEXT(2) 
PARAMETRIC_REPRESENTATION_CONTEXT() REPRESENTATION_CONTEXT('2D SPACE',''
  ) );
#2235 = ORIENTED_EDGE('',*,*,#2236,.F.);
#2236 = EDGE_CURVE('',#2237,#2209,#2239,.T.);
#2237 = VERTEX_POINT('',#2238);
#2238 = CARTESIAN_POINT('',(-8.5,-30.,13.7));
#2239 = SURFACE_CURVE('',#2240,(#2244,#2251),.PCURVE_S1.);
#2240 = LINE('',#2241,#2242);
#2241 = CARTESIAN_POINT('',(-8.5,-30.,10.631117596894));
#2242 = VECTOR('',#2243,1.);
#2243 = DIRECTION('',(0.,0.,1.));
#2244 = PCURVE('',#142,#2245);
#2245 = DEFINITIONAL_REPRESENTATION('',(#2246),#2250);
#2246 = LINE('',#2247,#2248);
#2247 = CARTESIAN_POINT('',(-2.368882403107,-10.85143585676));
#2248 = VECTOR('',#2249,1.);
#2249 = DIRECTION('',(-1.,0.));
#2250 = ( GEOMETRIC_REPRESENTATION_CONTEXT(2) 
PARAMETRIC_REPRESENTATION_CONTEXT() REPRESENTATION_CONTEXT('2D SPACE',''
  ) );
#2251 = PCURVE('',#2252,#2257);
#2252 = PLANE('',#2253);
#2253 = AXIS2_PLACEMENT_3D('',#2254,#2255,#2256);
#2254 = CARTESIAN_POINT('',(-8.5,-33.,13.));
#2255 = DIRECTION('',(1.,0.,0.));
#2256 = DIRECTION('',(0.,0.,1.));
#2257 = DEFINITIONAL_REPRESENTATION('',(#2258),#2262);
#2258 = LINE('',#2259,#2260);
#2259 = CARTESIAN_POINT('',(-2.368882403106,-3.));
#2260 = VECTOR('',#2261,1.);
#2261 = DIRECTION('',(1.,0.));
#2262 = ( GEOMETRIC_REPRESENTATION_CONTEXT(2) 
PARAMETRIC_REPRESENTATION_CONTEXT() REPRESENTATION_CONTEXT('2D SPACE',''
  ) );
#2263 = ORIENTED_EDGE('',*,*,#2264,.T.);
#2264 = EDGE_CURVE('',#2237,#2265,#2267,.T.);
#2265 = VERTEX_POINT('',#2266);
#2266 = CARTESIAN_POINT('',(-9.2,-30.,13.));
#2267 = SURFACE_CURVE('',#2268,(#2273,#2284),.PCURVE_S1.);
#2268 = CIRCLE('',#2269,0.7);
#2269 = AXIS2_PLACEMENT_3D('',#2270,#2271,#2272);
#2270 = CARTESIAN_POINT('',(-9.2,-30.,13.7));
#2271 = DIRECTION('',(0.,1.,0.));
#2272 = DIRECTION('',(1.,0.,-0.));
#2273 = PCURVE('',#142,#2274);
#2274 = DEFINITIONAL_REPRESENTATION('',(#2275),#2283);
#2275 = ( BOUNDED_CURVE() B_SPLINE_CURVE(2,(#2276,#2277,#2278,#2279,
#2280,#2281,#2282),.UNSPECIFIED.,.T.,.F.) B_SPLINE_CURVE_WITH_KNOTS((1,2
    ,2,2,2,1),(-2.094395102393,0.,2.094395102393,4.188790204786,
6.28318530718,8.377580409573),.UNSPECIFIED.) CURVE() 
GEOMETRIC_REPRESENTATION_ITEM() RATIONAL_B_SPLINE_CURVE((1.,0.5,1.,0.5,
1.,0.5,1.)) REPRESENTATION_ITEM('') );
#2276 = CARTESIAN_POINT('',(-5.437764806213,-10.85143585676));
#2277 = CARTESIAN_POINT('',(-4.225329240915,-10.85143585676));
#2278 = CARTESIAN_POINT('',(-4.831547023564,-11.90143585676));
#2279 = CARTESIAN_POINT('',(-5.437764806213,-12.95143585676));
#2280 = CARTESIAN_POINT('',(-6.043982588862,-11.90143585676));
#2281 = CARTESIAN_POINT('',(-6.650200371511,-10.85143585676));
#2282 = CARTESIAN_POINT('',(-5.437764806213,-10.85143585676));
#2283 = ( GEOMETRIC_REPRESENTATION_CONTEXT(2) 
PARAMETRIC_REPRESENTATION_CONTEXT() REPRESENTATION_CONTEXT('2D SPACE',''
  ) );
#2284 = PCURVE('',#2285,#2290);
#2285 = CYLINDRICAL_SURFACE('',#2286,0.7);
#2286 = AXIS2_PLACEMENT_3D('',#2287,#2288,#2289);
#2287 = CARTESIAN_POINT('',(-9.2,-33.,13.7));
#2288 = DIRECTION('',(0.,1.,0.));
#2289 = DIRECTION('',(1.,0.,-0.));
#2290 = DEFINITIONAL_REPRESENTATION('',(#2291),#2295);
#2291 = LINE('',#2292,#2293);
#2292 = CARTESIAN_POINT('',(0.,3.));
#2293 = VECTOR('',#2294,1.);
#2294 = DIRECTION('',(1.,0.));
#2295 = ( GEOMETRIC_REPRESENTATION_CONTEXT(2) 
PARAMETRIC_REPRESENTATION_CONTEXT() REPRESENTATION_CONTEXT('2D SPACE',''
  ) );
#2296 = ORIENTED_EDGE('',*,*,#2297,.T.);
#2297 = EDGE_CURVE('',#2265,#2298,#2300,.T.);
#2298 = VERTEX_POINT('',#2299);
#2299 = CARTESIAN_POINT('',(-10.8,-30.,13.));
#2300 = SURFACE_CURVE('',#2301,(#2305,#2312),.PCURVE_S1.);
#2301 = LINE('',#2302,#2303);
#2302 = CARTESIAN_POINT('',(-4.574282071616,-30.,13.));
#2303 = VECTOR('',#2304,1.);
#2304 = DIRECTION('',(-1.,0.,0.));
#2305 = PCURVE('',#142,#2306);
#2306 = DEFINITIONAL_REPRESENTATION('',(#2307),#2311);
#2307 = LINE('',#2308,#2309);
#2308 = CARTESIAN_POINT('',(-4.737764806213,-6.925717928384));
#2309 = VECTOR('',#2310,1.);
#2310 = DIRECTION('',(0.,-1.));
#2311 = ( GEOMETRIC_REPRESENTATION_CONTEXT(2) 
PARAMETRIC_REPRESENTATION_CONTEXT() REPRESENTATION_CONTEXT('2D SPACE',''
  ) );
#2312 = PCURVE('',#2313,#2318);
#2313 = PLANE('',#2314);
#2314 = AXIS2_PLACEMENT_3D('',#2315,#2316,#2317);
#2315 = CARTESIAN_POINT('',(-11.5,-33.,13.));
#2316 = DIRECTION('',(0.,0.,1.));
#2317 = DIRECTION('',(1.,0.,-0.));
#2318 = DEFINITIONAL_REPRESENTATION('',(#2319),#2323);
#2319 = LINE('',#2320,#2321);
#2320 = CARTESIAN_POINT('',(6.925717928384,3.));
#2321 = VECTOR('',#2322,1.);
#2322 = DIRECTION('',(-1.,0.));
#2323 = ( GEOMETRIC_REPRESENTATION_CONTEXT(2) 
PARAMETRIC_REPRESENTATION_CONTEXT() REPRESENTATION_CONTEXT('2D SPACE',''
  ) );
#2324 = ORIENTED_EDGE('',*,*,#2325,.T.);
#2325 = EDGE_CURVE('',#2298,#2326,#2328,.T.);
#2326 = VERTEX_POINT('',#2327);
#2327 = CARTESIAN_POINT('',(-11.5,-30.,13.7));
#2328 = SURFACE_CURVE('',#2329,(#2334,#2345),.PCURVE_S1.);
#2329 = CIRCLE('',#2330,0.7);
#2330 = AXIS2_PLACEMENT_3D('',#2331,#2332,#2333);
#2331 = CARTESIAN_POINT('',(-10.8,-30.,13.7));
#2332 = DIRECTION('',(0.,1.,0.));
#2333 = DIRECTION('',(-1.,0.,0.));
#2334 = PCURVE('',#142,#2335);
#2335 = DEFINITIONAL_REPRESENTATION('',(#2336),#2344);
#2336 = ( BOUNDED_CURVE() B_SPLINE_CURVE(2,(#2337,#2338,#2339,#2340,
#2341,#2342,#2343),.UNSPECIFIED.,.T.,.F.) B_SPLINE_CURVE_WITH_KNOTS((1,2
    ,2,2,2,1),(-2.094395102393,0.,2.094395102393,4.188790204786,
6.28318530718,8.377580409573),.UNSPECIFIED.) CURVE() 
GEOMETRIC_REPRESENTATION_ITEM() RATIONAL_B_SPLINE_CURVE((1.,0.5,1.,0.5,
1.,0.5,1.)) REPRESENTATION_ITEM('') );
#2337 = CARTESIAN_POINT('',(-5.437764806213,-13.85143585676));
#2338 = CARTESIAN_POINT('',(-6.650200371511,-13.85143585676));
#2339 = CARTESIAN_POINT('',(-6.043982588862,-12.80143585676));
#2340 = CARTESIAN_POINT('',(-5.437764806213,-11.75143585676));
#2341 = CARTESIAN_POINT('',(-4.831547023564,-12.80143585676));
#2342 = CARTESIAN_POINT('',(-4.225329240915,-13.85143585676));
#2343 = CARTESIAN_POINT('',(-5.437764806213,-13.85143585676));
#2344 = ( GEOMETRIC_REPRESENTATION_CONTEXT(2) 
PARAMETRIC_REPRESENTATION_CONTEXT() REPRESENTATION_CONTEXT('2D SPACE',''
  ) );
#2345 = PCURVE('',#2346,#2351);
#2346 = CYLINDRICAL_SURFACE('',#2347,0.7);
#2347 = AXIS2_PLACEMENT_3D('',#2348,#2349,#2350);
#2348 = CARTESIAN_POINT('',(-10.8,-33.,13.7));
#2349 = DIRECTION('',(0.,1.,0.));
#2350 = DIRECTION('',(-1.,0.,0.));
#2351 = DEFINITIONAL_REPRESENTATION('',(#2352),#2356);
#2352 = LINE('',#2353,#2354);
#2353 = CARTESIAN_POINT('',(-4.138911435803E-13,3.));
#2354 = VECTOR('',#2355,1.);
#2355 = DIRECTION('',(1.,-0.));
#2356 = ( GEOMETRIC_REPRESENTATION_CONTEXT(2) 
PARAMETRIC_REPRESENTATION_CONTEXT() REPRESENTATION_CONTEXT('2D SPACE',''
  ) );
#2357 = ORIENTED_EDGE('',*,*,#2358,.T.);
#2358 = EDGE_CURVE('',#2326,#2359,#2361,.T.);
#2359 = VERTEX_POINT('',#2360);
#2360 = CARTESIAN_POINT('',(-11.5,-30.,15.));
#2361 = SURFACE_CURVE('',#2362,(#2366,#2373),.PCURVE_S1.);
#2362 = LINE('',#2363,#2364);
#2363 = CARTESIAN_POINT('',(-11.5,-30.,10.631117596894));
#2364 = VECTOR('',#2365,1.);
#2365 = DIRECTION('',(0.,0.,1.));
#2366 = PCURVE('',#142,#2367);
#2367 = DEFINITIONAL_REPRESENTATION('',(#2368),#2372);
#2368 = LINE('',#2369,#2370);
#2369 = CARTESIAN_POINT('',(-2.368882403107,-13.85143585676));
#2370 = VECTOR('',#2371,1.);
#2371 = DIRECTION('',(-1.,0.));
#2372 = ( GEOMETRIC_REPRESENTATION_CONTEXT(2) 
PARAMETRIC_REPRESENTATION_CONTEXT() REPRESENTATION_CONTEXT('2D SPACE',''
  ) );
#2373 = PCURVE('',#2374,#2379);
#2374 = PLANE('',#2375);
#2375 = AXIS2_PLACEMENT_3D('',#2376,#2377,#2378);
#2376 = CARTESIAN_POINT('',(-11.5,-33.,13.));
#2377 = DIRECTION('',(1.,0.,0.));
#2378 = DIRECTION('',(0.,0.,1.));
#2379 = DEFINITIONAL_REPRESENTATION('',(#2380),#2384);
#2380 = LINE('',#2381,#2382);
#2381 = CARTESIAN_POINT('',(-2.368882403106,-3.));
#2382 = VECTOR('',#2383,1.);
#2383 = DIRECTION('',(1.,0.));
#2384 = ( GEOMETRIC_REPRESENTATION_CONTEXT(2) 
PARAMETRIC_REPRESENTATION_CONTEXT() REPRESENTATION_CONTEXT('2D SPACE',''
  ) );
#2385 = ORIENTED_EDGE('',*,*,#2386,.T.);
#2386 = EDGE_CURVE('',#2359,#2387,#2389,.T.);
#2387 = VERTEX_POINT('',#2388);
#2388 = CARTESIAN_POINT('',(-17.5,-30.,15.));
#2389 = SURFACE_CURVE('',#2390,(#2394,#2401),.PCURVE_S1.);
#2390 = LINE('',#2391,#2392);
#2391 = CARTESIAN_POINT('',(-14.57428207161,-30.,15.));
#2392 = VECTOR('',#2393,1.);
#2393 = DIRECTION('',(-1.,0.,0.));
#2394 = PCURVE('',#142,#2395);
#2395 = DEFINITIONAL_REPRESENTATION('',(#2396),#2400);
#2396 = LINE('',#2397,#2398);
#2397 = CARTESIAN_POINT('',(-6.737764806213,-16.92571792837));
#2398 = VECTOR('',#2399,1.);
#2399 = DIRECTION('',(0.,-1.));
#2400 = ( GEOMETRIC_REPRESENTATION_CONTEXT(2) 
PARAMETRIC_REPRESENTATION_CONTEXT() REPRESENTATION_CONTEXT('2D SPACE',''
  ) );
#2401 = PCURVE('',#2402,#2407);
#2402 = PLANE('',#2403);
#2403 = AXIS2_PLACEMENT_3D('',#2404,#2405,#2406);
#2404 = CARTESIAN_POINT('',(-31.5,-32.,15.));
#2405 = DIRECTION('',(0.,0.,1.));
#2406 = DIRECTION('',(1.,0.,-0.));
#2407 = DEFINITIONAL_REPRESENTATION('',(#2408),#2412);
#2408 = LINE('',#2409,#2410);
#2409 = CARTESIAN_POINT('',(16.92571792839,2.));
#2410 = VECTOR('',#2411,1.);
#2411 = DIRECTION('',(-1.,0.));
#2412 = ( GEOMETRIC_REPRESENTATION_CONTEXT(2) 
PARAMETRIC_REPRESENTATION_CONTEXT() REPRESENTATION_CONTEXT('2D SPACE',''
  ) );
#2413 = ORIENTED_EDGE('',*,*,#2414,.F.);
#2414 = EDGE_CURVE('',#2415,#2387,#2417,.T.);
#2415 = VERTEX_POINT('',#2416);
#2416 = CARTESIAN_POINT('',(-17.5,-30.,13.7));
#2417 = SURFACE_CURVE('',#2418,(#2422,#2429),.PCURVE_S1.);
#2418 = LINE('',#2419,#2420);
#2419 = CARTESIAN_POINT('',(-17.5,-30.,10.631117596894));
#2420 = VECTOR('',#2421,1.);
#2421 = DIRECTION('',(0.,0.,1.));
#2422 = PCURVE('',#142,#2423);
#2423 = DEFINITIONAL_REPRESENTATION('',(#2424),#2428);
#2424 = LINE('',#2425,#2426);
#2425 = CARTESIAN_POINT('',(-2.368882403107,-19.85143585676));
#2426 = VECTOR('',#2427,1.);
#2427 = DIRECTION('',(-1.,0.));
#2428 = ( GEOMETRIC_REPRESENTATION_CONTEXT(2) 
PARAMETRIC_REPRESENTATION_CONTEXT() REPRESENTATION_CONTEXT('2D SPACE',''
  ) );
#2429 = PCURVE('',#2430,#2435);
#2430 = PLANE('',#2431);
#2431 = AXIS2_PLACEMENT_3D('',#2432,#2433,#2434);
#2432 = CARTESIAN_POINT('',(-17.5,-33.,13.));
#2433 = DIRECTION('',(1.,0.,0.));
#2434 = DIRECTION('',(0.,0.,1.));
#2435 = DEFINITIONAL_REPRESENTATION('',(#2436),#2440);
#2436 = LINE('',#2437,#2438);
#2437 = CARTESIAN_POINT('',(-2.368882403106,-3.));
#2438 = VECTOR('',#2439,1.);
#2439 = DIRECTION('',(1.,0.));
#2440 = ( GEOMETRIC_REPRESENTATION_CONTEXT(2) 
PARAMETRIC_REPRESENTATION_CONTEXT() REPRESENTATION_CONTEXT('2D SPACE',''
  ) );
#2441 = ORIENTED_EDGE('',*,*,#2442,.T.);
#2442 = EDGE_CURVE('',#2415,#2443,#2445,.T.);
#2443 = VERTEX_POINT('',#2444);
#2444 = CARTESIAN_POINT('',(-18.2,-30.,13.));
#2445 = SURFACE_CURVE('',#2446,(#2451,#2462),.PCURVE_S1.);
#2446 = CIRCLE('',#2447,0.7);
#2447 = AXIS2_PLACEMENT_3D('',#2448,#2449,#2450);
#2448 = CARTESIAN_POINT('',(-18.2,-30.,13.7));
#2449 = DIRECTION('',(0.,1.,0.));
#2450 = DIRECTION('',(1.,0.,-0.));
#2451 = PCURVE('',#142,#2452);
#2452 = DEFINITIONAL_REPRESENTATION('',(#2453),#2461);
#2453 = ( BOUNDED_CURVE() B_SPLINE_CURVE(2,(#2454,#2455,#2456,#2457,
#2458,#2459,#2460),.UNSPECIFIED.,.T.,.F.) B_SPLINE_CURVE_WITH_KNOTS((1,2
    ,2,2,2,1),(-2.094395102393,0.,2.094395102393,4.188790204786,
6.28318530718,8.377580409573),.UNSPECIFIED.) CURVE() 
GEOMETRIC_REPRESENTATION_ITEM() RATIONAL_B_SPLINE_CURVE((1.,0.5,1.,0.5,
1.,0.5,1.)) REPRESENTATION_ITEM('') );
#2454 = CARTESIAN_POINT('',(-5.437764806213,-19.85143585676));
#2455 = CARTESIAN_POINT('',(-4.225329240915,-19.85143585676));
#2456 = CARTESIAN_POINT('',(-4.831547023564,-20.90143585676));
#2457 = CARTESIAN_POINT('',(-5.437764806213,-21.95143585676));
#2458 = CARTESIAN_POINT('',(-6.043982588862,-20.90143585676));
#2459 = CARTESIAN_POINT('',(-6.650200371511,-19.85143585676));
#2460 = CARTESIAN_POINT('',(-5.437764806213,-19.85143585676));
#2461 = ( GEOMETRIC_REPRESENTATION_CONTEXT(2) 
PARAMETRIC_REPRESENTATION_CONTEXT() REPRESENTATION_CONTEXT('2D SPACE',''
  ) );
#2462 = PCURVE('',#2463,#2468);
#2463 = CYLINDRICAL_SURFACE('',#2464,0.7);
#2464 = AXIS2_PLACEMENT_3D('',#2465,#2466,#2467);
#2465 = CARTESIAN_POINT('',(-18.2,-33.,13.7));
#2466 = DIRECTION('',(0.,1.,0.));
#2467 = DIRECTION('',(1.,0.,-0.));
#2468 = DEFINITIONAL_REPRESENTATION('',(#2469),#2473);
#2469 = LINE('',#2470,#2471);
#2470 = CARTESIAN_POINT('',(0.,3.));
#2471 = VECTOR('',#2472,1.);
#2472 = DIRECTION('',(1.,0.));
#2473 = ( GEOMETRIC_REPRESENTATION_CONTEXT(2) 
PARAMETRIC_REPRESENTATION_CONTEXT() REPRESENTATION_CONTEXT('2D SPACE',''
  ) );
#2474 = ORIENTED_EDGE('',*,*,#2475,.T.);
#2475 = EDGE_CURVE('',#2443,#2476,#2478,.T.);
#2476 = VERTEX_POINT('',#2477);
#2477 = CARTESIAN_POINT('',(-19.8,-30.,13.));
#2478 = SURFACE_CURVE('',#2479,(#2483,#2490),.PCURVE_S1.);
#2479 = LINE('',#2480,#2481);
#2480 = CARTESIAN_POINT('',(-9.074282071616,-30.,13.));
#2481 = VECTOR('',#2482,1.);
#2482 = DIRECTION('',(-1.,0.,0.));
#2483 = PCURVE('',#142,#2484);
#2484 = DEFINITIONAL_REPRESENTATION('',(#2485),#2489);
#2485 = LINE('',#2486,#2487);
#2486 = CARTESIAN_POINT('',(-4.737764806213,-11.42571792838));
#2487 = VECTOR('',#2488,1.);
#2488 = DIRECTION('',(0.,-1.));
#2489 = ( GEOMETRIC_REPRESENTATION_CONTEXT(2) 
PARAMETRIC_REPRESENTATION_CONTEXT() REPRESENTATION_CONTEXT('2D SPACE',''
  ) );
#2490 = PCURVE('',#2491,#2496);
#2491 = PLANE('',#2492);
#2492 = AXIS2_PLACEMENT_3D('',#2493,#2494,#2495);
#2493 = CARTESIAN_POINT('',(-20.5,-33.,13.));
#2494 = DIRECTION('',(0.,0.,1.));
#2495 = DIRECTION('',(1.,0.,-0.));
#2496 = DEFINITIONAL_REPRESENTATION('',(#2497),#2501);
#2497 = LINE('',#2498,#2499);
#2498 = CARTESIAN_POINT('',(11.425717928384,3.));
#2499 = VECTOR('',#2500,1.);
#2500 = DIRECTION('',(-1.,0.));
#2501 = ( GEOMETRIC_REPRESENTATION_CONTEXT(2) 
PARAMETRIC_REPRESENTATION_CONTEXT() REPRESENTATION_CONTEXT('2D SPACE',''
  ) );
#2502 = ORIENTED_EDGE('',*,*,#2503,.T.);
#2503 = EDGE_CURVE('',#2476,#2504,#2506,.T.);
#2504 = VERTEX_POINT('',#2505);
#2505 = CARTESIAN_POINT('',(-20.5,-30.,13.7));
#2506 = SURFACE_CURVE('',#2507,(#2512,#2523),.PCURVE_S1.);
#2507 = CIRCLE('',#2508,0.7);
#2508 = AXIS2_PLACEMENT_3D('',#2509,#2510,#2511);
#2509 = CARTESIAN_POINT('',(-19.8,-30.,13.7));
#2510 = DIRECTION('',(0.,1.,0.));
#2511 = DIRECTION('',(-1.,0.,0.));
#2512 = PCURVE('',#142,#2513);
#2513 = DEFINITIONAL_REPRESENTATION('',(#2514),#2522);
#2514 = ( BOUNDED_CURVE() B_SPLINE_CURVE(2,(#2515,#2516,#2517,#2518,
#2519,#2520,#2521),.UNSPECIFIED.,.T.,.F.) B_SPLINE_CURVE_WITH_KNOTS((1,2
    ,2,2,2,1),(-2.094395102393,0.,2.094395102393,4.188790204786,
6.28318530718,8.377580409573),.UNSPECIFIED.) CURVE() 
GEOMETRIC_REPRESENTATION_ITEM() RATIONAL_B_SPLINE_CURVE((1.,0.5,1.,0.5,
1.,0.5,1.)) REPRESENTATION_ITEM('') );
#2515 = CARTESIAN_POINT('',(-5.437764806213,-22.85143585676));
#2516 = CARTESIAN_POINT('',(-6.650200371511,-22.85143585676));
#2517 = CARTESIAN_POINT('',(-6.043982588862,-21.80143585676));
#2518 = CARTESIAN_POINT('',(-5.437764806213,-20.75143585676));
#2519 = CARTESIAN_POINT('',(-4.831547023564,-21.80143585676));
#2520 = CARTESIAN_POINT('',(-4.225329240915,-22.85143585676));
#2521 = CARTESIAN_POINT('',(-5.437764806213,-22.85143585676));
#2522 = ( GEOMETRIC_REPRESENTATION_CONTEXT(2) 
PARAMETRIC_REPRESENTATION_CONTEXT() REPRESENTATION_CONTEXT('2D SPACE',''
  ) );
#2523 = PCURVE('',#2524,#2529);
#2524 = CYLINDRICAL_SURFACE('',#2525,0.7);
#2525 = AXIS2_PLACEMENT_3D('',#2526,#2527,#2528);
#2526 = CARTESIAN_POINT('',(-19.8,-33.,13.7));
#2527 = DIRECTION('',(0.,1.,0.));
#2528 = DIRECTION('',(-1.,0.,0.));
#2529 = DEFINITIONAL_REPRESENTATION('',(#2530),#2534);
#2530 = LINE('',#2531,#2532);
#2531 = CARTESIAN_POINT('',(-4.138911435803E-13,3.));
#2532 = VECTOR('',#2533,1.);
#2533 = DIRECTION('',(1.,-0.));
#2534 = ( GEOMETRIC_REPRESENTATION_CONTEXT(2) 
PARAMETRIC_REPRESENTATION_CONTEXT() REPRESENTATION_CONTEXT('2D SPACE',''
  ) );
#2535 = ORIENTED_EDGE('',*,*,#2536,.T.);
#2536 = EDGE_CURVE('',#2504,#2537,#2539,.T.);
#2537 = VERTEX_POINT('',#2538);
#2538 = CARTESIAN_POINT('',(-20.5,-30.,15.));
#2539 = SURFACE_CURVE('',#2540,(#2544,#2551),.PCURVE_S1.);
#2540 = LINE('',#2541,#2542);
#2541 = CARTESIAN_POINT('',(-20.5,-30.,10.631117596894));
#2542 = VECTOR('',#2543,1.);
#2543 = DIRECTION('',(0.,0.,1.));
#2544 = PCURVE('',#142,#2545);
#2545 = DEFINITIONAL_REPRESENTATION('',(#2546),#2550);
#2546 = LINE('',#2547,#2548);
#2547 = CARTESIAN_POINT('',(-2.368882403107,-22.85143585676));
#2548 = VECTOR('',#2549,1.);
#2549 = DIRECTION('',(-1.,0.));
#2550 = ( GEOMETRIC_REPRESENTATION_CONTEXT(2) 
PARAMETRIC_REPRESENTATION_CONTEXT() REPRESENTATION_CONTEXT('2D SPACE',''
  ) );
#2551 = PCURVE('',#2552,#2557);
#2552 = PLANE('',#2553);
#2553 = AXIS2_PLACEMENT_3D('',#2554,#2555,#2556);
#2554 = CARTESIAN_POINT('',(-20.5,-33.,13.));
#2555 = DIRECTION('',(1.,0.,0.));
#2556 = DIRECTION('',(0.,0.,1.));
#2557 = DEFINITIONAL_REPRESENTATION('',(#2558),#2562);
#2558 = LINE('',#2559,#2560);
#2559 = CARTESIAN_POINT('',(-2.368882403106,-3.));
#2560 = VECTOR('',#2561,1.);
#2561 = DIRECTION('',(1.,0.));
#2562 = ( GEOMETRIC_REPRESENTATION_CONTEXT(2) 
PARAMETRIC_REPRESENTATION_CONTEXT() REPRESENTATION_CONTEXT('2D SPACE',''
  ) );
#2563 = ORIENTED_EDGE('',*,*,#2564,.T.);
#2564 = EDGE_CURVE('',#2537,#2565,#2567,.T.);
#2565 = VERTEX_POINT('',#2566);
#2566 = CARTESIAN_POINT('',(-31.5,-30.,15.));
#2567 = SURFACE_CURVE('',#2568,(#2572,#2579),.PCURVE_S1.);
#2568 = LINE('',#2569,#2570);
#2569 = CARTESIAN_POINT('',(-14.57428207161,-30.,15.));
#2570 = VECTOR('',#2571,1.);
#2571 = DIRECTION('',(-1.,0.,0.));
#2572 = PCURVE('',#142,#2573);
#2573 = DEFINITIONAL_REPRESENTATION('',(#2574),#2578);
#2574 = LINE('',#2575,#2576);
#2575 = CARTESIAN_POINT('',(-6.737764806213,-16.92571792837));
#2576 = VECTOR('',#2577,1.);
#2577 = DIRECTION('',(0.,-1.));
#2578 = ( GEOMETRIC_REPRESENTATION_CONTEXT(2) 
PARAMETRIC_REPRESENTATION_CONTEXT() REPRESENTATION_CONTEXT('2D SPACE',''
  ) );
#2579 = PCURVE('',#2580,#2585);
#2580 = PLANE('',#2581);
#2581 = AXIS2_PLACEMENT_3D('',#2582,#2583,#2584);
#2582 = CARTESIAN_POINT('',(-31.5,-32.,15.));
#2583 = DIRECTION('',(0.,0.,1.));
#2584 = DIRECTION('',(1.,0.,-0.));
#2585 = DEFINITIONAL_REPRESENTATION('',(#2586),#2590);
#2586 = LINE('',#2587,#2588);
#2587 = CARTESIAN_POINT('',(16.92571792839,2.));
#2588 = VECTOR('',#2589,1.);
#2589 = DIRECTION('',(-1.,0.));
#2590 = ( GEOMETRIC_REPRESENTATION_CONTEXT(2) 
PARAMETRIC_REPRESENTATION_CONTEXT() REPRESENTATION_CONTEXT('2D SPACE',''
  ) );
#2591 = ORIENTED_EDGE('',*,*,#2592,.T.);
#2592 = EDGE_CURVE('',#2565,#2593,#2595,.T.);
#2593 = VERTEX_POINT('',#2594);
#2594 = CARTESIAN_POINT('',(-31.5,-30.,33.75));
#2595 = SURFACE_CURVE('',#2596,(#2600,#2607),.PCURVE_S1.);
#2596 = LINE('',#2597,#2598);
#2597 = CARTESIAN_POINT('',(-31.5,-30.,11.631117596893));
#2598 = VECTOR('',#2599,1.);
#2599 = DIRECTION('',(0.,0.,1.));
#2600 = PCURVE('',#142,#2601);
#2601 = DEFINITIONAL_REPRESENTATION('',(#2602),#2606);
#2602 = LINE('',#2603,#2604);
#2603 = CARTESIAN_POINT('',(-3.368882403106,-33.85143585676));
#2604 = VECTOR('',#2605,1.);
#2605 = DIRECTION('',(-1.,0.));
#2606 = ( GEOMETRIC_REPRESENTATION_CONTEXT(2) 
PARAMETRIC_REPRESENTATION_CONTEXT() REPRESENTATION_CONTEXT('2D SPACE',''
  ) );
#2607 = PCURVE('',#1612,#2608);
#2608 = DEFINITIONAL_REPRESENTATION('',(#2609),#2613);
#2609 = LINE('',#2610,#2611);
#2610 = CARTESIAN_POINT('',(-3.368882403107,-2.));
#2611 = VECTOR('',#2612,1.);
#2612 = DIRECTION('',(1.,0.));
#2613 = ( GEOMETRIC_REPRESENTATION_CONTEXT(2) 
PARAMETRIC_REPRESENTATION_CONTEXT() REPRESENTATION_CONTEXT('2D SPACE',''
  ) );
#2614 = ORIENTED_EDGE('',*,*,#2615,.T.);
#2615 = EDGE_CURVE('',#2593,#2616,#2618,.T.);
#2616 = VERTEX_POINT('',#2617);
#2617 = CARTESIAN_POINT('',(-38.75114878692,-30.,24.323506576997));
#2618 = SURFACE_CURVE('',#2619,(#2623,#2630),.PCURVE_S1.);
#2619 = LINE('',#2620,#2621);
#2620 = CARTESIAN_POINT('',(-29.,-30.,37.));
#2621 = VECTOR('',#2622,1.);
#2622 = DIRECTION('',(-0.60971076085,0.,-0.792623989105));
#2623 = PCURVE('',#142,#2624);
#2624 = DEFINITIONAL_REPRESENTATION('',(#2625),#2629);
#2625 = LINE('',#2626,#2627);
#2626 = CARTESIAN_POINT('',(-28.73776480621,-31.35143585676));
#2627 = VECTOR('',#2628,1.);
#2628 = DIRECTION('',(0.792623989105,-0.60971076085));
#2629 = ( GEOMETRIC_REPRESENTATION_CONTEXT(2) 
PARAMETRIC_REPRESENTATION_CONTEXT() REPRESENTATION_CONTEXT('2D SPACE',''
  ) );
#2630 = PCURVE('',#1640,#2631);
#2631 = DEFINITIONAL_REPRESENTATION('',(#2632),#2636);
#2632 = LINE('',#2633,#2634);
#2633 = CARTESIAN_POINT('',(-0.,-48.));
#2634 = VECTOR('',#2635,1.);
#2635 = DIRECTION('',(1.,0.));
#2636 = ( GEOMETRIC_REPRESENTATION_CONTEXT(2) 
PARAMETRIC_REPRESENTATION_CONTEXT() REPRESENTATION_CONTEXT('2D SPACE',''
  ) );
#2637 = ORIENTED_EDGE('',*,*,#2638,.T.);
#2638 = EDGE_CURVE('',#2616,#2639,#2641,.T.);
#2639 = VERTEX_POINT('',#2640);
#2640 = CARTESIAN_POINT('',(-39.,-30.,23.591853663977));
#2641 = SURFACE_CURVE('',#2642,(#2647,#2654),.PCURVE_S1.);
#2642 = CIRCLE('',#2643,1.2);
#2643 = AXIS2_PLACEMENT_3D('',#2644,#2645,#2646);
#2644 = CARTESIAN_POINT('',(-37.8,-30.,23.591853663977));
#2645 = DIRECTION('',(0.,-1.,0.));
#2646 = DIRECTION('',(0.,-0.,-1.));
#2647 = PCURVE('',#142,#2648);
#2648 = DEFINITIONAL_REPRESENTATION('',(#2649),#2653);
#2649 = CIRCLE('',#2650,1.2);
#2650 = AXIS2_PLACEMENT_2D('',#2651,#2652);
#2651 = CARTESIAN_POINT('',(-15.32961847019,-40.15143585676));
#2652 = DIRECTION('',(1.,0.));
#2653 = ( GEOMETRIC_REPRESENTATION_CONTEXT(2) 
PARAMETRIC_REPRESENTATION_CONTEXT() REPRESENTATION_CONTEXT('2D SPACE',''
  ) );
#2654 = PCURVE('',#1669,#2655);
#2655 = DEFINITIONAL_REPRESENTATION('',(#2656),#2660);
#2656 = LINE('',#2657,#2658);
#2657 = CARTESIAN_POINT('',(-4.056693354143,48.));
#2658 = VECTOR('',#2659,1.);
#2659 = DIRECTION('',(1.,0.));
#2660 = ( GEOMETRIC_REPRESENTATION_CONTEXT(2) 
PARAMETRIC_REPRESENTATION_CONTEXT() REPRESENTATION_CONTEXT('2D SPACE',''
  ) );
#2661 = ORIENTED_EDGE('',*,*,#2662,.T.);
#2662 = EDGE_CURVE('',#2639,#1712,#2663,.T.);
#2663 = SURFACE_CURVE('',#2664,(#2668,#2675),.PCURVE_S1.);
#2664 = LINE('',#2665,#2666);
#2665 = CARTESIAN_POINT('',(-39.,-30.,24.));
#2666 = VECTOR('',#2667,1.);
#2667 = DIRECTION('',(0.,0.,-1.));
#2668 = PCURVE('',#142,#2669);
#2669 = DEFINITIONAL_REPRESENTATION('',(#2670),#2674);
#2670 = LINE('',#2671,#2672);
#2671 = CARTESIAN_POINT('',(-15.73776480621,-41.35143585676));
#2672 = VECTOR('',#2673,1.);
#2673 = DIRECTION('',(1.,0.));
#2674 = ( GEOMETRIC_REPRESENTATION_CONTEXT(2) 
PARAMETRIC_REPRESENTATION_CONTEXT() REPRESENTATION_CONTEXT('2D SPACE',''
  ) );
#2675 = PCURVE('',#1695,#2676);
#2676 = DEFINITIONAL_REPRESENTATION('',(#2677),#2681);
#2677 = LINE('',#2678,#2679);
#2678 = CARTESIAN_POINT('',(0.,-48.));
#2679 = VECTOR('',#2680,1.);
#2680 = DIRECTION('',(1.,0.));
#2681 = ( GEOMETRIC_REPRESENTATION_CONTEXT(2) 
PARAMETRIC_REPRESENTATION_CONTEXT() REPRESENTATION_CONTEXT('2D SPACE',''
  ) );
#2682 = ADVANCED_FACE('',(#2683),#168,.T.);
#2683 = FACE_BOUND('',#2684,.T.);
#2684 = EDGE_LOOP('',(#2685,#2686,#2707,#2708));
#2685 = ORIENTED_EDGE('',*,*,#1029,.T.);
#2686 = ORIENTED_EDGE('',*,*,#2687,.T.);
#2687 = EDGE_CURVE('',#1030,#1767,#2688,.T.);
#2688 = SURFACE_CURVE('',#2689,(#2693,#2700),.PCURVE_S1.);
#2689 = LINE('',#2690,#2691);
#2690 = CARTESIAN_POINT('',(47.,18.,-14.6));
#2691 = VECTOR('',#2692,1.);
#2692 = DIRECTION('',(0.,-1.,0.));
#2693 = PCURVE('',#168,#2694);
#2694 = DEFINITIONAL_REPRESENTATION('',(#2695),#2699);
#2695 = LINE('',#2696,#2697);
#2696 = CARTESIAN_POINT('',(1.570796326795,0.));
#2697 = VECTOR('',#2698,1.);
#2698 = DIRECTION('',(0.,1.));
#2699 = ( GEOMETRIC_REPRESENTATION_CONTEXT(2) 
PARAMETRIC_REPRESENTATION_CONTEXT() REPRESENTATION_CONTEXT('2D SPACE',''
  ) );
#2700 = PCURVE('',#1069,#2701);
#2701 = DEFINITIONAL_REPRESENTATION('',(#2702),#2706);
#2702 = LINE('',#2703,#2704);
#2703 = CARTESIAN_POINT('',(1.2,0.));
#2704 = VECTOR('',#2705,1.);
#2705 = DIRECTION('',(0.,-1.));
#2706 = ( GEOMETRIC_REPRESENTATION_CONTEXT(2) 
PARAMETRIC_REPRESENTATION_CONTEXT() REPRESENTATION_CONTEXT('2D SPACE',''
  ) );
#2707 = ORIENTED_EDGE('',*,*,#1766,.F.);
#2708 = ORIENTED_EDGE('',*,*,#154,.F.);
#2709 = ADVANCED_FACE('',(#2710),#199,.T.);
#2710 = FACE_BOUND('',#2711,.T.);
#2711 = EDGE_LOOP('',(#2712,#2713,#2736,#2763));
#2712 = ORIENTED_EDGE('',*,*,#182,.F.);
#2713 = ORIENTED_EDGE('',*,*,#2714,.F.);
#2714 = EDGE_CURVE('',#2715,#183,#2717,.T.);
#2715 = VERTEX_POINT('',#2716);
#2716 = CARTESIAN_POINT('',(-31.,-26.5,-16.));
#2717 = SEAM_CURVE('',#2718,(#2722,#2729),.PCURVE_S1.);
#2718 = LINE('',#2719,#2720);
#2719 = CARTESIAN_POINT('',(-31.,-26.5,-16.));
#2720 = VECTOR('',#2721,1.);
#2721 = DIRECTION('',(0.,0.,1.));
#2722 = PCURVE('',#199,#2723);
#2723 = DEFINITIONAL_REPRESENTATION('',(#2724),#2728);
#2724 = LINE('',#2725,#2726);
#2725 = CARTESIAN_POINT('',(0.,-0.));
#2726 = VECTOR('',#2727,1.);
#2727 = DIRECTION('',(0.,1.));
#2728 = ( GEOMETRIC_REPRESENTATION_CONTEXT(2) 
PARAMETRIC_REPRESENTATION_CONTEXT() REPRESENTATION_CONTEXT('2D SPACE',''
  ) );
#2729 = PCURVE('',#199,#2730);
#2730 = DEFINITIONAL_REPRESENTATION('',(#2731),#2735);
#2731 = LINE('',#2732,#2733);
#2732 = CARTESIAN_POINT('',(6.28318530718,-0.));
#2733 = VECTOR('',#2734,1.);
#2734 = DIRECTION('',(0.,1.));
#2735 = ( GEOMETRIC_REPRESENTATION_CONTEXT(2) 
PARAMETRIC_REPRESENTATION_CONTEXT() REPRESENTATION_CONTEXT('2D SPACE',''
  ) );
#2736 = ORIENTED_EDGE('',*,*,#2737,.T.);
#2737 = EDGE_CURVE('',#2715,#2715,#2738,.T.);
#2738 = SURFACE_CURVE('',#2739,(#2744,#2751),.PCURVE_S1.);
#2739 = CIRCLE('',#2740,3.);
#2740 = AXIS2_PLACEMENT_3D('',#2741,#2742,#2743);
#2741 = CARTESIAN_POINT('',(-34.,-26.5,-16.));
#2742 = DIRECTION('',(0.,0.,1.));
#2743 = DIRECTION('',(1.,0.,-0.));
#2744 = PCURVE('',#199,#2745);
#2745 = DEFINITIONAL_REPRESENTATION('',(#2746),#2750);
#2746 = LINE('',#2747,#2748);
#2747 = CARTESIAN_POINT('',(0.,0.));
#2748 = VECTOR('',#2749,1.);
#2749 = DIRECTION('',(1.,0.));
#2750 = ( GEOMETRIC_REPRESENTATION_CONTEXT(2) 
PARAMETRIC_REPRESENTATION_CONTEXT() REPRESENTATION_CONTEXT('2D SPACE',''
  ) );
#2751 = PCURVE('',#2752,#2757);
#2752 = PLANE('',#2753);
#2753 = AXIS2_PLACEMENT_3D('',#2754,#2755,#2756);
#2754 = CARTESIAN_POINT('',(-34.,-26.5,-16.));
#2755 = DIRECTION('',(0.,0.,1.));
#2756 = DIRECTION('',(1.,0.,-0.));
#2757 = DEFINITIONAL_REPRESENTATION('',(#2758),#2762);
#2758 = CIRCLE('',#2759,3.);
#2759 = AXIS2_PLACEMENT_2D('',#2760,#2761);
#2760 = CARTESIAN_POINT('',(0.,0.));
#2761 = DIRECTION('',(1.,0.));
#2762 = ( GEOMETRIC_REPRESENTATION_CONTEXT(2) 
PARAMETRIC_REPRESENTATION_CONTEXT() REPRESENTATION_CONTEXT('2D SPACE',''
  ) );
#2763 = ORIENTED_EDGE('',*,*,#2714,.T.);
#2764 = ADVANCED_FACE('',(#2765),#230,.T.);
#2765 = FACE_BOUND('',#2766,.T.);
#2766 = EDGE_LOOP('',(#2767,#2768,#2791,#2818));
#2767 = ORIENTED_EDGE('',*,*,#213,.F.);
#2768 = ORIENTED_EDGE('',*,*,#2769,.F.);
#2769 = EDGE_CURVE('',#2770,#214,#2772,.T.);
#2770 = VERTEX_POINT('',#2771);
#2771 = CARTESIAN_POINT('',(39.,-26.5,-16.));
#2772 = SEAM_CURVE('',#2773,(#2777,#2784),.PCURVE_S1.);
#2773 = LINE('',#2774,#2775);
#2774 = CARTESIAN_POINT('',(39.,-26.5,-16.));
#2775 = VECTOR('',#2776,1.);
#2776 = DIRECTION('',(0.,0.,1.));
#2777 = PCURVE('',#230,#2778);
#2778 = DEFINITIONAL_REPRESENTATION('',(#2779),#2783);
#2779 = LINE('',#2780,#2781);
#2780 = CARTESIAN_POINT('',(0.,-0.));
#2781 = VECTOR('',#2782,1.);
#2782 = DIRECTION('',(0.,1.));
#2783 = ( GEOMETRIC_REPRESENTATION_CONTEXT(2) 
PARAMETRIC_REPRESENTATION_CONTEXT() REPRESENTATION_CONTEXT('2D SPACE',''
  ) );
#2784 = PCURVE('',#230,#2785);
#2785 = DEFINITIONAL_REPRESENTATION('',(#2786),#2790);
#2786 = LINE('',#2787,#2788);
#2787 = CARTESIAN_POINT('',(6.28318530718,-0.));
#2788 = VECTOR('',#2789,1.);
#2789 = DIRECTION('',(0.,1.));
#2790 = ( GEOMETRIC_REPRESENTATION_CONTEXT(2) 
PARAMETRIC_REPRESENTATION_CONTEXT() REPRESENTATION_CONTEXT('2D SPACE',''
  ) );
#2791 = ORIENTED_EDGE('',*,*,#2792,.T.);
#2792 = EDGE_CURVE('',#2770,#2770,#2793,.T.);
#2793 = SURFACE_CURVE('',#2794,(#2799,#2806),.PCURVE_S1.);
#2794 = CIRCLE('',#2795,3.);
#2795 = AXIS2_PLACEMENT_3D('',#2796,#2797,#2798);
#2796 = CARTESIAN_POINT('',(36.,-26.5,-16.));
#2797 = DIRECTION('',(0.,0.,1.));
#2798 = DIRECTION('',(1.,0.,-0.));
#2799 = PCURVE('',#230,#2800);
#2800 = DEFINITIONAL_REPRESENTATION('',(#2801),#2805);
#2801 = LINE('',#2802,#2803);
#2802 = CARTESIAN_POINT('',(0.,0.));
#2803 = VECTOR('',#2804,1.);
#2804 = DIRECTION('',(1.,0.));
#2805 = ( GEOMETRIC_REPRESENTATION_CONTEXT(2) 
PARAMETRIC_REPRESENTATION_CONTEXT() REPRESENTATION_CONTEXT('2D SPACE',''
  ) );
#2806 = PCURVE('',#2807,#2812);
#2807 = PLANE('',#2808);
#2808 = AXIS2_PLACEMENT_3D('',#2809,#2810,#2811);
#2809 = CARTESIAN_POINT('',(36.,-26.5,-16.));
#2810 = DIRECTION('',(0.,0.,1.));
#2811 = DIRECTION('',(1.,0.,-0.));
#2812 = DEFINITIONAL_REPRESENTATION('',(#2813),#2817);
#2813 = CIRCLE('',#2814,3.);
#2814 = AXIS2_PLACEMENT_2D('',#2815,#2816);
#2815 = CARTESIAN_POINT('',(0.,0.));
#2816 = DIRECTION('',(1.,0.));
#2817 = ( GEOMETRIC_REPRESENTATION_CONTEXT(2) 
PARAMETRIC_REPRESENTATION_CONTEXT() REPRESENTATION_CONTEXT('2D SPACE',''
  ) );
#2818 = ORIENTED_EDGE('',*,*,#2769,.T.);
#2819 = ADVANCED_FACE('',(#2820),#261,.T.);
#2820 = FACE_BOUND('',#2821,.T.);
#2821 = EDGE_LOOP('',(#2822,#2823,#2846,#2873));
#2822 = ORIENTED_EDGE('',*,*,#244,.F.);
#2823 = ORIENTED_EDGE('',*,*,#2824,.F.);
#2824 = EDGE_CURVE('',#2825,#245,#2827,.T.);
#2825 = VERTEX_POINT('',#2826);
#2826 = CARTESIAN_POINT('',(-31.,14.5,-16.));
#2827 = SEAM_CURVE('',#2828,(#2832,#2839),.PCURVE_S1.);
#2828 = LINE('',#2829,#2830);
#2829 = CARTESIAN_POINT('',(-31.,14.5,-16.));
#2830 = VECTOR('',#2831,1.);
#2831 = DIRECTION('',(0.,0.,1.));
#2832 = PCURVE('',#261,#2833);
#2833 = DEFINITIONAL_REPRESENTATION('',(#2834),#2838);
#2834 = LINE('',#2835,#2836);
#2835 = CARTESIAN_POINT('',(0.,-0.));
#2836 = VECTOR('',#2837,1.);
#2837 = DIRECTION('',(0.,1.));
#2838 = ( GEOMETRIC_REPRESENTATION_CONTEXT(2) 
PARAMETRIC_REPRESENTATION_CONTEXT() REPRESENTATION_CONTEXT('2D SPACE',''
  ) );
#2839 = PCURVE('',#261,#2840);
#2840 = DEFINITIONAL_REPRESENTATION('',(#2841),#2845);
#2841 = LINE('',#2842,#2843);
#2842 = CARTESIAN_POINT('',(6.28318530718,-0.));
#2843 = VECTOR('',#2844,1.);
#2844 = DIRECTION('',(0.,1.));
#2845 = ( GEOMETRIC_REPRESENTATION_CONTEXT(2) 
PARAMETRIC_REPRESENTATION_CONTEXT() REPRESENTATION_CONTEXT('2D SPACE',''
  ) );
#2846 = ORIENTED_EDGE('',*,*,#2847,.T.);
#2847 = EDGE_CURVE('',#2825,#2825,#2848,.T.);
#2848 = SURFACE_CURVE('',#2849,(#2854,#2861),.PCURVE_S1.);
#2849 = CIRCLE('',#2850,3.);
#2850 = AXIS2_PLACEMENT_3D('',#2851,#2852,#2853);
#2851 = CARTESIAN_POINT('',(-34.,14.5,-16.));
#2852 = DIRECTION('',(0.,0.,1.));
#2853 = DIRECTION('',(1.,0.,-0.));
#2854 = PCURVE('',#261,#2855);
#2855 = DEFINITIONAL_REPRESENTATION('',(#2856),#2860);
#2856 = LINE('',#2857,#2858);
#2857 = CARTESIAN_POINT('',(0.,0.));
#2858 = VECTOR('',#2859,1.);
#2859 = DIRECTION('',(1.,0.));
#2860 = ( GEOMETRIC_REPRESENTATION_CONTEXT(2) 
PARAMETRIC_REPRESENTATION_CONTEXT() REPRESENTATION_CONTEXT('2D SPACE',''
  ) );
#2861 = PCURVE('',#2862,#2867);
#2862 = PLANE('',#2863);
#2863 = AXIS2_PLACEMENT_3D('',#2864,#2865,#2866);
#2864 = CARTESIAN_POINT('',(-34.,14.5,-16.));
#2865 = DIRECTION('',(0.,0.,1.));
#2866 = DIRECTION('',(1.,0.,-0.));
#2867 = DEFINITIONAL_REPRESENTATION('',(#2868),#2872);
#2868 = CIRCLE('',#2869,3.);
#2869 = AXIS2_PLACEMENT_2D('',#2870,#2871);
#2870 = CARTESIAN_POINT('',(0.,0.));
#2871 = DIRECTION('',(1.,0.));
#2872 = ( GEOMETRIC_REPRESENTATION_CONTEXT(2) 
PARAMETRIC_REPRESENTATION_CONTEXT() REPRESENTATION_CONTEXT('2D SPACE',''
  ) );
#2873 = ORIENTED_EDGE('',*,*,#2824,.T.);
#2874 = ADVANCED_FACE('',(#2875),#293,.T.);
#2875 = FACE_BOUND('',#2876,.T.);
#2876 = EDGE_LOOP('',(#2877,#2907,#2935,#2958,#2986,#3006,#3007,#3029));
#2877 = ORIENTED_EDGE('',*,*,#2878,.F.);
#2878 = EDGE_CURVE('',#2879,#2881,#2883,.T.);
#2879 = VERTEX_POINT('',#2880);
#2880 = CARTESIAN_POINT('',(-37.,16.,23.2));
#2881 = VERTEX_POINT('',#2882);
#2882 = CARTESIAN_POINT('',(-37.,16.,-12.6));
#2883 = SURFACE_CURVE('',#2884,(#2888,#2895),.PCURVE_S1.);
#2884 = LINE('',#2885,#2886);
#2885 = CARTESIAN_POINT('',(-37.,16.,23.2));
#2886 = VECTOR('',#2887,1.);
#2887 = DIRECTION('',(0.,0.,-1.));
#2888 = PCURVE('',#293,#2889);
#2889 = DEFINITIONAL_REPRESENTATION('',(#2890),#2894);
#2890 = LINE('',#2891,#2892);
#2891 = CARTESIAN_POINT('',(0.,0.));
#2892 = VECTOR('',#2893,1.);
#2893 = DIRECTION('',(1.,0.));
#2894 = ( GEOMETRIC_REPRESENTATION_CONTEXT(2) 
PARAMETRIC_REPRESENTATION_CONTEXT() REPRESENTATION_CONTEXT('2D SPACE',''
  ) );
#2895 = PCURVE('',#2896,#2901);
#2896 = PLANE('',#2897);
#2897 = AXIS2_PLACEMENT_3D('',#2898,#2899,#2900);
#2898 = CARTESIAN_POINT('',(2.381414208361,16.,6.210634975253));
#2899 = DIRECTION('',(-0.,-1.,-0.));
#2900 = DIRECTION('',(0.,0.,-1.));
#2901 = DEFINITIONAL_REPRESENTATION('',(#2902),#2906);
#2902 = LINE('',#2903,#2904);
#2903 = CARTESIAN_POINT('',(-16.98936502474,-39.38141420836));
#2904 = VECTOR('',#2905,1.);
#2905 = DIRECTION('',(1.,0.));
#2906 = ( GEOMETRIC_REPRESENTATION_CONTEXT(2) 
PARAMETRIC_REPRESENTATION_CONTEXT() REPRESENTATION_CONTEXT('2D SPACE',''
  ) );
#2907 = ORIENTED_EDGE('',*,*,#2908,.T.);
#2908 = EDGE_CURVE('',#2879,#2909,#2911,.T.);
#2909 = VERTEX_POINT('',#2910);
#2910 = CARTESIAN_POINT('',(-37.,-28.,23.2));
#2911 = SURFACE_CURVE('',#2912,(#2916,#2923),.PCURVE_S1.);
#2912 = LINE('',#2913,#2914);
#2913 = CARTESIAN_POINT('',(-37.,16.,23.2));
#2914 = VECTOR('',#2915,1.);
#2915 = DIRECTION('',(0.,-1.,0.));
#2916 = PCURVE('',#293,#2917);
#2917 = DEFINITIONAL_REPRESENTATION('',(#2918),#2922);
#2918 = LINE('',#2919,#2920);
#2919 = CARTESIAN_POINT('',(0.,0.));
#2920 = VECTOR('',#2921,1.);
#2921 = DIRECTION('',(0.,-1.));
#2922 = ( GEOMETRIC_REPRESENTATION_CONTEXT(2) 
PARAMETRIC_REPRESENTATION_CONTEXT() REPRESENTATION_CONTEXT('2D SPACE',''
  ) );
#2923 = PCURVE('',#2924,#2929);
#2924 = PLANE('',#2925);
#2925 = AXIS2_PLACEMENT_3D('',#2926,#2927,#2928);
#2926 = CARTESIAN_POINT('',(-27.5,16.,35.));
#2927 = DIRECTION('',(0.778933037545,0.,-0.627107106498));
#2928 = DIRECTION('',(-0.627107106498,0.,-0.778933037545));
#2929 = DEFINITIONAL_REPRESENTATION('',(#2930),#2934);
#2930 = LINE('',#2931,#2932);
#2931 = CARTESIAN_POINT('',(15.148927354767,0.));
#2932 = VECTOR('',#2933,1.);
#2933 = DIRECTION('',(-0.,-1.));
#2934 = ( GEOMETRIC_REPRESENTATION_CONTEXT(2) 
PARAMETRIC_REPRESENTATION_CONTEXT() REPRESENTATION_CONTEXT('2D SPACE',''
  ) );
#2935 = ORIENTED_EDGE('',*,*,#2936,.T.);
#2936 = EDGE_CURVE('',#2909,#2937,#2939,.T.);
#2937 = VERTEX_POINT('',#2938);
#2938 = CARTESIAN_POINT('',(-37.,-28.,-12.6));
#2939 = SURFACE_CURVE('',#2940,(#2944,#2951),.PCURVE_S1.);
#2940 = LINE('',#2941,#2942);
#2941 = CARTESIAN_POINT('',(-37.,-28.,23.2));
#2942 = VECTOR('',#2943,1.);
#2943 = DIRECTION('',(0.,0.,-1.));
#2944 = PCURVE('',#293,#2945);
#2945 = DEFINITIONAL_REPRESENTATION('',(#2946),#2950);
#2946 = LINE('',#2947,#2948);
#2947 = CARTESIAN_POINT('',(0.,-44.));
#2948 = VECTOR('',#2949,1.);
#2949 = DIRECTION('',(1.,0.));
#2950 = ( GEOMETRIC_REPRESENTATION_CONTEXT(2) 
PARAMETRIC_REPRESENTATION_CONTEXT() REPRESENTATION_CONTEXT('2D SPACE',''
  ) );
#2951 = PCURVE('',#669,#2952);
#2952 = DEFINITIONAL_REPRESENTATION('',(#2953),#2957);
#2953 = LINE('',#2954,#2955);
#2954 = CARTESIAN_POINT('',(-16.98936502474,-39.38141420836));
#2955 = VECTOR('',#2956,1.);
#2956 = DIRECTION('',(1.,0.));
#2957 = ( GEOMETRIC_REPRESENTATION_CONTEXT(2) 
PARAMETRIC_REPRESENTATION_CONTEXT() REPRESENTATION_CONTEXT('2D SPACE',''
  ) );
#2958 = ORIENTED_EDGE('',*,*,#2959,.F.);
#2959 = EDGE_CURVE('',#2960,#2937,#2962,.T.);
#2960 = VERTEX_POINT('',#2961);
#2961 = CARTESIAN_POINT('',(-37.,-23.13397459621,-12.6));
#2962 = SURFACE_CURVE('',#2963,(#2967,#2974),.PCURVE_S1.);
#2963 = LINE('',#2964,#2965);
#2964 = CARTESIAN_POINT('',(-37.,-7.,-12.6));
#2965 = VECTOR('',#2966,1.);
#2966 = DIRECTION('',(0.,-1.,0.));
#2967 = PCURVE('',#293,#2968);
#2968 = DEFINITIONAL_REPRESENTATION('',(#2969),#2973);
#2969 = LINE('',#2970,#2971);
#2970 = CARTESIAN_POINT('',(35.8,-23.));
#2971 = VECTOR('',#2972,1.);
#2972 = DIRECTION('',(0.,-1.));
#2973 = ( GEOMETRIC_REPRESENTATION_CONTEXT(2) 
PARAMETRIC_REPRESENTATION_CONTEXT() REPRESENTATION_CONTEXT('2D SPACE',''
  ) );
#2974 = PCURVE('',#2975,#2980);
#2975 = PLANE('',#2976);
#2976 = AXIS2_PLACEMENT_3D('',#2977,#2978,#2979);
#2977 = CARTESIAN_POINT('',(-37.5,-30.,-12.6));
#2978 = DIRECTION('',(0.,0.,1.));
#2979 = DIRECTION('',(1.,0.,-0.));
#2980 = DEFINITIONAL_REPRESENTATION('',(#2981),#2985);
#2981 = LINE('',#2982,#2983);
#2982 = CARTESIAN_POINT('',(0.5,23.));
#2983 = VECTOR('',#2984,1.);
#2984 = DIRECTION('',(0.,-1.));
#2985 = ( GEOMETRIC_REPRESENTATION_CONTEXT(2) 
PARAMETRIC_REPRESENTATION_CONTEXT() REPRESENTATION_CONTEXT('2D SPACE',''
  ) );
#2986 = ORIENTED_EDGE('',*,*,#2987,.F.);
#2987 = EDGE_CURVE('',#276,#2960,#2988,.T.);
#2988 = SURFACE_CURVE('',#2989,(#2993,#3000),.PCURVE_S1.);
#2989 = LINE('',#2990,#2991);
#2990 = CARTESIAN_POINT('',(-37.,-23.13397459621,-15.8));
#2991 = VECTOR('',#2992,1.);
#2992 = DIRECTION('',(0.,0.,1.));
#2993 = PCURVE('',#293,#2994);
#2994 = DEFINITIONAL_REPRESENTATION('',(#2995),#2999);
#2995 = LINE('',#2996,#2997);
#2996 = CARTESIAN_POINT('',(39.,-39.13397459621));
#2997 = VECTOR('',#2998,1.);
#2998 = DIRECTION('',(-1.,0.));
#2999 = ( GEOMETRIC_REPRESENTATION_CONTEXT(2) 
PARAMETRIC_REPRESENTATION_CONTEXT() REPRESENTATION_CONTEXT('2D SPACE',''
  ) );
#3000 = PCURVE('',#954,#3001);
#3001 = DEFINITIONAL_REPRESENTATION('',(#3002),#3005);
#3002 = B_SPLINE_CURVE_WITH_KNOTS('',1,(#3003,#3004),.UNSPECIFIED.,.F.,
  .F.,(2,2),(-5.999999999062E-07,3.2000006),.PIECEWISE_BEZIER_KNOTS.);
#3003 = CARTESIAN_POINT('',(5.235987755983,-5.999999999062E-07));
#3004 = CARTESIAN_POINT('',(5.235987755983,3.2000006));
#3005 = ( GEOMETRIC_REPRESENTATION_CONTEXT(2) 
PARAMETRIC_REPRESENTATION_CONTEXT() REPRESENTATION_CONTEXT('2D SPACE',''
  ) );
#3006 = ORIENTED_EDGE('',*,*,#275,.T.);
#3007 = ORIENTED_EDGE('',*,*,#3008,.T.);
#3008 = EDGE_CURVE('',#278,#3009,#3011,.T.);
#3009 = VERTEX_POINT('',#3010);
#3010 = CARTESIAN_POINT('',(-37.,11.133974596216,-12.6));
#3011 = SURFACE_CURVE('',#3012,(#3016,#3023),.PCURVE_S1.);
#3012 = LINE('',#3013,#3014);
#3013 = CARTESIAN_POINT('',(-37.,11.133974596216,-15.8));
#3014 = VECTOR('',#3015,1.);
#3015 = DIRECTION('',(0.,0.,1.));
#3016 = PCURVE('',#293,#3017);
#3017 = DEFINITIONAL_REPRESENTATION('',(#3018),#3022);
#3018 = LINE('',#3019,#3020);
#3019 = CARTESIAN_POINT('',(39.,-4.866025403784));
#3020 = VECTOR('',#3021,1.);
#3021 = DIRECTION('',(-1.,0.));
#3022 = ( GEOMETRIC_REPRESENTATION_CONTEXT(2) 
PARAMETRIC_REPRESENTATION_CONTEXT() REPRESENTATION_CONTEXT('2D SPACE',''
  ) );
#3023 = PCURVE('',#322,#3024);
#3024 = DEFINITIONAL_REPRESENTATION('',(#3025),#3028);
#3025 = B_SPLINE_CURVE_WITH_KNOTS('',1,(#3026,#3027),.UNSPECIFIED.,.F.,
  .F.,(2,2),(-5.999999999062E-07,3.2000006),.PIECEWISE_BEZIER_KNOTS.);
#3026 = CARTESIAN_POINT('',(1.047197551197,-5.999999999062E-07));
#3027 = CARTESIAN_POINT('',(1.047197551197,3.2000006));
#3028 = ( GEOMETRIC_REPRESENTATION_CONTEXT(2) 
PARAMETRIC_REPRESENTATION_CONTEXT() REPRESENTATION_CONTEXT('2D SPACE',''
  ) );
#3029 = ORIENTED_EDGE('',*,*,#3030,.F.);
#3030 = EDGE_CURVE('',#2881,#3009,#3031,.T.);
#3031 = SURFACE_CURVE('',#3032,(#3036,#3043),.PCURVE_S1.);
#3032 = LINE('',#3033,#3034);
#3033 = CARTESIAN_POINT('',(-37.,13.5,-12.6));
#3034 = VECTOR('',#3035,1.);
#3035 = DIRECTION('',(0.,-1.,0.));
#3036 = PCURVE('',#293,#3037);
#3037 = DEFINITIONAL_REPRESENTATION('',(#3038),#3042);
#3038 = LINE('',#3039,#3040);
#3039 = CARTESIAN_POINT('',(35.8,-2.5));
#3040 = VECTOR('',#3041,1.);
#3041 = DIRECTION('',(0.,-1.));
#3042 = ( GEOMETRIC_REPRESENTATION_CONTEXT(2) 
PARAMETRIC_REPRESENTATION_CONTEXT() REPRESENTATION_CONTEXT('2D SPACE',''
  ) );
#3043 = PCURVE('',#1495,#3044);
#3044 = DEFINITIONAL_REPRESENTATION('',(#3045),#3049);
#3045 = LINE('',#3046,#3047);
#3046 = CARTESIAN_POINT('',(0.5,2.5));
#3047 = VECTOR('',#3048,1.);
#3048 = DIRECTION('',(0.,-1.));
#3049 = ( GEOMETRIC_REPRESENTATION_CONTEXT(2) 
PARAMETRIC_REPRESENTATION_CONTEXT() REPRESENTATION_CONTEXT('2D SPACE',''
  ) );
#3050 = ADVANCED_FACE('',(#3051),#322,.T.);
#3051 = FACE_BOUND('',#3052,.T.);
#3052 = EDGE_LOOP('',(#3053,#3054,#3055,#3078));
#3053 = ORIENTED_EDGE('',*,*,#3008,.F.);
#3054 = ORIENTED_EDGE('',*,*,#305,.T.);
#3055 = ORIENTED_EDGE('',*,*,#3056,.T.);
#3056 = EDGE_CURVE('',#306,#3057,#3059,.T.);
#3057 = VERTEX_POINT('',#3058);
#3058 = CARTESIAN_POINT('',(-36.5,11.,-12.6));
#3059 = SURFACE_CURVE('',#3060,(#3064,#3071),.PCURVE_S1.);
#3060 = LINE('',#3061,#3062);
#3061 = CARTESIAN_POINT('',(-36.5,11.,-15.8));
#3062 = VECTOR('',#3063,1.);
#3063 = DIRECTION('',(0.,0.,1.));
#3064 = PCURVE('',#322,#3065);
#3065 = DEFINITIONAL_REPRESENTATION('',(#3066),#3070);
#3066 = LINE('',#3067,#3068);
#3067 = CARTESIAN_POINT('',(1.570796326795,0.));
#3068 = VECTOR('',#3069,1.);
#3069 = DIRECTION('',(0.,1.));
#3070 = ( GEOMETRIC_REPRESENTATION_CONTEXT(2) 
PARAMETRIC_REPRESENTATION_CONTEXT() REPRESENTATION_CONTEXT('2D SPACE',''
  ) );
#3071 = PCURVE('',#350,#3072);
#3072 = DEFINITIONAL_REPRESENTATION('',(#3073),#3077);
#3073 = LINE('',#3074,#3075);
#3074 = CARTESIAN_POINT('',(0.,1.));
#3075 = VECTOR('',#3076,1.);
#3076 = DIRECTION('',(1.,0.));
#3077 = ( GEOMETRIC_REPRESENTATION_CONTEXT(2) 
PARAMETRIC_REPRESENTATION_CONTEXT() REPRESENTATION_CONTEXT('2D SPACE',''
  ) );
#3078 = ORIENTED_EDGE('',*,*,#3079,.F.);
#3079 = EDGE_CURVE('',#3009,#3057,#3080,.T.);
#3080 = SURFACE_CURVE('',#3081,(#3086,#3093),.PCURVE_S1.);
#3081 = CIRCLE('',#3082,1.);
#3082 = AXIS2_PLACEMENT_3D('',#3083,#3084,#3085);
#3083 = CARTESIAN_POINT('',(-36.5,12.,-12.6));
#3084 = DIRECTION('',(0.,0.,1.));
#3085 = DIRECTION('',(0.,-1.,0.));
#3086 = PCURVE('',#322,#3087);
#3087 = DEFINITIONAL_REPRESENTATION('',(#3088),#3092);
#3088 = LINE('',#3089,#3090);
#3089 = CARTESIAN_POINT('',(-4.712388980385,3.2));
#3090 = VECTOR('',#3091,1.);
#3091 = DIRECTION('',(1.,0.));
#3092 = ( GEOMETRIC_REPRESENTATION_CONTEXT(2) 
PARAMETRIC_REPRESENTATION_CONTEXT() REPRESENTATION_CONTEXT('2D SPACE',''
  ) );
#3093 = PCURVE('',#1495,#3094);
#3094 = DEFINITIONAL_REPRESENTATION('',(#3095),#3099);
#3095 = CIRCLE('',#3096,1.);
#3096 = AXIS2_PLACEMENT_2D('',#3097,#3098);
#3097 = CARTESIAN_POINT('',(1.,1.));
#3098 = DIRECTION('',(0.,-1.));
#3099 = ( GEOMETRIC_REPRESENTATION_CONTEXT(2) 
PARAMETRIC_REPRESENTATION_CONTEXT() REPRESENTATION_CONTEXT('2D SPACE',''
  ) );
#3100 = ADVANCED_FACE('',(#3101),#350,.F.);
#3101 = FACE_BOUND('',#3102,.F.);
#3102 = EDGE_LOOP('',(#3103,#3104,#3105,#3128));
#3103 = ORIENTED_EDGE('',*,*,#334,.F.);
#3104 = ORIENTED_EDGE('',*,*,#3056,.T.);
#3105 = ORIENTED_EDGE('',*,*,#3106,.T.);
#3106 = EDGE_CURVE('',#3057,#3107,#3109,.T.);
#3107 = VERTEX_POINT('',#3108);
#3108 = CARTESIAN_POINT('',(-31.5,11.,-12.6));
#3109 = SURFACE_CURVE('',#3110,(#3114,#3121),.PCURVE_S1.);
#3110 = LINE('',#3111,#3112);
#3111 = CARTESIAN_POINT('',(-37.5,11.,-12.6));
#3112 = VECTOR('',#3113,1.);
#3113 = DIRECTION('',(1.,0.,0.));
#3114 = PCURVE('',#350,#3115);
#3115 = DEFINITIONAL_REPRESENTATION('',(#3116),#3120);
#3116 = LINE('',#3117,#3118);
#3117 = CARTESIAN_POINT('',(3.2,0.));
#3118 = VECTOR('',#3119,1.);
#3119 = DIRECTION('',(0.,1.));
#3120 = ( GEOMETRIC_REPRESENTATION_CONTEXT(2) 
PARAMETRIC_REPRESENTATION_CONTEXT() REPRESENTATION_CONTEXT('2D SPACE',''
  ) );
#3121 = PCURVE('',#1495,#3122);
#3122 = DEFINITIONAL_REPRESENTATION('',(#3123),#3127);
#3123 = LINE('',#3124,#3125);
#3124 = CARTESIAN_POINT('',(0.,0.));
#3125 = VECTOR('',#3126,1.);
#3126 = DIRECTION('',(1.,0.));
#3127 = ( GEOMETRIC_REPRESENTATION_CONTEXT(2) 
PARAMETRIC_REPRESENTATION_CONTEXT() REPRESENTATION_CONTEXT('2D SPACE',''
  ) );
#3128 = ORIENTED_EDGE('',*,*,#3129,.F.);
#3129 = EDGE_CURVE('',#335,#3107,#3130,.T.);
#3130 = SURFACE_CURVE('',#3131,(#3135,#3142),.PCURVE_S1.);
#3131 = LINE('',#3132,#3133);
#3132 = CARTESIAN_POINT('',(-31.5,11.,-15.8));
#3133 = VECTOR('',#3134,1.);
#3134 = DIRECTION('',(0.,0.,1.));
#3135 = PCURVE('',#350,#3136);
#3136 = DEFINITIONAL_REPRESENTATION('',(#3137),#3141);
#3137 = LINE('',#3138,#3139);
#3138 = CARTESIAN_POINT('',(0.,6.));
#3139 = VECTOR('',#3140,1.);
#3140 = DIRECTION('',(1.,0.));
#3141 = ( GEOMETRIC_REPRESENTATION_CONTEXT(2) 
PARAMETRIC_REPRESENTATION_CONTEXT() REPRESENTATION_CONTEXT('2D SPACE',''
  ) );
#3142 = PCURVE('',#383,#3143);
#3143 = DEFINITIONAL_REPRESENTATION('',(#3144),#3148);
#3144 = LINE('',#3145,#3146);
#3145 = CARTESIAN_POINT('',(4.712388980385,0.));
#3146 = VECTOR('',#3147,1.);
#3147 = DIRECTION('',(-0.,1.));
#3148 = ( GEOMETRIC_REPRESENTATION_CONTEXT(2) 
PARAMETRIC_REPRESENTATION_CONTEXT() REPRESENTATION_CONTEXT('2D SPACE',''
  ) );
#3149 = ADVANCED_FACE('',(#3150),#383,.T.);
#3150 = FACE_BOUND('',#3151,.T.);
#3151 = EDGE_LOOP('',(#3152,#3153,#3176,#3200,#3222,#3248));
#3152 = ORIENTED_EDGE('',*,*,#362,.F.);
#3153 = ORIENTED_EDGE('',*,*,#3154,.T.);
#3154 = EDGE_CURVE('',#363,#3155,#3157,.T.);
#3155 = VERTEX_POINT('',#3156);
#3156 = CARTESIAN_POINT('',(-30.5,12.,-14.));
#3157 = SURFACE_CURVE('',#3158,(#3162,#3169),.PCURVE_S1.);
#3158 = LINE('',#3159,#3160);
#3159 = CARTESIAN_POINT('',(-30.5,12.,-15.8));
#3160 = VECTOR('',#3161,1.);
#3161 = DIRECTION('',(0.,0.,1.));
#3162 = PCURVE('',#383,#3163);
#3163 = DEFINITIONAL_REPRESENTATION('',(#3164),#3168);
#3164 = LINE('',#3165,#3166);
#3165 = CARTESIAN_POINT('',(6.28318530718,0.));
#3166 = VECTOR('',#3167,1.);
#3167 = DIRECTION('',(-0.,1.));
#3168 = ( GEOMETRIC_REPRESENTATION_CONTEXT(2) 
PARAMETRIC_REPRESENTATION_CONTEXT() REPRESENTATION_CONTEXT('2D SPACE',''
  ) );
#3169 = PCURVE('',#411,#3170);
#3170 = DEFINITIONAL_REPRESENTATION('',(#3171),#3175);
#3171 = LINE('',#3172,#3173);
#3172 = CARTESIAN_POINT('',(0.,-1.));
#3173 = VECTOR('',#3174,1.);
#3174 = DIRECTION('',(1.,0.));
#3175 = ( GEOMETRIC_REPRESENTATION_CONTEXT(2) 
PARAMETRIC_REPRESENTATION_CONTEXT() REPRESENTATION_CONTEXT('2D SPACE',''
  ) );
#3176 = ORIENTED_EDGE('',*,*,#3177,.F.);
#3177 = EDGE_CURVE('',#3178,#3155,#3180,.T.);
#3178 = VERTEX_POINT('',#3179);
#3179 = CARTESIAN_POINT('',(-31.,11.133974596216,-14.));
#3180 = SURFACE_CURVE('',#3181,(#3186,#3193),.PCURVE_S1.);
#3181 = CIRCLE('',#3182,1.);
#3182 = AXIS2_PLACEMENT_3D('',#3183,#3184,#3185);
#3183 = CARTESIAN_POINT('',(-31.5,12.,-14.));
#3184 = DIRECTION('',(0.,0.,1.));
#3185 = DIRECTION('',(1.,0.,-0.));
#3186 = PCURVE('',#383,#3187);
#3187 = DEFINITIONAL_REPRESENTATION('',(#3188),#3192);
#3188 = LINE('',#3189,#3190);
#3189 = CARTESIAN_POINT('',(0.,1.8));
#3190 = VECTOR('',#3191,1.);
#3191 = DIRECTION('',(1.,0.));
#3192 = ( GEOMETRIC_REPRESENTATION_CONTEXT(2) 
PARAMETRIC_REPRESENTATION_CONTEXT() REPRESENTATION_CONTEXT('2D SPACE',''
  ) );
#3193 = PCURVE('',#1383,#3194);
#3194 = DEFINITIONAL_REPRESENTATION('',(#3195),#3199);
#3195 = CIRCLE('',#3196,1.);
#3196 = AXIS2_PLACEMENT_2D('',#3197,#3198);
#3197 = CARTESIAN_POINT('',(-0.5,30.));
#3198 = DIRECTION('',(1.,0.));
#3199 = ( GEOMETRIC_REPRESENTATION_CONTEXT(2) 
PARAMETRIC_REPRESENTATION_CONTEXT() REPRESENTATION_CONTEXT('2D SPACE',''
  ) );
#3200 = ORIENTED_EDGE('',*,*,#3201,.T.);
#3201 = EDGE_CURVE('',#3178,#3202,#3204,.T.);
#3202 = VERTEX_POINT('',#3203);
#3203 = CARTESIAN_POINT('',(-31.,11.133974596216,-12.6));
#3204 = SURFACE_CURVE('',#3205,(#3209,#3215),.PCURVE_S1.);
#3205 = LINE('',#3206,#3207);
#3206 = CARTESIAN_POINT('',(-31.,11.133974596216,-15.8));
#3207 = VECTOR('',#3208,1.);
#3208 = DIRECTION('',(0.,0.,1.));
#3209 = PCURVE('',#383,#3210);
#3210 = DEFINITIONAL_REPRESENTATION('',(#3211),#3214);
#3211 = B_SPLINE_CURVE_WITH_KNOTS('',1,(#3212,#3213),.UNSPECIFIED.,.F.,
  .F.,(2,2),(0.4,3.2000006),.PIECEWISE_BEZIER_KNOTS.);
#3212 = CARTESIAN_POINT('',(5.235987755983,0.4));
#3213 = CARTESIAN_POINT('',(5.235987755983,3.2000006));
#3214 = ( GEOMETRIC_REPRESENTATION_CONTEXT(2) 
PARAMETRIC_REPRESENTATION_CONTEXT() REPRESENTATION_CONTEXT('2D SPACE',''
  ) );
#3215 = PCURVE('',#1411,#3216);
#3216 = DEFINITIONAL_REPRESENTATION('',(#3217),#3221);
#3217 = LINE('',#3218,#3219);
#3218 = CARTESIAN_POINT('',(-1.8,-29.13397459621));
#3219 = VECTOR('',#3220,1.);
#3220 = DIRECTION('',(1.,0.));
#3221 = ( GEOMETRIC_REPRESENTATION_CONTEXT(2) 
PARAMETRIC_REPRESENTATION_CONTEXT() REPRESENTATION_CONTEXT('2D SPACE',''
  ) );
#3222 = ORIENTED_EDGE('',*,*,#3223,.T.);
#3223 = EDGE_CURVE('',#3202,#3107,#3224,.T.);
#3224 = SURFACE_CURVE('',#3225,(#3230,#3237),.PCURVE_S1.);
#3225 = CIRCLE('',#3226,1.);
#3226 = AXIS2_PLACEMENT_3D('',#3227,#3228,#3229);
#3227 = CARTESIAN_POINT('',(-31.5,12.,-12.6));
#3228 = DIRECTION('',(-0.,-0.,-1.));
#3229 = DIRECTION('',(0.,-1.,0.));
#3230 = PCURVE('',#383,#3231);
#3231 = DEFINITIONAL_REPRESENTATION('',(#3232),#3236);
#3232 = LINE('',#3233,#3234);
#3233 = CARTESIAN_POINT('',(10.995574287565,3.2));
#3234 = VECTOR('',#3235,1.);
#3235 = DIRECTION('',(-1.,0.));
#3236 = ( GEOMETRIC_REPRESENTATION_CONTEXT(2) 
PARAMETRIC_REPRESENTATION_CONTEXT() REPRESENTATION_CONTEXT('2D SPACE',''
  ) );
#3237 = PCURVE('',#1495,#3238);
#3238 = DEFINITIONAL_REPRESENTATION('',(#3239),#3247);
#3239 = ( BOUNDED_CURVE() B_SPLINE_CURVE(2,(#3240,#3241,#3242,#3243,
#3244,#3245,#3246),.UNSPECIFIED.,.T.,.F.) B_SPLINE_CURVE_WITH_KNOTS((1,2
    ,2,2,2,1),(-2.094395102393,0.,2.094395102393,4.188790204786,
6.28318530718,8.377580409573),.UNSPECIFIED.) CURVE() 
GEOMETRIC_REPRESENTATION_ITEM() RATIONAL_B_SPLINE_CURVE((1.,0.5,1.,0.5,
1.,0.5,1.)) REPRESENTATION_ITEM('') );
#3240 = CARTESIAN_POINT('',(6.,0.));
#3241 = CARTESIAN_POINT('',(4.267949192431,0.));
#3242 = CARTESIAN_POINT('',(5.133974596216,1.5));
#3243 = CARTESIAN_POINT('',(6.,3.));
#3244 = CARTESIAN_POINT('',(6.866025403784,1.5));
#3245 = CARTESIAN_POINT('',(7.732050807569,1.554312234475E-15));
#3246 = CARTESIAN_POINT('',(6.,0.));
#3247 = ( GEOMETRIC_REPRESENTATION_CONTEXT(2) 
PARAMETRIC_REPRESENTATION_CONTEXT() REPRESENTATION_CONTEXT('2D SPACE',''
  ) );
#3248 = ORIENTED_EDGE('',*,*,#3129,.F.);
#3249 = ADVANCED_FACE('',(#3250),#411,.T.);
#3250 = FACE_BOUND('',#3251,.T.);
#3251 = EDGE_LOOP('',(#3252,#3275,#3276,#3277));
#3252 = ORIENTED_EDGE('',*,*,#3253,.T.);
#3253 = EDGE_CURVE('',#3254,#3155,#3256,.T.);
#3254 = VERTEX_POINT('',#3255);
#3255 = CARTESIAN_POINT('',(-30.5,16.,-14.));
#3256 = SURFACE_CURVE('',#3257,(#3261,#3268),.PCURVE_S1.);
#3257 = LINE('',#3258,#3259);
#3258 = CARTESIAN_POINT('',(-30.5,-3.5,-14.));
#3259 = VECTOR('',#3260,1.);
#3260 = DIRECTION('',(0.,-1.,0.));
#3261 = PCURVE('',#411,#3262);
#3262 = DEFINITIONAL_REPRESENTATION('',(#3263),#3267);
#3263 = LINE('',#3264,#3265);
#3264 = CARTESIAN_POINT('',(1.8,14.5));
#3265 = VECTOR('',#3266,1.);
#3266 = DIRECTION('',(0.,1.));
#3267 = ( GEOMETRIC_REPRESENTATION_CONTEXT(2) 
PARAMETRIC_REPRESENTATION_CONTEXT() REPRESENTATION_CONTEXT('2D SPACE',''
  ) );
#3268 = PCURVE('',#1383,#3269);
#3269 = DEFINITIONAL_REPRESENTATION('',(#3270),#3274);
#3270 = LINE('',#3271,#3272);
#3271 = CARTESIAN_POINT('',(0.5,14.5));
#3272 = VECTOR('',#3273,1.);
#3273 = DIRECTION('',(0.,-1.));
#3274 = ( GEOMETRIC_REPRESENTATION_CONTEXT(2) 
PARAMETRIC_REPRESENTATION_CONTEXT() REPRESENTATION_CONTEXT('2D SPACE',''
  ) );
#3275 = ORIENTED_EDGE('',*,*,#3154,.F.);
#3276 = ORIENTED_EDGE('',*,*,#395,.T.);
#3277 = ORIENTED_EDGE('',*,*,#3278,.T.);
#3278 = EDGE_CURVE('',#396,#3254,#3279,.T.);
#3279 = SURFACE_CURVE('',#3280,(#3284,#3291),.PCURVE_S1.);
#3280 = LINE('',#3281,#3282);
#3281 = CARTESIAN_POINT('',(-30.5,16.,-4.794682512374));
#3282 = VECTOR('',#3283,1.);
#3283 = DIRECTION('',(0.,0.,1.));
#3284 = PCURVE('',#411,#3285);
#3285 = DEFINITIONAL_REPRESENTATION('',(#3286),#3290);
#3286 = LINE('',#3287,#3288);
#3287 = CARTESIAN_POINT('',(11.005317487626,-5.));
#3288 = VECTOR('',#3289,1.);
#3289 = DIRECTION('',(1.,0.));
#3290 = ( GEOMETRIC_REPRESENTATION_CONTEXT(2) 
PARAMETRIC_REPRESENTATION_CONTEXT() REPRESENTATION_CONTEXT('2D SPACE',''
  ) );
#3291 = PCURVE('',#439,#3292);
#3292 = DEFINITIONAL_REPRESENTATION('',(#3293),#3297);
#3293 = LINE('',#3294,#3295);
#3294 = CARTESIAN_POINT('',(11.005317487627,-32.88141420836));
#3295 = VECTOR('',#3296,1.);
#3296 = DIRECTION('',(-1.,0.));
#3297 = ( GEOMETRIC_REPRESENTATION_CONTEXT(2) 
PARAMETRIC_REPRESENTATION_CONTEXT() REPRESENTATION_CONTEXT('2D SPACE',''
  ) );
#3298 = ADVANCED_FACE('',(#3299),#439,.T.);
#3299 = FACE_BOUND('',#3300,.T.);
#3300 = EDGE_LOOP('',(#3301,#3302,#3325,#3348,#3371,#3392));
#3301 = ORIENTED_EDGE('',*,*,#423,.T.);
#3302 = ORIENTED_EDGE('',*,*,#3303,.T.);
#3303 = EDGE_CURVE('',#424,#3304,#3306,.T.);
#3304 = VERTEX_POINT('',#3305);
#3305 = CARTESIAN_POINT('',(32.5,16.,-13.8));
#3306 = SURFACE_CURVE('',#3307,(#3311,#3318),.PCURVE_S1.);
#3307 = LINE('',#3308,#3309);
#3308 = CARTESIAN_POINT('',(32.5,16.,-4.794682512374));
#3309 = VECTOR('',#3310,1.);
#3310 = DIRECTION('',(0.,0.,1.));
#3311 = PCURVE('',#439,#3312);
#3312 = DEFINITIONAL_REPRESENTATION('',(#3313),#3317);
#3313 = LINE('',#3314,#3315);
#3314 = CARTESIAN_POINT('',(11.005317487627,30.118585791639));
#3315 = VECTOR('',#3316,1.);
#3316 = DIRECTION('',(-1.,0.));
#3317 = ( GEOMETRIC_REPRESENTATION_CONTEXT(2) 
PARAMETRIC_REPRESENTATION_CONTEXT() REPRESENTATION_CONTEXT('2D SPACE',''
  ) );
#3318 = PCURVE('',#467,#3319);
#3319 = DEFINITIONAL_REPRESENTATION('',(#3320),#3324);
#3320 = LINE('',#3321,#3322);
#3321 = CARTESIAN_POINT('',(11.005317487626,-5.));
#3322 = VECTOR('',#3323,1.);
#3323 = DIRECTION('',(1.,0.));
#3324 = ( GEOMETRIC_REPRESENTATION_CONTEXT(2) 
PARAMETRIC_REPRESENTATION_CONTEXT() REPRESENTATION_CONTEXT('2D SPACE',''
  ) );
#3325 = ORIENTED_EDGE('',*,*,#3326,.T.);
#3326 = EDGE_CURVE('',#3304,#3327,#3329,.T.);
#3327 = VERTEX_POINT('',#3328);
#3328 = CARTESIAN_POINT('',(-29.,16.,-13.8));
#3329 = SURFACE_CURVE('',#3330,(#3334,#3341),.PCURVE_S1.);
#3330 = LINE('',#3331,#3332);
#3331 = CARTESIAN_POINT('',(-15.30929289582,16.,-13.8));
#3332 = VECTOR('',#3333,1.);
#3333 = DIRECTION('',(-1.,0.,0.));
#3334 = PCURVE('',#439,#3335);
#3335 = DEFINITIONAL_REPRESENTATION('',(#3336),#3340);
#3336 = LINE('',#3337,#3338);
#3337 = CARTESIAN_POINT('',(20.010634975253,-17.69070710418));
#3338 = VECTOR('',#3339,1.);
#3339 = DIRECTION('',(0.,-1.));
#3340 = ( GEOMETRIC_REPRESENTATION_CONTEXT(2) 
PARAMETRIC_REPRESENTATION_CONTEXT() REPRESENTATION_CONTEXT('2D SPACE',''
  ) );
#3341 = PCURVE('',#1327,#3342);
#3342 = DEFINITIONAL_REPRESENTATION('',(#3343),#3347);
#3343 = LINE('',#3344,#3345);
#3344 = CARTESIAN_POINT('',(17.69070710418,2.));
#3345 = VECTOR('',#3346,1.);
#3346 = DIRECTION('',(-1.,0.));
#3347 = ( GEOMETRIC_REPRESENTATION_CONTEXT(2) 
PARAMETRIC_REPRESENTATION_CONTEXT() REPRESENTATION_CONTEXT('2D SPACE',''
  ) );
#3348 = ORIENTED_EDGE('',*,*,#3349,.F.);
#3349 = EDGE_CURVE('',#3350,#3327,#3352,.T.);
#3350 = VERTEX_POINT('',#3351);
#3351 = CARTESIAN_POINT('',(-29.,16.,-14.));
#3352 = SURFACE_CURVE('',#3353,(#3357,#3364),.PCURVE_S1.);
#3353 = LINE('',#3354,#3355);
#3354 = CARTESIAN_POINT('',(-29.,16.,-3.894682512374));
#3355 = VECTOR('',#3356,1.);
#3356 = DIRECTION('',(0.,0.,1.));
#3357 = PCURVE('',#439,#3358);
#3358 = DEFINITIONAL_REPRESENTATION('',(#3359),#3363);
#3359 = LINE('',#3360,#3361);
#3360 = CARTESIAN_POINT('',(10.105317487627,-31.38141420836));
#3361 = VECTOR('',#3362,1.);
#3362 = DIRECTION('',(-1.,0.));
#3363 = ( GEOMETRIC_REPRESENTATION_CONTEXT(2) 
PARAMETRIC_REPRESENTATION_CONTEXT() REPRESENTATION_CONTEXT('2D SPACE',''
  ) );
#3364 = PCURVE('',#1355,#3365);
#3365 = DEFINITIONAL_REPRESENTATION('',(#3366),#3370);
#3366 = LINE('',#3367,#3368);
#3367 = CARTESIAN_POINT('',(10.105317487626,-34.));
#3368 = VECTOR('',#3369,1.);
#3369 = DIRECTION('',(1.,0.));
#3370 = ( GEOMETRIC_REPRESENTATION_CONTEXT(2) 
PARAMETRIC_REPRESENTATION_CONTEXT() REPRESENTATION_CONTEXT('2D SPACE',''
  ) );
#3371 = ORIENTED_EDGE('',*,*,#3372,.T.);
#3372 = EDGE_CURVE('',#3350,#3254,#3373,.T.);
#3373 = SURFACE_CURVE('',#3374,(#3378,#3385),.PCURVE_S1.);
#3374 = LINE('',#3375,#3376);
#3375 = CARTESIAN_POINT('',(-14.30929289581,16.,-14.));
#3376 = VECTOR('',#3377,1.);
#3377 = DIRECTION('',(-1.,0.,0.));
#3378 = PCURVE('',#439,#3379);
#3379 = DEFINITIONAL_REPRESENTATION('',(#3380),#3384);
#3380 = LINE('',#3381,#3382);
#3381 = CARTESIAN_POINT('',(20.210634975253,-16.69070710417));
#3382 = VECTOR('',#3383,1.);
#3383 = DIRECTION('',(0.,-1.));
#3384 = ( GEOMETRIC_REPRESENTATION_CONTEXT(2) 
PARAMETRIC_REPRESENTATION_CONTEXT() REPRESENTATION_CONTEXT('2D SPACE',''
  ) );
#3385 = PCURVE('',#1383,#3386);
#3386 = DEFINITIONAL_REPRESENTATION('',(#3387),#3391);
#3387 = LINE('',#3388,#3389);
#3388 = CARTESIAN_POINT('',(16.69070710419,34.));
#3389 = VECTOR('',#3390,1.);
#3390 = DIRECTION('',(-1.,0.));
#3391 = ( GEOMETRIC_REPRESENTATION_CONTEXT(2) 
PARAMETRIC_REPRESENTATION_CONTEXT() REPRESENTATION_CONTEXT('2D SPACE',''
  ) );
#3392 = ORIENTED_EDGE('',*,*,#3278,.F.);
#3393 = ADVANCED_FACE('',(#3394),#467,.F.);
#3394 = FACE_BOUND('',#3395,.F.);
#3395 = EDGE_LOOP('',(#3396,#3421,#3442,#3443,#3444,#3467));
#3396 = ORIENTED_EDGE('',*,*,#3397,.F.);
#3397 = EDGE_CURVE('',#3398,#3400,#3402,.T.);
#3398 = VERTEX_POINT('',#3399);
#3399 = CARTESIAN_POINT('',(32.5,12.,-12.6));
#3400 = VERTEX_POINT('',#3401);
#3401 = CARTESIAN_POINT('',(32.5,17.,-12.6));
#3402 = SURFACE_CURVE('',#3403,(#3407,#3414),.PCURVE_S1.);
#3403 = LINE('',#3404,#3405);
#3404 = CARTESIAN_POINT('',(32.5,11.,-12.6));
#3405 = VECTOR('',#3406,1.);
#3406 = DIRECTION('',(0.,1.,0.));
#3407 = PCURVE('',#467,#3408);
#3408 = DEFINITIONAL_REPRESENTATION('',(#3409),#3413);
#3409 = LINE('',#3410,#3411);
#3410 = CARTESIAN_POINT('',(3.2,0.));
#3411 = VECTOR('',#3412,1.);
#3412 = DIRECTION('',(0.,-1.));
#3413 = ( GEOMETRIC_REPRESENTATION_CONTEXT(2) 
PARAMETRIC_REPRESENTATION_CONTEXT() REPRESENTATION_CONTEXT('2D SPACE',''
  ) );
#3414 = PCURVE('',#1271,#3415);
#3415 = DEFINITIONAL_REPRESENTATION('',(#3416),#3420);
#3416 = LINE('',#3417,#3418);
#3417 = CARTESIAN_POINT('',(0.,0.));
#3418 = VECTOR('',#3419,1.);
#3419 = DIRECTION('',(0.,1.));
#3420 = ( GEOMETRIC_REPRESENTATION_CONTEXT(2) 
PARAMETRIC_REPRESENTATION_CONTEXT() REPRESENTATION_CONTEXT('2D SPACE',''
  ) );
#3421 = ORIENTED_EDGE('',*,*,#3422,.F.);
#3422 = EDGE_CURVE('',#452,#3398,#3423,.T.);
#3423 = SURFACE_CURVE('',#3424,(#3428,#3435),.PCURVE_S1.);
#3424 = LINE('',#3425,#3426);
#3425 = CARTESIAN_POINT('',(32.5,12.,-15.8));
#3426 = VECTOR('',#3427,1.);
#3427 = DIRECTION('',(0.,0.,1.));
#3428 = PCURVE('',#467,#3429);
#3429 = DEFINITIONAL_REPRESENTATION('',(#3430),#3434);
#3430 = LINE('',#3431,#3432);
#3431 = CARTESIAN_POINT('',(0.,-1.));
#3432 = VECTOR('',#3433,1.);
#3433 = DIRECTION('',(1.,0.));
#3434 = ( GEOMETRIC_REPRESENTATION_CONTEXT(2) 
PARAMETRIC_REPRESENTATION_CONTEXT() REPRESENTATION_CONTEXT('2D SPACE',''
  ) );
#3435 = PCURVE('',#496,#3436);
#3436 = DEFINITIONAL_REPRESENTATION('',(#3437),#3441);
#3437 = LINE('',#3438,#3439);
#3438 = CARTESIAN_POINT('',(0.,0.));
#3439 = VECTOR('',#3440,1.);
#3440 = DIRECTION('',(0.,1.));
#3441 = ( GEOMETRIC_REPRESENTATION_CONTEXT(2) 
PARAMETRIC_REPRESENTATION_CONTEXT() REPRESENTATION_CONTEXT('2D SPACE',''
  ) );
#3442 = ORIENTED_EDGE('',*,*,#451,.T.);
#3443 = ORIENTED_EDGE('',*,*,#3303,.T.);
#3444 = ORIENTED_EDGE('',*,*,#3445,.T.);
#3445 = EDGE_CURVE('',#3304,#3446,#3448,.T.);
#3446 = VERTEX_POINT('',#3447);
#3447 = CARTESIAN_POINT('',(32.5,17.,-13.8));
#3448 = SURFACE_CURVE('',#3449,(#3453,#3460),.PCURVE_S1.);
#3449 = LINE('',#3450,#3451);
#3450 = CARTESIAN_POINT('',(32.5,12.5,-13.8));
#3451 = VECTOR('',#3452,1.);
#3452 = DIRECTION('',(0.,1.,0.));
#3453 = PCURVE('',#467,#3454);
#3454 = DEFINITIONAL_REPRESENTATION('',(#3455),#3459);
#3455 = LINE('',#3456,#3457);
#3456 = CARTESIAN_POINT('',(2.,-1.5));
#3457 = VECTOR('',#3458,1.);
#3458 = DIRECTION('',(0.,-1.));
#3459 = ( GEOMETRIC_REPRESENTATION_CONTEXT(2) 
PARAMETRIC_REPRESENTATION_CONTEXT() REPRESENTATION_CONTEXT('2D SPACE',''
  ) );
#3460 = PCURVE('',#1327,#3461);
#3461 = DEFINITIONAL_REPRESENTATION('',(#3462),#3466);
#3462 = LINE('',#3463,#3464);
#3463 = CARTESIAN_POINT('',(65.5,-1.5));
#3464 = VECTOR('',#3465,1.);
#3465 = DIRECTION('',(0.,1.));
#3466 = ( GEOMETRIC_REPRESENTATION_CONTEXT(2) 
PARAMETRIC_REPRESENTATION_CONTEXT() REPRESENTATION_CONTEXT('2D SPACE',''
  ) );
#3467 = ORIENTED_EDGE('',*,*,#3468,.T.);
#3468 = EDGE_CURVE('',#3446,#3400,#3469,.T.);
#3469 = SURFACE_CURVE('',#3470,(#3474,#3481),.PCURVE_S1.);
#3470 = LINE('',#3471,#3472);
#3471 = CARTESIAN_POINT('',(32.5,17.,-15.8));
#3472 = VECTOR('',#3473,1.);
#3473 = DIRECTION('',(0.,0.,1.));
#3474 = PCURVE('',#467,#3475);
#3475 = DEFINITIONAL_REPRESENTATION('',(#3476),#3480);
#3476 = LINE('',#3477,#3478);
#3477 = CARTESIAN_POINT('',(0.,-6.));
#3478 = VECTOR('',#3479,1.);
#3479 = DIRECTION('',(1.,0.));
#3480 = ( GEOMETRIC_REPRESENTATION_CONTEXT(2) 
PARAMETRIC_REPRESENTATION_CONTEXT() REPRESENTATION_CONTEXT('2D SPACE',''
  ) );
#3481 = PCURVE('',#1299,#3482);
#3482 = DEFINITIONAL_REPRESENTATION('',(#3483),#3487);
#3483 = LINE('',#3484,#3485);
#3484 = CARTESIAN_POINT('',(6.28318530718,0.));
#3485 = VECTOR('',#3486,1.);
#3486 = DIRECTION('',(-0.,1.));
#3487 = ( GEOMETRIC_REPRESENTATION_CONTEXT(2) 
PARAMETRIC_REPRESENTATION_CONTEXT() REPRESENTATION_CONTEXT('2D SPACE',''
  ) );
#3488 = ADVANCED_FACE('',(#3489),#496,.T.);
#3489 = FACE_BOUND('',#3490,.T.);
#3490 = EDGE_LOOP('',(#3491,#3492,#3515,#3537));
#3491 = ORIENTED_EDGE('',*,*,#479,.T.);
#3492 = ORIENTED_EDGE('',*,*,#3493,.T.);
#3493 = EDGE_CURVE('',#480,#3494,#3496,.T.);
#3494 = VERTEX_POINT('',#3495);
#3495 = CARTESIAN_POINT('',(33.5,11.,-12.6));
#3496 = SURFACE_CURVE('',#3497,(#3501,#3508),.PCURVE_S1.);
#3497 = LINE('',#3498,#3499);
#3498 = CARTESIAN_POINT('',(33.5,11.,-15.8));
#3499 = VECTOR('',#3500,1.);
#3500 = DIRECTION('',(0.,0.,1.));
#3501 = PCURVE('',#496,#3502);
#3502 = DEFINITIONAL_REPRESENTATION('',(#3503),#3507);
#3503 = LINE('',#3504,#3505);
#3504 = CARTESIAN_POINT('',(1.570796326795,0.));
#3505 = VECTOR('',#3506,1.);
#3506 = DIRECTION('',(0.,1.));
#3507 = ( GEOMETRIC_REPRESENTATION_CONTEXT(2) 
PARAMETRIC_REPRESENTATION_CONTEXT() REPRESENTATION_CONTEXT('2D SPACE',''
  ) );
#3508 = PCURVE('',#524,#3509);
#3509 = DEFINITIONAL_REPRESENTATION('',(#3510),#3514);
#3510 = LINE('',#3511,#3512);
#3511 = CARTESIAN_POINT('',(0.,1.));
#3512 = VECTOR('',#3513,1.);
#3513 = DIRECTION('',(1.,0.));
#3514 = ( GEOMETRIC_REPRESENTATION_CONTEXT(2) 
PARAMETRIC_REPRESENTATION_CONTEXT() REPRESENTATION_CONTEXT('2D SPACE',''
  ) );
#3515 = ORIENTED_EDGE('',*,*,#3516,.F.);
#3516 = EDGE_CURVE('',#3398,#3494,#3517,.T.);
#3517 = SURFACE_CURVE('',#3518,(#3523,#3530),.PCURVE_S1.);
#3518 = CIRCLE('',#3519,1.);
#3519 = AXIS2_PLACEMENT_3D('',#3520,#3521,#3522);
#3520 = CARTESIAN_POINT('',(33.5,12.,-12.6));
#3521 = DIRECTION('',(0.,0.,1.));
#3522 = DIRECTION('',(0.,-1.,0.));
#3523 = PCURVE('',#496,#3524);
#3524 = DEFINITIONAL_REPRESENTATION('',(#3525),#3529);
#3525 = LINE('',#3526,#3527);
#3526 = CARTESIAN_POINT('',(-4.712388980385,3.2));
#3527 = VECTOR('',#3528,1.);
#3528 = DIRECTION('',(1.,0.));
#3529 = ( GEOMETRIC_REPRESENTATION_CONTEXT(2) 
PARAMETRIC_REPRESENTATION_CONTEXT() REPRESENTATION_CONTEXT('2D SPACE',''
  ) );
#3530 = PCURVE('',#1271,#3531);
#3531 = DEFINITIONAL_REPRESENTATION('',(#3532),#3536);
#3532 = CIRCLE('',#3533,1.);
#3533 = AXIS2_PLACEMENT_2D('',#3534,#3535);
#3534 = CARTESIAN_POINT('',(1.,1.));
#3535 = DIRECTION('',(0.,-1.));
#3536 = ( GEOMETRIC_REPRESENTATION_CONTEXT(2) 
PARAMETRIC_REPRESENTATION_CONTEXT() REPRESENTATION_CONTEXT('2D SPACE',''
  ) );
#3537 = ORIENTED_EDGE('',*,*,#3422,.F.);
#3538 = ADVANCED_FACE('',(#3539),#524,.F.);
#3539 = FACE_BOUND('',#3540,.F.);
#3540 = EDGE_LOOP('',(#3541,#3542,#3543,#3566));
#3541 = ORIENTED_EDGE('',*,*,#508,.F.);
#3542 = ORIENTED_EDGE('',*,*,#3493,.T.);
#3543 = ORIENTED_EDGE('',*,*,#3544,.T.);
#3544 = EDGE_CURVE('',#3494,#3545,#3547,.T.);
#3545 = VERTEX_POINT('',#3546);
#3546 = CARTESIAN_POINT('',(38.5,11.,-12.6));
#3547 = SURFACE_CURVE('',#3548,(#3552,#3559),.PCURVE_S1.);
#3548 = LINE('',#3549,#3550);
#3549 = CARTESIAN_POINT('',(32.5,11.,-12.6));
#3550 = VECTOR('',#3551,1.);
#3551 = DIRECTION('',(1.,0.,0.));
#3552 = PCURVE('',#524,#3553);
#3553 = DEFINITIONAL_REPRESENTATION('',(#3554),#3558);
#3554 = LINE('',#3555,#3556);
#3555 = CARTESIAN_POINT('',(3.2,0.));
#3556 = VECTOR('',#3557,1.);
#3557 = DIRECTION('',(0.,1.));
#3558 = ( GEOMETRIC_REPRESENTATION_CONTEXT(2) 
PARAMETRIC_REPRESENTATION_CONTEXT() REPRESENTATION_CONTEXT('2D SPACE',''
  ) );
#3559 = PCURVE('',#1271,#3560);
#3560 = DEFINITIONAL_REPRESENTATION('',(#3561),#3565);
#3561 = LINE('',#3562,#3563);
#3562 = CARTESIAN_POINT('',(0.,0.));
#3563 = VECTOR('',#3564,1.);
#3564 = DIRECTION('',(1.,0.));
#3565 = ( GEOMETRIC_REPRESENTATION_CONTEXT(2) 
PARAMETRIC_REPRESENTATION_CONTEXT() REPRESENTATION_CONTEXT('2D SPACE',''
  ) );
#3566 = ORIENTED_EDGE('',*,*,#3567,.F.);
#3567 = EDGE_CURVE('',#509,#3545,#3568,.T.);
#3568 = SURFACE_CURVE('',#3569,(#3573,#3580),.PCURVE_S1.);
#3569 = LINE('',#3570,#3571);
#3570 = CARTESIAN_POINT('',(38.5,11.,-15.8));
#3571 = VECTOR('',#3572,1.);
#3572 = DIRECTION('',(0.,0.,1.));
#3573 = PCURVE('',#524,#3574);
#3574 = DEFINITIONAL_REPRESENTATION('',(#3575),#3579);
#3575 = LINE('',#3576,#3577);
#3576 = CARTESIAN_POINT('',(0.,6.));
#3577 = VECTOR('',#3578,1.);
#3578 = DIRECTION('',(1.,0.));
#3579 = ( GEOMETRIC_REPRESENTATION_CONTEXT(2) 
PARAMETRIC_REPRESENTATION_CONTEXT() REPRESENTATION_CONTEXT('2D SPACE',''
  ) );
#3580 = PCURVE('',#557,#3581);
#3581 = DEFINITIONAL_REPRESENTATION('',(#3582),#3586);
#3582 = LINE('',#3583,#3584);
#3583 = CARTESIAN_POINT('',(4.712388980385,0.));
#3584 = VECTOR('',#3585,1.);
#3585 = DIRECTION('',(-0.,1.));
#3586 = ( GEOMETRIC_REPRESENTATION_CONTEXT(2) 
PARAMETRIC_REPRESENTATION_CONTEXT() REPRESENTATION_CONTEXT('2D SPACE',''
  ) );
#3587 = ADVANCED_FACE('',(#3588),#557,.T.);
#3588 = FACE_BOUND('',#3589,.T.);
#3589 = EDGE_LOOP('',(#3590,#3613,#3639,#3640));
#3590 = ORIENTED_EDGE('',*,*,#3591,.T.);
#3591 = EDGE_CURVE('',#537,#3592,#3594,.T.);
#3592 = VERTEX_POINT('',#3593);
#3593 = CARTESIAN_POINT('',(39.5,12.,-12.6));
#3594 = SURFACE_CURVE('',#3595,(#3599,#3606),.PCURVE_S1.);
#3595 = LINE('',#3596,#3597);
#3596 = CARTESIAN_POINT('',(39.5,12.,-15.8));
#3597 = VECTOR('',#3598,1.);
#3598 = DIRECTION('',(0.,0.,1.));
#3599 = PCURVE('',#557,#3600);
#3600 = DEFINITIONAL_REPRESENTATION('',(#3601),#3605);
#3601 = LINE('',#3602,#3603);
#3602 = CARTESIAN_POINT('',(6.28318530718,0.));
#3603 = VECTOR('',#3604,1.);
#3604 = DIRECTION('',(-0.,1.));
#3605 = ( GEOMETRIC_REPRESENTATION_CONTEXT(2) 
PARAMETRIC_REPRESENTATION_CONTEXT() REPRESENTATION_CONTEXT('2D SPACE',''
  ) );
#3606 = PCURVE('',#585,#3607);
#3607 = DEFINITIONAL_REPRESENTATION('',(#3608),#3612);
#3608 = LINE('',#3609,#3610);
#3609 = CARTESIAN_POINT('',(0.,-1.));
#3610 = VECTOR('',#3611,1.);
#3611 = DIRECTION('',(1.,0.));
#3612 = ( GEOMETRIC_REPRESENTATION_CONTEXT(2) 
PARAMETRIC_REPRESENTATION_CONTEXT() REPRESENTATION_CONTEXT('2D SPACE',''
  ) );
#3613 = ORIENTED_EDGE('',*,*,#3614,.T.);
#3614 = EDGE_CURVE('',#3592,#3545,#3615,.T.);
#3615 = SURFACE_CURVE('',#3616,(#3621,#3628),.PCURVE_S1.);
#3616 = CIRCLE('',#3617,1.);
#3617 = AXIS2_PLACEMENT_3D('',#3618,#3619,#3620);
#3618 = CARTESIAN_POINT('',(38.5,12.,-12.6));
#3619 = DIRECTION('',(-0.,-0.,-1.));
#3620 = DIRECTION('',(0.,-1.,0.));
#3621 = PCURVE('',#557,#3622);
#3622 = DEFINITIONAL_REPRESENTATION('',(#3623),#3627);
#3623 = LINE('',#3624,#3625);
#3624 = CARTESIAN_POINT('',(10.995574287565,3.2));
#3625 = VECTOR('',#3626,1.);
#3626 = DIRECTION('',(-1.,0.));
#3627 = ( GEOMETRIC_REPRESENTATION_CONTEXT(2) 
PARAMETRIC_REPRESENTATION_CONTEXT() REPRESENTATION_CONTEXT('2D SPACE',''
  ) );
#3628 = PCURVE('',#1271,#3629);
#3629 = DEFINITIONAL_REPRESENTATION('',(#3630),#3638);
#3630 = ( BOUNDED_CURVE() B_SPLINE_CURVE(2,(#3631,#3632,#3633,#3634,
#3635,#3636,#3637),.UNSPECIFIED.,.T.,.F.) B_SPLINE_CURVE_WITH_KNOTS((1,2
    ,2,2,2,1),(-2.094395102393,0.,2.094395102393,4.188790204786,
6.28318530718,8.377580409573),.UNSPECIFIED.) CURVE() 
GEOMETRIC_REPRESENTATION_ITEM() RATIONAL_B_SPLINE_CURVE((1.,0.5,1.,0.5,
1.,0.5,1.)) REPRESENTATION_ITEM('') );
#3631 = CARTESIAN_POINT('',(6.,0.));
#3632 = CARTESIAN_POINT('',(4.267949192431,0.));
#3633 = CARTESIAN_POINT('',(5.133974596216,1.5));
#3634 = CARTESIAN_POINT('',(6.,3.));
#3635 = CARTESIAN_POINT('',(6.866025403784,1.5));
#3636 = CARTESIAN_POINT('',(7.732050807569,1.554312234475E-15));
#3637 = CARTESIAN_POINT('',(6.,0.));
#3638 = ( GEOMETRIC_REPRESENTATION_CONTEXT(2) 
PARAMETRIC_REPRESENTATION_CONTEXT() REPRESENTATION_CONTEXT('2D SPACE',''
  ) );
#3639 = ORIENTED_EDGE('',*,*,#3567,.F.);
#3640 = ORIENTED_EDGE('',*,*,#536,.F.);
#3641 = ADVANCED_FACE('',(#3642),#585,.T.);
#3642 = FACE_BOUND('',#3643,.T.);
#3643 = EDGE_LOOP('',(#3644,#3667,#3668,#3669,#3692,#3715));
#3644 = ORIENTED_EDGE('',*,*,#3645,.F.);
#3645 = EDGE_CURVE('',#3592,#3646,#3648,.T.);
#3646 = VERTEX_POINT('',#3647);
#3647 = CARTESIAN_POINT('',(39.5,17.,-12.6));
#3648 = SURFACE_CURVE('',#3649,(#3653,#3660),.PCURVE_S1.);
#3649 = LINE('',#3650,#3651);
#3650 = CARTESIAN_POINT('',(39.5,11.,-12.6));
#3651 = VECTOR('',#3652,1.);
#3652 = DIRECTION('',(0.,1.,0.));
#3653 = PCURVE('',#585,#3654);
#3654 = DEFINITIONAL_REPRESENTATION('',(#3655),#3659);
#3655 = LINE('',#3656,#3657);
#3656 = CARTESIAN_POINT('',(3.2,0.));
#3657 = VECTOR('',#3658,1.);
#3658 = DIRECTION('',(0.,-1.));
#3659 = ( GEOMETRIC_REPRESENTATION_CONTEXT(2) 
PARAMETRIC_REPRESENTATION_CONTEXT() REPRESENTATION_CONTEXT('2D SPACE',''
  ) );
#3660 = PCURVE('',#1271,#3661);
#3661 = DEFINITIONAL_REPRESENTATION('',(#3662),#3666);
#3662 = LINE('',#3663,#3664);
#3663 = CARTESIAN_POINT('',(7.,0.));
#3664 = VECTOR('',#3665,1.);
#3665 = DIRECTION('',(0.,1.));
#3666 = ( GEOMETRIC_REPRESENTATION_CONTEXT(2) 
PARAMETRIC_REPRESENTATION_CONTEXT() REPRESENTATION_CONTEXT('2D SPACE',''
  ) );
#3667 = ORIENTED_EDGE('',*,*,#3591,.F.);
#3668 = ORIENTED_EDGE('',*,*,#569,.T.);
#3669 = ORIENTED_EDGE('',*,*,#3670,.T.);
#3670 = EDGE_CURVE('',#570,#3671,#3673,.T.);
#3671 = VERTEX_POINT('',#3672);
#3672 = CARTESIAN_POINT('',(39.5,16.,-13.8));
#3673 = SURFACE_CURVE('',#3674,(#3678,#3685),.PCURVE_S1.);
#3674 = LINE('',#3675,#3676);
#3675 = CARTESIAN_POINT('',(39.5,16.,-4.794682512374));
#3676 = VECTOR('',#3677,1.);
#3677 = DIRECTION('',(0.,0.,1.));
#3678 = PCURVE('',#585,#3679);
#3679 = DEFINITIONAL_REPRESENTATION('',(#3680),#3684);
#3680 = LINE('',#3681,#3682);
#3681 = CARTESIAN_POINT('',(11.005317487626,-5.));
#3682 = VECTOR('',#3683,1.);
#3683 = DIRECTION('',(1.,0.));
#3684 = ( GEOMETRIC_REPRESENTATION_CONTEXT(2) 
PARAMETRIC_REPRESENTATION_CONTEXT() REPRESENTATION_CONTEXT('2D SPACE',''
  ) );
#3685 = PCURVE('',#613,#3686);
#3686 = DEFINITIONAL_REPRESENTATION('',(#3687),#3691);
#3687 = LINE('',#3688,#3689);
#3688 = CARTESIAN_POINT('',(11.005317487627,37.118585791639));
#3689 = VECTOR('',#3690,1.);
#3690 = DIRECTION('',(-1.,0.));
#3691 = ( GEOMETRIC_REPRESENTATION_CONTEXT(2) 
PARAMETRIC_REPRESENTATION_CONTEXT() REPRESENTATION_CONTEXT('2D SPACE',''
  ) );
#3692 = ORIENTED_EDGE('',*,*,#3693,.T.);
#3693 = EDGE_CURVE('',#3671,#3694,#3696,.T.);
#3694 = VERTEX_POINT('',#3695);
#3695 = CARTESIAN_POINT('',(39.5,17.,-13.8));
#3696 = SURFACE_CURVE('',#3697,(#3701,#3708),.PCURVE_S1.);
#3697 = LINE('',#3698,#3699);
#3698 = CARTESIAN_POINT('',(39.5,12.5,-13.8));
#3699 = VECTOR('',#3700,1.);
#3700 = DIRECTION('',(0.,1.,0.));
#3701 = PCURVE('',#585,#3702);
#3702 = DEFINITIONAL_REPRESENTATION('',(#3703),#3707);
#3703 = LINE('',#3704,#3705);
#3704 = CARTESIAN_POINT('',(2.,-1.5));
#3705 = VECTOR('',#3706,1.);
#3706 = DIRECTION('',(0.,-1.));
#3707 = ( GEOMETRIC_REPRESENTATION_CONTEXT(2) 
PARAMETRIC_REPRESENTATION_CONTEXT() REPRESENTATION_CONTEXT('2D SPACE',''
  ) );
#3708 = PCURVE('',#1215,#3709);
#3709 = DEFINITIONAL_REPRESENTATION('',(#3710),#3714);
#3710 = LINE('',#3711,#3712);
#3711 = CARTESIAN_POINT('',(72.5,-1.5));
#3712 = VECTOR('',#3713,1.);
#3713 = DIRECTION('',(0.,1.));
#3714 = ( GEOMETRIC_REPRESENTATION_CONTEXT(2) 
PARAMETRIC_REPRESENTATION_CONTEXT() REPRESENTATION_CONTEXT('2D SPACE',''
  ) );
#3715 = ORIENTED_EDGE('',*,*,#3716,.T.);
#3716 = EDGE_CURVE('',#3694,#3646,#3717,.T.);
#3717 = SURFACE_CURVE('',#3718,(#3722,#3729),.PCURVE_S1.);
#3718 = LINE('',#3719,#3720);
#3719 = CARTESIAN_POINT('',(39.5,17.,-15.8));
#3720 = VECTOR('',#3721,1.);
#3721 = DIRECTION('',(0.,0.,1.));
#3722 = PCURVE('',#585,#3723);
#3723 = DEFINITIONAL_REPRESENTATION('',(#3724),#3728);
#3724 = LINE('',#3725,#3726);
#3725 = CARTESIAN_POINT('',(0.,-6.));
#3726 = VECTOR('',#3727,1.);
#3727 = DIRECTION('',(1.,0.));
#3728 = ( GEOMETRIC_REPRESENTATION_CONTEXT(2) 
PARAMETRIC_REPRESENTATION_CONTEXT() REPRESENTATION_CONTEXT('2D SPACE',''
  ) );
#3729 = PCURVE('',#1243,#3730);
#3730 = DEFINITIONAL_REPRESENTATION('',(#3731),#3735);
#3731 = LINE('',#3732,#3733);
#3732 = CARTESIAN_POINT('',(0.,0.));
#3733 = VECTOR('',#3734,1.);
#3734 = DIRECTION('',(0.,1.));
#3735 = ( GEOMETRIC_REPRESENTATION_CONTEXT(2) 
PARAMETRIC_REPRESENTATION_CONTEXT() REPRESENTATION_CONTEXT('2D SPACE',''
  ) );
#3736 = ADVANCED_FACE('',(#3737),#613,.T.);
#3737 = FACE_BOUND('',#3738,.T.);
#3738 = EDGE_LOOP('',(#3739,#3769,#3790,#3791,#3792,#3815,#3843));
#3739 = ORIENTED_EDGE('',*,*,#3740,.T.);
#3740 = EDGE_CURVE('',#3741,#3743,#3745,.T.);
#3741 = VERTEX_POINT('',#3742);
#3742 = CARTESIAN_POINT('',(44.,16.,-12.8));
#3743 = VERTEX_POINT('',#3744);
#3744 = CARTESIAN_POINT('',(43.,16.,-13.8));
#3745 = SURFACE_CURVE('',#3746,(#3751,#3762),.PCURVE_S1.);
#3746 = CIRCLE('',#3747,1.);
#3747 = AXIS2_PLACEMENT_3D('',#3748,#3749,#3750);
#3748 = CARTESIAN_POINT('',(43.,16.,-12.8));
#3749 = DIRECTION('',(0.,1.,0.));
#3750 = DIRECTION('',(1.,0.,-0.));
#3751 = PCURVE('',#613,#3752);
#3752 = DEFINITIONAL_REPRESENTATION('',(#3753),#3761);
#3753 = ( BOUNDED_CURVE() B_SPLINE_CURVE(2,(#3754,#3755,#3756,#3757,
#3758,#3759,#3760),.UNSPECIFIED.,.T.,.F.) B_SPLINE_CURVE_WITH_KNOTS((1,2
    ,2,2,2,1),(-2.094395102393,0.,2.094395102393,4.188790204786,
6.28318530718,8.377580409573),.UNSPECIFIED.) CURVE() 
GEOMETRIC_REPRESENTATION_ITEM() RATIONAL_B_SPLINE_CURVE((1.,0.5,1.,0.5,
1.,0.5,1.)) REPRESENTATION_ITEM('') );
#3754 = CARTESIAN_POINT('',(19.010634975253,41.618585791639));
#3755 = CARTESIAN_POINT('',(20.742685782822,41.618585791639));
#3756 = CARTESIAN_POINT('',(19.876660379037,40.118585791639));
#3757 = CARTESIAN_POINT('',(19.010634975253,38.618585791639));
#3758 = CARTESIAN_POINT('',(18.144609571469,40.118585791639));
#3759 = CARTESIAN_POINT('',(17.278584167684,41.618585791639));
#3760 = CARTESIAN_POINT('',(19.010634975253,41.618585791639));
#3761 = ( GEOMETRIC_REPRESENTATION_CONTEXT(2) 
PARAMETRIC_REPRESENTATION_CONTEXT() REPRESENTATION_CONTEXT('2D SPACE',''
  ) );
#3762 = PCURVE('',#1187,#3763);
#3763 = DEFINITIONAL_REPRESENTATION('',(#3764),#3768);
#3764 = LINE('',#3765,#3766);
#3765 = CARTESIAN_POINT('',(0.,2.));
#3766 = VECTOR('',#3767,1.);
#3767 = DIRECTION('',(1.,0.));
#3768 = ( GEOMETRIC_REPRESENTATION_CONTEXT(2) 
PARAMETRIC_REPRESENTATION_CONTEXT() REPRESENTATION_CONTEXT('2D SPACE',''
  ) );
#3769 = ORIENTED_EDGE('',*,*,#3770,.T.);
#3770 = EDGE_CURVE('',#3743,#3671,#3771,.T.);
#3771 = SURFACE_CURVE('',#3772,(#3776,#3783),.PCURVE_S1.);
#3772 = LINE('',#3773,#3774);
#3773 = CARTESIAN_POINT('',(-15.30929289582,16.,-13.8));
#3774 = VECTOR('',#3775,1.);
#3775 = DIRECTION('',(-1.,0.,0.));
#3776 = PCURVE('',#613,#3777);
#3777 = DEFINITIONAL_REPRESENTATION('',(#3778),#3782);
#3778 = LINE('',#3779,#3780);
#3779 = CARTESIAN_POINT('',(20.010634975253,-17.69070710418));
#3780 = VECTOR('',#3781,1.);
#3781 = DIRECTION('',(0.,-1.));
#3782 = ( GEOMETRIC_REPRESENTATION_CONTEXT(2) 
PARAMETRIC_REPRESENTATION_CONTEXT() REPRESENTATION_CONTEXT('2D SPACE',''
  ) );
#3783 = PCURVE('',#1215,#3784);
#3784 = DEFINITIONAL_REPRESENTATION('',(#3785),#3789);
#3785 = LINE('',#3786,#3787);
#3786 = CARTESIAN_POINT('',(17.69070710418,2.));
#3787 = VECTOR('',#3788,1.);
#3788 = DIRECTION('',(-1.,0.));
#3789 = ( GEOMETRIC_REPRESENTATION_CONTEXT(2) 
PARAMETRIC_REPRESENTATION_CONTEXT() REPRESENTATION_CONTEXT('2D SPACE',''
  ) );
#3790 = ORIENTED_EDGE('',*,*,#3670,.F.);
#3791 = ORIENTED_EDGE('',*,*,#597,.T.);
#3792 = ORIENTED_EDGE('',*,*,#3793,.T.);
#3793 = EDGE_CURVE('',#598,#3794,#3796,.T.);
#3794 = VERTEX_POINT('',#3795);
#3795 = CARTESIAN_POINT('',(45.,16.,-1.));
#3796 = SURFACE_CURVE('',#3797,(#3801,#3808),.PCURVE_S1.);
#3797 = LINE('',#3798,#3799);
#3798 = CARTESIAN_POINT('',(45.,16.,-18.));
#3799 = VECTOR('',#3800,1.);
#3800 = DIRECTION('',(0.,0.,1.));
#3801 = PCURVE('',#613,#3802);
#3802 = DEFINITIONAL_REPRESENTATION('',(#3803),#3807);
#3803 = LINE('',#3804,#3805);
#3804 = CARTESIAN_POINT('',(24.210634975253,42.618585791639));
#3805 = VECTOR('',#3806,1.);
#3806 = DIRECTION('',(-1.,0.));
#3807 = ( GEOMETRIC_REPRESENTATION_CONTEXT(2) 
PARAMETRIC_REPRESENTATION_CONTEXT() REPRESENTATION_CONTEXT('2D SPACE',''
  ) );
#3808 = PCURVE('',#641,#3809);
#3809 = DEFINITIONAL_REPRESENTATION('',(#3810),#3814);
#3810 = LINE('',#3811,#3812);
#3811 = CARTESIAN_POINT('',(0.,0.));
#3812 = VECTOR('',#3813,1.);
#3813 = DIRECTION('',(1.,0.));
#3814 = ( GEOMETRIC_REPRESENTATION_CONTEXT(2) 
PARAMETRIC_REPRESENTATION_CONTEXT() REPRESENTATION_CONTEXT('2D SPACE',''
  ) );
#3815 = ORIENTED_EDGE('',*,*,#3816,.T.);
#3816 = EDGE_CURVE('',#3794,#3817,#3819,.T.);
#3817 = VERTEX_POINT('',#3818);
#3818 = CARTESIAN_POINT('',(44.,16.,1.925));
#3819 = SURFACE_CURVE('',#3820,(#3824,#3831),.PCURVE_S1.);
#3820 = LINE('',#3821,#3822);
#3821 = CARTESIAN_POINT('',(45.,16.,-1.));
#3822 = VECTOR('',#3823,1.);
#3823 = DIRECTION('',(-0.323497144114,0.,0.946229146534));
#3824 = PCURVE('',#613,#3825);
#3825 = DEFINITIONAL_REPRESENTATION('',(#3826),#3830);
#3826 = LINE('',#3827,#3828);
#3827 = CARTESIAN_POINT('',(7.210634975253,42.618585791639));
#3828 = VECTOR('',#3829,1.);
#3829 = DIRECTION('',(-0.946229146534,-0.323497144114));
#3830 = ( GEOMETRIC_REPRESENTATION_CONTEXT(2) 
PARAMETRIC_REPRESENTATION_CONTEXT() REPRESENTATION_CONTEXT('2D SPACE',''
  ) );
#3831 = PCURVE('',#3832,#3837);
#3832 = PLANE('',#3833);
#3833 = AXIS2_PLACEMENT_3D('',#3834,#3835,#3836);
#3834 = CARTESIAN_POINT('',(45.,16.,-1.));
#3835 = DIRECTION('',(-0.946229146534,-0.,-0.323497144114));
#3836 = DIRECTION('',(-0.323497144114,0.,0.946229146534));
#3837 = DEFINITIONAL_REPRESENTATION('',(#3838),#3842);
#3838 = LINE('',#3839,#3840);
#3839 = CARTESIAN_POINT('',(0.,0.));
#3840 = VECTOR('',#3841,1.);
#3841 = DIRECTION('',(1.,0.));
#3842 = ( GEOMETRIC_REPRESENTATION_CONTEXT(2) 
PARAMETRIC_REPRESENTATION_CONTEXT() REPRESENTATION_CONTEXT('2D SPACE',''
  ) );
#3843 = ORIENTED_EDGE('',*,*,#3844,.F.);
#3844 = EDGE_CURVE('',#3741,#3817,#3845,.T.);
#3845 = SURFACE_CURVE('',#3846,(#3850,#3857),.PCURVE_S1.);
#3846 = LINE('',#3847,#3848);
#3847 = CARTESIAN_POINT('',(44.,16.,-3.794682512374));
#3848 = VECTOR('',#3849,1.);
#3849 = DIRECTION('',(0.,0.,1.));
#3850 = PCURVE('',#613,#3851);
#3851 = DEFINITIONAL_REPRESENTATION('',(#3852),#3856);
#3852 = LINE('',#3853,#3854);
#3853 = CARTESIAN_POINT('',(10.005317487627,41.618585791639));
#3854 = VECTOR('',#3855,1.);
#3855 = DIRECTION('',(-1.,0.));
#3856 = ( GEOMETRIC_REPRESENTATION_CONTEXT(2) 
PARAMETRIC_REPRESENTATION_CONTEXT() REPRESENTATION_CONTEXT('2D SPACE',''
  ) );
#3857 = PCURVE('',#1154,#3858);
#3858 = DEFINITIONAL_REPRESENTATION('',(#3859),#3863);
#3859 = LINE('',#3860,#3861);
#3860 = CARTESIAN_POINT('',(10.005317487626,-2.));
#3861 = VECTOR('',#3862,1.);
#3862 = DIRECTION('',(1.,0.));
#3863 = ( GEOMETRIC_REPRESENTATION_CONTEXT(2) 
PARAMETRIC_REPRESENTATION_CONTEXT() REPRESENTATION_CONTEXT('2D SPACE',''
  ) );
#3864 = ADVANCED_FACE('',(#3865),#641,.T.);
#3865 = FACE_BOUND('',#3866,.T.);
#3866 = EDGE_LOOP('',(#3867,#3868,#3869,#3892));
#3867 = ORIENTED_EDGE('',*,*,#3793,.F.);
#3868 = ORIENTED_EDGE('',*,*,#625,.T.);
#3869 = ORIENTED_EDGE('',*,*,#3870,.T.);
#3870 = EDGE_CURVE('',#626,#3871,#3873,.T.);
#3871 = VERTEX_POINT('',#3872);
#3872 = CARTESIAN_POINT('',(45.,-28.,-1.));
#3873 = SURFACE_CURVE('',#3874,(#3878,#3885),.PCURVE_S1.);
#3874 = LINE('',#3875,#3876);
#3875 = CARTESIAN_POINT('',(45.,-28.,-18.));
#3876 = VECTOR('',#3877,1.);
#3877 = DIRECTION('',(0.,0.,1.));
#3878 = PCURVE('',#641,#3879);
#3879 = DEFINITIONAL_REPRESENTATION('',(#3880),#3884);
#3880 = LINE('',#3881,#3882);
#3881 = CARTESIAN_POINT('',(0.,-44.));
#3882 = VECTOR('',#3883,1.);
#3883 = DIRECTION('',(1.,0.));
#3884 = ( GEOMETRIC_REPRESENTATION_CONTEXT(2) 
PARAMETRIC_REPRESENTATION_CONTEXT() REPRESENTATION_CONTEXT('2D SPACE',''
  ) );
#3885 = PCURVE('',#669,#3886);
#3886 = DEFINITIONAL_REPRESENTATION('',(#3887),#3891);
#3887 = LINE('',#3888,#3889);
#3888 = CARTESIAN_POINT('',(24.210634975253,42.618585791639));
#3889 = VECTOR('',#3890,1.);
#3890 = DIRECTION('',(-1.,0.));
#3891 = ( GEOMETRIC_REPRESENTATION_CONTEXT(2) 
PARAMETRIC_REPRESENTATION_CONTEXT() REPRESENTATION_CONTEXT('2D SPACE',''
  ) );
#3892 = ORIENTED_EDGE('',*,*,#3893,.F.);
#3893 = EDGE_CURVE('',#3794,#3871,#3894,.T.);
#3894 = SURFACE_CURVE('',#3895,(#3899,#3906),.PCURVE_S1.);
#3895 = LINE('',#3896,#3897);
#3896 = CARTESIAN_POINT('',(45.,16.,-1.));
#3897 = VECTOR('',#3898,1.);
#3898 = DIRECTION('',(0.,-1.,0.));
#3899 = PCURVE('',#641,#3900);
#3900 = DEFINITIONAL_REPRESENTATION('',(#3901),#3905);
#3901 = LINE('',#3902,#3903);
#3902 = CARTESIAN_POINT('',(17.,0.));
#3903 = VECTOR('',#3904,1.);
#3904 = DIRECTION('',(0.,-1.));
#3905 = ( GEOMETRIC_REPRESENTATION_CONTEXT(2) 
PARAMETRIC_REPRESENTATION_CONTEXT() REPRESENTATION_CONTEXT('2D SPACE',''
  ) );
#3906 = PCURVE('',#3832,#3907);
#3907 = DEFINITIONAL_REPRESENTATION('',(#3908),#3912);
#3908 = LINE('',#3909,#3910);
#3909 = CARTESIAN_POINT('',(0.,0.));
#3910 = VECTOR('',#3911,1.);
#3911 = DIRECTION('',(0.,-1.));
#3912 = ( GEOMETRIC_REPRESENTATION_CONTEXT(2) 
PARAMETRIC_REPRESENTATION_CONTEXT() REPRESENTATION_CONTEXT('2D SPACE',''
  ) );
#3913 = ADVANCED_FACE('',(#3914),#669,.F.);
#3914 = FACE_BOUND('',#3915,.F.);
#3915 = EDGE_LOOP('',(#3916,#3941,#3962,#3963,#3986,#4007,#4008,#4031,
    #4059,#4080,#4081,#4082,#4105,#4133,#4161,#4189,#4217,#4240,#4263,
    #4286,#4309,#4337,#4360,#4388,#4411,#4434,#4457,#4485,#4508,#4536,
    #4559,#4582,#4605,#4633,#4656,#4684,#4707));
#3916 = ORIENTED_EDGE('',*,*,#3917,.T.);
#3917 = EDGE_CURVE('',#3918,#3920,#3922,.T.);
#3918 = VERTEX_POINT('',#3919);
#3919 = CARTESIAN_POINT('',(-31.5,-28.,15.));
#3920 = VERTEX_POINT('',#3921);
#3921 = CARTESIAN_POINT('',(-31.5,-28.,30.031578947368));
#3922 = SURFACE_CURVE('',#3923,(#3927,#3934),.PCURVE_S1.);
#3923 = LINE('',#3924,#3925);
#3924 = CARTESIAN_POINT('',(-31.5,-28.,10.605317487627));
#3925 = VECTOR('',#3926,1.);
#3926 = DIRECTION('',(0.,0.,1.));
#3927 = PCURVE('',#669,#3928);
#3928 = DEFINITIONAL_REPRESENTATION('',(#3929),#3933);
#3929 = LINE('',#3930,#3931);
#3930 = CARTESIAN_POINT('',(-4.394682512374,-33.88141420836));
#3931 = VECTOR('',#3932,1.);
#3932 = DIRECTION('',(-1.,0.));
#3933 = ( GEOMETRIC_REPRESENTATION_CONTEXT(2) 
PARAMETRIC_REPRESENTATION_CONTEXT() REPRESENTATION_CONTEXT('2D SPACE',''
  ) );
#3934 = PCURVE('',#1612,#3935);
#3935 = DEFINITIONAL_REPRESENTATION('',(#3936),#3940);
#3936 = LINE('',#3937,#3938);
#3937 = CARTESIAN_POINT('',(-4.394682512373,-4.));
#3938 = VECTOR('',#3939,1.);
#3939 = DIRECTION('',(1.,0.));
#3940 = ( GEOMETRIC_REPRESENTATION_CONTEXT(2) 
PARAMETRIC_REPRESENTATION_CONTEXT() REPRESENTATION_CONTEXT('2D SPACE',''
  ) );
#3941 = ORIENTED_EDGE('',*,*,#3942,.T.);
#3942 = EDGE_CURVE('',#3920,#2909,#3943,.T.);
#3943 = SURFACE_CURVE('',#3944,(#3948,#3955),.PCURVE_S1.);
#3944 = LINE('',#3945,#3946);
#3945 = CARTESIAN_POINT('',(-27.5,-28.,35.));
#3946 = VECTOR('',#3947,1.);
#3947 = DIRECTION('',(-0.627107106498,0.,-0.778933037545));
#3948 = PCURVE('',#669,#3949);
#3949 = DEFINITIONAL_REPRESENTATION('',(#3950),#3954);
#3950 = LINE('',#3951,#3952);
#3951 = CARTESIAN_POINT('',(-28.78936502474,-29.88141420836));
#3952 = VECTOR('',#3953,1.);
#3953 = DIRECTION('',(0.778933037545,-0.627107106498));
#3954 = ( GEOMETRIC_REPRESENTATION_CONTEXT(2) 
PARAMETRIC_REPRESENTATION_CONTEXT() REPRESENTATION_CONTEXT('2D SPACE',''
  ) );
#3955 = PCURVE('',#2924,#3956);
#3956 = DEFINITIONAL_REPRESENTATION('',(#3957),#3961);
#3957 = LINE('',#3958,#3959);
#3958 = CARTESIAN_POINT('',(-0.,-44.));
#3959 = VECTOR('',#3960,1.);
#3960 = DIRECTION('',(1.,0.));
#3961 = ( GEOMETRIC_REPRESENTATION_CONTEXT(2) 
PARAMETRIC_REPRESENTATION_CONTEXT() REPRESENTATION_CONTEXT('2D SPACE',''
  ) );
#3962 = ORIENTED_EDGE('',*,*,#2936,.T.);
#3963 = ORIENTED_EDGE('',*,*,#3964,.F.);
#3964 = EDGE_CURVE('',#3965,#2937,#3967,.T.);
#3965 = VERTEX_POINT('',#3966);
#3966 = CARTESIAN_POINT('',(-30.5,-28.,-12.6));
#3967 = SURFACE_CURVE('',#3968,(#3972,#3979),.PCURVE_S1.);
#3968 = LINE('',#3969,#3970);
#3969 = CARTESIAN_POINT('',(-17.55929289582,-28.,-12.6));
#3970 = VECTOR('',#3971,1.);
#3971 = DIRECTION('',(-1.,0.,0.));
#3972 = PCURVE('',#669,#3973);
#3973 = DEFINITIONAL_REPRESENTATION('',(#3974),#3978);
#3974 = LINE('',#3975,#3976);
#3975 = CARTESIAN_POINT('',(18.810634975253,-19.94070710418));
#3976 = VECTOR('',#3977,1.);
#3977 = DIRECTION('',(0.,-1.));
#3978 = ( GEOMETRIC_REPRESENTATION_CONTEXT(2) 
PARAMETRIC_REPRESENTATION_CONTEXT() REPRESENTATION_CONTEXT('2D SPACE',''
  ) );
#3979 = PCURVE('',#2975,#3980);
#3980 = DEFINITIONAL_REPRESENTATION('',(#3981),#3985);
#3981 = LINE('',#3982,#3983);
#3982 = CARTESIAN_POINT('',(19.94070710418,2.));
#3983 = VECTOR('',#3984,1.);
#3984 = DIRECTION('',(-1.,0.));
#3985 = ( GEOMETRIC_REPRESENTATION_CONTEXT(2) 
PARAMETRIC_REPRESENTATION_CONTEXT() REPRESENTATION_CONTEXT('2D SPACE',''
  ) );
#3986 = ORIENTED_EDGE('',*,*,#3987,.F.);
#3987 = EDGE_CURVE('',#828,#3965,#3988,.T.);
#3988 = SURFACE_CURVE('',#3989,(#3993,#4000),.PCURVE_S1.);
#3989 = LINE('',#3990,#3991);
#3990 = CARTESIAN_POINT('',(-30.5,-28.,-4.794682512374));
#3991 = VECTOR('',#3992,1.);
#3992 = DIRECTION('',(0.,0.,1.));
#3993 = PCURVE('',#669,#3994);
#3994 = DEFINITIONAL_REPRESENTATION('',(#3995),#3999);
#3995 = LINE('',#3996,#3997);
#3996 = CARTESIAN_POINT('',(11.005317487627,-32.88141420836));
#3997 = VECTOR('',#3998,1.);
#3998 = DIRECTION('',(-1.,0.));
#3999 = ( GEOMETRIC_REPRESENTATION_CONTEXT(2) 
PARAMETRIC_REPRESENTATION_CONTEXT() REPRESENTATION_CONTEXT('2D SPACE',''
  ) );
#4000 = PCURVE('',#866,#4001);
#4001 = DEFINITIONAL_REPRESENTATION('',(#4002),#4006);
#4002 = LINE('',#4003,#4004);
#4003 = CARTESIAN_POINT('',(11.005317487626,-2.));
#4004 = VECTOR('',#4005,1.);
#4005 = DIRECTION('',(1.,0.));
#4006 = ( GEOMETRIC_REPRESENTATION_CONTEXT(2) 
PARAMETRIC_REPRESENTATION_CONTEXT() REPRESENTATION_CONTEXT('2D SPACE',''
  ) );
#4007 = ORIENTED_EDGE('',*,*,#827,.T.);
#4008 = ORIENTED_EDGE('',*,*,#4009,.T.);
#4009 = EDGE_CURVE('',#800,#4010,#4012,.T.);
#4010 = VERTEX_POINT('',#4011);
#4011 = CARTESIAN_POINT('',(32.5,-28.,-12.6));
#4012 = SURFACE_CURVE('',#4013,(#4017,#4024),.PCURVE_S1.);
#4013 = LINE('',#4014,#4015);
#4014 = CARTESIAN_POINT('',(32.5,-28.,-4.794682512374));
#4015 = VECTOR('',#4016,1.);
#4016 = DIRECTION('',(0.,0.,1.));
#4017 = PCURVE('',#669,#4018);
#4018 = DEFINITIONAL_REPRESENTATION('',(#4019),#4023);
#4019 = LINE('',#4020,#4021);
#4020 = CARTESIAN_POINT('',(11.005317487627,30.118585791639));
#4021 = VECTOR('',#4022,1.);
#4022 = DIRECTION('',(-1.,0.));
#4023 = ( GEOMETRIC_REPRESENTATION_CONTEXT(2) 
PARAMETRIC_REPRESENTATION_CONTEXT() REPRESENTATION_CONTEXT('2D SPACE',''
  ) );
#4024 = PCURVE('',#815,#4025);
#4025 = DEFINITIONAL_REPRESENTATION('',(#4026),#4030);
#4026 = LINE('',#4027,#4028);
#4027 = CARTESIAN_POINT('',(11.005317487626,-2.));
#4028 = VECTOR('',#4029,1.);
#4029 = DIRECTION('',(1.,0.));
#4030 = ( GEOMETRIC_REPRESENTATION_CONTEXT(2) 
PARAMETRIC_REPRESENTATION_CONTEXT() REPRESENTATION_CONTEXT('2D SPACE',''
  ) );
#4031 = ORIENTED_EDGE('',*,*,#4032,.F.);
#4032 = EDGE_CURVE('',#4033,#4010,#4035,.T.);
#4033 = VERTEX_POINT('',#4034);
#4034 = CARTESIAN_POINT('',(39.5,-28.,-12.6));
#4035 = SURFACE_CURVE('',#4036,(#4040,#4047),.PCURVE_S1.);
#4036 = LINE('',#4037,#4038);
#4037 = CARTESIAN_POINT('',(17.44070710418,-28.,-12.6));
#4038 = VECTOR('',#4039,1.);
#4039 = DIRECTION('',(-1.,0.,0.));
#4040 = PCURVE('',#669,#4041);
#4041 = DEFINITIONAL_REPRESENTATION('',(#4042),#4046);
#4042 = LINE('',#4043,#4044);
#4043 = CARTESIAN_POINT('',(18.810634975253,15.059292895819));
#4044 = VECTOR('',#4045,1.);
#4045 = DIRECTION('',(0.,-1.));
#4046 = ( GEOMETRIC_REPRESENTATION_CONTEXT(2) 
PARAMETRIC_REPRESENTATION_CONTEXT() REPRESENTATION_CONTEXT('2D SPACE',''
  ) );
#4047 = PCURVE('',#4048,#4053);
#4048 = PLANE('',#4049);
#4049 = AXIS2_PLACEMENT_3D('',#4050,#4051,#4052);
#4050 = CARTESIAN_POINT('',(32.5,-30.,-12.6));
#4051 = DIRECTION('',(0.,0.,1.));
#4052 = DIRECTION('',(1.,0.,-0.));
#4053 = DEFINITIONAL_REPRESENTATION('',(#4054),#4058);
#4054 = LINE('',#4055,#4056);
#4055 = CARTESIAN_POINT('',(-15.05929289582,2.));
#4056 = VECTOR('',#4057,1.);
#4057 = DIRECTION('',(-1.,0.));
#4058 = ( GEOMETRIC_REPRESENTATION_CONTEXT(2) 
PARAMETRIC_REPRESENTATION_CONTEXT() REPRESENTATION_CONTEXT('2D SPACE',''
  ) );
#4059 = ORIENTED_EDGE('',*,*,#4060,.F.);
#4060 = EDGE_CURVE('',#654,#4033,#4061,.T.);
#4061 = SURFACE_CURVE('',#4062,(#4066,#4073),.PCURVE_S1.);
#4062 = LINE('',#4063,#4064);
#4063 = CARTESIAN_POINT('',(39.5,-28.,-4.794682512374));
#4064 = VECTOR('',#4065,1.);
#4065 = DIRECTION('',(0.,0.,1.));
#4066 = PCURVE('',#669,#4067);
#4067 = DEFINITIONAL_REPRESENTATION('',(#4068),#4072);
#4068 = LINE('',#4069,#4070);
#4069 = CARTESIAN_POINT('',(11.005317487627,37.118585791639));
#4070 = VECTOR('',#4071,1.);
#4071 = DIRECTION('',(-1.,0.));
#4072 = ( GEOMETRIC_REPRESENTATION_CONTEXT(2) 
PARAMETRIC_REPRESENTATION_CONTEXT() REPRESENTATION_CONTEXT('2D SPACE',''
  ) );
#4073 = PCURVE('',#697,#4074);
#4074 = DEFINITIONAL_REPRESENTATION('',(#4075),#4079);
#4075 = LINE('',#4076,#4077);
#4076 = CARTESIAN_POINT('',(11.005317487626,-2.));
#4077 = VECTOR('',#4078,1.);
#4078 = DIRECTION('',(1.,0.));
#4079 = ( GEOMETRIC_REPRESENTATION_CONTEXT(2) 
PARAMETRIC_REPRESENTATION_CONTEXT() REPRESENTATION_CONTEXT('2D SPACE',''
  ) );
#4080 = ORIENTED_EDGE('',*,*,#653,.T.);
#4081 = ORIENTED_EDGE('',*,*,#3870,.T.);
#4082 = ORIENTED_EDGE('',*,*,#4083,.T.);
#4083 = EDGE_CURVE('',#3871,#4084,#4086,.T.);
#4084 = VERTEX_POINT('',#4085);
#4085 = CARTESIAN_POINT('',(41.,-28.,10.7));
#4086 = SURFACE_CURVE('',#4087,(#4091,#4098),.PCURVE_S1.);
#4087 = LINE('',#4088,#4089);
#4088 = CARTESIAN_POINT('',(45.,-28.,-1.));
#4089 = VECTOR('',#4090,1.);
#4090 = DIRECTION('',(-0.323497144114,0.,0.946229146534));
#4091 = PCURVE('',#669,#4092);
#4092 = DEFINITIONAL_REPRESENTATION('',(#4093),#4097);
#4093 = LINE('',#4094,#4095);
#4094 = CARTESIAN_POINT('',(7.210634975253,42.618585791639));
#4095 = VECTOR('',#4096,1.);
#4096 = DIRECTION('',(-0.946229146534,-0.323497144114));
#4097 = ( GEOMETRIC_REPRESENTATION_CONTEXT(2) 
PARAMETRIC_REPRESENTATION_CONTEXT() REPRESENTATION_CONTEXT('2D SPACE',''
  ) );
#4098 = PCURVE('',#3832,#4099);
#4099 = DEFINITIONAL_REPRESENTATION('',(#4100),#4104);
#4100 = LINE('',#4101,#4102);
#4101 = CARTESIAN_POINT('',(0.,-44.));
#4102 = VECTOR('',#4103,1.);
#4103 = DIRECTION('',(1.,0.));
#4104 = ( GEOMETRIC_REPRESENTATION_CONTEXT(2) 
PARAMETRIC_REPRESENTATION_CONTEXT() REPRESENTATION_CONTEXT('2D SPACE',''
  ) );
#4105 = ORIENTED_EDGE('',*,*,#4106,.T.);
#4106 = EDGE_CURVE('',#4084,#4107,#4109,.T.);
#4107 = VERTEX_POINT('',#4108);
#4108 = CARTESIAN_POINT('',(36.5,-28.,20.8));
#4109 = SURFACE_CURVE('',#4110,(#4114,#4121),.PCURVE_S1.);
#4110 = LINE('',#4111,#4112);
#4111 = CARTESIAN_POINT('',(41.,-28.,10.7));
#4112 = VECTOR('',#4113,1.);
#4113 = DIRECTION('',(-0.406977423529,0.,0.913438217253));
#4114 = PCURVE('',#669,#4115);
#4115 = DEFINITIONAL_REPRESENTATION('',(#4116),#4120);
#4116 = LINE('',#4117,#4118);
#4117 = CARTESIAN_POINT('',(-4.489365024747,38.618585791639));
#4118 = VECTOR('',#4119,1.);
#4119 = DIRECTION('',(-0.913438217253,-0.406977423529));
#4120 = ( GEOMETRIC_REPRESENTATION_CONTEXT(2) 
PARAMETRIC_REPRESENTATION_CONTEXT() REPRESENTATION_CONTEXT('2D SPACE',''
  ) );
#4121 = PCURVE('',#4122,#4127);
#4122 = PLANE('',#4123);
#4123 = AXIS2_PLACEMENT_3D('',#4124,#4125,#4126);
#4124 = CARTESIAN_POINT('',(41.,16.,10.7));
#4125 = DIRECTION('',(-0.913438217253,-0.,-0.406977423529));
#4126 = DIRECTION('',(-0.406977423529,0.,0.913438217253));
#4127 = DEFINITIONAL_REPRESENTATION('',(#4128),#4132);
#4128 = LINE('',#4129,#4130);
#4129 = CARTESIAN_POINT('',(0.,-44.));
#4130 = VECTOR('',#4131,1.);
#4131 = DIRECTION('',(1.,0.));
#4132 = ( GEOMETRIC_REPRESENTATION_CONTEXT(2) 
PARAMETRIC_REPRESENTATION_CONTEXT() REPRESENTATION_CONTEXT('2D SPACE',''
  ) );
#4133 = ORIENTED_EDGE('',*,*,#4134,.T.);
#4134 = EDGE_CURVE('',#4107,#4135,#4137,.T.);
#4135 = VERTEX_POINT('',#4136);
#4136 = CARTESIAN_POINT('',(28.5,-28.,35.));
#4137 = SURFACE_CURVE('',#4138,(#4142,#4149),.PCURVE_S1.);
#4138 = LINE('',#4139,#4140);
#4139 = CARTESIAN_POINT('',(36.5,-28.,20.8));
#4140 = VECTOR('',#4141,1.);
#4141 = DIRECTION('',(-0.490843733941,0.,0.871247627745));
#4142 = PCURVE('',#669,#4143);
#4143 = DEFINITIONAL_REPRESENTATION('',(#4144),#4148);
#4144 = LINE('',#4145,#4146);
#4145 = CARTESIAN_POINT('',(-14.58936502474,34.118585791639));
#4146 = VECTOR('',#4147,1.);
#4147 = DIRECTION('',(-0.871247627745,-0.490843733941));
#4148 = ( GEOMETRIC_REPRESENTATION_CONTEXT(2) 
PARAMETRIC_REPRESENTATION_CONTEXT() REPRESENTATION_CONTEXT('2D SPACE',''
  ) );
#4149 = PCURVE('',#4150,#4155);
#4150 = PLANE('',#4151);
#4151 = AXIS2_PLACEMENT_3D('',#4152,#4153,#4154);
#4152 = CARTESIAN_POINT('',(36.5,16.,20.8));
#4153 = DIRECTION('',(-0.871247627745,-0.,-0.490843733941));
#4154 = DIRECTION('',(-0.490843733941,0.,0.871247627745));
#4155 = DEFINITIONAL_REPRESENTATION('',(#4156),#4160);
#4156 = LINE('',#4157,#4158);
#4157 = CARTESIAN_POINT('',(0.,-44.));
#4158 = VECTOR('',#4159,1.);
#4159 = DIRECTION('',(1.,0.));
#4160 = ( GEOMETRIC_REPRESENTATION_CONTEXT(2) 
PARAMETRIC_REPRESENTATION_CONTEXT() REPRESENTATION_CONTEXT('2D SPACE',''
  ) );
#4161 = ORIENTED_EDGE('',*,*,#4162,.T.);
#4162 = EDGE_CURVE('',#4135,#4163,#4165,.T.);
#4163 = VERTEX_POINT('',#4164);
#4164 = CARTESIAN_POINT('',(20.,-28.,35.));
#4165 = SURFACE_CURVE('',#4166,(#4170,#4177),.PCURVE_S1.);
#4166 = LINE('',#4167,#4168);
#4167 = CARTESIAN_POINT('',(28.5,-28.,35.));
#4168 = VECTOR('',#4169,1.);
#4169 = DIRECTION('',(-1.,0.,0.));
#4170 = PCURVE('',#669,#4171);
#4171 = DEFINITIONAL_REPRESENTATION('',(#4172),#4176);
#4172 = LINE('',#4173,#4174);
#4173 = CARTESIAN_POINT('',(-28.78936502474,26.118585791639));
#4174 = VECTOR('',#4175,1.);
#4175 = DIRECTION('',(0.,-1.));
#4176 = ( GEOMETRIC_REPRESENTATION_CONTEXT(2) 
PARAMETRIC_REPRESENTATION_CONTEXT() REPRESENTATION_CONTEXT('2D SPACE',''
  ) );
#4177 = PCURVE('',#4178,#4183);
#4178 = PLANE('',#4179);
#4179 = AXIS2_PLACEMENT_3D('',#4180,#4181,#4182);
#4180 = CARTESIAN_POINT('',(28.5,16.,35.));
#4181 = DIRECTION('',(-0.,-0.,-1.));
#4182 = DIRECTION('',(-1.,0.,0.));
#4183 = DEFINITIONAL_REPRESENTATION('',(#4184),#4188);
#4184 = LINE('',#4185,#4186);
#4185 = CARTESIAN_POINT('',(0.,-44.));
#4186 = VECTOR('',#4187,1.);
#4187 = DIRECTION('',(1.,0.));
#4188 = ( GEOMETRIC_REPRESENTATION_CONTEXT(2) 
PARAMETRIC_REPRESENTATION_CONTEXT() REPRESENTATION_CONTEXT('2D SPACE',''
  ) );
#4189 = ORIENTED_EDGE('',*,*,#4190,.T.);
#4190 = EDGE_CURVE('',#4163,#4191,#4193,.T.);
#4191 = VERTEX_POINT('',#4192);
#4192 = CARTESIAN_POINT('',(20.,-28.,37.));
#4193 = SURFACE_CURVE('',#4194,(#4198,#4205),.PCURVE_S1.);
#4194 = LINE('',#4195,#4196);
#4195 = CARTESIAN_POINT('',(20.,-28.,34.));
#4196 = VECTOR('',#4197,1.);
#4197 = DIRECTION('',(0.,0.,1.));
#4198 = PCURVE('',#669,#4199);
#4199 = DEFINITIONAL_REPRESENTATION('',(#4200),#4204);
#4200 = LINE('',#4201,#4202);
#4201 = CARTESIAN_POINT('',(-27.78936502474,17.618585791639));
#4202 = VECTOR('',#4203,1.);
#4203 = DIRECTION('',(-1.,0.));
#4204 = ( GEOMETRIC_REPRESENTATION_CONTEXT(2) 
PARAMETRIC_REPRESENTATION_CONTEXT() REPRESENTATION_CONTEXT('2D SPACE',''
  ) );
#4205 = PCURVE('',#4206,#4211);
#4206 = CYLINDRICAL_SURFACE('',#4207,2.);
#4207 = AXIS2_PLACEMENT_3D('',#4208,#4209,#4210);
#4208 = CARTESIAN_POINT('',(20.,-26.,34.));
#4209 = DIRECTION('',(0.,0.,1.));
#4210 = DIRECTION('',(1.,0.,-0.));
#4211 = DEFINITIONAL_REPRESENTATION('',(#4212),#4216);
#4212 = LINE('',#4213,#4214);
#4213 = CARTESIAN_POINT('',(4.712388980385,0.));
#4214 = VECTOR('',#4215,1.);
#4215 = DIRECTION('',(-0.,1.));
#4216 = ( GEOMETRIC_REPRESENTATION_CONTEXT(2) 
PARAMETRIC_REPRESENTATION_CONTEXT() REPRESENTATION_CONTEXT('2D SPACE',''
  ) );
#4217 = ORIENTED_EDGE('',*,*,#4218,.F.);
#4218 = EDGE_CURVE('',#4219,#4191,#4221,.T.);
#4219 = VERTEX_POINT('',#4220);
#4220 = CARTESIAN_POINT('',(3.,-28.,37.));
#4221 = SURFACE_CURVE('',#4222,(#4226,#4233),.PCURVE_S1.);
#4222 = LINE('',#4223,#4224);
#4223 = CARTESIAN_POINT('',(5.,-28.,37.));
#4224 = VECTOR('',#4225,1.);
#4225 = DIRECTION('',(1.,0.,0.));
#4226 = PCURVE('',#669,#4227);
#4227 = DEFINITIONAL_REPRESENTATION('',(#4228),#4232);
#4228 = LINE('',#4229,#4230);
#4229 = CARTESIAN_POINT('',(-30.78936502474,2.618585791639));
#4230 = VECTOR('',#4231,1.);
#4231 = DIRECTION('',(0.,1.));
#4232 = ( GEOMETRIC_REPRESENTATION_CONTEXT(2) 
PARAMETRIC_REPRESENTATION_CONTEXT() REPRESENTATION_CONTEXT('2D SPACE',''
  ) );
#4233 = PCURVE('',#1990,#4234);
#4234 = DEFINITIONAL_REPRESENTATION('',(#4235),#4239);
#4235 = LINE('',#4236,#4237);
#4236 = CARTESIAN_POINT('',(25.,-46.));
#4237 = VECTOR('',#4238,1.);
#4238 = DIRECTION('',(-1.,0.));
#4239 = ( GEOMETRIC_REPRESENTATION_CONTEXT(2) 
PARAMETRIC_REPRESENTATION_CONTEXT() REPRESENTATION_CONTEXT('2D SPACE',''
  ) );
#4240 = ORIENTED_EDGE('',*,*,#4241,.F.);
#4241 = EDGE_CURVE('',#4242,#4219,#4244,.T.);
#4242 = VERTEX_POINT('',#4243);
#4243 = CARTESIAN_POINT('',(3.,-28.,15.));
#4244 = SURFACE_CURVE('',#4245,(#4249,#4256),.PCURVE_S1.);
#4245 = LINE('',#4246,#4247);
#4246 = CARTESIAN_POINT('',(3.,-28.,10.605317487627));
#4247 = VECTOR('',#4248,1.);
#4248 = DIRECTION('',(0.,0.,1.));
#4249 = PCURVE('',#669,#4250);
#4250 = DEFINITIONAL_REPRESENTATION('',(#4251),#4255);
#4251 = LINE('',#4252,#4253);
#4252 = CARTESIAN_POINT('',(-4.394682512374,0.618585791639));
#4253 = VECTOR('',#4254,1.);
#4254 = DIRECTION('',(-1.,0.));
#4255 = ( GEOMETRIC_REPRESENTATION_CONTEXT(2) 
PARAMETRIC_REPRESENTATION_CONTEXT() REPRESENTATION_CONTEXT('2D SPACE',''
  ) );
#4256 = PCURVE('',#2018,#4257);
#4257 = DEFINITIONAL_REPRESENTATION('',(#4258),#4262);
#4258 = LINE('',#4259,#4260);
#4259 = CARTESIAN_POINT('',(-4.394682512373,-4.));
#4260 = VECTOR('',#4261,1.);
#4261 = DIRECTION('',(1.,0.));
#4262 = ( GEOMETRIC_REPRESENTATION_CONTEXT(2) 
PARAMETRIC_REPRESENTATION_CONTEXT() REPRESENTATION_CONTEXT('2D SPACE',''
  ) );
#4263 = ORIENTED_EDGE('',*,*,#4264,.T.);
#4264 = EDGE_CURVE('',#4242,#4265,#4267,.T.);
#4265 = VERTEX_POINT('',#4266);
#4266 = CARTESIAN_POINT('',(0.5,-28.,15.));
#4267 = SURFACE_CURVE('',#4268,(#4272,#4279),.PCURVE_S1.);
#4268 = LINE('',#4269,#4270);
#4269 = CARTESIAN_POINT('',(-14.55929289581,-28.,15.));
#4270 = VECTOR('',#4271,1.);
#4271 = DIRECTION('',(-1.,0.,0.));
#4272 = PCURVE('',#669,#4273);
#4273 = DEFINITIONAL_REPRESENTATION('',(#4274),#4278);
#4274 = LINE('',#4275,#4276);
#4275 = CARTESIAN_POINT('',(-8.789365024747,-16.94070710417));
#4276 = VECTOR('',#4277,1.);
#4277 = DIRECTION('',(0.,-1.));
#4278 = ( GEOMETRIC_REPRESENTATION_CONTEXT(2) 
PARAMETRIC_REPRESENTATION_CONTEXT() REPRESENTATION_CONTEXT('2D SPACE',''
  ) );
#4279 = PCURVE('',#2046,#4280);
#4280 = DEFINITIONAL_REPRESENTATION('',(#4281),#4285);
#4281 = LINE('',#4282,#4283);
#4282 = CARTESIAN_POINT('',(16.94070710419,4.));
#4283 = VECTOR('',#4284,1.);
#4284 = DIRECTION('',(-1.,0.));
#4285 = ( GEOMETRIC_REPRESENTATION_CONTEXT(2) 
PARAMETRIC_REPRESENTATION_CONTEXT() REPRESENTATION_CONTEXT('2D SPACE',''
  ) );
#4286 = ORIENTED_EDGE('',*,*,#4287,.F.);
#4287 = EDGE_CURVE('',#4288,#4265,#4290,.T.);
#4288 = VERTEX_POINT('',#4289);
#4289 = CARTESIAN_POINT('',(0.5,-28.,13.7));
#4290 = SURFACE_CURVE('',#4291,(#4295,#4302),.PCURVE_S1.);
#4291 = LINE('',#4292,#4293);
#4292 = CARTESIAN_POINT('',(0.5,-28.,9.605317487626));
#4293 = VECTOR('',#4294,1.);
#4294 = DIRECTION('',(0.,0.,1.));
#4295 = PCURVE('',#669,#4296);
#4296 = DEFINITIONAL_REPRESENTATION('',(#4297),#4301);
#4297 = LINE('',#4298,#4299);
#4298 = CARTESIAN_POINT('',(-3.394682512373,-1.881414208361));
#4299 = VECTOR('',#4300,1.);
#4300 = DIRECTION('',(-1.,0.));
#4301 = ( GEOMETRIC_REPRESENTATION_CONTEXT(2) 
PARAMETRIC_REPRESENTATION_CONTEXT() REPRESENTATION_CONTEXT('2D SPACE',''
  ) );
#4302 = PCURVE('',#2074,#4303);
#4303 = DEFINITIONAL_REPRESENTATION('',(#4304),#4308);
#4304 = LINE('',#4305,#4306);
#4305 = CARTESIAN_POINT('',(-3.394682512374,-5.));
#4306 = VECTOR('',#4307,1.);
#4307 = DIRECTION('',(1.,0.));
#4308 = ( GEOMETRIC_REPRESENTATION_CONTEXT(2) 
PARAMETRIC_REPRESENTATION_CONTEXT() REPRESENTATION_CONTEXT('2D SPACE',''
  ) );
#4309 = ORIENTED_EDGE('',*,*,#4310,.T.);
#4310 = EDGE_CURVE('',#4288,#4311,#4313,.T.);
#4311 = VERTEX_POINT('',#4312);
#4312 = CARTESIAN_POINT('',(-0.2,-28.,13.));
#4313 = SURFACE_CURVE('',#4314,(#4319,#4330),.PCURVE_S1.);
#4314 = CIRCLE('',#4315,0.7);
#4315 = AXIS2_PLACEMENT_3D('',#4316,#4317,#4318);
#4316 = CARTESIAN_POINT('',(-0.2,-28.,13.7));
#4317 = DIRECTION('',(0.,1.,0.));
#4318 = DIRECTION('',(1.,0.,-0.));
#4319 = PCURVE('',#669,#4320);
#4320 = DEFINITIONAL_REPRESENTATION('',(#4321),#4329);
#4321 = ( BOUNDED_CURVE() B_SPLINE_CURVE(2,(#4322,#4323,#4324,#4325,
#4326,#4327,#4328),.UNSPECIFIED.,.T.,.F.) B_SPLINE_CURVE_WITH_KNOTS((1,2
    ,2,2,2,1),(-2.094395102393,0.,2.094395102393,4.188790204786,
6.28318530718,8.377580409573),.UNSPECIFIED.) CURVE() 
GEOMETRIC_REPRESENTATION_ITEM() RATIONAL_B_SPLINE_CURVE((1.,0.5,1.,0.5,
1.,0.5,1.)) REPRESENTATION_ITEM('') );
#4322 = CARTESIAN_POINT('',(-7.489365024747,-1.881414208361));
#4323 = CARTESIAN_POINT('',(-6.276929459449,-1.881414208361));
#4324 = CARTESIAN_POINT('',(-6.883147242098,-2.931414208361));
#4325 = CARTESIAN_POINT('',(-7.489365024747,-3.981414208361));
#4326 = CARTESIAN_POINT('',(-8.095582807396,-2.931414208361));
#4327 = CARTESIAN_POINT('',(-8.701800590045,-1.881414208361));
#4328 = CARTESIAN_POINT('',(-7.489365024747,-1.881414208361));
#4329 = ( GEOMETRIC_REPRESENTATION_CONTEXT(2) 
PARAMETRIC_REPRESENTATION_CONTEXT() REPRESENTATION_CONTEXT('2D SPACE',''
  ) );
#4330 = PCURVE('',#2107,#4331);
#4331 = DEFINITIONAL_REPRESENTATION('',(#4332),#4336);
#4332 = LINE('',#4333,#4334);
#4333 = CARTESIAN_POINT('',(0.,5.));
#4334 = VECTOR('',#4335,1.);
#4335 = DIRECTION('',(1.,0.));
#4336 = ( GEOMETRIC_REPRESENTATION_CONTEXT(2) 
PARAMETRIC_REPRESENTATION_CONTEXT() REPRESENTATION_CONTEXT('2D SPACE',''
  ) );
#4337 = ORIENTED_EDGE('',*,*,#4338,.T.);
#4338 = EDGE_CURVE('',#4311,#4339,#4341,.T.);
#4339 = VERTEX_POINT('',#4340);
#4340 = CARTESIAN_POINT('',(-1.8,-28.,13.));
#4341 = SURFACE_CURVE('',#4342,(#4346,#4353),.PCURVE_S1.);
#4342 = LINE('',#4343,#4344);
#4343 = CARTESIAN_POINT('',(-5.929289581953E-02,-28.,13.));
#4344 = VECTOR('',#4345,1.);
#4345 = DIRECTION('',(-1.,0.,0.));
#4346 = PCURVE('',#669,#4347);
#4347 = DEFINITIONAL_REPRESENTATION('',(#4348),#4352);
#4348 = LINE('',#4349,#4350);
#4349 = CARTESIAN_POINT('',(-6.789365024747,-2.440707104181));
#4350 = VECTOR('',#4351,1.);
#4351 = DIRECTION('',(0.,-1.));
#4352 = ( GEOMETRIC_REPRESENTATION_CONTEXT(2) 
PARAMETRIC_REPRESENTATION_CONTEXT() REPRESENTATION_CONTEXT('2D SPACE',''
  ) );
#4353 = PCURVE('',#2135,#4354);
#4354 = DEFINITIONAL_REPRESENTATION('',(#4355),#4359);
#4355 = LINE('',#4356,#4357);
#4356 = CARTESIAN_POINT('',(2.44070710418,5.));
#4357 = VECTOR('',#4358,1.);
#4358 = DIRECTION('',(-1.,0.));
#4359 = ( GEOMETRIC_REPRESENTATION_CONTEXT(2) 
PARAMETRIC_REPRESENTATION_CONTEXT() REPRESENTATION_CONTEXT('2D SPACE',''
  ) );
#4360 = ORIENTED_EDGE('',*,*,#4361,.T.);
#4361 = EDGE_CURVE('',#4339,#4362,#4364,.T.);
#4362 = VERTEX_POINT('',#4363);
#4363 = CARTESIAN_POINT('',(-2.5,-28.,13.7));
#4364 = SURFACE_CURVE('',#4365,(#4370,#4381),.PCURVE_S1.);
#4365 = CIRCLE('',#4366,0.7);
#4366 = AXIS2_PLACEMENT_3D('',#4367,#4368,#4369);
#4367 = CARTESIAN_POINT('',(-1.8,-28.,13.7));
#4368 = DIRECTION('',(0.,1.,0.));
#4369 = DIRECTION('',(-1.,0.,0.));
#4370 = PCURVE('',#669,#4371);
#4371 = DEFINITIONAL_REPRESENTATION('',(#4372),#4380);
#4372 = ( BOUNDED_CURVE() B_SPLINE_CURVE(2,(#4373,#4374,#4375,#4376,
#4377,#4378,#4379),.UNSPECIFIED.,.T.,.F.) B_SPLINE_CURVE_WITH_KNOTS((1,2
    ,2,2,2,1),(-2.094395102393,0.,2.094395102393,4.188790204786,
6.28318530718,8.377580409573),.UNSPECIFIED.) CURVE() 
GEOMETRIC_REPRESENTATION_ITEM() RATIONAL_B_SPLINE_CURVE((1.,0.5,1.,0.5,
1.,0.5,1.)) REPRESENTATION_ITEM('') );
#4373 = CARTESIAN_POINT('',(-7.489365024747,-4.881414208361));
#4374 = CARTESIAN_POINT('',(-8.701800590045,-4.881414208361));
#4375 = CARTESIAN_POINT('',(-8.095582807396,-3.831414208361));
#4376 = CARTESIAN_POINT('',(-7.489365024747,-2.781414208361));
#4377 = CARTESIAN_POINT('',(-6.883147242098,-3.831414208361));
#4378 = CARTESIAN_POINT('',(-6.276929459449,-4.881414208361));
#4379 = CARTESIAN_POINT('',(-7.489365024747,-4.881414208361));
#4380 = ( GEOMETRIC_REPRESENTATION_CONTEXT(2) 
PARAMETRIC_REPRESENTATION_CONTEXT() REPRESENTATION_CONTEXT('2D SPACE',''
  ) );
#4381 = PCURVE('',#2168,#4382);
#4382 = DEFINITIONAL_REPRESENTATION('',(#4383),#4387);
#4383 = LINE('',#4384,#4385);
#4384 = CARTESIAN_POINT('',(-4.138911435803E-13,5.));
#4385 = VECTOR('',#4386,1.);
#4386 = DIRECTION('',(1.,-0.));
#4387 = ( GEOMETRIC_REPRESENTATION_CONTEXT(2) 
PARAMETRIC_REPRESENTATION_CONTEXT() REPRESENTATION_CONTEXT('2D SPACE',''
  ) );
#4388 = ORIENTED_EDGE('',*,*,#4389,.T.);
#4389 = EDGE_CURVE('',#4362,#4390,#4392,.T.);
#4390 = VERTEX_POINT('',#4391);
#4391 = CARTESIAN_POINT('',(-2.5,-28.,15.));
#4392 = SURFACE_CURVE('',#4393,(#4397,#4404),.PCURVE_S1.);
#4393 = LINE('',#4394,#4395);
#4394 = CARTESIAN_POINT('',(-2.5,-28.,9.605317487626));
#4395 = VECTOR('',#4396,1.);
#4396 = DIRECTION('',(0.,0.,1.));
#4397 = PCURVE('',#669,#4398);
#4398 = DEFINITIONAL_REPRESENTATION('',(#4399),#4403);
#4399 = LINE('',#4400,#4401);
#4400 = CARTESIAN_POINT('',(-3.394682512373,-4.881414208361));
#4401 = VECTOR('',#4402,1.);
#4402 = DIRECTION('',(-1.,0.));
#4403 = ( GEOMETRIC_REPRESENTATION_CONTEXT(2) 
PARAMETRIC_REPRESENTATION_CONTEXT() REPRESENTATION_CONTEXT('2D SPACE',''
  ) );
#4404 = PCURVE('',#2196,#4405);
#4405 = DEFINITIONAL_REPRESENTATION('',(#4406),#4410);
#4406 = LINE('',#4407,#4408);
#4407 = CARTESIAN_POINT('',(-3.394682512374,-5.));
#4408 = VECTOR('',#4409,1.);
#4409 = DIRECTION('',(1.,0.));
#4410 = ( GEOMETRIC_REPRESENTATION_CONTEXT(2) 
PARAMETRIC_REPRESENTATION_CONTEXT() REPRESENTATION_CONTEXT('2D SPACE',''
  ) );
#4411 = ORIENTED_EDGE('',*,*,#4412,.T.);
#4412 = EDGE_CURVE('',#4390,#4413,#4415,.T.);
#4413 = VERTEX_POINT('',#4414);
#4414 = CARTESIAN_POINT('',(-8.5,-28.,15.));
#4415 = SURFACE_CURVE('',#4416,(#4420,#4427),.PCURVE_S1.);
#4416 = LINE('',#4417,#4418);
#4417 = CARTESIAN_POINT('',(-14.55929289581,-28.,15.));
#4418 = VECTOR('',#4419,1.);
#4419 = DIRECTION('',(-1.,0.,0.));
#4420 = PCURVE('',#669,#4421);
#4421 = DEFINITIONAL_REPRESENTATION('',(#4422),#4426);
#4422 = LINE('',#4423,#4424);
#4423 = CARTESIAN_POINT('',(-8.789365024747,-16.94070710417));
#4424 = VECTOR('',#4425,1.);
#4425 = DIRECTION('',(0.,-1.));
#4426 = ( GEOMETRIC_REPRESENTATION_CONTEXT(2) 
PARAMETRIC_REPRESENTATION_CONTEXT() REPRESENTATION_CONTEXT('2D SPACE',''
  ) );
#4427 = PCURVE('',#2224,#4428);
#4428 = DEFINITIONAL_REPRESENTATION('',(#4429),#4433);
#4429 = LINE('',#4430,#4431);
#4430 = CARTESIAN_POINT('',(16.94070710419,4.));
#4431 = VECTOR('',#4432,1.);
#4432 = DIRECTION('',(-1.,0.));
#4433 = ( GEOMETRIC_REPRESENTATION_CONTEXT(2) 
PARAMETRIC_REPRESENTATION_CONTEXT() REPRESENTATION_CONTEXT('2D SPACE',''
  ) );
#4434 = ORIENTED_EDGE('',*,*,#4435,.F.);
#4435 = EDGE_CURVE('',#4436,#4413,#4438,.T.);
#4436 = VERTEX_POINT('',#4437);
#4437 = CARTESIAN_POINT('',(-8.5,-28.,13.7));
#4438 = SURFACE_CURVE('',#4439,(#4443,#4450),.PCURVE_S1.);
#4439 = LINE('',#4440,#4441);
#4440 = CARTESIAN_POINT('',(-8.5,-28.,9.605317487626));
#4441 = VECTOR('',#4442,1.);
#4442 = DIRECTION('',(0.,0.,1.));
#4443 = PCURVE('',#669,#4444);
#4444 = DEFINITIONAL_REPRESENTATION('',(#4445),#4449);
#4445 = LINE('',#4446,#4447);
#4446 = CARTESIAN_POINT('',(-3.394682512373,-10.88141420836));
#4447 = VECTOR('',#4448,1.);
#4448 = DIRECTION('',(-1.,0.));
#4449 = ( GEOMETRIC_REPRESENTATION_CONTEXT(2) 
PARAMETRIC_REPRESENTATION_CONTEXT() REPRESENTATION_CONTEXT('2D SPACE',''
  ) );
#4450 = PCURVE('',#2252,#4451);
#4451 = DEFINITIONAL_REPRESENTATION('',(#4452),#4456);
#4452 = LINE('',#4453,#4454);
#4453 = CARTESIAN_POINT('',(-3.394682512374,-5.));
#4454 = VECTOR('',#4455,1.);
#4455 = DIRECTION('',(1.,0.));
#4456 = ( GEOMETRIC_REPRESENTATION_CONTEXT(2) 
PARAMETRIC_REPRESENTATION_CONTEXT() REPRESENTATION_CONTEXT('2D SPACE',''
  ) );
#4457 = ORIENTED_EDGE('',*,*,#4458,.T.);
#4458 = EDGE_CURVE('',#4436,#4459,#4461,.T.);
#4459 = VERTEX_POINT('',#4460);
#4460 = CARTESIAN_POINT('',(-9.2,-28.,13.));
#4461 = SURFACE_CURVE('',#4462,(#4467,#4478),.PCURVE_S1.);
#4462 = CIRCLE('',#4463,0.7);
#4463 = AXIS2_PLACEMENT_3D('',#4464,#4465,#4466);
#4464 = CARTESIAN_POINT('',(-9.2,-28.,13.7));
#4465 = DIRECTION('',(0.,1.,0.));
#4466 = DIRECTION('',(1.,0.,-0.));
#4467 = PCURVE('',#669,#4468);
#4468 = DEFINITIONAL_REPRESENTATION('',(#4469),#4477);
#4469 = ( BOUNDED_CURVE() B_SPLINE_CURVE(2,(#4470,#4471,#4472,#4473,
#4474,#4475,#4476),.UNSPECIFIED.,.T.,.F.) B_SPLINE_CURVE_WITH_KNOTS((1,2
    ,2,2,2,1),(-2.094395102393,0.,2.094395102393,4.188790204786,
6.28318530718,8.377580409573),.UNSPECIFIED.) CURVE() 
GEOMETRIC_REPRESENTATION_ITEM() RATIONAL_B_SPLINE_CURVE((1.,0.5,1.,0.5,
1.,0.5,1.)) REPRESENTATION_ITEM('') );
#4470 = CARTESIAN_POINT('',(-7.489365024747,-10.88141420836));
#4471 = CARTESIAN_POINT('',(-6.276929459449,-10.88141420836));
#4472 = CARTESIAN_POINT('',(-6.883147242098,-11.93141420836));
#4473 = CARTESIAN_POINT('',(-7.489365024747,-12.98141420836));
#4474 = CARTESIAN_POINT('',(-8.095582807396,-11.93141420836));
#4475 = CARTESIAN_POINT('',(-8.701800590045,-10.88141420836));
#4476 = CARTESIAN_POINT('',(-7.489365024747,-10.88141420836));
#4477 = ( GEOMETRIC_REPRESENTATION_CONTEXT(2) 
PARAMETRIC_REPRESENTATION_CONTEXT() REPRESENTATION_CONTEXT('2D SPACE',''
  ) );
#4478 = PCURVE('',#2285,#4479);
#4479 = DEFINITIONAL_REPRESENTATION('',(#4480),#4484);
#4480 = LINE('',#4481,#4482);
#4481 = CARTESIAN_POINT('',(0.,5.));
#4482 = VECTOR('',#4483,1.);
#4483 = DIRECTION('',(1.,0.));
#4484 = ( GEOMETRIC_REPRESENTATION_CONTEXT(2) 
PARAMETRIC_REPRESENTATION_CONTEXT() REPRESENTATION_CONTEXT('2D SPACE',''
  ) );
#4485 = ORIENTED_EDGE('',*,*,#4486,.T.);
#4486 = EDGE_CURVE('',#4459,#4487,#4489,.T.);
#4487 = VERTEX_POINT('',#4488);
#4488 = CARTESIAN_POINT('',(-10.8,-28.,13.));
#4489 = SURFACE_CURVE('',#4490,(#4494,#4501),.PCURVE_S1.);
#4490 = LINE('',#4491,#4492);
#4491 = CARTESIAN_POINT('',(-4.55929289582,-28.,13.));
#4492 = VECTOR('',#4493,1.);
#4493 = DIRECTION('',(-1.,0.,0.));
#4494 = PCURVE('',#669,#4495);
#4495 = DEFINITIONAL_REPRESENTATION('',(#4496),#4500);
#4496 = LINE('',#4497,#4498);
#4497 = CARTESIAN_POINT('',(-6.789365024747,-6.940707104181));
#4498 = VECTOR('',#4499,1.);
#4499 = DIRECTION('',(0.,-1.));
#4500 = ( GEOMETRIC_REPRESENTATION_CONTEXT(2) 
PARAMETRIC_REPRESENTATION_CONTEXT() REPRESENTATION_CONTEXT('2D SPACE',''
  ) );
#4501 = PCURVE('',#2313,#4502);
#4502 = DEFINITIONAL_REPRESENTATION('',(#4503),#4507);
#4503 = LINE('',#4504,#4505);
#4504 = CARTESIAN_POINT('',(6.94070710418,5.));
#4505 = VECTOR('',#4506,1.);
#4506 = DIRECTION('',(-1.,0.));
#4507 = ( GEOMETRIC_REPRESENTATION_CONTEXT(2) 
PARAMETRIC_REPRESENTATION_CONTEXT() REPRESENTATION_CONTEXT('2D SPACE',''
  ) );
#4508 = ORIENTED_EDGE('',*,*,#4509,.T.);
#4509 = EDGE_CURVE('',#4487,#4510,#4512,.T.);
#4510 = VERTEX_POINT('',#4511);
#4511 = CARTESIAN_POINT('',(-11.5,-28.,13.7));
#4512 = SURFACE_CURVE('',#4513,(#4518,#4529),.PCURVE_S1.);
#4513 = CIRCLE('',#4514,0.7);
#4514 = AXIS2_PLACEMENT_3D('',#4515,#4516,#4517);
#4515 = CARTESIAN_POINT('',(-10.8,-28.,13.7));
#4516 = DIRECTION('',(0.,1.,0.));
#4517 = DIRECTION('',(-1.,0.,0.));
#4518 = PCURVE('',#669,#4519);
#4519 = DEFINITIONAL_REPRESENTATION('',(#4520),#4528);
#4520 = ( BOUNDED_CURVE() B_SPLINE_CURVE(2,(#4521,#4522,#4523,#4524,
#4525,#4526,#4527),.UNSPECIFIED.,.T.,.F.) B_SPLINE_CURVE_WITH_KNOTS((1,2
    ,2,2,2,1),(-2.094395102393,0.,2.094395102393,4.188790204786,
6.28318530718,8.377580409573),.UNSPECIFIED.) CURVE() 
GEOMETRIC_REPRESENTATION_ITEM() RATIONAL_B_SPLINE_CURVE((1.,0.5,1.,0.5,
1.,0.5,1.)) REPRESENTATION_ITEM('') );
#4521 = CARTESIAN_POINT('',(-7.489365024747,-13.88141420836));
#4522 = CARTESIAN_POINT('',(-8.701800590045,-13.88141420836));
#4523 = CARTESIAN_POINT('',(-8.095582807396,-12.83141420836));
#4524 = CARTESIAN_POINT('',(-7.489365024747,-11.78141420836));
#4525 = CARTESIAN_POINT('',(-6.883147242098,-12.83141420836));
#4526 = CARTESIAN_POINT('',(-6.276929459449,-13.88141420836));
#4527 = CARTESIAN_POINT('',(-7.489365024747,-13.88141420836));
#4528 = ( GEOMETRIC_REPRESENTATION_CONTEXT(2) 
PARAMETRIC_REPRESENTATION_CONTEXT() REPRESENTATION_CONTEXT('2D SPACE',''
  ) );
#4529 = PCURVE('',#2346,#4530);
#4530 = DEFINITIONAL_REPRESENTATION('',(#4531),#4535);
#4531 = LINE('',#4532,#4533);
#4532 = CARTESIAN_POINT('',(-4.138911435803E-13,5.));
#4533 = VECTOR('',#4534,1.);
#4534 = DIRECTION('',(1.,-0.));
#4535 = ( GEOMETRIC_REPRESENTATION_CONTEXT(2) 
PARAMETRIC_REPRESENTATION_CONTEXT() REPRESENTATION_CONTEXT('2D SPACE',''
  ) );
#4536 = ORIENTED_EDGE('',*,*,#4537,.T.);
#4537 = EDGE_CURVE('',#4510,#4538,#4540,.T.);
#4538 = VERTEX_POINT('',#4539);
#4539 = CARTESIAN_POINT('',(-11.5,-28.,15.));
#4540 = SURFACE_CURVE('',#4541,(#4545,#4552),.PCURVE_S1.);
#4541 = LINE('',#4542,#4543);
#4542 = CARTESIAN_POINT('',(-11.5,-28.,9.605317487626));
#4543 = VECTOR('',#4544,1.);
#4544 = DIRECTION('',(0.,0.,1.));
#4545 = PCURVE('',#669,#4546);
#4546 = DEFINITIONAL_REPRESENTATION('',(#4547),#4551);
#4547 = LINE('',#4548,#4549);
#4548 = CARTESIAN_POINT('',(-3.394682512373,-13.88141420836));
#4549 = VECTOR('',#4550,1.);
#4550 = DIRECTION('',(-1.,0.));
#4551 = ( GEOMETRIC_REPRESENTATION_CONTEXT(2) 
PARAMETRIC_REPRESENTATION_CONTEXT() REPRESENTATION_CONTEXT('2D SPACE',''
  ) );
#4552 = PCURVE('',#2374,#4553);
#4553 = DEFINITIONAL_REPRESENTATION('',(#4554),#4558);
#4554 = LINE('',#4555,#4556);
#4555 = CARTESIAN_POINT('',(-3.394682512374,-5.));
#4556 = VECTOR('',#4557,1.);
#4557 = DIRECTION('',(1.,0.));
#4558 = ( GEOMETRIC_REPRESENTATION_CONTEXT(2) 
PARAMETRIC_REPRESENTATION_CONTEXT() REPRESENTATION_CONTEXT('2D SPACE',''
  ) );
#4559 = ORIENTED_EDGE('',*,*,#4560,.T.);
#4560 = EDGE_CURVE('',#4538,#4561,#4563,.T.);
#4561 = VERTEX_POINT('',#4562);
#4562 = CARTESIAN_POINT('',(-17.5,-28.,15.));
#4563 = SURFACE_CURVE('',#4564,(#4568,#4575),.PCURVE_S1.);
#4564 = LINE('',#4565,#4566);
#4565 = CARTESIAN_POINT('',(-14.55929289581,-28.,15.));
#4566 = VECTOR('',#4567,1.);
#4567 = DIRECTION('',(-1.,0.,0.));
#4568 = PCURVE('',#669,#4569);
#4569 = DEFINITIONAL_REPRESENTATION('',(#4570),#4574);
#4570 = LINE('',#4571,#4572);
#4571 = CARTESIAN_POINT('',(-8.789365024747,-16.94070710417));
#4572 = VECTOR('',#4573,1.);
#4573 = DIRECTION('',(0.,-1.));
#4574 = ( GEOMETRIC_REPRESENTATION_CONTEXT(2) 
PARAMETRIC_REPRESENTATION_CONTEXT() REPRESENTATION_CONTEXT('2D SPACE',''
  ) );
#4575 = PCURVE('',#2402,#4576);
#4576 = DEFINITIONAL_REPRESENTATION('',(#4577),#4581);
#4577 = LINE('',#4578,#4579);
#4578 = CARTESIAN_POINT('',(16.94070710419,4.));
#4579 = VECTOR('',#4580,1.);
#4580 = DIRECTION('',(-1.,0.));
#4581 = ( GEOMETRIC_REPRESENTATION_CONTEXT(2) 
PARAMETRIC_REPRESENTATION_CONTEXT() REPRESENTATION_CONTEXT('2D SPACE',''
  ) );
#4582 = ORIENTED_EDGE('',*,*,#4583,.F.);
#4583 = EDGE_CURVE('',#4584,#4561,#4586,.T.);
#4584 = VERTEX_POINT('',#4585);
#4585 = CARTESIAN_POINT('',(-17.5,-28.,13.7));
#4586 = SURFACE_CURVE('',#4587,(#4591,#4598),.PCURVE_S1.);
#4587 = LINE('',#4588,#4589);
#4588 = CARTESIAN_POINT('',(-17.5,-28.,9.605317487626));
#4589 = VECTOR('',#4590,1.);
#4590 = DIRECTION('',(0.,0.,1.));
#4591 = PCURVE('',#669,#4592);
#4592 = DEFINITIONAL_REPRESENTATION('',(#4593),#4597);
#4593 = LINE('',#4594,#4595);
#4594 = CARTESIAN_POINT('',(-3.394682512373,-19.88141420836));
#4595 = VECTOR('',#4596,1.);
#4596 = DIRECTION('',(-1.,0.));
#4597 = ( GEOMETRIC_REPRESENTATION_CONTEXT(2) 
PARAMETRIC_REPRESENTATION_CONTEXT() REPRESENTATION_CONTEXT('2D SPACE',''
  ) );
#4598 = PCURVE('',#2430,#4599);
#4599 = DEFINITIONAL_REPRESENTATION('',(#4600),#4604);
#4600 = LINE('',#4601,#4602);
#4601 = CARTESIAN_POINT('',(-3.394682512374,-5.));
#4602 = VECTOR('',#4603,1.);
#4603 = DIRECTION('',(1.,0.));
#4604 = ( GEOMETRIC_REPRESENTATION_CONTEXT(2) 
PARAMETRIC_REPRESENTATION_CONTEXT() REPRESENTATION_CONTEXT('2D SPACE',''
  ) );
#4605 = ORIENTED_EDGE('',*,*,#4606,.T.);
#4606 = EDGE_CURVE('',#4584,#4607,#4609,.T.);
#4607 = VERTEX_POINT('',#4608);
#4608 = CARTESIAN_POINT('',(-18.2,-28.,13.));
#4609 = SURFACE_CURVE('',#4610,(#4615,#4626),.PCURVE_S1.);
#4610 = CIRCLE('',#4611,0.7);
#4611 = AXIS2_PLACEMENT_3D('',#4612,#4613,#4614);
#4612 = CARTESIAN_POINT('',(-18.2,-28.,13.7));
#4613 = DIRECTION('',(0.,1.,0.));
#4614 = DIRECTION('',(1.,0.,-0.));
#4615 = PCURVE('',#669,#4616);
#4616 = DEFINITIONAL_REPRESENTATION('',(#4617),#4625);
#4617 = ( BOUNDED_CURVE() B_SPLINE_CURVE(2,(#4618,#4619,#4620,#4621,
#4622,#4623,#4624),.UNSPECIFIED.,.T.,.F.) B_SPLINE_CURVE_WITH_KNOTS((1,2
    ,2,2,2,1),(-2.094395102393,0.,2.094395102393,4.188790204786,
6.28318530718,8.377580409573),.UNSPECIFIED.) CURVE() 
GEOMETRIC_REPRESENTATION_ITEM() RATIONAL_B_SPLINE_CURVE((1.,0.5,1.,0.5,
1.,0.5,1.)) REPRESENTATION_ITEM('') );
#4618 = CARTESIAN_POINT('',(-7.489365024747,-19.88141420836));
#4619 = CARTESIAN_POINT('',(-6.276929459449,-19.88141420836));
#4620 = CARTESIAN_POINT('',(-6.883147242098,-20.93141420836));
#4621 = CARTESIAN_POINT('',(-7.489365024747,-21.98141420836));
#4622 = CARTESIAN_POINT('',(-8.095582807396,-20.93141420836));
#4623 = CARTESIAN_POINT('',(-8.701800590045,-19.88141420836));
#4624 = CARTESIAN_POINT('',(-7.489365024747,-19.88141420836));
#4625 = ( GEOMETRIC_REPRESENTATION_CONTEXT(2) 
PARAMETRIC_REPRESENTATION_CONTEXT() REPRESENTATION_CONTEXT('2D SPACE',''
  ) );
#4626 = PCURVE('',#2463,#4627);
#4627 = DEFINITIONAL_REPRESENTATION('',(#4628),#4632);
#4628 = LINE('',#4629,#4630);
#4629 = CARTESIAN_POINT('',(0.,5.));
#4630 = VECTOR('',#4631,1.);
#4631 = DIRECTION('',(1.,0.));
#4632 = ( GEOMETRIC_REPRESENTATION_CONTEXT(2) 
PARAMETRIC_REPRESENTATION_CONTEXT() REPRESENTATION_CONTEXT('2D SPACE',''
  ) );
#4633 = ORIENTED_EDGE('',*,*,#4634,.T.);
#4634 = EDGE_CURVE('',#4607,#4635,#4637,.T.);
#4635 = VERTEX_POINT('',#4636);
#4636 = CARTESIAN_POINT('',(-19.8,-28.,13.));
#4637 = SURFACE_CURVE('',#4638,(#4642,#4649),.PCURVE_S1.);
#4638 = LINE('',#4639,#4640);
#4639 = CARTESIAN_POINT('',(-9.05929289582,-28.,13.));
#4640 = VECTOR('',#4641,1.);
#4641 = DIRECTION('',(-1.,0.,0.));
#4642 = PCURVE('',#669,#4643);
#4643 = DEFINITIONAL_REPRESENTATION('',(#4644),#4648);
#4644 = LINE('',#4645,#4646);
#4645 = CARTESIAN_POINT('',(-6.789365024747,-11.44070710418));
#4646 = VECTOR('',#4647,1.);
#4647 = DIRECTION('',(0.,-1.));
#4648 = ( GEOMETRIC_REPRESENTATION_CONTEXT(2) 
PARAMETRIC_REPRESENTATION_CONTEXT() REPRESENTATION_CONTEXT('2D SPACE',''
  ) );
#4649 = PCURVE('',#2491,#4650);
#4650 = DEFINITIONAL_REPRESENTATION('',(#4651),#4655);
#4651 = LINE('',#4652,#4653);
#4652 = CARTESIAN_POINT('',(11.44070710418,5.));
#4653 = VECTOR('',#4654,1.);
#4654 = DIRECTION('',(-1.,0.));
#4655 = ( GEOMETRIC_REPRESENTATION_CONTEXT(2) 
PARAMETRIC_REPRESENTATION_CONTEXT() REPRESENTATION_CONTEXT('2D SPACE',''
  ) );
#4656 = ORIENTED_EDGE('',*,*,#4657,.T.);
#4657 = EDGE_CURVE('',#4635,#4658,#4660,.T.);
#4658 = VERTEX_POINT('',#4659);
#4659 = CARTESIAN_POINT('',(-20.5,-28.,13.7));
#4660 = SURFACE_CURVE('',#4661,(#4666,#4677),.PCURVE_S1.);
#4661 = CIRCLE('',#4662,0.7);
#4662 = AXIS2_PLACEMENT_3D('',#4663,#4664,#4665);
#4663 = CARTESIAN_POINT('',(-19.8,-28.,13.7));
#4664 = DIRECTION('',(0.,1.,0.));
#4665 = DIRECTION('',(-1.,0.,0.));
#4666 = PCURVE('',#669,#4667);
#4667 = DEFINITIONAL_REPRESENTATION('',(#4668),#4676);
#4668 = ( BOUNDED_CURVE() B_SPLINE_CURVE(2,(#4669,#4670,#4671,#4672,
#4673,#4674,#4675),.UNSPECIFIED.,.T.,.F.) B_SPLINE_CURVE_WITH_KNOTS((1,2
    ,2,2,2,1),(-2.094395102393,0.,2.094395102393,4.188790204786,
6.28318530718,8.377580409573),.UNSPECIFIED.) CURVE() 
GEOMETRIC_REPRESENTATION_ITEM() RATIONAL_B_SPLINE_CURVE((1.,0.5,1.,0.5,
1.,0.5,1.)) REPRESENTATION_ITEM('') );
#4669 = CARTESIAN_POINT('',(-7.489365024747,-22.88141420836));
#4670 = CARTESIAN_POINT('',(-8.701800590045,-22.88141420836));
#4671 = CARTESIAN_POINT('',(-8.095582807396,-21.83141420836));
#4672 = CARTESIAN_POINT('',(-7.489365024747,-20.78141420836));
#4673 = CARTESIAN_POINT('',(-6.883147242098,-21.83141420836));
#4674 = CARTESIAN_POINT('',(-6.276929459449,-22.88141420836));
#4675 = CARTESIAN_POINT('',(-7.489365024747,-22.88141420836));
#4676 = ( GEOMETRIC_REPRESENTATION_CONTEXT(2) 
PARAMETRIC_REPRESENTATION_CONTEXT() REPRESENTATION_CONTEXT('2D SPACE',''
  ) );
#4677 = PCURVE('',#2524,#4678);
#4678 = DEFINITIONAL_REPRESENTATION('',(#4679),#4683);
#4679 = LINE('',#4680,#4681);
#4680 = CARTESIAN_POINT('',(-4.138911435803E-13,5.));
#4681 = VECTOR('',#4682,1.);
#4682 = DIRECTION('',(1.,-0.));
#4683 = ( GEOMETRIC_REPRESENTATION_CONTEXT(2) 
PARAMETRIC_REPRESENTATION_CONTEXT() REPRESENTATION_CONTEXT('2D SPACE',''
  ) );
#4684 = ORIENTED_EDGE('',*,*,#4685,.T.);
#4685 = EDGE_CURVE('',#4658,#4686,#4688,.T.);
#4686 = VERTEX_POINT('',#4687);
#4687 = CARTESIAN_POINT('',(-20.5,-28.,15.));
#4688 = SURFACE_CURVE('',#4689,(#4693,#4700),.PCURVE_S1.);
#4689 = LINE('',#4690,#4691);
#4690 = CARTESIAN_POINT('',(-20.5,-28.,9.605317487626));
#4691 = VECTOR('',#4692,1.);
#4692 = DIRECTION('',(0.,0.,1.));
#4693 = PCURVE('',#669,#4694);
#4694 = DEFINITIONAL_REPRESENTATION('',(#4695),#4699);
#4695 = LINE('',#4696,#4697);
#4696 = CARTESIAN_POINT('',(-3.394682512373,-22.88141420836));
#4697 = VECTOR('',#4698,1.);
#4698 = DIRECTION('',(-1.,0.));
#4699 = ( GEOMETRIC_REPRESENTATION_CONTEXT(2) 
PARAMETRIC_REPRESENTATION_CONTEXT() REPRESENTATION_CONTEXT('2D SPACE',''
  ) );
#4700 = PCURVE('',#2552,#4701);
#4701 = DEFINITIONAL_REPRESENTATION('',(#4702),#4706);
#4702 = LINE('',#4703,#4704);
#4703 = CARTESIAN_POINT('',(-3.394682512374,-5.));
#4704 = VECTOR('',#4705,1.);
#4705 = DIRECTION('',(1.,0.));
#4706 = ( GEOMETRIC_REPRESENTATION_CONTEXT(2) 
PARAMETRIC_REPRESENTATION_CONTEXT() REPRESENTATION_CONTEXT('2D SPACE',''
  ) );
#4707 = ORIENTED_EDGE('',*,*,#4708,.T.);
#4708 = EDGE_CURVE('',#4686,#3918,#4709,.T.);
#4709 = SURFACE_CURVE('',#4710,(#4714,#4721),.PCURVE_S1.);
#4710 = LINE('',#4711,#4712);
#4711 = CARTESIAN_POINT('',(-14.55929289581,-28.,15.));
#4712 = VECTOR('',#4713,1.);
#4713 = DIRECTION('',(-1.,0.,0.));
#4714 = PCURVE('',#669,#4715);
#4715 = DEFINITIONAL_REPRESENTATION('',(#4716),#4720);
#4716 = LINE('',#4717,#4718);
#4717 = CARTESIAN_POINT('',(-8.789365024747,-16.94070710417));
#4718 = VECTOR('',#4719,1.);
#4719 = DIRECTION('',(0.,-1.));
#4720 = ( GEOMETRIC_REPRESENTATION_CONTEXT(2) 
PARAMETRIC_REPRESENTATION_CONTEXT() REPRESENTATION_CONTEXT('2D SPACE',''
  ) );
#4721 = PCURVE('',#2580,#4722);
#4722 = DEFINITIONAL_REPRESENTATION('',(#4723),#4727);
#4723 = LINE('',#4724,#4725);
#4724 = CARTESIAN_POINT('',(16.94070710419,4.));
#4725 = VECTOR('',#4726,1.);
#4726 = DIRECTION('',(-1.,0.));
#4727 = ( GEOMETRIC_REPRESENTATION_CONTEXT(2) 
PARAMETRIC_REPRESENTATION_CONTEXT() REPRESENTATION_CONTEXT('2D SPACE',''
  ) );
#4728 = ADVANCED_FACE('',(#4729),#697,.T.);
#4729 = FACE_BOUND('',#4730,.T.);
#4730 = EDGE_LOOP('',(#4731,#4754,#4755,#4756));
#4731 = ORIENTED_EDGE('',*,*,#4732,.F.);
#4732 = EDGE_CURVE('',#4033,#4733,#4735,.T.);
#4733 = VERTEX_POINT('',#4734);
#4734 = CARTESIAN_POINT('',(39.5,-24.,-12.6));
#4735 = SURFACE_CURVE('',#4736,(#4740,#4747),.PCURVE_S1.);
#4736 = LINE('',#4737,#4738);
#4737 = CARTESIAN_POINT('',(39.5,-30.,-12.6));
#4738 = VECTOR('',#4739,1.);
#4739 = DIRECTION('',(0.,1.,0.));
#4740 = PCURVE('',#697,#4741);
#4741 = DEFINITIONAL_REPRESENTATION('',(#4742),#4746);
#4742 = LINE('',#4743,#4744);
#4743 = CARTESIAN_POINT('',(3.2,0.));
#4744 = VECTOR('',#4745,1.);
#4745 = DIRECTION('',(0.,-1.));
#4746 = ( GEOMETRIC_REPRESENTATION_CONTEXT(2) 
PARAMETRIC_REPRESENTATION_CONTEXT() REPRESENTATION_CONTEXT('2D SPACE',''
  ) );
#4747 = PCURVE('',#4048,#4748);
#4748 = DEFINITIONAL_REPRESENTATION('',(#4749),#4753);
#4749 = LINE('',#4750,#4751);
#4750 = CARTESIAN_POINT('',(7.,0.));
#4751 = VECTOR('',#4752,1.);
#4752 = DIRECTION('',(0.,1.));
#4753 = ( GEOMETRIC_REPRESENTATION_CONTEXT(2) 
PARAMETRIC_REPRESENTATION_CONTEXT() REPRESENTATION_CONTEXT('2D SPACE',''
  ) );
#4754 = ORIENTED_EDGE('',*,*,#4060,.F.);
#4755 = ORIENTED_EDGE('',*,*,#681,.T.);
#4756 = ORIENTED_EDGE('',*,*,#4757,.T.);
#4757 = EDGE_CURVE('',#682,#4733,#4758,.T.);
#4758 = SURFACE_CURVE('',#4759,(#4763,#4770),.PCURVE_S1.);
#4759 = LINE('',#4760,#4761);
#4760 = CARTESIAN_POINT('',(39.5,-24.,-15.8));
#4761 = VECTOR('',#4762,1.);
#4762 = DIRECTION('',(0.,0.,1.));
#4763 = PCURVE('',#697,#4764);
#4764 = DEFINITIONAL_REPRESENTATION('',(#4765),#4769);
#4765 = LINE('',#4766,#4767);
#4766 = CARTESIAN_POINT('',(0.,-6.));
#4767 = VECTOR('',#4768,1.);
#4768 = DIRECTION('',(1.,0.));
#4769 = ( GEOMETRIC_REPRESENTATION_CONTEXT(2) 
PARAMETRIC_REPRESENTATION_CONTEXT() REPRESENTATION_CONTEXT('2D SPACE',''
  ) );
#4770 = PCURVE('',#726,#4771);
#4771 = DEFINITIONAL_REPRESENTATION('',(#4772),#4776);
#4772 = LINE('',#4773,#4774);
#4773 = CARTESIAN_POINT('',(0.,0.));
#4774 = VECTOR('',#4775,1.);
#4775 = DIRECTION('',(0.,1.));
#4776 = ( GEOMETRIC_REPRESENTATION_CONTEXT(2) 
PARAMETRIC_REPRESENTATION_CONTEXT() REPRESENTATION_CONTEXT('2D SPACE',''
  ) );
#4777 = ADVANCED_FACE('',(#4778),#726,.T.);
#4778 = FACE_BOUND('',#4779,.T.);
#4779 = EDGE_LOOP('',(#4780,#4781,#4804,#4826));
#4780 = ORIENTED_EDGE('',*,*,#709,.T.);
#4781 = ORIENTED_EDGE('',*,*,#4782,.T.);
#4782 = EDGE_CURVE('',#710,#4783,#4785,.T.);
#4783 = VERTEX_POINT('',#4784);
#4784 = CARTESIAN_POINT('',(38.5,-23.,-12.6));
#4785 = SURFACE_CURVE('',#4786,(#4790,#4797),.PCURVE_S1.);
#4786 = LINE('',#4787,#4788);
#4787 = CARTESIAN_POINT('',(38.5,-23.,-15.8));
#4788 = VECTOR('',#4789,1.);
#4789 = DIRECTION('',(0.,0.,1.));
#4790 = PCURVE('',#726,#4791);
#4791 = DEFINITIONAL_REPRESENTATION('',(#4792),#4796);
#4792 = LINE('',#4793,#4794);
#4793 = CARTESIAN_POINT('',(1.570796326795,0.));
#4794 = VECTOR('',#4795,1.);
#4795 = DIRECTION('',(0.,1.));
#4796 = ( GEOMETRIC_REPRESENTATION_CONTEXT(2) 
PARAMETRIC_REPRESENTATION_CONTEXT() REPRESENTATION_CONTEXT('2D SPACE',''
  ) );
#4797 = PCURVE('',#754,#4798);
#4798 = DEFINITIONAL_REPRESENTATION('',(#4799),#4803);
#4799 = LINE('',#4800,#4801);
#4800 = CARTESIAN_POINT('',(0.,6.));
#4801 = VECTOR('',#4802,1.);
#4802 = DIRECTION('',(1.,0.));
#4803 = ( GEOMETRIC_REPRESENTATION_CONTEXT(2) 
PARAMETRIC_REPRESENTATION_CONTEXT() REPRESENTATION_CONTEXT('2D SPACE',''
  ) );
#4804 = ORIENTED_EDGE('',*,*,#4805,.F.);
#4805 = EDGE_CURVE('',#4733,#4783,#4806,.T.);
#4806 = SURFACE_CURVE('',#4807,(#4812,#4819),.PCURVE_S1.);
#4807 = CIRCLE('',#4808,1.);
#4808 = AXIS2_PLACEMENT_3D('',#4809,#4810,#4811);
#4809 = CARTESIAN_POINT('',(38.5,-24.,-12.6));
#4810 = DIRECTION('',(0.,0.,1.));
#4811 = DIRECTION('',(0.,-1.,0.));
#4812 = PCURVE('',#726,#4813);
#4813 = DEFINITIONAL_REPRESENTATION('',(#4814),#4818);
#4814 = LINE('',#4815,#4816);
#4815 = CARTESIAN_POINT('',(-1.570796326795,3.2));
#4816 = VECTOR('',#4817,1.);
#4817 = DIRECTION('',(1.,0.));
#4818 = ( GEOMETRIC_REPRESENTATION_CONTEXT(2) 
PARAMETRIC_REPRESENTATION_CONTEXT() REPRESENTATION_CONTEXT('2D SPACE',''
  ) );
#4819 = PCURVE('',#4048,#4820);
#4820 = DEFINITIONAL_REPRESENTATION('',(#4821),#4825);
#4821 = CIRCLE('',#4822,1.);
#4822 = AXIS2_PLACEMENT_2D('',#4823,#4824);
#4823 = CARTESIAN_POINT('',(6.,6.));
#4824 = DIRECTION('',(0.,-1.));
#4825 = ( GEOMETRIC_REPRESENTATION_CONTEXT(2) 
PARAMETRIC_REPRESENTATION_CONTEXT() REPRESENTATION_CONTEXT('2D SPACE',''
  ) );
#4826 = ORIENTED_EDGE('',*,*,#4757,.F.);
#4827 = ADVANCED_FACE('',(#4828),#754,.T.);
#4828 = FACE_BOUND('',#4829,.T.);
#4829 = EDGE_LOOP('',(#4830,#4831,#4854,#4875));
#4830 = ORIENTED_EDGE('',*,*,#738,.F.);
#4831 = ORIENTED_EDGE('',*,*,#4832,.T.);
#4832 = EDGE_CURVE('',#739,#4833,#4835,.T.);
#4833 = VERTEX_POINT('',#4834);
#4834 = CARTESIAN_POINT('',(33.5,-23.,-12.6));
#4835 = SURFACE_CURVE('',#4836,(#4840,#4847),.PCURVE_S1.);
#4836 = LINE('',#4837,#4838);
#4837 = CARTESIAN_POINT('',(33.5,-23.,-15.8));
#4838 = VECTOR('',#4839,1.);
#4839 = DIRECTION('',(0.,0.,1.));
#4840 = PCURVE('',#754,#4841);
#4841 = DEFINITIONAL_REPRESENTATION('',(#4842),#4846);
#4842 = LINE('',#4843,#4844);
#4843 = CARTESIAN_POINT('',(0.,1.));
#4844 = VECTOR('',#4845,1.);
#4845 = DIRECTION('',(1.,0.));
#4846 = ( GEOMETRIC_REPRESENTATION_CONTEXT(2) 
PARAMETRIC_REPRESENTATION_CONTEXT() REPRESENTATION_CONTEXT('2D SPACE',''
  ) );
#4847 = PCURVE('',#787,#4848);
#4848 = DEFINITIONAL_REPRESENTATION('',(#4849),#4853);
#4849 = LINE('',#4850,#4851);
#4850 = CARTESIAN_POINT('',(4.712388980385,0.));
#4851 = VECTOR('',#4852,1.);
#4852 = DIRECTION('',(-0.,1.));
#4853 = ( GEOMETRIC_REPRESENTATION_CONTEXT(2) 
PARAMETRIC_REPRESENTATION_CONTEXT() REPRESENTATION_CONTEXT('2D SPACE',''
  ) );
#4854 = ORIENTED_EDGE('',*,*,#4855,.T.);
#4855 = EDGE_CURVE('',#4833,#4783,#4856,.T.);
#4856 = SURFACE_CURVE('',#4857,(#4861,#4868),.PCURVE_S1.);
#4857 = LINE('',#4858,#4859);
#4858 = CARTESIAN_POINT('',(32.5,-23.,-12.6));
#4859 = VECTOR('',#4860,1.);
#4860 = DIRECTION('',(1.,0.,0.));
#4861 = PCURVE('',#754,#4862);
#4862 = DEFINITIONAL_REPRESENTATION('',(#4863),#4867);
#4863 = LINE('',#4864,#4865);
#4864 = CARTESIAN_POINT('',(3.2,0.));
#4865 = VECTOR('',#4866,1.);
#4866 = DIRECTION('',(0.,1.));
#4867 = ( GEOMETRIC_REPRESENTATION_CONTEXT(2) 
PARAMETRIC_REPRESENTATION_CONTEXT() REPRESENTATION_CONTEXT('2D SPACE',''
  ) );
#4868 = PCURVE('',#4048,#4869);
#4869 = DEFINITIONAL_REPRESENTATION('',(#4870),#4874);
#4870 = LINE('',#4871,#4872);
#4871 = CARTESIAN_POINT('',(0.,7.));
#4872 = VECTOR('',#4873,1.);
#4873 = DIRECTION('',(1.,0.));
#4874 = ( GEOMETRIC_REPRESENTATION_CONTEXT(2) 
PARAMETRIC_REPRESENTATION_CONTEXT() REPRESENTATION_CONTEXT('2D SPACE',''
  ) );
#4875 = ORIENTED_EDGE('',*,*,#4782,.F.);
#4876 = ADVANCED_FACE('',(#4877),#787,.T.);
#4877 = FACE_BOUND('',#4878,.T.);
#4878 = EDGE_LOOP('',(#4879,#4902,#4928,#4929));
#4879 = ORIENTED_EDGE('',*,*,#4880,.T.);
#4880 = EDGE_CURVE('',#767,#4881,#4883,.T.);
#4881 = VERTEX_POINT('',#4882);
#4882 = CARTESIAN_POINT('',(32.5,-24.,-12.6));
#4883 = SURFACE_CURVE('',#4884,(#4888,#4895),.PCURVE_S1.);
#4884 = LINE('',#4885,#4886);
#4885 = CARTESIAN_POINT('',(32.5,-24.,-15.8));
#4886 = VECTOR('',#4887,1.);
#4887 = DIRECTION('',(0.,0.,1.));
#4888 = PCURVE('',#787,#4889);
#4889 = DEFINITIONAL_REPRESENTATION('',(#4890),#4894);
#4890 = LINE('',#4891,#4892);
#4891 = CARTESIAN_POINT('',(6.28318530718,0.));
#4892 = VECTOR('',#4893,1.);
#4893 = DIRECTION('',(-0.,1.));
#4894 = ( GEOMETRIC_REPRESENTATION_CONTEXT(2) 
PARAMETRIC_REPRESENTATION_CONTEXT() REPRESENTATION_CONTEXT('2D SPACE',''
  ) );
#4895 = PCURVE('',#815,#4896);
#4896 = DEFINITIONAL_REPRESENTATION('',(#4897),#4901);
#4897 = LINE('',#4898,#4899);
#4898 = CARTESIAN_POINT('',(0.,-6.));
#4899 = VECTOR('',#4900,1.);
#4900 = DIRECTION('',(1.,0.));
#4901 = ( GEOMETRIC_REPRESENTATION_CONTEXT(2) 
PARAMETRIC_REPRESENTATION_CONTEXT() REPRESENTATION_CONTEXT('2D SPACE',''
  ) );
#4902 = ORIENTED_EDGE('',*,*,#4903,.T.);
#4903 = EDGE_CURVE('',#4881,#4833,#4904,.T.);
#4904 = SURFACE_CURVE('',#4905,(#4910,#4917),.PCURVE_S1.);
#4905 = CIRCLE('',#4906,1.);
#4906 = AXIS2_PLACEMENT_3D('',#4907,#4908,#4909);
#4907 = CARTESIAN_POINT('',(33.5,-24.,-12.6));
#4908 = DIRECTION('',(-0.,-0.,-1.));
#4909 = DIRECTION('',(0.,-1.,0.));
#4910 = PCURVE('',#787,#4911);
#4911 = DEFINITIONAL_REPRESENTATION('',(#4912),#4916);
#4912 = LINE('',#4913,#4914);
#4913 = CARTESIAN_POINT('',(7.853981633975,3.2));
#4914 = VECTOR('',#4915,1.);
#4915 = DIRECTION('',(-1.,0.));
#4916 = ( GEOMETRIC_REPRESENTATION_CONTEXT(2) 
PARAMETRIC_REPRESENTATION_CONTEXT() REPRESENTATION_CONTEXT('2D SPACE',''
  ) );
#4917 = PCURVE('',#4048,#4918);
#4918 = DEFINITIONAL_REPRESENTATION('',(#4919),#4927);
#4919 = ( BOUNDED_CURVE() B_SPLINE_CURVE(2,(#4920,#4921,#4922,#4923,
#4924,#4925,#4926),.UNSPECIFIED.,.T.,.F.) B_SPLINE_CURVE_WITH_KNOTS((1,2
    ,2,2,2,1),(-2.094395102393,0.,2.094395102393,4.188790204786,
6.28318530718,8.377580409573),.UNSPECIFIED.) CURVE() 
GEOMETRIC_REPRESENTATION_ITEM() RATIONAL_B_SPLINE_CURVE((1.,0.5,1.,0.5,
1.,0.5,1.)) REPRESENTATION_ITEM('') );
#4920 = CARTESIAN_POINT('',(1.,5.));
#4921 = CARTESIAN_POINT('',(-0.732050807569,5.));
#4922 = CARTESIAN_POINT('',(0.133974596216,6.5));
#4923 = CARTESIAN_POINT('',(1.,8.));
#4924 = CARTESIAN_POINT('',(1.866025403784,6.5));
#4925 = CARTESIAN_POINT('',(2.732050807569,5.));
#4926 = CARTESIAN_POINT('',(1.,5.));
#4927 = ( GEOMETRIC_REPRESENTATION_CONTEXT(2) 
PARAMETRIC_REPRESENTATION_CONTEXT() REPRESENTATION_CONTEXT('2D SPACE',''
  ) );
#4928 = ORIENTED_EDGE('',*,*,#4832,.F.);
#4929 = ORIENTED_EDGE('',*,*,#766,.F.);
#4930 = ADVANCED_FACE('',(#4931),#815,.F.);
#4931 = FACE_BOUND('',#4932,.F.);
#4932 = EDGE_LOOP('',(#4933,#4954,#4955,#4956));
#4933 = ORIENTED_EDGE('',*,*,#4934,.F.);
#4934 = EDGE_CURVE('',#4010,#4881,#4935,.T.);
#4935 = SURFACE_CURVE('',#4936,(#4940,#4947),.PCURVE_S1.);
#4936 = LINE('',#4937,#4938);
#4937 = CARTESIAN_POINT('',(32.5,-30.,-12.6));
#4938 = VECTOR('',#4939,1.);
#4939 = DIRECTION('',(0.,1.,0.));
#4940 = PCURVE('',#815,#4941);
#4941 = DEFINITIONAL_REPRESENTATION('',(#4942),#4946);
#4942 = LINE('',#4943,#4944);
#4943 = CARTESIAN_POINT('',(3.2,0.));
#4944 = VECTOR('',#4945,1.);
#4945 = DIRECTION('',(0.,-1.));
#4946 = ( GEOMETRIC_REPRESENTATION_CONTEXT(2) 
PARAMETRIC_REPRESENTATION_CONTEXT() REPRESENTATION_CONTEXT('2D SPACE',''
  ) );
#4947 = PCURVE('',#4048,#4948);
#4948 = DEFINITIONAL_REPRESENTATION('',(#4949),#4953);
#4949 = LINE('',#4950,#4951);
#4950 = CARTESIAN_POINT('',(0.,0.));
#4951 = VECTOR('',#4952,1.);
#4952 = DIRECTION('',(0.,1.));
#4953 = ( GEOMETRIC_REPRESENTATION_CONTEXT(2) 
PARAMETRIC_REPRESENTATION_CONTEXT() REPRESENTATION_CONTEXT('2D SPACE',''
  ) );
#4954 = ORIENTED_EDGE('',*,*,#4009,.F.);
#4955 = ORIENTED_EDGE('',*,*,#799,.T.);
#4956 = ORIENTED_EDGE('',*,*,#4880,.T.);
#4957 = ADVANCED_FACE('',(#4958),#866,.T.);
#4958 = FACE_BOUND('',#4959,.T.);
#4959 = EDGE_LOOP('',(#4960,#4983,#4984,#4985));
#4960 = ORIENTED_EDGE('',*,*,#4961,.F.);
#4961 = EDGE_CURVE('',#3965,#4962,#4964,.T.);
#4962 = VERTEX_POINT('',#4963);
#4963 = CARTESIAN_POINT('',(-30.5,-24.,-12.6));
#4964 = SURFACE_CURVE('',#4965,(#4969,#4976),.PCURVE_S1.);
#4965 = LINE('',#4966,#4967);
#4966 = CARTESIAN_POINT('',(-30.5,-30.,-12.6));
#4967 = VECTOR('',#4968,1.);
#4968 = DIRECTION('',(0.,1.,0.));
#4969 = PCURVE('',#866,#4970);
#4970 = DEFINITIONAL_REPRESENTATION('',(#4971),#4975);
#4971 = LINE('',#4972,#4973);
#4972 = CARTESIAN_POINT('',(3.2,0.));
#4973 = VECTOR('',#4974,1.);
#4974 = DIRECTION('',(0.,-1.));
#4975 = ( GEOMETRIC_REPRESENTATION_CONTEXT(2) 
PARAMETRIC_REPRESENTATION_CONTEXT() REPRESENTATION_CONTEXT('2D SPACE',''
  ) );
#4976 = PCURVE('',#2975,#4977);
#4977 = DEFINITIONAL_REPRESENTATION('',(#4978),#4982);
#4978 = LINE('',#4979,#4980);
#4979 = CARTESIAN_POINT('',(7.,0.));
#4980 = VECTOR('',#4981,1.);
#4981 = DIRECTION('',(0.,1.));
#4982 = ( GEOMETRIC_REPRESENTATION_CONTEXT(2) 
PARAMETRIC_REPRESENTATION_CONTEXT() REPRESENTATION_CONTEXT('2D SPACE',''
  ) );
#4983 = ORIENTED_EDGE('',*,*,#3987,.F.);
#4984 = ORIENTED_EDGE('',*,*,#850,.T.);
#4985 = ORIENTED_EDGE('',*,*,#4986,.T.);
#4986 = EDGE_CURVE('',#851,#4962,#4987,.T.);
#4987 = SURFACE_CURVE('',#4988,(#4992,#4999),.PCURVE_S1.);
#4988 = LINE('',#4989,#4990);
#4989 = CARTESIAN_POINT('',(-30.5,-24.,-15.8));
#4990 = VECTOR('',#4991,1.);
#4991 = DIRECTION('',(0.,0.,1.));
#4992 = PCURVE('',#866,#4993);
#4993 = DEFINITIONAL_REPRESENTATION('',(#4994),#4998);
#4994 = LINE('',#4995,#4996);
#4995 = CARTESIAN_POINT('',(0.,-6.));
#4996 = VECTOR('',#4997,1.);
#4997 = DIRECTION('',(1.,0.));
#4998 = ( GEOMETRIC_REPRESENTATION_CONTEXT(2) 
PARAMETRIC_REPRESENTATION_CONTEXT() REPRESENTATION_CONTEXT('2D SPACE',''
  ) );
#4999 = PCURVE('',#895,#5000);
#5000 = DEFINITIONAL_REPRESENTATION('',(#5001),#5005);
#5001 = LINE('',#5002,#5003);
#5002 = CARTESIAN_POINT('',(0.,0.));
#5003 = VECTOR('',#5004,1.);
#5004 = DIRECTION('',(0.,1.));
#5005 = ( GEOMETRIC_REPRESENTATION_CONTEXT(2) 
PARAMETRIC_REPRESENTATION_CONTEXT() REPRESENTATION_CONTEXT('2D SPACE',''
  ) );
#5006 = ADVANCED_FACE('',(#5007),#895,.T.);
#5007 = FACE_BOUND('',#5008,.T.);
#5008 = EDGE_LOOP('',(#5009,#5010,#5033,#5055));
#5009 = ORIENTED_EDGE('',*,*,#878,.T.);
#5010 = ORIENTED_EDGE('',*,*,#5011,.T.);
#5011 = EDGE_CURVE('',#879,#5012,#5014,.T.);
#5012 = VERTEX_POINT('',#5013);
#5013 = CARTESIAN_POINT('',(-31.5,-23.,-12.6));
#5014 = SURFACE_CURVE('',#5015,(#5019,#5026),.PCURVE_S1.);
#5015 = LINE('',#5016,#5017);
#5016 = CARTESIAN_POINT('',(-31.5,-23.,-15.8));
#5017 = VECTOR('',#5018,1.);
#5018 = DIRECTION('',(0.,0.,1.));
#5019 = PCURVE('',#895,#5020);
#5020 = DEFINITIONAL_REPRESENTATION('',(#5021),#5025);
#5021 = LINE('',#5022,#5023);
#5022 = CARTESIAN_POINT('',(1.570796326795,0.));
#5023 = VECTOR('',#5024,1.);
#5024 = DIRECTION('',(0.,1.));
#5025 = ( GEOMETRIC_REPRESENTATION_CONTEXT(2) 
PARAMETRIC_REPRESENTATION_CONTEXT() REPRESENTATION_CONTEXT('2D SPACE',''
  ) );
#5026 = PCURVE('',#923,#5027);
#5027 = DEFINITIONAL_REPRESENTATION('',(#5028),#5032);
#5028 = LINE('',#5029,#5030);
#5029 = CARTESIAN_POINT('',(0.,6.));
#5030 = VECTOR('',#5031,1.);
#5031 = DIRECTION('',(1.,0.));
#5032 = ( GEOMETRIC_REPRESENTATION_CONTEXT(2) 
PARAMETRIC_REPRESENTATION_CONTEXT() REPRESENTATION_CONTEXT('2D SPACE',''
  ) );
#5033 = ORIENTED_EDGE('',*,*,#5034,.F.);
#5034 = EDGE_CURVE('',#4962,#5012,#5035,.T.);
#5035 = SURFACE_CURVE('',#5036,(#5041,#5048),.PCURVE_S1.);
#5036 = CIRCLE('',#5037,1.);
#5037 = AXIS2_PLACEMENT_3D('',#5038,#5039,#5040);
#5038 = CARTESIAN_POINT('',(-31.5,-24.,-12.6));
#5039 = DIRECTION('',(0.,0.,1.));
#5040 = DIRECTION('',(0.,-1.,0.));
#5041 = PCURVE('',#895,#5042);
#5042 = DEFINITIONAL_REPRESENTATION('',(#5043),#5047);
#5043 = LINE('',#5044,#5045);
#5044 = CARTESIAN_POINT('',(-1.570796326795,3.2));
#5045 = VECTOR('',#5046,1.);
#5046 = DIRECTION('',(1.,0.));
#5047 = ( GEOMETRIC_REPRESENTATION_CONTEXT(2) 
PARAMETRIC_REPRESENTATION_CONTEXT() REPRESENTATION_CONTEXT('2D SPACE',''
  ) );
#5048 = PCURVE('',#2975,#5049);
#5049 = DEFINITIONAL_REPRESENTATION('',(#5050),#5054);
#5050 = CIRCLE('',#5051,1.);
#5051 = AXIS2_PLACEMENT_2D('',#5052,#5053);
#5052 = CARTESIAN_POINT('',(6.,6.));
#5053 = DIRECTION('',(0.,-1.));
#5054 = ( GEOMETRIC_REPRESENTATION_CONTEXT(2) 
PARAMETRIC_REPRESENTATION_CONTEXT() REPRESENTATION_CONTEXT('2D SPACE',''
  ) );
#5055 = ORIENTED_EDGE('',*,*,#4986,.F.);
#5056 = ADVANCED_FACE('',(#5057),#923,.T.);
#5057 = FACE_BOUND('',#5058,.T.);
#5058 = EDGE_LOOP('',(#5059,#5060,#5083,#5104));
#5059 = ORIENTED_EDGE('',*,*,#907,.F.);
#5060 = ORIENTED_EDGE('',*,*,#5061,.T.);
#5061 = EDGE_CURVE('',#908,#5062,#5064,.T.);
#5062 = VERTEX_POINT('',#5063);
#5063 = CARTESIAN_POINT('',(-36.5,-23.,-12.6));
#5064 = SURFACE_CURVE('',#5065,(#5069,#5076),.PCURVE_S1.);
#5065 = LINE('',#5066,#5067);
#5066 = CARTESIAN_POINT('',(-36.5,-23.,-15.8));
#5067 = VECTOR('',#5068,1.);
#5068 = DIRECTION('',(0.,0.,1.));
#5069 = PCURVE('',#923,#5070);
#5070 = DEFINITIONAL_REPRESENTATION('',(#5071),#5075);
#5071 = LINE('',#5072,#5073);
#5072 = CARTESIAN_POINT('',(0.,1.));
#5073 = VECTOR('',#5074,1.);
#5074 = DIRECTION('',(1.,0.));
#5075 = ( GEOMETRIC_REPRESENTATION_CONTEXT(2) 
PARAMETRIC_REPRESENTATION_CONTEXT() REPRESENTATION_CONTEXT('2D SPACE',''
  ) );
#5076 = PCURVE('',#954,#5077);
#5077 = DEFINITIONAL_REPRESENTATION('',(#5078),#5082);
#5078 = LINE('',#5079,#5080);
#5079 = CARTESIAN_POINT('',(4.712388980385,0.));
#5080 = VECTOR('',#5081,1.);
#5081 = DIRECTION('',(-0.,1.));
#5082 = ( GEOMETRIC_REPRESENTATION_CONTEXT(2) 
PARAMETRIC_REPRESENTATION_CONTEXT() REPRESENTATION_CONTEXT('2D SPACE',''
  ) );
#5083 = ORIENTED_EDGE('',*,*,#5084,.T.);
#5084 = EDGE_CURVE('',#5062,#5012,#5085,.T.);
#5085 = SURFACE_CURVE('',#5086,(#5090,#5097),.PCURVE_S1.);
#5086 = LINE('',#5087,#5088);
#5087 = CARTESIAN_POINT('',(-37.5,-23.,-12.6));
#5088 = VECTOR('',#5089,1.);
#5089 = DIRECTION('',(1.,0.,0.));
#5090 = PCURVE('',#923,#5091);
#5091 = DEFINITIONAL_REPRESENTATION('',(#5092),#5096);
#5092 = LINE('',#5093,#5094);
#5093 = CARTESIAN_POINT('',(3.2,0.));
#5094 = VECTOR('',#5095,1.);
#5095 = DIRECTION('',(0.,1.));
#5096 = ( GEOMETRIC_REPRESENTATION_CONTEXT(2) 
PARAMETRIC_REPRESENTATION_CONTEXT() REPRESENTATION_CONTEXT('2D SPACE',''
  ) );
#5097 = PCURVE('',#2975,#5098);
#5098 = DEFINITIONAL_REPRESENTATION('',(#5099),#5103);
#5099 = LINE('',#5100,#5101);
#5100 = CARTESIAN_POINT('',(0.,7.));
#5101 = VECTOR('',#5102,1.);
#5102 = DIRECTION('',(1.,0.));
#5103 = ( GEOMETRIC_REPRESENTATION_CONTEXT(2) 
PARAMETRIC_REPRESENTATION_CONTEXT() REPRESENTATION_CONTEXT('2D SPACE',''
  ) );
#5104 = ORIENTED_EDGE('',*,*,#5011,.F.);
#5105 = ADVANCED_FACE('',(#5106),#954,.T.);
#5106 = FACE_BOUND('',#5107,.T.);
#5107 = EDGE_LOOP('',(#5108,#5134,#5135,#5136));
#5108 = ORIENTED_EDGE('',*,*,#5109,.T.);
#5109 = EDGE_CURVE('',#2960,#5062,#5110,.T.);
#5110 = SURFACE_CURVE('',#5111,(#5116,#5123),.PCURVE_S1.);
#5111 = CIRCLE('',#5112,1.);
#5112 = AXIS2_PLACEMENT_3D('',#5113,#5114,#5115);
#5113 = CARTESIAN_POINT('',(-36.5,-24.,-12.6));
#5114 = DIRECTION('',(-0.,-0.,-1.));
#5115 = DIRECTION('',(0.,-1.,0.));
#5116 = PCURVE('',#954,#5117);
#5117 = DEFINITIONAL_REPRESENTATION('',(#5118),#5122);
#5118 = LINE('',#5119,#5120);
#5119 = CARTESIAN_POINT('',(7.853981633975,3.2));
#5120 = VECTOR('',#5121,1.);
#5121 = DIRECTION('',(-1.,0.));
#5122 = ( GEOMETRIC_REPRESENTATION_CONTEXT(2) 
PARAMETRIC_REPRESENTATION_CONTEXT() REPRESENTATION_CONTEXT('2D SPACE',''
  ) );
#5123 = PCURVE('',#2975,#5124);
#5124 = DEFINITIONAL_REPRESENTATION('',(#5125),#5133);
#5125 = ( BOUNDED_CURVE() B_SPLINE_CURVE(2,(#5126,#5127,#5128,#5129,
#5130,#5131,#5132),.UNSPECIFIED.,.T.,.F.) B_SPLINE_CURVE_WITH_KNOTS((1,2
    ,2,2,2,1),(-2.094395102393,0.,2.094395102393,4.188790204786,
6.28318530718,8.377580409573),.UNSPECIFIED.) CURVE() 
GEOMETRIC_REPRESENTATION_ITEM() RATIONAL_B_SPLINE_CURVE((1.,0.5,1.,0.5,
1.,0.5,1.)) REPRESENTATION_ITEM('') );
#5126 = CARTESIAN_POINT('',(1.,5.));
#5127 = CARTESIAN_POINT('',(-0.732050807569,5.));
#5128 = CARTESIAN_POINT('',(0.133974596216,6.5));
#5129 = CARTESIAN_POINT('',(1.,8.));
#5130 = CARTESIAN_POINT('',(1.866025403784,6.5));
#5131 = CARTESIAN_POINT('',(2.732050807569,5.));
#5132 = CARTESIAN_POINT('',(1.,5.));
#5133 = ( GEOMETRIC_REPRESENTATION_CONTEXT(2) 
PARAMETRIC_REPRESENTATION_CONTEXT() REPRESENTATION_CONTEXT('2D SPACE',''
  ) );
#5134 = ORIENTED_EDGE('',*,*,#5061,.F.);
#5135 = ORIENTED_EDGE('',*,*,#935,.F.);
#5136 = ORIENTED_EDGE('',*,*,#2987,.T.);
#5137 = ADVANCED_FACE('',(#5138),#985,.T.);
#5138 = FACE_BOUND('',#5139,.T.);
#5139 = EDGE_LOOP('',(#5140,#5141,#5164,#5191));
#5140 = ORIENTED_EDGE('',*,*,#968,.F.);
#5141 = ORIENTED_EDGE('',*,*,#5142,.F.);
#5142 = EDGE_CURVE('',#5143,#969,#5145,.T.);
#5143 = VERTEX_POINT('',#5144);
#5144 = CARTESIAN_POINT('',(39.,14.5,-16.));
#5145 = SEAM_CURVE('',#5146,(#5150,#5157),.PCURVE_S1.);
#5146 = LINE('',#5147,#5148);
#5147 = CARTESIAN_POINT('',(39.,14.5,-16.));
#5148 = VECTOR('',#5149,1.);
#5149 = DIRECTION('',(0.,0.,1.));
#5150 = PCURVE('',#985,#5151);
#5151 = DEFINITIONAL_REPRESENTATION('',(#5152),#5156);
#5152 = LINE('',#5153,#5154);
#5153 = CARTESIAN_POINT('',(0.,-0.));
#5154 = VECTOR('',#5155,1.);
#5155 = DIRECTION('',(0.,1.));
#5156 = ( GEOMETRIC_REPRESENTATION_CONTEXT(2) 
PARAMETRIC_REPRESENTATION_CONTEXT() REPRESENTATION_CONTEXT('2D SPACE',''
  ) );
#5157 = PCURVE('',#985,#5158);
#5158 = DEFINITIONAL_REPRESENTATION('',(#5159),#5163);
#5159 = LINE('',#5160,#5161);
#5160 = CARTESIAN_POINT('',(6.28318530718,-0.));
#5161 = VECTOR('',#5162,1.);
#5162 = DIRECTION('',(0.,1.));
#5163 = ( GEOMETRIC_REPRESENTATION_CONTEXT(2) 
PARAMETRIC_REPRESENTATION_CONTEXT() REPRESENTATION_CONTEXT('2D SPACE',''
  ) );
#5164 = ORIENTED_EDGE('',*,*,#5165,.T.);
#5165 = EDGE_CURVE('',#5143,#5143,#5166,.T.);
#5166 = SURFACE_CURVE('',#5167,(#5172,#5179),.PCURVE_S1.);
#5167 = CIRCLE('',#5168,3.);
#5168 = AXIS2_PLACEMENT_3D('',#5169,#5170,#5171);
#5169 = CARTESIAN_POINT('',(36.,14.5,-16.));
#5170 = DIRECTION('',(0.,0.,1.));
#5171 = DIRECTION('',(1.,0.,-0.));
#5172 = PCURVE('',#985,#5173);
#5173 = DEFINITIONAL_REPRESENTATION('',(#5174),#5178);
#5174 = LINE('',#5175,#5176);
#5175 = CARTESIAN_POINT('',(0.,0.));
#5176 = VECTOR('',#5177,1.);
#5177 = DIRECTION('',(1.,0.));
#5178 = ( GEOMETRIC_REPRESENTATION_CONTEXT(2) 
PARAMETRIC_REPRESENTATION_CONTEXT() REPRESENTATION_CONTEXT('2D SPACE',''
  ) );
#5179 = PCURVE('',#5180,#5185);
#5180 = PLANE('',#5181);
#5181 = AXIS2_PLACEMENT_3D('',#5182,#5183,#5184);
#5182 = CARTESIAN_POINT('',(36.,14.5,-16.));
#5183 = DIRECTION('',(0.,0.,1.));
#5184 = DIRECTION('',(1.,0.,-0.));
#5185 = DEFINITIONAL_REPRESENTATION('',(#5186),#5190);
#5186 = CIRCLE('',#5187,3.);
#5187 = AXIS2_PLACEMENT_2D('',#5188,#5189);
#5188 = CARTESIAN_POINT('',(0.,0.));
#5189 = DIRECTION('',(1.,0.));
#5190 = ( GEOMETRIC_REPRESENTATION_CONTEXT(2) 
PARAMETRIC_REPRESENTATION_CONTEXT() REPRESENTATION_CONTEXT('2D SPACE',''
  ) );
#5191 = ORIENTED_EDGE('',*,*,#5142,.T.);
#5192 = ADVANCED_FACE('',(#5193),#1069,.F.);
#5193 = FACE_BOUND('',#5194,.F.);
#5194 = EDGE_LOOP('',(#5195,#5196,#5197,#5198));
#5195 = ORIENTED_EDGE('',*,*,#1053,.F.);
#5196 = ORIENTED_EDGE('',*,*,#2687,.T.);
#5197 = ORIENTED_EDGE('',*,*,#1790,.T.);
#5198 = ORIENTED_EDGE('',*,*,#5199,.F.);
#5199 = EDGE_CURVE('',#1054,#1791,#5200,.T.);
#5200 = SURFACE_CURVE('',#5201,(#5205,#5212),.PCURVE_S1.);
#5201 = LINE('',#5202,#5203);
#5202 = CARTESIAN_POINT('',(47.,18.,-0.194733192202));
#5203 = VECTOR('',#5204,1.);
#5204 = DIRECTION('',(0.,-1.,0.));
#5205 = PCURVE('',#1069,#5206);
#5206 = DEFINITIONAL_REPRESENTATION('',(#5207),#5211);
#5207 = LINE('',#5208,#5209);
#5208 = CARTESIAN_POINT('',(15.605266807798,0.));
#5209 = VECTOR('',#5210,1.);
#5210 = DIRECTION('',(0.,-1.));
#5211 = ( GEOMETRIC_REPRESENTATION_CONTEXT(2) 
PARAMETRIC_REPRESENTATION_CONTEXT() REPRESENTATION_CONTEXT('2D SPACE',''
  ) );
#5212 = PCURVE('',#1098,#5213);
#5213 = DEFINITIONAL_REPRESENTATION('',(#5214),#5218);
#5214 = LINE('',#5215,#5216);
#5215 = CARTESIAN_POINT('',(0.,0.));
#5216 = VECTOR('',#5217,1.);
#5217 = DIRECTION('',(0.,1.));
#5218 = ( GEOMETRIC_REPRESENTATION_CONTEXT(2) 
PARAMETRIC_REPRESENTATION_CONTEXT() REPRESENTATION_CONTEXT('2D SPACE',''
  ) );
#5219 = ADVANCED_FACE('',(#5220),#1098,.T.);
#5220 = FACE_BOUND('',#5221,.T.);
#5221 = EDGE_LOOP('',(#5222,#5223,#5244,#5245));
#5222 = ORIENTED_EDGE('',*,*,#1081,.T.);
#5223 = ORIENTED_EDGE('',*,*,#5224,.T.);
#5224 = EDGE_CURVE('',#1082,#1814,#5225,.T.);
#5225 = SURFACE_CURVE('',#5226,(#5230,#5237),.PCURVE_S1.);
#5226 = LINE('',#5227,#5228);
#5227 = CARTESIAN_POINT('',(46.938419957661,18.,0.184740127018));
#5228 = VECTOR('',#5229,1.);
#5229 = DIRECTION('',(0.,-1.,0.));
#5230 = PCURVE('',#1098,#5231);
#5231 = DEFINITIONAL_REPRESENTATION('',(#5232),#5236);
#5232 = LINE('',#5233,#5234);
#5233 = CARTESIAN_POINT('',(0.321750554397,0.));
#5234 = VECTOR('',#5235,1.);
#5235 = DIRECTION('',(0.,1.));
#5236 = ( GEOMETRIC_REPRESENTATION_CONTEXT(2) 
PARAMETRIC_REPRESENTATION_CONTEXT() REPRESENTATION_CONTEXT('2D SPACE',''
  ) );
#5237 = PCURVE('',#1126,#5238);
#5238 = DEFINITIONAL_REPRESENTATION('',(#5239),#5243);
#5239 = LINE('',#5240,#5241);
#5240 = CARTESIAN_POINT('',(0.194733192202,0.));
#5241 = VECTOR('',#5242,1.);
#5242 = DIRECTION('',(0.,-1.));
#5243 = ( GEOMETRIC_REPRESENTATION_CONTEXT(2) 
PARAMETRIC_REPRESENTATION_CONTEXT() REPRESENTATION_CONTEXT('2D SPACE',''
  ) );
#5244 = ORIENTED_EDGE('',*,*,#1813,.F.);
#5245 = ORIENTED_EDGE('',*,*,#5199,.F.);
#5246 = ADVANCED_FACE('',(#5247),#1126,.F.);
#5247 = FACE_BOUND('',#5248,.F.);
#5248 = EDGE_LOOP('',(#5249,#5250,#5251,#5252,#5275,#5303));
#5249 = ORIENTED_EDGE('',*,*,#1110,.F.);
#5250 = ORIENTED_EDGE('',*,*,#5224,.T.);
#5251 = ORIENTED_EDGE('',*,*,#1837,.T.);
#5252 = ORIENTED_EDGE('',*,*,#5253,.F.);
#5253 = EDGE_CURVE('',#5254,#1838,#5256,.T.);
#5254 = VERTEX_POINT('',#5255);
#5255 = CARTESIAN_POINT('',(43.026968338458,14.,11.919094984625));
#5256 = SURFACE_CURVE('',#5257,(#5261,#5268),.PCURVE_S1.);
#5257 = LINE('',#5258,#5259);
#5258 = CARTESIAN_POINT('',(43.026968338458,18.,11.919094984625));
#5259 = VECTOR('',#5260,1.);
#5260 = DIRECTION('',(0.,-1.,0.));
#5261 = PCURVE('',#1126,#5262);
#5262 = DEFINITIONAL_REPRESENTATION('',(#5263),#5267);
#5263 = LINE('',#5264,#5265);
#5264 = CARTESIAN_POINT('',(12.563829266435,0.));
#5265 = VECTOR('',#5266,1.);
#5266 = DIRECTION('',(0.,-1.));
#5267 = ( GEOMETRIC_REPRESENTATION_CONTEXT(2) 
PARAMETRIC_REPRESENTATION_CONTEXT() REPRESENTATION_CONTEXT('2D SPACE',''
  ) );
#5268 = PCURVE('',#1877,#5269);
#5269 = DEFINITIONAL_REPRESENTATION('',(#5270),#5274);
#5270 = LINE('',#5271,#5272);
#5271 = CARTESIAN_POINT('',(0.,0.));
#5272 = VECTOR('',#5273,1.);
#5273 = DIRECTION('',(0.,1.));
#5274 = ( GEOMETRIC_REPRESENTATION_CONTEXT(2) 
PARAMETRIC_REPRESENTATION_CONTEXT() REPRESENTATION_CONTEXT('2D SPACE',''
  ) );
#5275 = ORIENTED_EDGE('',*,*,#5276,.T.);
#5276 = EDGE_CURVE('',#5254,#5277,#5279,.T.);
#5277 = VERTEX_POINT('',#5278);
#5278 = CARTESIAN_POINT('',(44.,14.,9.));
#5279 = SURFACE_CURVE('',#5280,(#5284,#5291),.PCURVE_S1.);
#5280 = LINE('',#5281,#5282);
#5281 = CARTESIAN_POINT('',(45.07,14.,5.79));
#5282 = VECTOR('',#5283,1.);
#5283 = DIRECTION('',(0.316227766017,0.,-0.948683298051));
#5284 = PCURVE('',#1126,#5285);
#5285 = DEFINITIONAL_REPRESENTATION('',(#5286),#5290);
#5286 = LINE('',#5287,#5288);
#5287 = CARTESIAN_POINT('',(6.103195884125,-4.));
#5288 = VECTOR('',#5289,1.);
#5289 = DIRECTION('',(-1.,0.));
#5290 = ( GEOMETRIC_REPRESENTATION_CONTEXT(2) 
PARAMETRIC_REPRESENTATION_CONTEXT() REPRESENTATION_CONTEXT('2D SPACE',''
  ) );
#5291 = PCURVE('',#5292,#5297);
#5292 = PLANE('',#5293);
#5293 = AXIS2_PLACEMENT_3D('',#5294,#5295,#5296);
#5294 = CARTESIAN_POINT('',(-33.,14.,-13.8));
#5295 = DIRECTION('',(0.,1.,0.));
#5296 = DIRECTION('',(0.,-0.,1.));
#5297 = DEFINITIONAL_REPRESENTATION('',(#5298),#5302);
#5298 = LINE('',#5299,#5300);
#5299 = CARTESIAN_POINT('',(19.59,78.07));
#5300 = VECTOR('',#5301,1.);
#5301 = DIRECTION('',(-0.948683298051,0.316227766017));
#5302 = ( GEOMETRIC_REPRESENTATION_CONTEXT(2) 
PARAMETRIC_REPRESENTATION_CONTEXT() REPRESENTATION_CONTEXT('2D SPACE',''
  ) );
#5303 = ORIENTED_EDGE('',*,*,#5304,.F.);
#5304 = EDGE_CURVE('',#1111,#5277,#5305,.T.);
#5305 = SURFACE_CURVE('',#5306,(#5310,#5317),.PCURVE_S1.);
#5306 = LINE('',#5307,#5308);
#5307 = CARTESIAN_POINT('',(44.,16.,9.));
#5308 = VECTOR('',#5309,1.);
#5309 = DIRECTION('',(0.,-1.,0.));
#5310 = PCURVE('',#1126,#5311);
#5311 = DEFINITIONAL_REPRESENTATION('',(#5312),#5316);
#5312 = LINE('',#5313,#5314);
#5313 = CARTESIAN_POINT('',(9.486832980505,-2.));
#5314 = VECTOR('',#5315,1.);
#5315 = DIRECTION('',(0.,-1.));
#5316 = ( GEOMETRIC_REPRESENTATION_CONTEXT(2) 
PARAMETRIC_REPRESENTATION_CONTEXT() REPRESENTATION_CONTEXT('2D SPACE',''
  ) );
#5317 = PCURVE('',#1154,#5318);
#5318 = DEFINITIONAL_REPRESENTATION('',(#5319),#5323);
#5319 = LINE('',#5320,#5321);
#5320 = CARTESIAN_POINT('',(22.8,-2.));
#5321 = VECTOR('',#5322,1.);
#5322 = DIRECTION('',(0.,1.));
#5323 = ( GEOMETRIC_REPRESENTATION_CONTEXT(2) 
PARAMETRIC_REPRESENTATION_CONTEXT() REPRESENTATION_CONTEXT('2D SPACE',''
  ) );
#5324 = ADVANCED_FACE('',(#5325),#1154,.F.);
#5325 = FACE_BOUND('',#5326,.F.);
#5326 = EDGE_LOOP('',(#5327,#5350,#5371,#5372,#5393,#5394));
#5327 = ORIENTED_EDGE('',*,*,#5328,.F.);
#5328 = EDGE_CURVE('',#5329,#5277,#5331,.T.);
#5329 = VERTEX_POINT('',#5330);
#5330 = CARTESIAN_POINT('',(44.,14.,1.925));
#5331 = SURFACE_CURVE('',#5332,(#5336,#5343),.PCURVE_S1.);
#5332 = LINE('',#5333,#5334);
#5333 = CARTESIAN_POINT('',(44.,14.,-13.8));
#5334 = VECTOR('',#5335,1.);
#5335 = DIRECTION('',(0.,0.,1.));
#5336 = PCURVE('',#1154,#5337);
#5337 = DEFINITIONAL_REPRESENTATION('',(#5338),#5342);
#5338 = LINE('',#5339,#5340);
#5339 = CARTESIAN_POINT('',(0.,0.));
#5340 = VECTOR('',#5341,1.);
#5341 = DIRECTION('',(1.,0.));
#5342 = ( GEOMETRIC_REPRESENTATION_CONTEXT(2) 
PARAMETRIC_REPRESENTATION_CONTEXT() REPRESENTATION_CONTEXT('2D SPACE',''
  ) );
#5343 = PCURVE('',#5292,#5344);
#5344 = DEFINITIONAL_REPRESENTATION('',(#5345),#5349);
#5345 = LINE('',#5346,#5347);
#5346 = CARTESIAN_POINT('',(0.,77.));
#5347 = VECTOR('',#5348,1.);
#5348 = DIRECTION('',(1.,0.));
#5349 = ( GEOMETRIC_REPRESENTATION_CONTEXT(2) 
PARAMETRIC_REPRESENTATION_CONTEXT() REPRESENTATION_CONTEXT('2D SPACE',''
  ) );
#5350 = ORIENTED_EDGE('',*,*,#5351,.F.);
#5351 = EDGE_CURVE('',#3817,#5329,#5352,.T.);
#5352 = SURFACE_CURVE('',#5353,(#5357,#5364),.PCURVE_S1.);
#5353 = LINE('',#5354,#5355);
#5354 = CARTESIAN_POINT('',(44.,15.,1.925));
#5355 = VECTOR('',#5356,1.);
#5356 = DIRECTION('',(0.,-1.,0.));
#5357 = PCURVE('',#1154,#5358);
#5358 = DEFINITIONAL_REPRESENTATION('',(#5359),#5363);
#5359 = LINE('',#5360,#5361);
#5360 = CARTESIAN_POINT('',(15.725,-1.));
#5361 = VECTOR('',#5362,1.);
#5362 = DIRECTION('',(0.,1.));
#5363 = ( GEOMETRIC_REPRESENTATION_CONTEXT(2) 
PARAMETRIC_REPRESENTATION_CONTEXT() REPRESENTATION_CONTEXT('2D SPACE',''
  ) );
#5364 = PCURVE('',#3832,#5365);
#5365 = DEFINITIONAL_REPRESENTATION('',(#5366),#5370);
#5366 = LINE('',#5367,#5368);
#5367 = CARTESIAN_POINT('',(3.091217397725,-1.));
#5368 = VECTOR('',#5369,1.);
#5369 = DIRECTION('',(0.,-1.));
#5370 = ( GEOMETRIC_REPRESENTATION_CONTEXT(2) 
PARAMETRIC_REPRESENTATION_CONTEXT() REPRESENTATION_CONTEXT('2D SPACE',''
  ) );
#5371 = ORIENTED_EDGE('',*,*,#3844,.F.);
#5372 = ORIENTED_EDGE('',*,*,#5373,.T.);
#5373 = EDGE_CURVE('',#3741,#1139,#5374,.T.);
#5374 = SURFACE_CURVE('',#5375,(#5379,#5386),.PCURVE_S1.);
#5375 = LINE('',#5376,#5377);
#5376 = CARTESIAN_POINT('',(44.,14.,-12.8));
#5377 = VECTOR('',#5378,1.);
#5378 = DIRECTION('',(0.,1.,0.));
#5379 = PCURVE('',#1154,#5380);
#5380 = DEFINITIONAL_REPRESENTATION('',(#5381),#5385);
#5381 = LINE('',#5382,#5383);
#5382 = CARTESIAN_POINT('',(1.,0.));
#5383 = VECTOR('',#5384,1.);
#5384 = DIRECTION('',(0.,-1.));
#5385 = ( GEOMETRIC_REPRESENTATION_CONTEXT(2) 
PARAMETRIC_REPRESENTATION_CONTEXT() REPRESENTATION_CONTEXT('2D SPACE',''
  ) );
#5386 = PCURVE('',#1187,#5387);
#5387 = DEFINITIONAL_REPRESENTATION('',(#5388),#5392);
#5388 = LINE('',#5389,#5390);
#5389 = CARTESIAN_POINT('',(0.,0.));
#5390 = VECTOR('',#5391,1.);
#5391 = DIRECTION('',(0.,1.));
#5392 = ( GEOMETRIC_REPRESENTATION_CONTEXT(2) 
PARAMETRIC_REPRESENTATION_CONTEXT() REPRESENTATION_CONTEXT('2D SPACE',''
  ) );
#5393 = ORIENTED_EDGE('',*,*,#1138,.T.);
#5394 = ORIENTED_EDGE('',*,*,#5304,.T.);
#5395 = ADVANCED_FACE('',(#5396),#1187,.F.);
#5396 = FACE_BOUND('',#5397,.F.);
#5397 = EDGE_LOOP('',(#5398,#5399,#5400,#5421));
#5398 = ORIENTED_EDGE('',*,*,#5373,.F.);
#5399 = ORIENTED_EDGE('',*,*,#3740,.T.);
#5400 = ORIENTED_EDGE('',*,*,#5401,.T.);
#5401 = EDGE_CURVE('',#3743,#1167,#5402,.T.);
#5402 = SURFACE_CURVE('',#5403,(#5407,#5414),.PCURVE_S1.);
#5403 = LINE('',#5404,#5405);
#5404 = CARTESIAN_POINT('',(43.,14.,-13.8));
#5405 = VECTOR('',#5406,1.);
#5406 = DIRECTION('',(0.,1.,0.));
#5407 = PCURVE('',#1187,#5408);
#5408 = DEFINITIONAL_REPRESENTATION('',(#5409),#5413);
#5409 = LINE('',#5410,#5411);
#5410 = CARTESIAN_POINT('',(1.570796326795,0.));
#5411 = VECTOR('',#5412,1.);
#5412 = DIRECTION('',(0.,1.));
#5413 = ( GEOMETRIC_REPRESENTATION_CONTEXT(2) 
PARAMETRIC_REPRESENTATION_CONTEXT() REPRESENTATION_CONTEXT('2D SPACE',''
  ) );
#5414 = PCURVE('',#1215,#5415);
#5415 = DEFINITIONAL_REPRESENTATION('',(#5416),#5420);
#5416 = LINE('',#5417,#5418);
#5417 = CARTESIAN_POINT('',(76.,0.));
#5418 = VECTOR('',#5419,1.);
#5419 = DIRECTION('',(0.,1.));
#5420 = ( GEOMETRIC_REPRESENTATION_CONTEXT(2) 
PARAMETRIC_REPRESENTATION_CONTEXT() REPRESENTATION_CONTEXT('2D SPACE',''
  ) );
#5421 = ORIENTED_EDGE('',*,*,#1166,.F.);
#5422 = ADVANCED_FACE('',(#5423),#1215,.T.);
#5423 = FACE_BOUND('',#5424,.T.);
#5424 = EDGE_LOOP('',(#5425,#5426,#5427,#5428,#5450));
#5425 = ORIENTED_EDGE('',*,*,#3770,.F.);
#5426 = ORIENTED_EDGE('',*,*,#5401,.T.);
#5427 = ORIENTED_EDGE('',*,*,#1199,.T.);
#5428 = ORIENTED_EDGE('',*,*,#5429,.F.);
#5429 = EDGE_CURVE('',#3694,#1200,#5430,.T.);
#5430 = SURFACE_CURVE('',#5431,(#5436,#5443),.PCURVE_S1.);
#5431 = CIRCLE('',#5432,1.);
#5432 = AXIS2_PLACEMENT_3D('',#5433,#5434,#5435);
#5433 = CARTESIAN_POINT('',(38.5,17.,-13.8));
#5434 = DIRECTION('',(0.,0.,1.));
#5435 = DIRECTION('',(1.,0.,-0.));
#5436 = PCURVE('',#1215,#5437);
#5437 = DEFINITIONAL_REPRESENTATION('',(#5438),#5442);
#5438 = CIRCLE('',#5439,1.);
#5439 = AXIS2_PLACEMENT_2D('',#5440,#5441);
#5440 = CARTESIAN_POINT('',(71.5,3.));
#5441 = DIRECTION('',(1.,0.));
#5442 = ( GEOMETRIC_REPRESENTATION_CONTEXT(2) 
PARAMETRIC_REPRESENTATION_CONTEXT() REPRESENTATION_CONTEXT('2D SPACE',''
  ) );
#5443 = PCURVE('',#1243,#5444);
#5444 = DEFINITIONAL_REPRESENTATION('',(#5445),#5449);
#5445 = LINE('',#5446,#5447);
#5446 = CARTESIAN_POINT('',(0.,2.));
#5447 = VECTOR('',#5448,1.);
#5448 = DIRECTION('',(1.,0.));
#5449 = ( GEOMETRIC_REPRESENTATION_CONTEXT(2) 
PARAMETRIC_REPRESENTATION_CONTEXT() REPRESENTATION_CONTEXT('2D SPACE',''
  ) );
#5450 = ORIENTED_EDGE('',*,*,#3693,.F.);
#5451 = ADVANCED_FACE('',(#5452),#1243,.T.);
#5452 = FACE_BOUND('',#5453,.T.);
#5453 = EDGE_LOOP('',(#5454,#5455,#5456,#5457));
#5454 = ORIENTED_EDGE('',*,*,#3716,.F.);
#5455 = ORIENTED_EDGE('',*,*,#5429,.T.);
#5456 = ORIENTED_EDGE('',*,*,#1227,.T.);
#5457 = ORIENTED_EDGE('',*,*,#5458,.F.);
#5458 = EDGE_CURVE('',#3646,#1228,#5459,.T.);
#5459 = SURFACE_CURVE('',#5460,(#5465,#5472),.PCURVE_S1.);
#5460 = CIRCLE('',#5461,1.);
#5461 = AXIS2_PLACEMENT_3D('',#5462,#5463,#5464);
#5462 = CARTESIAN_POINT('',(38.5,17.,-12.6));
#5463 = DIRECTION('',(0.,0.,1.));
#5464 = DIRECTION('',(0.,-1.,0.));
#5465 = PCURVE('',#1243,#5466);
#5466 = DEFINITIONAL_REPRESENTATION('',(#5467),#5471);
#5467 = LINE('',#5468,#5469);
#5468 = CARTESIAN_POINT('',(-1.570796326795,3.2));
#5469 = VECTOR('',#5470,1.);
#5470 = DIRECTION('',(1.,0.));
#5471 = ( GEOMETRIC_REPRESENTATION_CONTEXT(2) 
PARAMETRIC_REPRESENTATION_CONTEXT() REPRESENTATION_CONTEXT('2D SPACE',''
  ) );
#5472 = PCURVE('',#1271,#5473);
#5473 = DEFINITIONAL_REPRESENTATION('',(#5474),#5478);
#5474 = CIRCLE('',#5475,1.);
#5475 = AXIS2_PLACEMENT_2D('',#5476,#5477);
#5476 = CARTESIAN_POINT('',(6.,6.));
#5477 = DIRECTION('',(0.,-1.));
#5478 = ( GEOMETRIC_REPRESENTATION_CONTEXT(2) 
PARAMETRIC_REPRESENTATION_CONTEXT() REPRESENTATION_CONTEXT('2D SPACE',''
  ) );
#5479 = ADVANCED_FACE('',(#5480,#5515),#1271,.T.);
#5480 = FACE_BOUND('',#5481,.T.);
#5481 = EDGE_LOOP('',(#5482,#5483,#5484,#5485,#5486,#5487,#5488,#5489));
#5482 = ORIENTED_EDGE('',*,*,#3397,.F.);
#5483 = ORIENTED_EDGE('',*,*,#3516,.T.);
#5484 = ORIENTED_EDGE('',*,*,#3544,.T.);
#5485 = ORIENTED_EDGE('',*,*,#3614,.F.);
#5486 = ORIENTED_EDGE('',*,*,#3645,.T.);
#5487 = ORIENTED_EDGE('',*,*,#5458,.T.);
#5488 = ORIENTED_EDGE('',*,*,#1255,.F.);
#5489 = ORIENTED_EDGE('',*,*,#5490,.F.);
#5490 = EDGE_CURVE('',#3400,#1256,#5491,.T.);
#5491 = SURFACE_CURVE('',#5492,(#5497,#5508),.PCURVE_S1.);
#5492 = CIRCLE('',#5493,1.);
#5493 = AXIS2_PLACEMENT_3D('',#5494,#5495,#5496);
#5494 = CARTESIAN_POINT('',(33.5,17.,-12.6));
#5495 = DIRECTION('',(-0.,-0.,-1.));
#5496 = DIRECTION('',(0.,-1.,0.));
#5497 = PCURVE('',#1271,#5498);
#5498 = DEFINITIONAL_REPRESENTATION('',(#5499),#5507);
#5499 = ( BOUNDED_CURVE() B_SPLINE_CURVE(2,(#5500,#5501,#5502,#5503,
#5504,#5505,#5506),.UNSPECIFIED.,.T.,.F.) B_SPLINE_CURVE_WITH_KNOTS((1,2
    ,2,2,2,1),(-2.094395102393,0.,2.094395102393,4.188790204786,
6.28318530718,8.377580409573),.UNSPECIFIED.) CURVE() 
GEOMETRIC_REPRESENTATION_ITEM() RATIONAL_B_SPLINE_CURVE((1.,0.5,1.,0.5,
1.,0.5,1.)) REPRESENTATION_ITEM('') );
#5500 = CARTESIAN_POINT('',(1.,5.));
#5501 = CARTESIAN_POINT('',(-0.732050807569,5.));
#5502 = CARTESIAN_POINT('',(0.133974596216,6.5));
#5503 = CARTESIAN_POINT('',(1.,8.));
#5504 = CARTESIAN_POINT('',(1.866025403784,6.5));
#5505 = CARTESIAN_POINT('',(2.732050807569,5.));
#5506 = CARTESIAN_POINT('',(1.,5.));
#5507 = ( GEOMETRIC_REPRESENTATION_CONTEXT(2) 
PARAMETRIC_REPRESENTATION_CONTEXT() REPRESENTATION_CONTEXT('2D SPACE',''
  ) );
#5508 = PCURVE('',#1299,#5509);
#5509 = DEFINITIONAL_REPRESENTATION('',(#5510),#5514);
#5510 = LINE('',#5511,#5512);
#5511 = CARTESIAN_POINT('',(7.853981633975,3.2));
#5512 = VECTOR('',#5513,1.);
#5513 = DIRECTION('',(-1.,0.));
#5514 = ( GEOMETRIC_REPRESENTATION_CONTEXT(2) 
PARAMETRIC_REPRESENTATION_CONTEXT() REPRESENTATION_CONTEXT('2D SPACE',''
  ) );
#5515 = FACE_BOUND('',#5516,.T.);
#5516 = EDGE_LOOP('',(#5517));
#5517 = ORIENTED_EDGE('',*,*,#5518,.F.);
#5518 = EDGE_CURVE('',#5519,#5519,#5521,.T.);
#5519 = VERTEX_POINT('',#5520);
#5520 = CARTESIAN_POINT('',(37.15,14.5,-12.6));
#5521 = SURFACE_CURVE('',#5522,(#5527,#5534),.PCURVE_S1.);
#5522 = CIRCLE('',#5523,1.15);
#5523 = AXIS2_PLACEMENT_3D('',#5524,#5525,#5526);
#5524 = CARTESIAN_POINT('',(36.,14.5,-12.6));
#5525 = DIRECTION('',(0.,0.,1.));
#5526 = DIRECTION('',(1.,0.,-0.));
#5527 = PCURVE('',#1271,#5528);
#5528 = DEFINITIONAL_REPRESENTATION('',(#5529),#5533);
#5529 = CIRCLE('',#5530,1.15);
#5530 = AXIS2_PLACEMENT_2D('',#5531,#5532);
#5531 = CARTESIAN_POINT('',(3.5,3.5));
#5532 = DIRECTION('',(1.,0.));
#5533 = ( GEOMETRIC_REPRESENTATION_CONTEXT(2) 
PARAMETRIC_REPRESENTATION_CONTEXT() REPRESENTATION_CONTEXT('2D SPACE',''
  ) );
#5534 = PCURVE('',#5535,#5540);
#5535 = CYLINDRICAL_SURFACE('',#5536,1.15);
#5536 = AXIS2_PLACEMENT_3D('',#5537,#5538,#5539);
#5537 = CARTESIAN_POINT('',(36.,14.5,-17.));
#5538 = DIRECTION('',(0.,0.,1.));
#5539 = DIRECTION('',(1.,0.,-0.));
#5540 = DEFINITIONAL_REPRESENTATION('',(#5541),#5545);
#5541 = LINE('',#5542,#5543);
#5542 = CARTESIAN_POINT('',(0.,4.4));
#5543 = VECTOR('',#5544,1.);
#5544 = DIRECTION('',(1.,0.));
#5545 = ( GEOMETRIC_REPRESENTATION_CONTEXT(2) 
PARAMETRIC_REPRESENTATION_CONTEXT() REPRESENTATION_CONTEXT('2D SPACE',''
  ) );
#5546 = ADVANCED_FACE('',(#5547),#1299,.T.);
#5547 = FACE_BOUND('',#5548,.T.);
#5548 = EDGE_LOOP('',(#5549,#5550,#5551,#5573));
#5549 = ORIENTED_EDGE('',*,*,#5490,.T.);
#5550 = ORIENTED_EDGE('',*,*,#1283,.F.);
#5551 = ORIENTED_EDGE('',*,*,#5552,.T.);
#5552 = EDGE_CURVE('',#1284,#3446,#5553,.T.);
#5553 = SURFACE_CURVE('',#5554,(#5559,#5566),.PCURVE_S1.);
#5554 = CIRCLE('',#5555,1.);
#5555 = AXIS2_PLACEMENT_3D('',#5556,#5557,#5558);
#5556 = CARTESIAN_POINT('',(33.5,17.,-13.8));
#5557 = DIRECTION('',(0.,0.,1.));
#5558 = DIRECTION('',(-1.,-0.,0.));
#5559 = PCURVE('',#1299,#5560);
#5560 = DEFINITIONAL_REPRESENTATION('',(#5561),#5565);
#5561 = LINE('',#5562,#5563);
#5562 = CARTESIAN_POINT('',(-4.138911435803E-13,2.));
#5563 = VECTOR('',#5564,1.);
#5564 = DIRECTION('',(1.,-0.));
#5565 = ( GEOMETRIC_REPRESENTATION_CONTEXT(2) 
PARAMETRIC_REPRESENTATION_CONTEXT() REPRESENTATION_CONTEXT('2D SPACE',''
  ) );
#5566 = PCURVE('',#1327,#5567);
#5567 = DEFINITIONAL_REPRESENTATION('',(#5568),#5572);
#5568 = CIRCLE('',#5569,1.);
#5569 = AXIS2_PLACEMENT_2D('',#5570,#5571);
#5570 = CARTESIAN_POINT('',(66.5,3.));
#5571 = DIRECTION('',(-1.,0.));
#5572 = ( GEOMETRIC_REPRESENTATION_CONTEXT(2) 
PARAMETRIC_REPRESENTATION_CONTEXT() REPRESENTATION_CONTEXT('2D SPACE',''
  ) );
#5573 = ORIENTED_EDGE('',*,*,#3468,.T.);
#5574 = ADVANCED_FACE('',(#5575),#1327,.T.);
#5575 = FACE_BOUND('',#5576,.T.);
#5576 = EDGE_LOOP('',(#5577,#5578,#5579,#5580,#5581));
#5577 = ORIENTED_EDGE('',*,*,#3326,.F.);
#5578 = ORIENTED_EDGE('',*,*,#3445,.T.);
#5579 = ORIENTED_EDGE('',*,*,#5552,.F.);
#5580 = ORIENTED_EDGE('',*,*,#1311,.T.);
#5581 = ORIENTED_EDGE('',*,*,#5582,.F.);
#5582 = EDGE_CURVE('',#3327,#1312,#5583,.T.);
#5583 = SURFACE_CURVE('',#5584,(#5588,#5595),.PCURVE_S1.);
#5584 = LINE('',#5585,#5586);
#5585 = CARTESIAN_POINT('',(-29.,-2.,-13.8));
#5586 = VECTOR('',#5587,1.);
#5587 = DIRECTION('',(0.,1.,0.));
#5588 = PCURVE('',#1327,#5589);
#5589 = DEFINITIONAL_REPRESENTATION('',(#5590),#5594);
#5590 = LINE('',#5591,#5592);
#5591 = CARTESIAN_POINT('',(4.,-16.));
#5592 = VECTOR('',#5593,1.);
#5593 = DIRECTION('',(0.,1.));
#5594 = ( GEOMETRIC_REPRESENTATION_CONTEXT(2) 
PARAMETRIC_REPRESENTATION_CONTEXT() REPRESENTATION_CONTEXT('2D SPACE',''
  ) );
#5595 = PCURVE('',#1355,#5596);
#5596 = DEFINITIONAL_REPRESENTATION('',(#5597),#5601);
#5597 = LINE('',#5598,#5599);
#5598 = CARTESIAN_POINT('',(0.2,-16.));
#5599 = VECTOR('',#5600,1.);
#5600 = DIRECTION('',(0.,-1.));
#5601 = ( GEOMETRIC_REPRESENTATION_CONTEXT(2) 
PARAMETRIC_REPRESENTATION_CONTEXT() REPRESENTATION_CONTEXT('2D SPACE',''
  ) );
#5602 = ADVANCED_FACE('',(#5603),#1355,.F.);
#5603 = FACE_BOUND('',#5604,.F.);
#5604 = EDGE_LOOP('',(#5605,#5606,#5627,#5628));
#5605 = ORIENTED_EDGE('',*,*,#3349,.F.);
#5606 = ORIENTED_EDGE('',*,*,#5607,.T.);
#5607 = EDGE_CURVE('',#3350,#1340,#5608,.T.);
#5608 = SURFACE_CURVE('',#5609,(#5613,#5620),.PCURVE_S1.);
#5609 = LINE('',#5610,#5611);
#5610 = CARTESIAN_POINT('',(-29.,-18.,-14.));
#5611 = VECTOR('',#5612,1.);
#5612 = DIRECTION('',(0.,1.,0.));
#5613 = PCURVE('',#1355,#5614);
#5614 = DEFINITIONAL_REPRESENTATION('',(#5615),#5619);
#5615 = LINE('',#5616,#5617);
#5616 = CARTESIAN_POINT('',(0.,0.));
#5617 = VECTOR('',#5618,1.);
#5618 = DIRECTION('',(0.,-1.));
#5619 = ( GEOMETRIC_REPRESENTATION_CONTEXT(2) 
PARAMETRIC_REPRESENTATION_CONTEXT() REPRESENTATION_CONTEXT('2D SPACE',''
  ) );
#5620 = PCURVE('',#1383,#5621);
#5621 = DEFINITIONAL_REPRESENTATION('',(#5622),#5626);
#5622 = LINE('',#5623,#5624);
#5623 = CARTESIAN_POINT('',(2.,0.));
#5624 = VECTOR('',#5625,1.);
#5625 = DIRECTION('',(0.,1.));
#5626 = ( GEOMETRIC_REPRESENTATION_CONTEXT(2) 
PARAMETRIC_REPRESENTATION_CONTEXT() REPRESENTATION_CONTEXT('2D SPACE',''
  ) );
#5627 = ORIENTED_EDGE('',*,*,#1339,.T.);
#5628 = ORIENTED_EDGE('',*,*,#5582,.F.);
#5629 = ADVANCED_FACE('',(#5630),#1383,.T.);
#5630 = FACE_BOUND('',#5631,.T.);
#5631 = EDGE_LOOP('',(#5632,#5653,#5654,#5655,#5656,#5657));
#5632 = ORIENTED_EDGE('',*,*,#5633,.F.);
#5633 = EDGE_CURVE('',#3178,#1368,#5634,.T.);
#5634 = SURFACE_CURVE('',#5635,(#5639,#5646),.PCURVE_S1.);
#5635 = LINE('',#5636,#5637);
#5636 = CARTESIAN_POINT('',(-31.,-18.,-14.));
#5637 = VECTOR('',#5638,1.);
#5638 = DIRECTION('',(0.,1.,0.));
#5639 = PCURVE('',#1383,#5640);
#5640 = DEFINITIONAL_REPRESENTATION('',(#5641),#5645);
#5641 = LINE('',#5642,#5643);
#5642 = CARTESIAN_POINT('',(0.,0.));
#5643 = VECTOR('',#5644,1.);
#5644 = DIRECTION('',(0.,1.));
#5645 = ( GEOMETRIC_REPRESENTATION_CONTEXT(2) 
PARAMETRIC_REPRESENTATION_CONTEXT() REPRESENTATION_CONTEXT('2D SPACE',''
  ) );
#5646 = PCURVE('',#1411,#5647);
#5647 = DEFINITIONAL_REPRESENTATION('',(#5648),#5652);
#5648 = LINE('',#5649,#5650);
#5649 = CARTESIAN_POINT('',(0.,0.));
#5650 = VECTOR('',#5651,1.);
#5651 = DIRECTION('',(0.,-1.));
#5652 = ( GEOMETRIC_REPRESENTATION_CONTEXT(2) 
PARAMETRIC_REPRESENTATION_CONTEXT() REPRESENTATION_CONTEXT('2D SPACE',''
  ) );
#5653 = ORIENTED_EDGE('',*,*,#3177,.T.);
#5654 = ORIENTED_EDGE('',*,*,#3253,.F.);
#5655 = ORIENTED_EDGE('',*,*,#3372,.F.);
#5656 = ORIENTED_EDGE('',*,*,#5607,.T.);
#5657 = ORIENTED_EDGE('',*,*,#1367,.F.);
#5658 = ADVANCED_FACE('',(#5659),#1411,.T.);
#5659 = FACE_BOUND('',#5660,.T.);
#5660 = EDGE_LOOP('',(#5661,#5662,#5663,#5664,#5687,#5709));
#5661 = ORIENTED_EDGE('',*,*,#3201,.F.);
#5662 = ORIENTED_EDGE('',*,*,#5633,.T.);
#5663 = ORIENTED_EDGE('',*,*,#1395,.T.);
#5664 = ORIENTED_EDGE('',*,*,#5665,.F.);
#5665 = EDGE_CURVE('',#5666,#1396,#5668,.T.);
#5666 = VERTEX_POINT('',#5667);
#5667 = CARTESIAN_POINT('',(-31.,17.866025403784,-13.8));
#5668 = SURFACE_CURVE('',#5669,(#5673,#5680),.PCURVE_S1.);
#5669 = LINE('',#5670,#5671);
#5670 = CARTESIAN_POINT('',(-31.,-2.,-13.8));
#5671 = VECTOR('',#5672,1.);
#5672 = DIRECTION('',(0.,1.,0.));
#5673 = PCURVE('',#1411,#5674);
#5674 = DEFINITIONAL_REPRESENTATION('',(#5675),#5679);
#5675 = LINE('',#5676,#5677);
#5676 = CARTESIAN_POINT('',(0.2,-16.));
#5677 = VECTOR('',#5678,1.);
#5678 = DIRECTION('',(0.,-1.));
#5679 = ( GEOMETRIC_REPRESENTATION_CONTEXT(2) 
PARAMETRIC_REPRESENTATION_CONTEXT() REPRESENTATION_CONTEXT('2D SPACE',''
  ) );
#5680 = PCURVE('',#1439,#5681);
#5681 = DEFINITIONAL_REPRESENTATION('',(#5682),#5686);
#5682 = LINE('',#5683,#5684);
#5683 = CARTESIAN_POINT('',(2.,-16.));
#5684 = VECTOR('',#5685,1.);
#5685 = DIRECTION('',(0.,1.));
#5686 = ( GEOMETRIC_REPRESENTATION_CONTEXT(2) 
PARAMETRIC_REPRESENTATION_CONTEXT() REPRESENTATION_CONTEXT('2D SPACE',''
  ) );
#5687 = ORIENTED_EDGE('',*,*,#5688,.T.);
#5688 = EDGE_CURVE('',#5666,#5689,#5691,.T.);
#5689 = VERTEX_POINT('',#5690);
#5690 = CARTESIAN_POINT('',(-31.,17.866025403784,-12.6));
#5691 = SURFACE_CURVE('',#5692,(#5696,#5703),.PCURVE_S1.);
#5692 = LINE('',#5693,#5694);
#5693 = CARTESIAN_POINT('',(-31.,17.866025403784,-15.8));
#5694 = VECTOR('',#5695,1.);
#5695 = DIRECTION('',(0.,0.,1.));
#5696 = PCURVE('',#1411,#5697);
#5697 = DEFINITIONAL_REPRESENTATION('',(#5698),#5702);
#5698 = LINE('',#5699,#5700);
#5699 = CARTESIAN_POINT('',(-1.8,-35.86602540378));
#5700 = VECTOR('',#5701,1.);
#5701 = DIRECTION('',(1.,0.));
#5702 = ( GEOMETRIC_REPRESENTATION_CONTEXT(2) 
PARAMETRIC_REPRESENTATION_CONTEXT() REPRESENTATION_CONTEXT('2D SPACE',''
  ) );
#5703 = PCURVE('',#1467,#5704);
#5704 = DEFINITIONAL_REPRESENTATION('',(#5705),#5708);
#5705 = B_SPLINE_CURVE_WITH_KNOTS('',1,(#5706,#5707),.UNSPECIFIED.,.F.,
  .F.,(2,2),(1.9999994,3.2000006),.PIECEWISE_BEZIER_KNOTS.);
#5706 = CARTESIAN_POINT('',(1.047197551197,1.9999994));
#5707 = CARTESIAN_POINT('',(1.047197551197,3.2000006));
#5708 = ( GEOMETRIC_REPRESENTATION_CONTEXT(2) 
PARAMETRIC_REPRESENTATION_CONTEXT() REPRESENTATION_CONTEXT('2D SPACE',''
  ) );
#5709 = ORIENTED_EDGE('',*,*,#5710,.F.);
#5710 = EDGE_CURVE('',#3202,#5689,#5711,.T.);
#5711 = SURFACE_CURVE('',#5712,(#5716,#5723),.PCURVE_S1.);
#5712 = LINE('',#5713,#5714);
#5713 = CARTESIAN_POINT('',(-31.,-3.5,-12.6));
#5714 = VECTOR('',#5715,1.);
#5715 = DIRECTION('',(0.,1.,0.));
#5716 = PCURVE('',#1411,#5717);
#5717 = DEFINITIONAL_REPRESENTATION('',(#5718),#5722);
#5718 = LINE('',#5719,#5720);
#5719 = CARTESIAN_POINT('',(1.4,-14.5));
#5720 = VECTOR('',#5721,1.);
#5721 = DIRECTION('',(0.,-1.));
#5722 = ( GEOMETRIC_REPRESENTATION_CONTEXT(2) 
PARAMETRIC_REPRESENTATION_CONTEXT() REPRESENTATION_CONTEXT('2D SPACE',''
  ) );
#5723 = PCURVE('',#1495,#5724);
#5724 = DEFINITIONAL_REPRESENTATION('',(#5725),#5729);
#5725 = LINE('',#5726,#5727);
#5726 = CARTESIAN_POINT('',(6.5,-14.5));
#5727 = VECTOR('',#5728,1.);
#5728 = DIRECTION('',(0.,1.));
#5729 = ( GEOMETRIC_REPRESENTATION_CONTEXT(2) 
PARAMETRIC_REPRESENTATION_CONTEXT() REPRESENTATION_CONTEXT('2D SPACE',''
  ) );
#5730 = ADVANCED_FACE('',(#5731),#1439,.T.);
#5731 = FACE_BOUND('',#5732,.T.);
#5732 = EDGE_LOOP('',(#5733,#5734,#5735));
#5733 = ORIENTED_EDGE('',*,*,#5665,.T.);
#5734 = ORIENTED_EDGE('',*,*,#1423,.T.);
#5735 = ORIENTED_EDGE('',*,*,#5736,.F.);
#5736 = EDGE_CURVE('',#5666,#1424,#5737,.T.);
#5737 = SURFACE_CURVE('',#5738,(#5743,#5750),.PCURVE_S1.);
#5738 = CIRCLE('',#5739,1.);
#5739 = AXIS2_PLACEMENT_3D('',#5740,#5741,#5742);
#5740 = CARTESIAN_POINT('',(-31.5,17.,-13.8));
#5741 = DIRECTION('',(0.,0.,1.));
#5742 = DIRECTION('',(1.,0.,-0.));
#5743 = PCURVE('',#1439,#5744);
#5744 = DEFINITIONAL_REPRESENTATION('',(#5745),#5749);
#5745 = CIRCLE('',#5746,1.);
#5746 = AXIS2_PLACEMENT_2D('',#5747,#5748);
#5747 = CARTESIAN_POINT('',(1.5,3.));
#5748 = DIRECTION('',(1.,0.));
#5749 = ( GEOMETRIC_REPRESENTATION_CONTEXT(2) 
PARAMETRIC_REPRESENTATION_CONTEXT() REPRESENTATION_CONTEXT('2D SPACE',''
  ) );
#5750 = PCURVE('',#1467,#5751);
#5751 = DEFINITIONAL_REPRESENTATION('',(#5752),#5756);
#5752 = LINE('',#5753,#5754);
#5753 = CARTESIAN_POINT('',(0.,2.));
#5754 = VECTOR('',#5755,1.);
#5755 = DIRECTION('',(1.,0.));
#5756 = ( GEOMETRIC_REPRESENTATION_CONTEXT(2) 
PARAMETRIC_REPRESENTATION_CONTEXT() REPRESENTATION_CONTEXT('2D SPACE',''
  ) );
#5757 = ADVANCED_FACE('',(#5758),#1467,.T.);
#5758 = FACE_BOUND('',#5759,.T.);
#5759 = EDGE_LOOP('',(#5760,#5761,#5762,#5763));
#5760 = ORIENTED_EDGE('',*,*,#5688,.F.);
#5761 = ORIENTED_EDGE('',*,*,#5736,.T.);
#5762 = ORIENTED_EDGE('',*,*,#1451,.T.);
#5763 = ORIENTED_EDGE('',*,*,#5764,.F.);
#5764 = EDGE_CURVE('',#5689,#1452,#5765,.T.);
#5765 = SURFACE_CURVE('',#5766,(#5771,#5778),.PCURVE_S1.);
#5766 = CIRCLE('',#5767,1.);
#5767 = AXIS2_PLACEMENT_3D('',#5768,#5769,#5770);
#5768 = CARTESIAN_POINT('',(-31.5,17.,-12.6));
#5769 = DIRECTION('',(0.,0.,1.));
#5770 = DIRECTION('',(0.,-1.,0.));
#5771 = PCURVE('',#1467,#5772);
#5772 = DEFINITIONAL_REPRESENTATION('',(#5773),#5777);
#5773 = LINE('',#5774,#5775);
#5774 = CARTESIAN_POINT('',(-1.570796326795,3.2));
#5775 = VECTOR('',#5776,1.);
#5776 = DIRECTION('',(1.,0.));
#5777 = ( GEOMETRIC_REPRESENTATION_CONTEXT(2) 
PARAMETRIC_REPRESENTATION_CONTEXT() REPRESENTATION_CONTEXT('2D SPACE',''
  ) );
#5778 = PCURVE('',#1495,#5779);
#5779 = DEFINITIONAL_REPRESENTATION('',(#5780),#5784);
#5780 = CIRCLE('',#5781,1.);
#5781 = AXIS2_PLACEMENT_2D('',#5782,#5783);
#5782 = CARTESIAN_POINT('',(6.,6.));
#5783 = DIRECTION('',(0.,-1.));
#5784 = ( GEOMETRIC_REPRESENTATION_CONTEXT(2) 
PARAMETRIC_REPRESENTATION_CONTEXT() REPRESENTATION_CONTEXT('2D SPACE',''
  ) );
#5785 = ADVANCED_FACE('',(#5786,#5839),#1495,.T.);
#5786 = FACE_BOUND('',#5787,.T.);
#5787 = EDGE_LOOP('',(#5788,#5811,#5812,#5813,#5814,#5815,#5816,#5817,
    #5818));
#5788 = ORIENTED_EDGE('',*,*,#5789,.T.);
#5789 = EDGE_CURVE('',#5790,#2881,#5792,.T.);
#5790 = VERTEX_POINT('',#5791);
#5791 = CARTESIAN_POINT('',(-33.,16.,-12.6));
#5792 = SURFACE_CURVE('',#5793,(#5797,#5804),.PCURVE_S1.);
#5793 = LINE('',#5794,#5795);
#5794 = CARTESIAN_POINT('',(-17.55929289582,16.,-12.6));
#5795 = VECTOR('',#5796,1.);
#5796 = DIRECTION('',(-1.,0.,0.));
#5797 = PCURVE('',#1495,#5798);
#5798 = DEFINITIONAL_REPRESENTATION('',(#5799),#5803);
#5799 = LINE('',#5800,#5801);
#5800 = CARTESIAN_POINT('',(19.94070710418,5.));
#5801 = VECTOR('',#5802,1.);
#5802 = DIRECTION('',(-1.,0.));
#5803 = ( GEOMETRIC_REPRESENTATION_CONTEXT(2) 
PARAMETRIC_REPRESENTATION_CONTEXT() REPRESENTATION_CONTEXT('2D SPACE',''
  ) );
#5804 = PCURVE('',#2896,#5805);
#5805 = DEFINITIONAL_REPRESENTATION('',(#5806),#5810);
#5806 = LINE('',#5807,#5808);
#5807 = CARTESIAN_POINT('',(18.810634975253,-19.94070710418));
#5808 = VECTOR('',#5809,1.);
#5809 = DIRECTION('',(0.,-1.));
#5810 = ( GEOMETRIC_REPRESENTATION_CONTEXT(2) 
PARAMETRIC_REPRESENTATION_CONTEXT() REPRESENTATION_CONTEXT('2D SPACE',''
  ) );
#5811 = ORIENTED_EDGE('',*,*,#3030,.T.);
#5812 = ORIENTED_EDGE('',*,*,#3079,.T.);
#5813 = ORIENTED_EDGE('',*,*,#3106,.T.);
#5814 = ORIENTED_EDGE('',*,*,#3223,.F.);
#5815 = ORIENTED_EDGE('',*,*,#5710,.T.);
#5816 = ORIENTED_EDGE('',*,*,#5764,.T.);
#5817 = ORIENTED_EDGE('',*,*,#1479,.F.);
#5818 = ORIENTED_EDGE('',*,*,#5819,.T.);
#5819 = EDGE_CURVE('',#1480,#5790,#5820,.T.);
#5820 = SURFACE_CURVE('',#5821,(#5825,#5832),.PCURVE_S1.);
#5821 = LINE('',#5822,#5823);
#5822 = CARTESIAN_POINT('',(-33.,12.5,-12.6));
#5823 = VECTOR('',#5824,1.);
#5824 = DIRECTION('',(0.,-1.,0.));
#5825 = PCURVE('',#1495,#5826);
#5826 = DEFINITIONAL_REPRESENTATION('',(#5827),#5831);
#5827 = LINE('',#5828,#5829);
#5828 = CARTESIAN_POINT('',(4.5,1.5));
#5829 = VECTOR('',#5830,1.);
#5830 = DIRECTION('',(0.,-1.));
#5831 = ( GEOMETRIC_REPRESENTATION_CONTEXT(2) 
PARAMETRIC_REPRESENTATION_CONTEXT() REPRESENTATION_CONTEXT('2D SPACE',''
  ) );
#5832 = PCURVE('',#1523,#5833);
#5833 = DEFINITIONAL_REPRESENTATION('',(#5834),#5838);
#5834 = LINE('',#5835,#5836);
#5835 = CARTESIAN_POINT('',(1.2,1.5));
#5836 = VECTOR('',#5837,1.);
#5837 = DIRECTION('',(0.,1.));
#5838 = ( GEOMETRIC_REPRESENTATION_CONTEXT(2) 
PARAMETRIC_REPRESENTATION_CONTEXT() REPRESENTATION_CONTEXT('2D SPACE',''
  ) );
#5839 = FACE_BOUND('',#5840,.T.);
#5840 = EDGE_LOOP('',(#5841));
#5841 = ORIENTED_EDGE('',*,*,#5842,.F.);
#5842 = EDGE_CURVE('',#5843,#5843,#5845,.T.);
#5843 = VERTEX_POINT('',#5844);
#5844 = CARTESIAN_POINT('',(-32.85,14.5,-12.6));
#5845 = SURFACE_CURVE('',#5846,(#5851,#5858),.PCURVE_S1.);
#5846 = CIRCLE('',#5847,1.15);
#5847 = AXIS2_PLACEMENT_3D('',#5848,#5849,#5850);
#5848 = CARTESIAN_POINT('',(-34.,14.5,-12.6));
#5849 = DIRECTION('',(0.,0.,1.));
#5850 = DIRECTION('',(1.,0.,-0.));
#5851 = PCURVE('',#1495,#5852);
#5852 = DEFINITIONAL_REPRESENTATION('',(#5853),#5857);
#5853 = CIRCLE('',#5854,1.15);
#5854 = AXIS2_PLACEMENT_2D('',#5855,#5856);
#5855 = CARTESIAN_POINT('',(3.5,3.5));
#5856 = DIRECTION('',(1.,0.));
#5857 = ( GEOMETRIC_REPRESENTATION_CONTEXT(2) 
PARAMETRIC_REPRESENTATION_CONTEXT() REPRESENTATION_CONTEXT('2D SPACE',''
  ) );
#5858 = PCURVE('',#5859,#5864);
#5859 = CYLINDRICAL_SURFACE('',#5860,1.15);
#5860 = AXIS2_PLACEMENT_3D('',#5861,#5862,#5863);
#5861 = CARTESIAN_POINT('',(-34.,14.5,-17.));
#5862 = DIRECTION('',(0.,0.,1.));
#5863 = DIRECTION('',(1.,0.,-0.));
#5864 = DEFINITIONAL_REPRESENTATION('',(#5865),#5869);
#5865 = LINE('',#5866,#5867);
#5866 = CARTESIAN_POINT('',(0.,4.4));
#5867 = VECTOR('',#5868,1.);
#5868 = DIRECTION('',(1.,0.));
#5869 = ( GEOMETRIC_REPRESENTATION_CONTEXT(2) 
PARAMETRIC_REPRESENTATION_CONTEXT() REPRESENTATION_CONTEXT('2D SPACE',''
  ) );
#5870 = ADVANCED_FACE('',(#5871),#1523,.T.);
#5871 = FACE_BOUND('',#5872,.T.);
#5872 = EDGE_LOOP('',(#5873,#5903,#5926,#5947,#5948,#5949));
#5873 = ORIENTED_EDGE('',*,*,#5874,.F.);
#5874 = EDGE_CURVE('',#5875,#5877,#5879,.T.);
#5875 = VERTEX_POINT('',#5876);
#5876 = CARTESIAN_POINT('',(-33.,14.,28.168421052632));
#5877 = VERTEX_POINT('',#5878);
#5878 = CARTESIAN_POINT('',(-33.,14.,30.2));
#5879 = SURFACE_CURVE('',#5880,(#5884,#5891),.PCURVE_S1.);
#5880 = LINE('',#5881,#5882);
#5881 = CARTESIAN_POINT('',(-33.,14.,-13.8));
#5882 = VECTOR('',#5883,1.);
#5883 = DIRECTION('',(0.,0.,1.));
#5884 = PCURVE('',#1523,#5885);
#5885 = DEFINITIONAL_REPRESENTATION('',(#5886),#5890);
#5886 = LINE('',#5887,#5888);
#5887 = CARTESIAN_POINT('',(0.,0.));
#5888 = VECTOR('',#5889,1.);
#5889 = DIRECTION('',(1.,0.));
#5890 = ( GEOMETRIC_REPRESENTATION_CONTEXT(2) 
PARAMETRIC_REPRESENTATION_CONTEXT() REPRESENTATION_CONTEXT('2D SPACE',''
  ) );
#5891 = PCURVE('',#5892,#5897);
#5892 = PLANE('',#5893);
#5893 = AXIS2_PLACEMENT_3D('',#5894,#5895,#5896);
#5894 = CARTESIAN_POINT('',(-33.,14.,-13.8));
#5895 = DIRECTION('',(0.,1.,0.));
#5896 = DIRECTION('',(0.,-0.,1.));
#5897 = DEFINITIONAL_REPRESENTATION('',(#5898),#5902);
#5898 = LINE('',#5899,#5900);
#5899 = CARTESIAN_POINT('',(0.,0.));
#5900 = VECTOR('',#5901,1.);
#5901 = DIRECTION('',(1.,0.));
#5902 = ( GEOMETRIC_REPRESENTATION_CONTEXT(2) 
PARAMETRIC_REPRESENTATION_CONTEXT() REPRESENTATION_CONTEXT('2D SPACE',''
  ) );
#5903 = ORIENTED_EDGE('',*,*,#5904,.F.);
#5904 = EDGE_CURVE('',#5905,#5875,#5907,.T.);
#5905 = VERTEX_POINT('',#5906);
#5906 = CARTESIAN_POINT('',(-33.,16.,28.168421052632));
#5907 = SURFACE_CURVE('',#5908,(#5912,#5919),.PCURVE_S1.);
#5908 = LINE('',#5909,#5910);
#5909 = CARTESIAN_POINT('',(-33.,15.,28.168421052632));
#5910 = VECTOR('',#5911,1.);
#5911 = DIRECTION('',(0.,-1.,0.));
#5912 = PCURVE('',#1523,#5913);
#5913 = DEFINITIONAL_REPRESENTATION('',(#5914),#5918);
#5914 = LINE('',#5915,#5916);
#5915 = CARTESIAN_POINT('',(41.968421052632,-1.));
#5916 = VECTOR('',#5917,1.);
#5917 = DIRECTION('',(0.,1.));
#5918 = ( GEOMETRIC_REPRESENTATION_CONTEXT(2) 
PARAMETRIC_REPRESENTATION_CONTEXT() REPRESENTATION_CONTEXT('2D SPACE',''
  ) );
#5919 = PCURVE('',#2924,#5920);
#5920 = DEFINITIONAL_REPRESENTATION('',(#5921),#5925);
#5921 = LINE('',#5922,#5923);
#5922 = CARTESIAN_POINT('',(8.770431626444,-1.));
#5923 = VECTOR('',#5924,1.);
#5924 = DIRECTION('',(-0.,-1.));
#5925 = ( GEOMETRIC_REPRESENTATION_CONTEXT(2) 
PARAMETRIC_REPRESENTATION_CONTEXT() REPRESENTATION_CONTEXT('2D SPACE',''
  ) );
#5926 = ORIENTED_EDGE('',*,*,#5927,.F.);
#5927 = EDGE_CURVE('',#5790,#5905,#5928,.T.);
#5928 = SURFACE_CURVE('',#5929,(#5933,#5940),.PCURVE_S1.);
#5929 = LINE('',#5930,#5931);
#5930 = CARTESIAN_POINT('',(-33.,16.,-3.794682512374));
#5931 = VECTOR('',#5932,1.);
#5932 = DIRECTION('',(0.,0.,1.));
#5933 = PCURVE('',#1523,#5934);
#5934 = DEFINITIONAL_REPRESENTATION('',(#5935),#5939);
#5935 = LINE('',#5936,#5937);
#5936 = CARTESIAN_POINT('',(10.005317487626,-2.));
#5937 = VECTOR('',#5938,1.);
#5938 = DIRECTION('',(1.,0.));
#5939 = ( GEOMETRIC_REPRESENTATION_CONTEXT(2) 
PARAMETRIC_REPRESENTATION_CONTEXT() REPRESENTATION_CONTEXT('2D SPACE',''
  ) );
#5940 = PCURVE('',#2896,#5941);
#5941 = DEFINITIONAL_REPRESENTATION('',(#5942),#5946);
#5942 = LINE('',#5943,#5944);
#5943 = CARTESIAN_POINT('',(10.005317487627,-35.38141420836));
#5944 = VECTOR('',#5945,1.);
#5945 = DIRECTION('',(-1.,0.));
#5946 = ( GEOMETRIC_REPRESENTATION_CONTEXT(2) 
PARAMETRIC_REPRESENTATION_CONTEXT() REPRESENTATION_CONTEXT('2D SPACE',''
  ) );
#5947 = ORIENTED_EDGE('',*,*,#5819,.F.);
#5948 = ORIENTED_EDGE('',*,*,#1507,.T.);
#5949 = ORIENTED_EDGE('',*,*,#5950,.F.);
#5950 = EDGE_CURVE('',#5877,#1508,#5951,.T.);
#5951 = SURFACE_CURVE('',#5952,(#5956,#5963),.PCURVE_S1.);
#5952 = LINE('',#5953,#5954);
#5953 = CARTESIAN_POINT('',(-33.,14.,30.2));
#5954 = VECTOR('',#5955,1.);
#5955 = DIRECTION('',(0.,1.,0.));
#5956 = PCURVE('',#1523,#5957);
#5957 = DEFINITIONAL_REPRESENTATION('',(#5958),#5962);
#5958 = LINE('',#5959,#5960);
#5959 = CARTESIAN_POINT('',(44.,0.));
#5960 = VECTOR('',#5961,1.);
#5961 = DIRECTION('',(0.,-1.));
#5962 = ( GEOMETRIC_REPRESENTATION_CONTEXT(2) 
PARAMETRIC_REPRESENTATION_CONTEXT() REPRESENTATION_CONTEXT('2D SPACE',''
  ) );
#5963 = PCURVE('',#1556,#5964);
#5964 = DEFINITIONAL_REPRESENTATION('',(#5965),#5969);
#5965 = LINE('',#5966,#5967);
#5966 = CARTESIAN_POINT('',(0.,0.));
#5967 = VECTOR('',#5968,1.);
#5968 = DIRECTION('',(0.,1.));
#5969 = ( GEOMETRIC_REPRESENTATION_CONTEXT(2) 
PARAMETRIC_REPRESENTATION_CONTEXT() REPRESENTATION_CONTEXT('2D SPACE',''
  ) );
#5970 = ADVANCED_FACE('',(#5971),#1556,.F.);
#5971 = FACE_BOUND('',#5972,.F.);
#5972 = EDGE_LOOP('',(#5973,#5974,#5998,#6019));
#5973 = ORIENTED_EDGE('',*,*,#5950,.F.);
#5974 = ORIENTED_EDGE('',*,*,#5975,.T.);
#5975 = EDGE_CURVE('',#5877,#5976,#5978,.T.);
#5976 = VERTEX_POINT('',#5977);
#5977 = CARTESIAN_POINT('',(-32.,14.,31.2));
#5978 = SURFACE_CURVE('',#5979,(#5984,#5991),.PCURVE_S1.);
#5979 = CIRCLE('',#5980,1.);
#5980 = AXIS2_PLACEMENT_3D('',#5981,#5982,#5983);
#5981 = CARTESIAN_POINT('',(-32.,14.,30.2));
#5982 = DIRECTION('',(0.,1.,0.));
#5983 = DIRECTION('',(0.,-0.,1.));
#5984 = PCURVE('',#1556,#5985);
#5985 = DEFINITIONAL_REPRESENTATION('',(#5986),#5990);
#5986 = LINE('',#5987,#5988);
#5987 = CARTESIAN_POINT('',(-4.712388980385,0.));
#5988 = VECTOR('',#5989,1.);
#5989 = DIRECTION('',(1.,0.));
#5990 = ( GEOMETRIC_REPRESENTATION_CONTEXT(2) 
PARAMETRIC_REPRESENTATION_CONTEXT() REPRESENTATION_CONTEXT('2D SPACE',''
  ) );
#5991 = PCURVE('',#5892,#5992);
#5992 = DEFINITIONAL_REPRESENTATION('',(#5993),#5997);
#5993 = CIRCLE('',#5994,1.);
#5994 = AXIS2_PLACEMENT_2D('',#5995,#5996);
#5995 = CARTESIAN_POINT('',(44.,1.));
#5996 = DIRECTION('',(1.,0.));
#5997 = ( GEOMETRIC_REPRESENTATION_CONTEXT(2) 
PARAMETRIC_REPRESENTATION_CONTEXT() REPRESENTATION_CONTEXT('2D SPACE',''
  ) );
#5998 = ORIENTED_EDGE('',*,*,#5999,.T.);
#5999 = EDGE_CURVE('',#5976,#1536,#6000,.T.);
#6000 = SURFACE_CURVE('',#6001,(#6005,#6012),.PCURVE_S1.);
#6001 = LINE('',#6002,#6003);
#6002 = CARTESIAN_POINT('',(-32.,14.,31.2));
#6003 = VECTOR('',#6004,1.);
#6004 = DIRECTION('',(0.,1.,0.));
#6005 = PCURVE('',#1556,#6006);
#6006 = DEFINITIONAL_REPRESENTATION('',(#6007),#6011);
#6007 = LINE('',#6008,#6009);
#6008 = CARTESIAN_POINT('',(1.570796326795,0.));
#6009 = VECTOR('',#6010,1.);
#6010 = DIRECTION('',(0.,1.));
#6011 = ( GEOMETRIC_REPRESENTATION_CONTEXT(2) 
PARAMETRIC_REPRESENTATION_CONTEXT() REPRESENTATION_CONTEXT('2D SPACE',''
  ) );
#6012 = PCURVE('',#1584,#6013);
#6013 = DEFINITIONAL_REPRESENTATION('',(#6014),#6018);
#6014 = LINE('',#6015,#6016);
#6015 = CARTESIAN_POINT('',(1.,0.));
#6016 = VECTOR('',#6017,1.);
#6017 = DIRECTION('',(0.,1.));
#6018 = ( GEOMETRIC_REPRESENTATION_CONTEXT(2) 
PARAMETRIC_REPRESENTATION_CONTEXT() REPRESENTATION_CONTEXT('2D SPACE',''
  ) );
#6019 = ORIENTED_EDGE('',*,*,#1535,.F.);
#6020 = ADVANCED_FACE('',(#6021),#1584,.F.);
#6021 = FACE_BOUND('',#6022,.F.);
#6022 = EDGE_LOOP('',(#6023,#6046,#6047,#6048));
#6023 = ORIENTED_EDGE('',*,*,#6024,.T.);
#6024 = EDGE_CURVE('',#6025,#1569,#6027,.T.);
#6025 = VERTEX_POINT('',#6026);
#6026 = CARTESIAN_POINT('',(-31.5,14.,31.2));
#6027 = SURFACE_CURVE('',#6028,(#6032,#6039),.PCURVE_S1.);
#6028 = LINE('',#6029,#6030);
#6029 = CARTESIAN_POINT('',(-31.5,-9.,31.2));
#6030 = VECTOR('',#6031,1.);
#6031 = DIRECTION('',(0.,1.,0.));
#6032 = PCURVE('',#1584,#6033);
#6033 = DEFINITIONAL_REPRESENTATION('',(#6034),#6038);
#6034 = LINE('',#6035,#6036);
#6035 = CARTESIAN_POINT('',(1.5,-23.));
#6036 = VECTOR('',#6037,1.);
#6037 = DIRECTION('',(0.,1.));
#6038 = ( GEOMETRIC_REPRESENTATION_CONTEXT(2) 
PARAMETRIC_REPRESENTATION_CONTEXT() REPRESENTATION_CONTEXT('2D SPACE',''
  ) );
#6039 = PCURVE('',#1612,#6040);
#6040 = DEFINITIONAL_REPRESENTATION('',(#6041),#6045);
#6041 = LINE('',#6042,#6043);
#6042 = CARTESIAN_POINT('',(16.2,-23.));
#6043 = VECTOR('',#6044,1.);
#6044 = DIRECTION('',(0.,-1.));
#6045 = ( GEOMETRIC_REPRESENTATION_CONTEXT(2) 
PARAMETRIC_REPRESENTATION_CONTEXT() REPRESENTATION_CONTEXT('2D SPACE',''
  ) );
#6046 = ORIENTED_EDGE('',*,*,#1568,.T.);
#6047 = ORIENTED_EDGE('',*,*,#5999,.F.);
#6048 = ORIENTED_EDGE('',*,*,#6049,.T.);
#6049 = EDGE_CURVE('',#5976,#6025,#6050,.T.);
#6050 = SURFACE_CURVE('',#6051,(#6055,#6062),.PCURVE_S1.);
#6051 = LINE('',#6052,#6053);
#6052 = CARTESIAN_POINT('',(-33.,14.,31.2));
#6053 = VECTOR('',#6054,1.);
#6054 = DIRECTION('',(1.,0.,0.));
#6055 = PCURVE('',#1584,#6056);
#6056 = DEFINITIONAL_REPRESENTATION('',(#6057),#6061);
#6057 = LINE('',#6058,#6059);
#6058 = CARTESIAN_POINT('',(0.,0.));
#6059 = VECTOR('',#6060,1.);
#6060 = DIRECTION('',(1.,0.));
#6061 = ( GEOMETRIC_REPRESENTATION_CONTEXT(2) 
PARAMETRIC_REPRESENTATION_CONTEXT() REPRESENTATION_CONTEXT('2D SPACE',''
  ) );
#6062 = PCURVE('',#5892,#6063);
#6063 = DEFINITIONAL_REPRESENTATION('',(#6064),#6068);
#6064 = LINE('',#6065,#6066);
#6065 = CARTESIAN_POINT('',(45.,0.));
#6066 = VECTOR('',#6067,1.);
#6067 = DIRECTION('',(0.,1.));
#6068 = ( GEOMETRIC_REPRESENTATION_CONTEXT(2) 
PARAMETRIC_REPRESENTATION_CONTEXT() REPRESENTATION_CONTEXT('2D SPACE',''
  ) );
#6069 = ADVANCED_FACE('',(#6070),#1612,.T.);
#6070 = FACE_BOUND('',#6071,.T.);
#6071 = EDGE_LOOP('',(#6072,#6073,#6094,#6095,#6118,#6139,#6140,#6141));
#6072 = ORIENTED_EDGE('',*,*,#2592,.F.);
#6073 = ORIENTED_EDGE('',*,*,#6074,.T.);
#6074 = EDGE_CURVE('',#2565,#3918,#6075,.T.);
#6075 = SURFACE_CURVE('',#6076,(#6080,#6087),.PCURVE_S1.);
#6076 = LINE('',#6077,#6078);
#6077 = CARTESIAN_POINT('',(-31.5,-32.,15.));
#6078 = VECTOR('',#6079,1.);
#6079 = DIRECTION('',(0.,1.,0.));
#6080 = PCURVE('',#1612,#6081);
#6081 = DEFINITIONAL_REPRESENTATION('',(#6082),#6086);
#6082 = LINE('',#6083,#6084);
#6083 = CARTESIAN_POINT('',(0.,0.));
#6084 = VECTOR('',#6085,1.);
#6085 = DIRECTION('',(0.,-1.));
#6086 = ( GEOMETRIC_REPRESENTATION_CONTEXT(2) 
PARAMETRIC_REPRESENTATION_CONTEXT() REPRESENTATION_CONTEXT('2D SPACE',''
  ) );
#6087 = PCURVE('',#2580,#6088);
#6088 = DEFINITIONAL_REPRESENTATION('',(#6089),#6093);
#6089 = LINE('',#6090,#6091);
#6090 = CARTESIAN_POINT('',(0.,0.));
#6091 = VECTOR('',#6092,1.);
#6092 = DIRECTION('',(0.,1.));
#6093 = ( GEOMETRIC_REPRESENTATION_CONTEXT(2) 
PARAMETRIC_REPRESENTATION_CONTEXT() REPRESENTATION_CONTEXT('2D SPACE',''
  ) );
#6094 = ORIENTED_EDGE('',*,*,#3917,.T.);
#6095 = ORIENTED_EDGE('',*,*,#6096,.F.);
#6096 = EDGE_CURVE('',#6097,#3920,#6099,.T.);
#6097 = VERTEX_POINT('',#6098);
#6098 = CARTESIAN_POINT('',(-31.5,14.,30.03157894737));
#6099 = SURFACE_CURVE('',#6100,(#6104,#6111),.PCURVE_S1.);
#6100 = LINE('',#6101,#6102);
#6101 = CARTESIAN_POINT('',(-31.5,-8.,30.031578947368));
#6102 = VECTOR('',#6103,1.);
#6103 = DIRECTION('',(0.,-1.,0.));
#6104 = PCURVE('',#1612,#6105);
#6105 = DEFINITIONAL_REPRESENTATION('',(#6106),#6110);
#6106 = LINE('',#6107,#6108);
#6107 = CARTESIAN_POINT('',(15.031578947368,-24.));
#6108 = VECTOR('',#6109,1.);
#6109 = DIRECTION('',(0.,1.));
#6110 = ( GEOMETRIC_REPRESENTATION_CONTEXT(2) 
PARAMETRIC_REPRESENTATION_CONTEXT() REPRESENTATION_CONTEXT('2D SPACE',''
  ) );
#6111 = PCURVE('',#2924,#6112);
#6112 = DEFINITIONAL_REPRESENTATION('',(#6113),#6117);
#6113 = LINE('',#6114,#6115);
#6114 = CARTESIAN_POINT('',(6.378495728323,-24.));
#6115 = VECTOR('',#6116,1.);
#6116 = DIRECTION('',(-0.,-1.));
#6117 = ( GEOMETRIC_REPRESENTATION_CONTEXT(2) 
PARAMETRIC_REPRESENTATION_CONTEXT() REPRESENTATION_CONTEXT('2D SPACE',''
  ) );
#6118 = ORIENTED_EDGE('',*,*,#6119,.F.);
#6119 = EDGE_CURVE('',#6025,#6097,#6120,.T.);
#6120 = SURFACE_CURVE('',#6121,(#6125,#6132),.PCURVE_S1.);
#6121 = LINE('',#6122,#6123);
#6122 = CARTESIAN_POINT('',(-31.5,14.,0.6));
#6123 = VECTOR('',#6124,1.);
#6124 = DIRECTION('',(0.,0.,-1.));
#6125 = PCURVE('',#1612,#6126);
#6126 = DEFINITIONAL_REPRESENTATION('',(#6127),#6131);
#6127 = LINE('',#6128,#6129);
#6128 = CARTESIAN_POINT('',(-14.4,-46.));
#6129 = VECTOR('',#6130,1.);
#6130 = DIRECTION('',(-1.,0.));
#6131 = ( GEOMETRIC_REPRESENTATION_CONTEXT(2) 
PARAMETRIC_REPRESENTATION_CONTEXT() REPRESENTATION_CONTEXT('2D SPACE',''
  ) );
#6132 = PCURVE('',#5892,#6133);
#6133 = DEFINITIONAL_REPRESENTATION('',(#6134),#6138);
#6134 = LINE('',#6135,#6136);
#6135 = CARTESIAN_POINT('',(14.4,1.5));
#6136 = VECTOR('',#6137,1.);
#6137 = DIRECTION('',(-1.,0.));
#6138 = ( GEOMETRIC_REPRESENTATION_CONTEXT(2) 
PARAMETRIC_REPRESENTATION_CONTEXT() REPRESENTATION_CONTEXT('2D SPACE',''
  ) );
#6139 = ORIENTED_EDGE('',*,*,#6024,.T.);
#6140 = ORIENTED_EDGE('',*,*,#1596,.T.);
#6141 = ORIENTED_EDGE('',*,*,#6142,.T.);
#6142 = EDGE_CURVE('',#1597,#2593,#6143,.T.);
#6143 = SURFACE_CURVE('',#6144,(#6148,#6155),.PCURVE_S1.);
#6144 = LINE('',#6145,#6146);
#6145 = CARTESIAN_POINT('',(-31.5,-7.,33.75));
#6146 = VECTOR('',#6147,1.);
#6147 = DIRECTION('',(0.,-1.,0.));
#6148 = PCURVE('',#1612,#6149);
#6149 = DEFINITIONAL_REPRESENTATION('',(#6150),#6154);
#6150 = LINE('',#6151,#6152);
#6151 = CARTESIAN_POINT('',(18.75,-25.));
#6152 = VECTOR('',#6153,1.);
#6153 = DIRECTION('',(0.,1.));
#6154 = ( GEOMETRIC_REPRESENTATION_CONTEXT(2) 
PARAMETRIC_REPRESENTATION_CONTEXT() REPRESENTATION_CONTEXT('2D SPACE',''
  ) );
#6155 = PCURVE('',#1640,#6156);
#6156 = DEFINITIONAL_REPRESENTATION('',(#6157),#6161);
#6157 = LINE('',#6158,#6159);
#6158 = CARTESIAN_POINT('',(4.100304866714,-25.));
#6159 = VECTOR('',#6160,1.);
#6160 = DIRECTION('',(-0.,-1.));
#6161 = ( GEOMETRIC_REPRESENTATION_CONTEXT(2) 
PARAMETRIC_REPRESENTATION_CONTEXT() REPRESENTATION_CONTEXT('2D SPACE',''
  ) );
#6162 = ADVANCED_FACE('',(#6163),#1640,.F.);
#6163 = FACE_BOUND('',#6164,.F.);
#6164 = EDGE_LOOP('',(#6165,#6166,#6167,#6168));
#6165 = ORIENTED_EDGE('',*,*,#1624,.F.);
#6166 = ORIENTED_EDGE('',*,*,#6142,.T.);
#6167 = ORIENTED_EDGE('',*,*,#2615,.T.);
#6168 = ORIENTED_EDGE('',*,*,#6169,.F.);
#6169 = EDGE_CURVE('',#1625,#2616,#6170,.T.);
#6170 = SURFACE_CURVE('',#6171,(#6175,#6182),.PCURVE_S1.);
#6171 = LINE('',#6172,#6173);
#6172 = CARTESIAN_POINT('',(-38.75114878692,18.,24.323506576997));
#6173 = VECTOR('',#6174,1.);
#6174 = DIRECTION('',(0.,-1.,0.));
#6175 = PCURVE('',#1640,#6176);
#6176 = DEFINITIONAL_REPRESENTATION('',(#6177),#6181);
#6177 = LINE('',#6178,#6179);
#6178 = CARTESIAN_POINT('',(15.99307313083,0.));
#6179 = VECTOR('',#6180,1.);
#6180 = DIRECTION('',(-0.,-1.));
#6181 = ( GEOMETRIC_REPRESENTATION_CONTEXT(2) 
PARAMETRIC_REPRESENTATION_CONTEXT() REPRESENTATION_CONTEXT('2D SPACE',''
  ) );
#6182 = PCURVE('',#1669,#6183);
#6183 = DEFINITIONAL_REPRESENTATION('',(#6184),#6188);
#6184 = LINE('',#6185,#6186);
#6185 = CARTESIAN_POINT('',(0.,0.));
#6186 = VECTOR('',#6187,1.);
#6187 = DIRECTION('',(0.,1.));
#6188 = ( GEOMETRIC_REPRESENTATION_CONTEXT(2) 
PARAMETRIC_REPRESENTATION_CONTEXT() REPRESENTATION_CONTEXT('2D SPACE',''
  ) );
#6189 = ADVANCED_FACE('',(#6190),#1669,.T.);
#6190 = FACE_BOUND('',#6191,.T.);
#6191 = EDGE_LOOP('',(#6192,#6193,#6214,#6215));
#6192 = ORIENTED_EDGE('',*,*,#1652,.T.);
#6193 = ORIENTED_EDGE('',*,*,#6194,.T.);
#6194 = EDGE_CURVE('',#1653,#2639,#6195,.T.);
#6195 = SURFACE_CURVE('',#6196,(#6200,#6207),.PCURVE_S1.);
#6196 = LINE('',#6197,#6198);
#6197 = CARTESIAN_POINT('',(-39.,18.,23.591853663977));
#6198 = VECTOR('',#6199,1.);
#6199 = DIRECTION('',(0.,-1.,0.));
#6200 = PCURVE('',#1669,#6201);
#6201 = DEFINITIONAL_REPRESENTATION('',(#6202),#6206);
#6202 = LINE('',#6203,#6204);
#6203 = CARTESIAN_POINT('',(0.655695626242,0.));
#6204 = VECTOR('',#6205,1.);
#6205 = DIRECTION('',(0.,1.));
#6206 = ( GEOMETRIC_REPRESENTATION_CONTEXT(2) 
PARAMETRIC_REPRESENTATION_CONTEXT() REPRESENTATION_CONTEXT('2D SPACE',''
  ) );
#6207 = PCURVE('',#1695,#6208);
#6208 = DEFINITIONAL_REPRESENTATION('',(#6209),#6213);
#6209 = LINE('',#6210,#6211);
#6210 = CARTESIAN_POINT('',(0.408146336023,0.));
#6211 = VECTOR('',#6212,1.);
#6212 = DIRECTION('',(0.,-1.));
#6213 = ( GEOMETRIC_REPRESENTATION_CONTEXT(2) 
PARAMETRIC_REPRESENTATION_CONTEXT() REPRESENTATION_CONTEXT('2D SPACE',''
  ) );
#6214 = ORIENTED_EDGE('',*,*,#2638,.F.);
#6215 = ORIENTED_EDGE('',*,*,#6169,.F.);
#6216 = ADVANCED_FACE('',(#6217),#1695,.F.);
#6217 = FACE_BOUND('',#6218,.F.);
#6218 = EDGE_LOOP('',(#6219,#6220,#6221,#6222));
#6219 = ORIENTED_EDGE('',*,*,#1681,.F.);
#6220 = ORIENTED_EDGE('',*,*,#6194,.T.);
#6221 = ORIENTED_EDGE('',*,*,#2662,.T.);
#6222 = ORIENTED_EDGE('',*,*,#1739,.F.);
#6223 = ADVANCED_FACE('',(#6224),#1877,.T.);
#6224 = FACE_BOUND('',#6225,.T.);
#6225 = EDGE_LOOP('',(#6226,#6227,#6255,#6276));
#6226 = ORIENTED_EDGE('',*,*,#5253,.F.);
#6227 = ORIENTED_EDGE('',*,*,#6228,.T.);
#6228 = EDGE_CURVE('',#5254,#6229,#6231,.T.);
#6229 = VERTEX_POINT('',#6230);
#6230 = CARTESIAN_POINT('',(42.961861009998,14.,12.076277980005));
#6231 = SURFACE_CURVE('',#6232,(#6237,#6244),.PCURVE_S1.);
#6232 = CIRCLE('',#6233,1.2);
#6233 = AXIS2_PLACEMENT_3D('',#6234,#6235,#6236);
#6234 = CARTESIAN_POINT('',(41.888548380798,14.,11.539621665405));
#6235 = DIRECTION('',(0.,-1.,0.));
#6236 = DIRECTION('',(0.948683298051,0.,0.316227766017));
#6237 = PCURVE('',#1877,#6238);
#6238 = DEFINITIONAL_REPRESENTATION('',(#6239),#6243);
#6239 = LINE('',#6240,#6241);
#6240 = CARTESIAN_POINT('',(0.,4.));
#6241 = VECTOR('',#6242,1.);
#6242 = DIRECTION('',(1.,0.));
#6243 = ( GEOMETRIC_REPRESENTATION_CONTEXT(2) 
PARAMETRIC_REPRESENTATION_CONTEXT() REPRESENTATION_CONTEXT('2D SPACE',''
  ) );
#6244 = PCURVE('',#5292,#6245);
#6245 = DEFINITIONAL_REPRESENTATION('',(#6246),#6254);
#6246 = ( BOUNDED_CURVE() B_SPLINE_CURVE(2,(#6247,#6248,#6249,#6250,
#6251,#6252,#6253),.UNSPECIFIED.,.T.,.F.) B_SPLINE_CURVE_WITH_KNOTS((1,2
    ,2,2,2,1),(-2.094395102393,0.,2.094395102393,4.188790204786,
6.28318530718,8.377580409573),.UNSPECIFIED.) CURVE() 
GEOMETRIC_REPRESENTATION_ITEM() RATIONAL_B_SPLINE_CURVE((1.,0.5,1.,0.5,
1.,0.5,1.)) REPRESENTATION_ITEM('') );
#6247 = CARTESIAN_POINT('',(25.719094984625,76.026968338459));
#6248 = CARTESIAN_POINT('',(27.690896191644,75.369701269452));
#6249 = CARTESIAN_POINT('',(26.135785609304,73.990704867465));
#6250 = CARTESIAN_POINT('',(24.580675026965,72.611708465477));
#6251 = CARTESIAN_POINT('',(24.163984402286,74.647971936471));
#6252 = CARTESIAN_POINT('',(23.747293777607,76.684235407465));
#6253 = CARTESIAN_POINT('',(25.719094984625,76.026968338459));
#6254 = ( GEOMETRIC_REPRESENTATION_CONTEXT(2) 
PARAMETRIC_REPRESENTATION_CONTEXT() REPRESENTATION_CONTEXT('2D SPACE',''
  ) );
#6255 = ORIENTED_EDGE('',*,*,#6256,.T.);
#6256 = EDGE_CURVE('',#6229,#1861,#6257,.T.);
#6257 = SURFACE_CURVE('',#6258,(#6262,#6269),.PCURVE_S1.);
#6258 = LINE('',#6259,#6260);
#6259 = CARTESIAN_POINT('',(42.961861009998,18.,12.076277980005));
#6260 = VECTOR('',#6261,1.);
#6261 = DIRECTION('',(0.,-1.,0.));
#6262 = PCURVE('',#1877,#6263);
#6263 = DEFINITIONAL_REPRESENTATION('',(#6264),#6268);
#6264 = LINE('',#6265,#6266);
#6265 = CARTESIAN_POINT('',(0.141897054604,0.));
#6266 = VECTOR('',#6267,1.);
#6267 = DIRECTION('',(0.,1.));
#6268 = ( GEOMETRIC_REPRESENTATION_CONTEXT(2) 
PARAMETRIC_REPRESENTATION_CONTEXT() REPRESENTATION_CONTEXT('2D SPACE',''
  ) );
#6269 = PCURVE('',#1905,#6270);
#6270 = DEFINITIONAL_REPRESENTATION('',(#6271),#6275);
#6271 = LINE('',#6272,#6273);
#6272 = CARTESIAN_POINT('',(8.528137423855E-02,0.));
#6273 = VECTOR('',#6274,1.);
#6274 = DIRECTION('',(0.,-1.));
#6275 = ( GEOMETRIC_REPRESENTATION_CONTEXT(2) 
PARAMETRIC_REPRESENTATION_CONTEXT() REPRESENTATION_CONTEXT('2D SPACE',''
  ) );
#6276 = ORIENTED_EDGE('',*,*,#1860,.F.);
#6277 = ADVANCED_FACE('',(#6278),#1905,.F.);
#6278 = FACE_BOUND('',#6279,.F.);
#6279 = EDGE_LOOP('',(#6280,#6303,#6304,#6305));
#6280 = ORIENTED_EDGE('',*,*,#6281,.T.);
#6281 = EDGE_CURVE('',#6282,#6229,#6284,.T.);
#6282 = VERTEX_POINT('',#6283);
#6283 = CARTESIAN_POINT('',(38.,14.,22.));
#6284 = SURFACE_CURVE('',#6285,(#6289,#6296),.PCURVE_S1.);
#6285 = LINE('',#6286,#6287);
#6286 = CARTESIAN_POINT('',(40.56,14.,16.88));
#6287 = VECTOR('',#6288,1.);
#6288 = DIRECTION('',(0.4472135955,0.,-0.894427191));
#6289 = PCURVE('',#1905,#6290);
#6290 = DEFINITIONAL_REPRESENTATION('',(#6291),#6295);
#6291 = LINE('',#6292,#6293);
#6292 = CARTESIAN_POINT('',(5.456005865099,-4.));
#6293 = VECTOR('',#6294,1.);
#6294 = DIRECTION('',(-1.,0.));
#6295 = ( GEOMETRIC_REPRESENTATION_CONTEXT(2) 
PARAMETRIC_REPRESENTATION_CONTEXT() REPRESENTATION_CONTEXT('2D SPACE',''
  ) );
#6296 = PCURVE('',#5292,#6297);
#6297 = DEFINITIONAL_REPRESENTATION('',(#6298),#6302);
#6298 = LINE('',#6299,#6300);
#6299 = CARTESIAN_POINT('',(30.68,73.56));
#6300 = VECTOR('',#6301,1.);
#6301 = DIRECTION('',(-0.894427191,0.4472135955));
#6302 = ( GEOMETRIC_REPRESENTATION_CONTEXT(2) 
PARAMETRIC_REPRESENTATION_CONTEXT() REPRESENTATION_CONTEXT('2D SPACE',''
  ) );
#6303 = ORIENTED_EDGE('',*,*,#6256,.T.);
#6304 = ORIENTED_EDGE('',*,*,#1889,.T.);
#6305 = ORIENTED_EDGE('',*,*,#6306,.F.);
#6306 = EDGE_CURVE('',#6282,#1890,#6307,.T.);
#6307 = SURFACE_CURVE('',#6308,(#6312,#6319),.PCURVE_S1.);
#6308 = LINE('',#6309,#6310);
#6309 = CARTESIAN_POINT('',(38.,18.,22.));
#6310 = VECTOR('',#6311,1.);
#6311 = DIRECTION('',(0.,-1.,0.));
#6312 = PCURVE('',#1905,#6313);
#6313 = DEFINITIONAL_REPRESENTATION('',(#6314),#6318);
#6314 = LINE('',#6315,#6316);
#6315 = CARTESIAN_POINT('',(11.180339887499,0.));
#6316 = VECTOR('',#6317,1.);
#6317 = DIRECTION('',(0.,-1.));
#6318 = ( GEOMETRIC_REPRESENTATION_CONTEXT(2) 
PARAMETRIC_REPRESENTATION_CONTEXT() REPRESENTATION_CONTEXT('2D SPACE',''
  ) );
#6319 = PCURVE('',#1933,#6320);
#6320 = DEFINITIONAL_REPRESENTATION('',(#6321),#6325);
#6321 = LINE('',#6322,#6323);
#6322 = CARTESIAN_POINT('',(0.,0.));
#6323 = VECTOR('',#6324,1.);
#6324 = DIRECTION('',(0.,-1.));
#6325 = ( GEOMETRIC_REPRESENTATION_CONTEXT(2) 
PARAMETRIC_REPRESENTATION_CONTEXT() REPRESENTATION_CONTEXT('2D SPACE',''
  ) );
#6326 = ADVANCED_FACE('',(#6327),#1933,.F.);
#6327 = FACE_BOUND('',#6328,.F.);
#6328 = EDGE_LOOP('',(#6329,#6352,#6353,#6354,#6377,#6405));
#6329 = ORIENTED_EDGE('',*,*,#6330,.T.);
#6330 = EDGE_CURVE('',#6331,#6282,#6333,.T.);
#6331 = VERTEX_POINT('',#6332);
#6332 = CARTESIAN_POINT('',(36.133333333333,14.,25.5));
#6333 = SURFACE_CURVE('',#6334,(#6338,#6345),.PCURVE_S1.);
#6334 = LINE('',#6335,#6336);
#6335 = CARTESIAN_POINT('',(37.570934256055,14.,22.804498269896));
#6336 = VECTOR('',#6337,1.);
#6337 = DIRECTION('',(0.470588235294,0.,-0.882352941176));
#6338 = PCURVE('',#1933,#6339);
#6339 = DEFINITIONAL_REPRESENTATION('',(#6340),#6344);
#6340 = LINE('',#6341,#6342);
#6341 = CARTESIAN_POINT('',(0.911764705882,-4.));
#6342 = VECTOR('',#6343,1.);
#6343 = DIRECTION('',(-1.,0.));
#6344 = ( GEOMETRIC_REPRESENTATION_CONTEXT(2) 
PARAMETRIC_REPRESENTATION_CONTEXT() REPRESENTATION_CONTEXT('2D SPACE',''
  ) );
#6345 = PCURVE('',#5292,#6346);
#6346 = DEFINITIONAL_REPRESENTATION('',(#6347),#6351);
#6347 = LINE('',#6348,#6349);
#6348 = CARTESIAN_POINT('',(36.604498269896,70.570934256055));
#6349 = VECTOR('',#6350,1.);
#6350 = DIRECTION('',(-0.882352941176,0.470588235294));
#6351 = ( GEOMETRIC_REPRESENTATION_CONTEXT(2) 
PARAMETRIC_REPRESENTATION_CONTEXT() REPRESENTATION_CONTEXT('2D SPACE',''
  ) );
#6352 = ORIENTED_EDGE('',*,*,#6306,.T.);
#6353 = ORIENTED_EDGE('',*,*,#1917,.T.);
#6354 = ORIENTED_EDGE('',*,*,#6355,.F.);
#6355 = EDGE_CURVE('',#6356,#1918,#6358,.T.);
#6356 = VERTEX_POINT('',#6357);
#6357 = CARTESIAN_POINT('',(30.338823529412,-25.,36.364705882353));
#6358 = SURFACE_CURVE('',#6359,(#6363,#6370),.PCURVE_S1.);
#6359 = LINE('',#6360,#6361);
#6360 = CARTESIAN_POINT('',(30.338823529412,18.,36.364705882353));
#6361 = VECTOR('',#6362,1.);
#6362 = DIRECTION('',(0.,-1.,0.));
#6363 = PCURVE('',#1933,#6364);
#6364 = DEFINITIONAL_REPRESENTATION('',(#6365),#6369);
#6365 = LINE('',#6366,#6367);
#6366 = CARTESIAN_POINT('',(16.28,0.));
#6367 = VECTOR('',#6368,1.);
#6368 = DIRECTION('',(0.,-1.));
#6369 = ( GEOMETRIC_REPRESENTATION_CONTEXT(2) 
PARAMETRIC_REPRESENTATION_CONTEXT() REPRESENTATION_CONTEXT('2D SPACE',''
  ) );
#6370 = PCURVE('',#1962,#6371);
#6371 = DEFINITIONAL_REPRESENTATION('',(#6372),#6376);
#6372 = LINE('',#6373,#6374);
#6373 = CARTESIAN_POINT('',(0.,0.));
#6374 = VECTOR('',#6375,1.);
#6375 = DIRECTION('',(0.,1.));
#6376 = ( GEOMETRIC_REPRESENTATION_CONTEXT(2) 
PARAMETRIC_REPRESENTATION_CONTEXT() REPRESENTATION_CONTEXT('2D SPACE',''
  ) );
#6377 = ORIENTED_EDGE('',*,*,#6378,.T.);
#6378 = EDGE_CURVE('',#6356,#6379,#6381,.T.);
#6379 = VERTEX_POINT('',#6380);
#6380 = CARTESIAN_POINT('',(36.133333333333,-25.,25.5));
#6381 = SURFACE_CURVE('',#6382,(#6386,#6393),.PCURVE_S1.);
#6382 = LINE('',#6383,#6384);
#6383 = CARTESIAN_POINT('',(29.743944636678,-25.,37.480103806228));
#6384 = VECTOR('',#6385,1.);
#6385 = DIRECTION('',(0.470588235294,0.,-0.882352941176));
#6386 = PCURVE('',#1933,#6387);
#6387 = DEFINITIONAL_REPRESENTATION('',(#6388),#6392);
#6388 = LINE('',#6389,#6390);
#6389 = CARTESIAN_POINT('',(17.544117647059,-43.));
#6390 = VECTOR('',#6391,1.);
#6391 = DIRECTION('',(-1.,0.));
#6392 = ( GEOMETRIC_REPRESENTATION_CONTEXT(2) 
PARAMETRIC_REPRESENTATION_CONTEXT() REPRESENTATION_CONTEXT('2D SPACE',''
  ) );
#6393 = PCURVE('',#6394,#6399);
#6394 = PLANE('',#6395);
#6395 = AXIS2_PLACEMENT_3D('',#6396,#6397,#6398);
#6396 = CARTESIAN_POINT('',(-30.,-25.,25.5));
#6397 = DIRECTION('',(0.,1.,0.));
#6398 = DIRECTION('',(0.,-0.,1.));
#6399 = DEFINITIONAL_REPRESENTATION('',(#6400),#6404);
#6400 = LINE('',#6401,#6402);
#6401 = CARTESIAN_POINT('',(11.980103806228,59.743944636678));
#6402 = VECTOR('',#6403,1.);
#6403 = DIRECTION('',(-0.882352941176,0.470588235294));
#6404 = ( GEOMETRIC_REPRESENTATION_CONTEXT(2) 
PARAMETRIC_REPRESENTATION_CONTEXT() REPRESENTATION_CONTEXT('2D SPACE',''
  ) );
#6405 = ORIENTED_EDGE('',*,*,#6406,.T.);
#6406 = EDGE_CURVE('',#6379,#6331,#6407,.T.);
#6407 = SURFACE_CURVE('',#6408,(#6412,#6419),.PCURVE_S1.);
#6408 = LINE('',#6409,#6410);
#6409 = CARTESIAN_POINT('',(36.133333333333,-3.5,25.5));
#6410 = VECTOR('',#6411,1.);
#6411 = DIRECTION('',(0.,1.,0.));
#6412 = PCURVE('',#1933,#6413);
#6413 = DEFINITIONAL_REPRESENTATION('',(#6414),#6418);
#6414 = LINE('',#6415,#6416);
#6415 = CARTESIAN_POINT('',(3.966666666667,-21.5));
#6416 = VECTOR('',#6417,1.);
#6417 = DIRECTION('',(0.,1.));
#6418 = ( GEOMETRIC_REPRESENTATION_CONTEXT(2) 
PARAMETRIC_REPRESENTATION_CONTEXT() REPRESENTATION_CONTEXT('2D SPACE',''
  ) );
#6419 = PCURVE('',#6420,#6425);
#6420 = PLANE('',#6421);
#6421 = AXIS2_PLACEMENT_3D('',#6422,#6423,#6424);
#6422 = CARTESIAN_POINT('',(-30.,-25.,25.5));
#6423 = DIRECTION('',(0.,0.,1.));
#6424 = DIRECTION('',(1.,0.,-0.));
#6425 = DEFINITIONAL_REPRESENTATION('',(#6426),#6430);
#6426 = LINE('',#6427,#6428);
#6427 = CARTESIAN_POINT('',(66.133333333333,21.5));
#6428 = VECTOR('',#6429,1.);
#6429 = DIRECTION('',(0.,1.));
#6430 = ( GEOMETRIC_REPRESENTATION_CONTEXT(2) 
PARAMETRIC_REPRESENTATION_CONTEXT() REPRESENTATION_CONTEXT('2D SPACE',''
  ) );
#6431 = ADVANCED_FACE('',(#6432),#1962,.T.);
#6432 = FACE_BOUND('',#6433,.T.);
#6433 = EDGE_LOOP('',(#6434,#6435,#6463,#6484));
#6434 = ORIENTED_EDGE('',*,*,#6355,.F.);
#6435 = ORIENTED_EDGE('',*,*,#6436,.T.);
#6436 = EDGE_CURVE('',#6356,#6437,#6439,.T.);
#6437 = VERTEX_POINT('',#6438);
#6438 = CARTESIAN_POINT('',(29.28,-25.,37.));
#6439 = SURFACE_CURVE('',#6440,(#6445,#6452),.PCURVE_S1.);
#6440 = CIRCLE('',#6441,1.2);
#6441 = AXIS2_PLACEMENT_3D('',#6442,#6443,#6444);
#6442 = CARTESIAN_POINT('',(29.28,-25.,35.8));
#6443 = DIRECTION('',(0.,-1.,0.));
#6444 = DIRECTION('',(0.882352941176,0.,0.470588235294));
#6445 = PCURVE('',#1962,#6446);
#6446 = DEFINITIONAL_REPRESENTATION('',(#6447),#6451);
#6447 = LINE('',#6448,#6449);
#6448 = CARTESIAN_POINT('',(0.,43.));
#6449 = VECTOR('',#6450,1.);
#6450 = DIRECTION('',(1.,0.));
#6451 = ( GEOMETRIC_REPRESENTATION_CONTEXT(2) 
PARAMETRIC_REPRESENTATION_CONTEXT() REPRESENTATION_CONTEXT('2D SPACE',''
  ) );
#6452 = PCURVE('',#6394,#6453);
#6453 = DEFINITIONAL_REPRESENTATION('',(#6454),#6462);
#6454 = ( BOUNDED_CURVE() B_SPLINE_CURVE(2,(#6455,#6456,#6457,#6458,
#6459,#6460,#6461),.UNSPECIFIED.,.T.,.F.) B_SPLINE_CURVE_WITH_KNOTS((1,2
    ,2,2,2,1),(-2.094395102393,0.,2.094395102393,4.188790204786,
6.28318530718,8.377580409573),.UNSPECIFIED.) CURVE() 
GEOMETRIC_REPRESENTATION_ITEM() RATIONAL_B_SPLINE_CURVE((1.,0.5,1.,0.5,
1.,0.5,1.)) REPRESENTATION_ITEM('') );
#6455 = CARTESIAN_POINT('',(10.864705882353,60.338823529412));
#6456 = CARTESIAN_POINT('',(12.698642031544,59.360724249843));
#6457 = CARTESIAN_POINT('',(10.934615133419,58.26153859551));
#6458 = CARTESIAN_POINT('',(9.170588235294,57.162352941177));
#6459 = CARTESIAN_POINT('',(9.100678984228,59.239637875078));
#6460 = CARTESIAN_POINT('',(9.030769733163,61.31692280898));
#6461 = CARTESIAN_POINT('',(10.864705882353,60.338823529412));
#6462 = ( GEOMETRIC_REPRESENTATION_CONTEXT(2) 
PARAMETRIC_REPRESENTATION_CONTEXT() REPRESENTATION_CONTEXT('2D SPACE',''
  ) );
#6463 = ORIENTED_EDGE('',*,*,#6464,.T.);
#6464 = EDGE_CURVE('',#6437,#1946,#6465,.T.);
#6465 = SURFACE_CURVE('',#6466,(#6470,#6477),.PCURVE_S1.);
#6466 = LINE('',#6467,#6468);
#6467 = CARTESIAN_POINT('',(29.28,18.,37.));
#6468 = VECTOR('',#6469,1.);
#6469 = DIRECTION('',(0.,-1.,0.));
#6470 = PCURVE('',#1962,#6471);
#6471 = DEFINITIONAL_REPRESENTATION('',(#6472),#6476);
#6472 = LINE('',#6473,#6474);
#6473 = CARTESIAN_POINT('',(1.080839000541,0.));
#6474 = VECTOR('',#6475,1.);
#6475 = DIRECTION('',(0.,1.));
#6476 = ( GEOMETRIC_REPRESENTATION_CONTEXT(2) 
PARAMETRIC_REPRESENTATION_CONTEXT() REPRESENTATION_CONTEXT('2D SPACE',''
  ) );
#6477 = PCURVE('',#1990,#6478);
#6478 = DEFINITIONAL_REPRESENTATION('',(#6479),#6483);
#6479 = LINE('',#6480,#6481);
#6480 = CARTESIAN_POINT('',(0.72,0.));
#6481 = VECTOR('',#6482,1.);
#6482 = DIRECTION('',(0.,-1.));
#6483 = ( GEOMETRIC_REPRESENTATION_CONTEXT(2) 
PARAMETRIC_REPRESENTATION_CONTEXT() REPRESENTATION_CONTEXT('2D SPACE',''
  ) );
#6484 = ORIENTED_EDGE('',*,*,#1945,.F.);
#6485 = ADVANCED_FACE('',(#6486),#1990,.F.);
#6486 = FACE_BOUND('',#6487,.F.);
#6487 = EDGE_LOOP('',(#6488,#6489,#6510,#6511,#6539,#6567,#6588));
#6488 = ORIENTED_EDGE('',*,*,#1974,.T.);
#6489 = ORIENTED_EDGE('',*,*,#6490,.F.);
#6490 = EDGE_CURVE('',#4219,#1975,#6491,.T.);
#6491 = SURFACE_CURVE('',#6492,(#6496,#6503),.PCURVE_S1.);
#6492 = LINE('',#6493,#6494);
#6493 = CARTESIAN_POINT('',(3.,-7.,37.));
#6494 = VECTOR('',#6495,1.);
#6495 = DIRECTION('',(0.,-1.,0.));
#6496 = PCURVE('',#1990,#6497);
#6497 = DEFINITIONAL_REPRESENTATION('',(#6498),#6502);
#6498 = LINE('',#6499,#6500);
#6499 = CARTESIAN_POINT('',(27.,-25.));
#6500 = VECTOR('',#6501,1.);
#6501 = DIRECTION('',(0.,-1.));
#6502 = ( GEOMETRIC_REPRESENTATION_CONTEXT(2) 
PARAMETRIC_REPRESENTATION_CONTEXT() REPRESENTATION_CONTEXT('2D SPACE',''
  ) );
#6503 = PCURVE('',#2018,#6504);
#6504 = DEFINITIONAL_REPRESENTATION('',(#6505),#6509);
#6505 = LINE('',#6506,#6507);
#6506 = CARTESIAN_POINT('',(22.,-25.));
#6507 = VECTOR('',#6508,1.);
#6508 = DIRECTION('',(0.,1.));
#6509 = ( GEOMETRIC_REPRESENTATION_CONTEXT(2) 
PARAMETRIC_REPRESENTATION_CONTEXT() REPRESENTATION_CONTEXT('2D SPACE',''
  ) );
#6510 = ORIENTED_EDGE('',*,*,#4218,.T.);
#6511 = ORIENTED_EDGE('',*,*,#6512,.T.);
#6512 = EDGE_CURVE('',#4191,#6513,#6515,.T.);
#6513 = VERTEX_POINT('',#6514);
#6514 = CARTESIAN_POINT('',(22.,-26.,37.));
#6515 = SURFACE_CURVE('',#6516,(#6521,#6532),.PCURVE_S1.);
#6516 = CIRCLE('',#6517,2.);
#6517 = AXIS2_PLACEMENT_3D('',#6518,#6519,#6520);
#6518 = CARTESIAN_POINT('',(20.,-26.,37.));
#6519 = DIRECTION('',(0.,0.,1.));
#6520 = DIRECTION('',(1.,0.,-0.));
#6521 = PCURVE('',#1990,#6522);
#6522 = DEFINITIONAL_REPRESENTATION('',(#6523),#6531);
#6523 = ( BOUNDED_CURVE() B_SPLINE_CURVE(2,(#6524,#6525,#6526,#6527,
#6528,#6529,#6530),.UNSPECIFIED.,.T.,.F.) B_SPLINE_CURVE_WITH_KNOTS((1,2
    ,2,2,2,1),(-2.094395102393,0.,2.094395102393,4.188790204786,
6.28318530718,8.377580409573),.UNSPECIFIED.) CURVE() 
GEOMETRIC_REPRESENTATION_ITEM() RATIONAL_B_SPLINE_CURVE((1.,0.5,1.,0.5,
1.,0.5,1.)) REPRESENTATION_ITEM('') );
#6524 = CARTESIAN_POINT('',(8.,-44.));
#6525 = CARTESIAN_POINT('',(8.,-40.53589838486));
#6526 = CARTESIAN_POINT('',(11.,-42.26794919243));
#6527 = CARTESIAN_POINT('',(14.,-44.));
#6528 = CARTESIAN_POINT('',(11.,-45.73205080756));
#6529 = CARTESIAN_POINT('',(8.,-47.46410161513));
#6530 = CARTESIAN_POINT('',(8.,-44.));
#6531 = ( GEOMETRIC_REPRESENTATION_CONTEXT(2) 
PARAMETRIC_REPRESENTATION_CONTEXT() REPRESENTATION_CONTEXT('2D SPACE',''
  ) );
#6532 = PCURVE('',#4206,#6533);
#6533 = DEFINITIONAL_REPRESENTATION('',(#6534),#6538);
#6534 = LINE('',#6535,#6536);
#6535 = CARTESIAN_POINT('',(-4.138911435803E-13,3.));
#6536 = VECTOR('',#6537,1.);
#6537 = DIRECTION('',(1.,-0.));
#6538 = ( GEOMETRIC_REPRESENTATION_CONTEXT(2) 
PARAMETRIC_REPRESENTATION_CONTEXT() REPRESENTATION_CONTEXT('2D SPACE',''
  ) );
#6539 = ORIENTED_EDGE('',*,*,#6540,.F.);
#6540 = EDGE_CURVE('',#6541,#6513,#6543,.T.);
#6541 = VERTEX_POINT('',#6542);
#6542 = CARTESIAN_POINT('',(22.,-25.,37.));
#6543 = SURFACE_CURVE('',#6544,(#6548,#6555),.PCURVE_S1.);
#6544 = LINE('',#6545,#6546);
#6545 = CARTESIAN_POINT('',(22.,-5.,37.));
#6546 = VECTOR('',#6547,1.);
#6547 = DIRECTION('',(0.,-1.,0.));
#6548 = PCURVE('',#1990,#6549);
#6549 = DEFINITIONAL_REPRESENTATION('',(#6550),#6554);
#6550 = LINE('',#6551,#6552);
#6551 = CARTESIAN_POINT('',(8.,-23.));
#6552 = VECTOR('',#6553,1.);
#6553 = DIRECTION('',(0.,-1.));
#6554 = ( GEOMETRIC_REPRESENTATION_CONTEXT(2) 
PARAMETRIC_REPRESENTATION_CONTEXT() REPRESENTATION_CONTEXT('2D SPACE',''
  ) );
#6555 = PCURVE('',#6556,#6561);
#6556 = PLANE('',#6557);
#6557 = AXIS2_PLACEMENT_3D('',#6558,#6559,#6560);
#6558 = CARTESIAN_POINT('',(22.,-28.,34.));
#6559 = DIRECTION('',(1.,0.,0.));
#6560 = DIRECTION('',(0.,0.,1.));
#6561 = DEFINITIONAL_REPRESENTATION('',(#6562),#6566);
#6562 = LINE('',#6563,#6564);
#6563 = CARTESIAN_POINT('',(3.,-23.));
#6564 = VECTOR('',#6565,1.);
#6565 = DIRECTION('',(0.,1.));
#6566 = ( GEOMETRIC_REPRESENTATION_CONTEXT(2) 
PARAMETRIC_REPRESENTATION_CONTEXT() REPRESENTATION_CONTEXT('2D SPACE',''
  ) );
#6567 = ORIENTED_EDGE('',*,*,#6568,.T.);
#6568 = EDGE_CURVE('',#6541,#6437,#6569,.T.);
#6569 = SURFACE_CURVE('',#6570,(#6574,#6581),.PCURVE_S1.);
#6570 = LINE('',#6571,#6572);
#6571 = CARTESIAN_POINT('',(0.,-25.,37.));
#6572 = VECTOR('',#6573,1.);
#6573 = DIRECTION('',(1.,0.,0.));
#6574 = PCURVE('',#1990,#6575);
#6575 = DEFINITIONAL_REPRESENTATION('',(#6576),#6580);
#6576 = LINE('',#6577,#6578);
#6577 = CARTESIAN_POINT('',(30.,-43.));
#6578 = VECTOR('',#6579,1.);
#6579 = DIRECTION('',(-1.,0.));
#6580 = ( GEOMETRIC_REPRESENTATION_CONTEXT(2) 
PARAMETRIC_REPRESENTATION_CONTEXT() REPRESENTATION_CONTEXT('2D SPACE',''
  ) );
#6581 = PCURVE('',#6394,#6582);
#6582 = DEFINITIONAL_REPRESENTATION('',(#6583),#6587);
#6583 = LINE('',#6584,#6585);
#6584 = CARTESIAN_POINT('',(11.5,30.));
#6585 = VECTOR('',#6586,1.);
#6586 = DIRECTION('',(0.,1.));
#6587 = ( GEOMETRIC_REPRESENTATION_CONTEXT(2) 
PARAMETRIC_REPRESENTATION_CONTEXT() REPRESENTATION_CONTEXT('2D SPACE',''
  ) );
#6588 = ORIENTED_EDGE('',*,*,#6464,.T.);
#6589 = ADVANCED_FACE('',(#6590),#2018,.F.);
#6590 = FACE_BOUND('',#6591,.F.);
#6591 = EDGE_LOOP('',(#6592,#6593,#6614,#6615));
#6592 = ORIENTED_EDGE('',*,*,#2002,.F.);
#6593 = ORIENTED_EDGE('',*,*,#6594,.T.);
#6594 = EDGE_CURVE('',#2003,#4242,#6595,.T.);
#6595 = SURFACE_CURVE('',#6596,(#6600,#6607),.PCURVE_S1.);
#6596 = LINE('',#6597,#6598);
#6597 = CARTESIAN_POINT('',(3.,-32.,15.));
#6598 = VECTOR('',#6599,1.);
#6599 = DIRECTION('',(0.,1.,0.));
#6600 = PCURVE('',#2018,#6601);
#6601 = DEFINITIONAL_REPRESENTATION('',(#6602),#6606);
#6602 = LINE('',#6603,#6604);
#6603 = CARTESIAN_POINT('',(0.,0.));
#6604 = VECTOR('',#6605,1.);
#6605 = DIRECTION('',(0.,-1.));
#6606 = ( GEOMETRIC_REPRESENTATION_CONTEXT(2) 
PARAMETRIC_REPRESENTATION_CONTEXT() REPRESENTATION_CONTEXT('2D SPACE',''
  ) );
#6607 = PCURVE('',#2046,#6608);
#6608 = DEFINITIONAL_REPRESENTATION('',(#6609),#6613);
#6609 = LINE('',#6610,#6611);
#6610 = CARTESIAN_POINT('',(34.5,0.));
#6611 = VECTOR('',#6612,1.);
#6612 = DIRECTION('',(0.,1.));
#6613 = ( GEOMETRIC_REPRESENTATION_CONTEXT(2) 
PARAMETRIC_REPRESENTATION_CONTEXT() REPRESENTATION_CONTEXT('2D SPACE',''
  ) );
#6614 = ORIENTED_EDGE('',*,*,#4241,.T.);
#6615 = ORIENTED_EDGE('',*,*,#6490,.T.);
#6616 = ADVANCED_FACE('',(#6617),#2046,.T.);
#6617 = FACE_BOUND('',#6618,.T.);
#6618 = EDGE_LOOP('',(#6619,#6620,#6621,#6622));
#6619 = ORIENTED_EDGE('',*,*,#2030,.F.);
#6620 = ORIENTED_EDGE('',*,*,#6594,.T.);
#6621 = ORIENTED_EDGE('',*,*,#4264,.T.);
#6622 = ORIENTED_EDGE('',*,*,#6623,.T.);
#6623 = EDGE_CURVE('',#4265,#2031,#6624,.T.);
#6624 = SURFACE_CURVE('',#6625,(#6629,#6636),.PCURVE_S1.);
#6625 = LINE('',#6626,#6627);
#6626 = CARTESIAN_POINT('',(0.5,-32.5,15.));
#6627 = VECTOR('',#6628,1.);
#6628 = DIRECTION('',(0.,-1.,0.));
#6629 = PCURVE('',#2046,#6630);
#6630 = DEFINITIONAL_REPRESENTATION('',(#6631),#6635);
#6631 = LINE('',#6632,#6633);
#6632 = CARTESIAN_POINT('',(32.,-0.5));
#6633 = VECTOR('',#6634,1.);
#6634 = DIRECTION('',(0.,-1.));
#6635 = ( GEOMETRIC_REPRESENTATION_CONTEXT(2) 
PARAMETRIC_REPRESENTATION_CONTEXT() REPRESENTATION_CONTEXT('2D SPACE',''
  ) );
#6636 = PCURVE('',#2074,#6637);
#6637 = DEFINITIONAL_REPRESENTATION('',(#6638),#6642);
#6638 = LINE('',#6639,#6640);
#6639 = CARTESIAN_POINT('',(2.,-0.5));
#6640 = VECTOR('',#6641,1.);
#6641 = DIRECTION('',(0.,1.));
#6642 = ( GEOMETRIC_REPRESENTATION_CONTEXT(2) 
PARAMETRIC_REPRESENTATION_CONTEXT() REPRESENTATION_CONTEXT('2D SPACE',''
  ) );
#6643 = ADVANCED_FACE('',(#6644),#2074,.F.);
#6644 = FACE_BOUND('',#6645,.F.);
#6645 = EDGE_LOOP('',(#6646,#6647,#6668,#6669));
#6646 = ORIENTED_EDGE('',*,*,#2058,.F.);
#6647 = ORIENTED_EDGE('',*,*,#6648,.T.);
#6648 = EDGE_CURVE('',#2059,#4288,#6649,.T.);
#6649 = SURFACE_CURVE('',#6650,(#6654,#6661),.PCURVE_S1.);
#6650 = LINE('',#6651,#6652);
#6651 = CARTESIAN_POINT('',(0.5,-33.,13.7));
#6652 = VECTOR('',#6653,1.);
#6653 = DIRECTION('',(0.,1.,0.));
#6654 = PCURVE('',#2074,#6655);
#6655 = DEFINITIONAL_REPRESENTATION('',(#6656),#6660);
#6656 = LINE('',#6657,#6658);
#6657 = CARTESIAN_POINT('',(0.7,0.));
#6658 = VECTOR('',#6659,1.);
#6659 = DIRECTION('',(0.,-1.));
#6660 = ( GEOMETRIC_REPRESENTATION_CONTEXT(2) 
PARAMETRIC_REPRESENTATION_CONTEXT() REPRESENTATION_CONTEXT('2D SPACE',''
  ) );
#6661 = PCURVE('',#2107,#6662);
#6662 = DEFINITIONAL_REPRESENTATION('',(#6663),#6667);
#6663 = LINE('',#6664,#6665);
#6664 = CARTESIAN_POINT('',(0.,0.));
#6665 = VECTOR('',#6666,1.);
#6666 = DIRECTION('',(0.,1.));
#6667 = ( GEOMETRIC_REPRESENTATION_CONTEXT(2) 
PARAMETRIC_REPRESENTATION_CONTEXT() REPRESENTATION_CONTEXT('2D SPACE',''
  ) );
#6668 = ORIENTED_EDGE('',*,*,#4287,.T.);
#6669 = ORIENTED_EDGE('',*,*,#6623,.T.);
#6670 = ADVANCED_FACE('',(#6671),#2107,.F.);
#6671 = FACE_BOUND('',#6672,.F.);
#6672 = EDGE_LOOP('',(#6673,#6674,#6675,#6696));
#6673 = ORIENTED_EDGE('',*,*,#6648,.F.);
#6674 = ORIENTED_EDGE('',*,*,#2086,.T.);
#6675 = ORIENTED_EDGE('',*,*,#6676,.T.);
#6676 = EDGE_CURVE('',#2087,#4311,#6677,.T.);
#6677 = SURFACE_CURVE('',#6678,(#6682,#6689),.PCURVE_S1.);
#6678 = LINE('',#6679,#6680);
#6679 = CARTESIAN_POINT('',(-0.2,-33.,13.));
#6680 = VECTOR('',#6681,1.);
#6681 = DIRECTION('',(0.,1.,0.));
#6682 = PCURVE('',#2107,#6683);
#6683 = DEFINITIONAL_REPRESENTATION('',(#6684),#6688);
#6684 = LINE('',#6685,#6686);
#6685 = CARTESIAN_POINT('',(1.570796326795,0.));
#6686 = VECTOR('',#6687,1.);
#6687 = DIRECTION('',(0.,1.));
#6688 = ( GEOMETRIC_REPRESENTATION_CONTEXT(2) 
PARAMETRIC_REPRESENTATION_CONTEXT() REPRESENTATION_CONTEXT('2D SPACE',''
  ) );
#6689 = PCURVE('',#2135,#6690);
#6690 = DEFINITIONAL_REPRESENTATION('',(#6691),#6695);
#6691 = LINE('',#6692,#6693);
#6692 = CARTESIAN_POINT('',(2.3,0.));
#6693 = VECTOR('',#6694,1.);
#6694 = DIRECTION('',(0.,1.));
#6695 = ( GEOMETRIC_REPRESENTATION_CONTEXT(2) 
PARAMETRIC_REPRESENTATION_CONTEXT() REPRESENTATION_CONTEXT('2D SPACE',''
  ) );
#6696 = ORIENTED_EDGE('',*,*,#4310,.F.);
#6697 = ADVANCED_FACE('',(#6698),#2135,.T.);
#6698 = FACE_BOUND('',#6699,.T.);
#6699 = EDGE_LOOP('',(#6700,#6701,#6722,#6723));
#6700 = ORIENTED_EDGE('',*,*,#4338,.T.);
#6701 = ORIENTED_EDGE('',*,*,#6702,.F.);
#6702 = EDGE_CURVE('',#2120,#4339,#6703,.T.);
#6703 = SURFACE_CURVE('',#6704,(#6708,#6715),.PCURVE_S1.);
#6704 = LINE('',#6705,#6706);
#6705 = CARTESIAN_POINT('',(-1.8,-33.,13.));
#6706 = VECTOR('',#6707,1.);
#6707 = DIRECTION('',(0.,1.,0.));
#6708 = PCURVE('',#2135,#6709);
#6709 = DEFINITIONAL_REPRESENTATION('',(#6710),#6714);
#6710 = LINE('',#6711,#6712);
#6711 = CARTESIAN_POINT('',(0.7,0.));
#6712 = VECTOR('',#6713,1.);
#6713 = DIRECTION('',(0.,1.));
#6714 = ( GEOMETRIC_REPRESENTATION_CONTEXT(2) 
PARAMETRIC_REPRESENTATION_CONTEXT() REPRESENTATION_CONTEXT('2D SPACE',''
  ) );
#6715 = PCURVE('',#2168,#6716);
#6716 = DEFINITIONAL_REPRESENTATION('',(#6717),#6721);
#6717 = LINE('',#6718,#6719);
#6718 = CARTESIAN_POINT('',(4.712388980385,0.));
#6719 = VECTOR('',#6720,1.);
#6720 = DIRECTION('',(-0.,1.));
#6721 = ( GEOMETRIC_REPRESENTATION_CONTEXT(2) 
PARAMETRIC_REPRESENTATION_CONTEXT() REPRESENTATION_CONTEXT('2D SPACE',''
  ) );
#6722 = ORIENTED_EDGE('',*,*,#2119,.F.);
#6723 = ORIENTED_EDGE('',*,*,#6676,.T.);
#6724 = ADVANCED_FACE('',(#6725),#2168,.F.);
#6725 = FACE_BOUND('',#6726,.F.);
#6726 = EDGE_LOOP('',(#6727,#6728,#6729,#6730));
#6727 = ORIENTED_EDGE('',*,*,#4361,.F.);
#6728 = ORIENTED_EDGE('',*,*,#6702,.F.);
#6729 = ORIENTED_EDGE('',*,*,#2147,.T.);
#6730 = ORIENTED_EDGE('',*,*,#6731,.T.);
#6731 = EDGE_CURVE('',#2148,#4362,#6732,.T.);
#6732 = SURFACE_CURVE('',#6733,(#6737,#6744),.PCURVE_S1.);
#6733 = LINE('',#6734,#6735);
#6734 = CARTESIAN_POINT('',(-2.5,-33.,13.7));
#6735 = VECTOR('',#6736,1.);
#6736 = DIRECTION('',(0.,1.,0.));
#6737 = PCURVE('',#2168,#6738);
#6738 = DEFINITIONAL_REPRESENTATION('',(#6739),#6743);
#6739 = LINE('',#6740,#6741);
#6740 = CARTESIAN_POINT('',(6.28318530718,0.));
#6741 = VECTOR('',#6742,1.);
#6742 = DIRECTION('',(-0.,1.));
#6743 = ( GEOMETRIC_REPRESENTATION_CONTEXT(2) 
PARAMETRIC_REPRESENTATION_CONTEXT() REPRESENTATION_CONTEXT('2D SPACE',''
  ) );
#6744 = PCURVE('',#2196,#6745);
#6745 = DEFINITIONAL_REPRESENTATION('',(#6746),#6750);
#6746 = LINE('',#6747,#6748);
#6747 = CARTESIAN_POINT('',(0.7,0.));
#6748 = VECTOR('',#6749,1.);
#6749 = DIRECTION('',(0.,-1.));
#6750 = ( GEOMETRIC_REPRESENTATION_CONTEXT(2) 
PARAMETRIC_REPRESENTATION_CONTEXT() REPRESENTATION_CONTEXT('2D SPACE',''
  ) );
#6751 = ADVANCED_FACE('',(#6752),#2196,.T.);
#6752 = FACE_BOUND('',#6753,.T.);
#6753 = EDGE_LOOP('',(#6754,#6755,#6756,#6757));
#6754 = ORIENTED_EDGE('',*,*,#2180,.F.);
#6755 = ORIENTED_EDGE('',*,*,#6731,.T.);
#6756 = ORIENTED_EDGE('',*,*,#4389,.T.);
#6757 = ORIENTED_EDGE('',*,*,#6758,.T.);
#6758 = EDGE_CURVE('',#4390,#2181,#6759,.T.);
#6759 = SURFACE_CURVE('',#6760,(#6764,#6771),.PCURVE_S1.);
#6760 = LINE('',#6761,#6762);
#6761 = CARTESIAN_POINT('',(-2.5,-32.5,15.));
#6762 = VECTOR('',#6763,1.);
#6763 = DIRECTION('',(0.,-1.,0.));
#6764 = PCURVE('',#2196,#6765);
#6765 = DEFINITIONAL_REPRESENTATION('',(#6766),#6770);
#6766 = LINE('',#6767,#6768);
#6767 = CARTESIAN_POINT('',(2.,-0.5));
#6768 = VECTOR('',#6769,1.);
#6769 = DIRECTION('',(0.,1.));
#6770 = ( GEOMETRIC_REPRESENTATION_CONTEXT(2) 
PARAMETRIC_REPRESENTATION_CONTEXT() REPRESENTATION_CONTEXT('2D SPACE',''
  ) );
#6771 = PCURVE('',#2224,#6772);
#6772 = DEFINITIONAL_REPRESENTATION('',(#6773),#6777);
#6773 = LINE('',#6774,#6775);
#6774 = CARTESIAN_POINT('',(29.,-0.5));
#6775 = VECTOR('',#6776,1.);
#6776 = DIRECTION('',(0.,-1.));
#6777 = ( GEOMETRIC_REPRESENTATION_CONTEXT(2) 
PARAMETRIC_REPRESENTATION_CONTEXT() REPRESENTATION_CONTEXT('2D SPACE',''
  ) );
#6778 = ADVANCED_FACE('',(#6779),#2224,.T.);
#6779 = FACE_BOUND('',#6780,.T.);
#6780 = EDGE_LOOP('',(#6781,#6782,#6783,#6804));
#6781 = ORIENTED_EDGE('',*,*,#6758,.F.);
#6782 = ORIENTED_EDGE('',*,*,#4412,.T.);
#6783 = ORIENTED_EDGE('',*,*,#6784,.T.);
#6784 = EDGE_CURVE('',#4413,#2209,#6785,.T.);
#6785 = SURFACE_CURVE('',#6786,(#6790,#6797),.PCURVE_S1.);
#6786 = LINE('',#6787,#6788);
#6787 = CARTESIAN_POINT('',(-8.5,-32.5,15.));
#6788 = VECTOR('',#6789,1.);
#6789 = DIRECTION('',(0.,-1.,0.));
#6790 = PCURVE('',#2224,#6791);
#6791 = DEFINITIONAL_REPRESENTATION('',(#6792),#6796);
#6792 = LINE('',#6793,#6794);
#6793 = CARTESIAN_POINT('',(23.,-0.5));
#6794 = VECTOR('',#6795,1.);
#6795 = DIRECTION('',(0.,-1.));
#6796 = ( GEOMETRIC_REPRESENTATION_CONTEXT(2) 
PARAMETRIC_REPRESENTATION_CONTEXT() REPRESENTATION_CONTEXT('2D SPACE',''
  ) );
#6797 = PCURVE('',#2252,#6798);
#6798 = DEFINITIONAL_REPRESENTATION('',(#6799),#6803);
#6799 = LINE('',#6800,#6801);
#6800 = CARTESIAN_POINT('',(2.,-0.5));
#6801 = VECTOR('',#6802,1.);
#6802 = DIRECTION('',(0.,1.));
#6803 = ( GEOMETRIC_REPRESENTATION_CONTEXT(2) 
PARAMETRIC_REPRESENTATION_CONTEXT() REPRESENTATION_CONTEXT('2D SPACE',''
  ) );
#6804 = ORIENTED_EDGE('',*,*,#2208,.F.);
#6805 = ADVANCED_FACE('',(#6806),#2252,.F.);
#6806 = FACE_BOUND('',#6807,.F.);
#6807 = EDGE_LOOP('',(#6808,#6809,#6830,#6831));
#6808 = ORIENTED_EDGE('',*,*,#2236,.F.);
#6809 = ORIENTED_EDGE('',*,*,#6810,.T.);
#6810 = EDGE_CURVE('',#2237,#4436,#6811,.T.);
#6811 = SURFACE_CURVE('',#6812,(#6816,#6823),.PCURVE_S1.);
#6812 = LINE('',#6813,#6814);
#6813 = CARTESIAN_POINT('',(-8.5,-33.,13.7));
#6814 = VECTOR('',#6815,1.);
#6815 = DIRECTION('',(0.,1.,0.));
#6816 = PCURVE('',#2252,#6817);
#6817 = DEFINITIONAL_REPRESENTATION('',(#6818),#6822);
#6818 = LINE('',#6819,#6820);
#6819 = CARTESIAN_POINT('',(0.7,0.));
#6820 = VECTOR('',#6821,1.);
#6821 = DIRECTION('',(0.,-1.));
#6822 = ( GEOMETRIC_REPRESENTATION_CONTEXT(2) 
PARAMETRIC_REPRESENTATION_CONTEXT() REPRESENTATION_CONTEXT('2D SPACE',''
  ) );
#6823 = PCURVE('',#2285,#6824);
#6824 = DEFINITIONAL_REPRESENTATION('',(#6825),#6829);
#6825 = LINE('',#6826,#6827);
#6826 = CARTESIAN_POINT('',(0.,0.));
#6827 = VECTOR('',#6828,1.);
#6828 = DIRECTION('',(0.,1.));
#6829 = ( GEOMETRIC_REPRESENTATION_CONTEXT(2) 
PARAMETRIC_REPRESENTATION_CONTEXT() REPRESENTATION_CONTEXT('2D SPACE',''
  ) );
#6830 = ORIENTED_EDGE('',*,*,#4435,.T.);
#6831 = ORIENTED_EDGE('',*,*,#6784,.T.);
#6832 = ADVANCED_FACE('',(#6833),#2285,.F.);
#6833 = FACE_BOUND('',#6834,.F.);
#6834 = EDGE_LOOP('',(#6835,#6836,#6837,#6858));
#6835 = ORIENTED_EDGE('',*,*,#6810,.F.);
#6836 = ORIENTED_EDGE('',*,*,#2264,.T.);
#6837 = ORIENTED_EDGE('',*,*,#6838,.T.);
#6838 = EDGE_CURVE('',#2265,#4459,#6839,.T.);
#6839 = SURFACE_CURVE('',#6840,(#6844,#6851),.PCURVE_S1.);
#6840 = LINE('',#6841,#6842);
#6841 = CARTESIAN_POINT('',(-9.2,-33.,13.));
#6842 = VECTOR('',#6843,1.);
#6843 = DIRECTION('',(0.,1.,0.));
#6844 = PCURVE('',#2285,#6845);
#6845 = DEFINITIONAL_REPRESENTATION('',(#6846),#6850);
#6846 = LINE('',#6847,#6848);
#6847 = CARTESIAN_POINT('',(1.570796326795,0.));
#6848 = VECTOR('',#6849,1.);
#6849 = DIRECTION('',(0.,1.));
#6850 = ( GEOMETRIC_REPRESENTATION_CONTEXT(2) 
PARAMETRIC_REPRESENTATION_CONTEXT() REPRESENTATION_CONTEXT('2D SPACE',''
  ) );
#6851 = PCURVE('',#2313,#6852);
#6852 = DEFINITIONAL_REPRESENTATION('',(#6853),#6857);
#6853 = LINE('',#6854,#6855);
#6854 = CARTESIAN_POINT('',(2.3,0.));
#6855 = VECTOR('',#6856,1.);
#6856 = DIRECTION('',(0.,1.));
#6857 = ( GEOMETRIC_REPRESENTATION_CONTEXT(2) 
PARAMETRIC_REPRESENTATION_CONTEXT() REPRESENTATION_CONTEXT('2D SPACE',''
  ) );
#6858 = ORIENTED_EDGE('',*,*,#4458,.F.);
#6859 = ADVANCED_FACE('',(#6860),#2313,.T.);
#6860 = FACE_BOUND('',#6861,.T.);
#6861 = EDGE_LOOP('',(#6862,#6863,#6884,#6885));
#6862 = ORIENTED_EDGE('',*,*,#4486,.T.);
#6863 = ORIENTED_EDGE('',*,*,#6864,.F.);
#6864 = EDGE_CURVE('',#2298,#4487,#6865,.T.);
#6865 = SURFACE_CURVE('',#6866,(#6870,#6877),.PCURVE_S1.);
#6866 = LINE('',#6867,#6868);
#6867 = CARTESIAN_POINT('',(-10.8,-33.,13.));
#6868 = VECTOR('',#6869,1.);
#6869 = DIRECTION('',(0.,1.,0.));
#6870 = PCURVE('',#2313,#6871);
#6871 = DEFINITIONAL_REPRESENTATION('',(#6872),#6876);
#6872 = LINE('',#6873,#6874);
#6873 = CARTESIAN_POINT('',(0.7,0.));
#6874 = VECTOR('',#6875,1.);
#6875 = DIRECTION('',(0.,1.));
#6876 = ( GEOMETRIC_REPRESENTATION_CONTEXT(2) 
PARAMETRIC_REPRESENTATION_CONTEXT() REPRESENTATION_CONTEXT('2D SPACE',''
  ) );
#6877 = PCURVE('',#2346,#6878);
#6878 = DEFINITIONAL_REPRESENTATION('',(#6879),#6883);
#6879 = LINE('',#6880,#6881);
#6880 = CARTESIAN_POINT('',(4.712388980385,0.));
#6881 = VECTOR('',#6882,1.);
#6882 = DIRECTION('',(-0.,1.));
#6883 = ( GEOMETRIC_REPRESENTATION_CONTEXT(2) 
PARAMETRIC_REPRESENTATION_CONTEXT() REPRESENTATION_CONTEXT('2D SPACE',''
  ) );
#6884 = ORIENTED_EDGE('',*,*,#2297,.F.);
#6885 = ORIENTED_EDGE('',*,*,#6838,.T.);
#6886 = ADVANCED_FACE('',(#6887),#2346,.F.);
#6887 = FACE_BOUND('',#6888,.F.);
#6888 = EDGE_LOOP('',(#6889,#6890,#6891,#6892));
#6889 = ORIENTED_EDGE('',*,*,#4509,.F.);
#6890 = ORIENTED_EDGE('',*,*,#6864,.F.);
#6891 = ORIENTED_EDGE('',*,*,#2325,.T.);
#6892 = ORIENTED_EDGE('',*,*,#6893,.T.);
#6893 = EDGE_CURVE('',#2326,#4510,#6894,.T.);
#6894 = SURFACE_CURVE('',#6895,(#6899,#6906),.PCURVE_S1.);
#6895 = LINE('',#6896,#6897);
#6896 = CARTESIAN_POINT('',(-11.5,-33.,13.7));
#6897 = VECTOR('',#6898,1.);
#6898 = DIRECTION('',(0.,1.,0.));
#6899 = PCURVE('',#2346,#6900);
#6900 = DEFINITIONAL_REPRESENTATION('',(#6901),#6905);
#6901 = LINE('',#6902,#6903);
#6902 = CARTESIAN_POINT('',(6.28318530718,0.));
#6903 = VECTOR('',#6904,1.);
#6904 = DIRECTION('',(-0.,1.));
#6905 = ( GEOMETRIC_REPRESENTATION_CONTEXT(2) 
PARAMETRIC_REPRESENTATION_CONTEXT() REPRESENTATION_CONTEXT('2D SPACE',''
  ) );
#6906 = PCURVE('',#2374,#6907);
#6907 = DEFINITIONAL_REPRESENTATION('',(#6908),#6912);
#6908 = LINE('',#6909,#6910);
#6909 = CARTESIAN_POINT('',(0.7,0.));
#6910 = VECTOR('',#6911,1.);
#6911 = DIRECTION('',(0.,-1.));
#6912 = ( GEOMETRIC_REPRESENTATION_CONTEXT(2) 
PARAMETRIC_REPRESENTATION_CONTEXT() REPRESENTATION_CONTEXT('2D SPACE',''
  ) );
#6913 = ADVANCED_FACE('',(#6914),#2374,.T.);
#6914 = FACE_BOUND('',#6915,.T.);
#6915 = EDGE_LOOP('',(#6916,#6917,#6918,#6919));
#6916 = ORIENTED_EDGE('',*,*,#2358,.F.);
#6917 = ORIENTED_EDGE('',*,*,#6893,.T.);
#6918 = ORIENTED_EDGE('',*,*,#4537,.T.);
#6919 = ORIENTED_EDGE('',*,*,#6920,.T.);
#6920 = EDGE_CURVE('',#4538,#2359,#6921,.T.);
#6921 = SURFACE_CURVE('',#6922,(#6926,#6933),.PCURVE_S1.);
#6922 = LINE('',#6923,#6924);
#6923 = CARTESIAN_POINT('',(-11.5,-32.5,15.));
#6924 = VECTOR('',#6925,1.);
#6925 = DIRECTION('',(0.,-1.,0.));
#6926 = PCURVE('',#2374,#6927);
#6927 = DEFINITIONAL_REPRESENTATION('',(#6928),#6932);
#6928 = LINE('',#6929,#6930);
#6929 = CARTESIAN_POINT('',(2.,-0.5));
#6930 = VECTOR('',#6931,1.);
#6931 = DIRECTION('',(0.,1.));
#6932 = ( GEOMETRIC_REPRESENTATION_CONTEXT(2) 
PARAMETRIC_REPRESENTATION_CONTEXT() REPRESENTATION_CONTEXT('2D SPACE',''
  ) );
#6933 = PCURVE('',#2402,#6934);
#6934 = DEFINITIONAL_REPRESENTATION('',(#6935),#6939);
#6935 = LINE('',#6936,#6937);
#6936 = CARTESIAN_POINT('',(20.,-0.5));
#6937 = VECTOR('',#6938,1.);
#6938 = DIRECTION('',(0.,-1.));
#6939 = ( GEOMETRIC_REPRESENTATION_CONTEXT(2) 
PARAMETRIC_REPRESENTATION_CONTEXT() REPRESENTATION_CONTEXT('2D SPACE',''
  ) );
#6940 = ADVANCED_FACE('',(#6941),#2402,.T.);
#6941 = FACE_BOUND('',#6942,.T.);
#6942 = EDGE_LOOP('',(#6943,#6944,#6945,#6966));
#6943 = ORIENTED_EDGE('',*,*,#6920,.F.);
#6944 = ORIENTED_EDGE('',*,*,#4560,.T.);
#6945 = ORIENTED_EDGE('',*,*,#6946,.T.);
#6946 = EDGE_CURVE('',#4561,#2387,#6947,.T.);
#6947 = SURFACE_CURVE('',#6948,(#6952,#6959),.PCURVE_S1.);
#6948 = LINE('',#6949,#6950);
#6949 = CARTESIAN_POINT('',(-17.5,-32.5,15.));
#6950 = VECTOR('',#6951,1.);
#6951 = DIRECTION('',(0.,-1.,0.));
#6952 = PCURVE('',#2402,#6953);
#6953 = DEFINITIONAL_REPRESENTATION('',(#6954),#6958);
#6954 = LINE('',#6955,#6956);
#6955 = CARTESIAN_POINT('',(14.,-0.5));
#6956 = VECTOR('',#6957,1.);
#6957 = DIRECTION('',(0.,-1.));
#6958 = ( GEOMETRIC_REPRESENTATION_CONTEXT(2) 
PARAMETRIC_REPRESENTATION_CONTEXT() REPRESENTATION_CONTEXT('2D SPACE',''
  ) );
#6959 = PCURVE('',#2430,#6960);
#6960 = DEFINITIONAL_REPRESENTATION('',(#6961),#6965);
#6961 = LINE('',#6962,#6963);
#6962 = CARTESIAN_POINT('',(2.,-0.5));
#6963 = VECTOR('',#6964,1.);
#6964 = DIRECTION('',(0.,1.));
#6965 = ( GEOMETRIC_REPRESENTATION_CONTEXT(2) 
PARAMETRIC_REPRESENTATION_CONTEXT() REPRESENTATION_CONTEXT('2D SPACE',''
  ) );
#6966 = ORIENTED_EDGE('',*,*,#2386,.F.);
#6967 = ADVANCED_FACE('',(#6968),#2430,.F.);
#6968 = FACE_BOUND('',#6969,.F.);
#6969 = EDGE_LOOP('',(#6970,#6971,#6992,#6993));
#6970 = ORIENTED_EDGE('',*,*,#2414,.F.);
#6971 = ORIENTED_EDGE('',*,*,#6972,.T.);
#6972 = EDGE_CURVE('',#2415,#4584,#6973,.T.);
#6973 = SURFACE_CURVE('',#6974,(#6978,#6985),.PCURVE_S1.);
#6974 = LINE('',#6975,#6976);
#6975 = CARTESIAN_POINT('',(-17.5,-33.,13.7));
#6976 = VECTOR('',#6977,1.);
#6977 = DIRECTION('',(0.,1.,0.));
#6978 = PCURVE('',#2430,#6979);
#6979 = DEFINITIONAL_REPRESENTATION('',(#6980),#6984);
#6980 = LINE('',#6981,#6982);
#6981 = CARTESIAN_POINT('',(0.7,0.));
#6982 = VECTOR('',#6983,1.);
#6983 = DIRECTION('',(0.,-1.));
#6984 = ( GEOMETRIC_REPRESENTATION_CONTEXT(2) 
PARAMETRIC_REPRESENTATION_CONTEXT() REPRESENTATION_CONTEXT('2D SPACE',''
  ) );
#6985 = PCURVE('',#2463,#6986);
#6986 = DEFINITIONAL_REPRESENTATION('',(#6987),#6991);
#6987 = LINE('',#6988,#6989);
#6988 = CARTESIAN_POINT('',(0.,0.));
#6989 = VECTOR('',#6990,1.);
#6990 = DIRECTION('',(0.,1.));
#6991 = ( GEOMETRIC_REPRESENTATION_CONTEXT(2) 
PARAMETRIC_REPRESENTATION_CONTEXT() REPRESENTATION_CONTEXT('2D SPACE',''
  ) );
#6992 = ORIENTED_EDGE('',*,*,#4583,.T.);
#6993 = ORIENTED_EDGE('',*,*,#6946,.T.);
#6994 = ADVANCED_FACE('',(#6995),#2463,.F.);
#6995 = FACE_BOUND('',#6996,.F.);
#6996 = EDGE_LOOP('',(#6997,#6998,#6999,#7020));
#6997 = ORIENTED_EDGE('',*,*,#6972,.F.);
#6998 = ORIENTED_EDGE('',*,*,#2442,.T.);
#6999 = ORIENTED_EDGE('',*,*,#7000,.T.);
#7000 = EDGE_CURVE('',#2443,#4607,#7001,.T.);
#7001 = SURFACE_CURVE('',#7002,(#7006,#7013),.PCURVE_S1.);
#7002 = LINE('',#7003,#7004);
#7003 = CARTESIAN_POINT('',(-18.2,-33.,13.));
#7004 = VECTOR('',#7005,1.);
#7005 = DIRECTION('',(0.,1.,0.));
#7006 = PCURVE('',#2463,#7007);
#7007 = DEFINITIONAL_REPRESENTATION('',(#7008),#7012);
#7008 = LINE('',#7009,#7010);
#7009 = CARTESIAN_POINT('',(1.570796326795,0.));
#7010 = VECTOR('',#7011,1.);
#7011 = DIRECTION('',(0.,1.));
#7012 = ( GEOMETRIC_REPRESENTATION_CONTEXT(2) 
PARAMETRIC_REPRESENTATION_CONTEXT() REPRESENTATION_CONTEXT('2D SPACE',''
  ) );
#7013 = PCURVE('',#2491,#7014);
#7014 = DEFINITIONAL_REPRESENTATION('',(#7015),#7019);
#7015 = LINE('',#7016,#7017);
#7016 = CARTESIAN_POINT('',(2.3,0.));
#7017 = VECTOR('',#7018,1.);
#7018 = DIRECTION('',(0.,1.));
#7019 = ( GEOMETRIC_REPRESENTATION_CONTEXT(2) 
PARAMETRIC_REPRESENTATION_CONTEXT() REPRESENTATION_CONTEXT('2D SPACE',''
  ) );
#7020 = ORIENTED_EDGE('',*,*,#4606,.F.);
#7021 = ADVANCED_FACE('',(#7022),#2491,.T.);
#7022 = FACE_BOUND('',#7023,.T.);
#7023 = EDGE_LOOP('',(#7024,#7025,#7046,#7047));
#7024 = ORIENTED_EDGE('',*,*,#4634,.T.);
#7025 = ORIENTED_EDGE('',*,*,#7026,.F.);
#7026 = EDGE_CURVE('',#2476,#4635,#7027,.T.);
#7027 = SURFACE_CURVE('',#7028,(#7032,#7039),.PCURVE_S1.);
#7028 = LINE('',#7029,#7030);
#7029 = CARTESIAN_POINT('',(-19.8,-33.,13.));
#7030 = VECTOR('',#7031,1.);
#7031 = DIRECTION('',(0.,1.,0.));
#7032 = PCURVE('',#2491,#7033);
#7033 = DEFINITIONAL_REPRESENTATION('',(#7034),#7038);
#7034 = LINE('',#7035,#7036);
#7035 = CARTESIAN_POINT('',(0.7,0.));
#7036 = VECTOR('',#7037,1.);
#7037 = DIRECTION('',(0.,1.));
#7038 = ( GEOMETRIC_REPRESENTATION_CONTEXT(2) 
PARAMETRIC_REPRESENTATION_CONTEXT() REPRESENTATION_CONTEXT('2D SPACE',''
  ) );
#7039 = PCURVE('',#2524,#7040);
#7040 = DEFINITIONAL_REPRESENTATION('',(#7041),#7045);
#7041 = LINE('',#7042,#7043);
#7042 = CARTESIAN_POINT('',(4.712388980385,0.));
#7043 = VECTOR('',#7044,1.);
#7044 = DIRECTION('',(-0.,1.));
#7045 = ( GEOMETRIC_REPRESENTATION_CONTEXT(2) 
PARAMETRIC_REPRESENTATION_CONTEXT() REPRESENTATION_CONTEXT('2D SPACE',''
  ) );
#7046 = ORIENTED_EDGE('',*,*,#2475,.F.);
#7047 = ORIENTED_EDGE('',*,*,#7000,.T.);
#7048 = ADVANCED_FACE('',(#7049),#2524,.F.);
#7049 = FACE_BOUND('',#7050,.F.);
#7050 = EDGE_LOOP('',(#7051,#7052,#7053,#7054));
#7051 = ORIENTED_EDGE('',*,*,#4657,.F.);
#7052 = ORIENTED_EDGE('',*,*,#7026,.F.);
#7053 = ORIENTED_EDGE('',*,*,#2503,.T.);
#7054 = ORIENTED_EDGE('',*,*,#7055,.T.);
#7055 = EDGE_CURVE('',#2504,#4658,#7056,.T.);
#7056 = SURFACE_CURVE('',#7057,(#7061,#7068),.PCURVE_S1.);
#7057 = LINE('',#7058,#7059);
#7058 = CARTESIAN_POINT('',(-20.5,-33.,13.7));
#7059 = VECTOR('',#7060,1.);
#7060 = DIRECTION('',(0.,1.,0.));
#7061 = PCURVE('',#2524,#7062);
#7062 = DEFINITIONAL_REPRESENTATION('',(#7063),#7067);
#7063 = LINE('',#7064,#7065);
#7064 = CARTESIAN_POINT('',(6.28318530718,0.));
#7065 = VECTOR('',#7066,1.);
#7066 = DIRECTION('',(-0.,1.));
#7067 = ( GEOMETRIC_REPRESENTATION_CONTEXT(2) 
PARAMETRIC_REPRESENTATION_CONTEXT() REPRESENTATION_CONTEXT('2D SPACE',''
  ) );
#7068 = PCURVE('',#2552,#7069);
#7069 = DEFINITIONAL_REPRESENTATION('',(#7070),#7074);
#7070 = LINE('',#7071,#7072);
#7071 = CARTESIAN_POINT('',(0.7,0.));
#7072 = VECTOR('',#7073,1.);
#7073 = DIRECTION('',(0.,-1.));
#7074 = ( GEOMETRIC_REPRESENTATION_CONTEXT(2) 
PARAMETRIC_REPRESENTATION_CONTEXT() REPRESENTATION_CONTEXT('2D SPACE',''
  ) );
#7075 = ADVANCED_FACE('',(#7076),#2552,.T.);
#7076 = FACE_BOUND('',#7077,.T.);
#7077 = EDGE_LOOP('',(#7078,#7079,#7080,#7081));
#7078 = ORIENTED_EDGE('',*,*,#2536,.F.);
#7079 = ORIENTED_EDGE('',*,*,#7055,.T.);
#7080 = ORIENTED_EDGE('',*,*,#4685,.T.);
#7081 = ORIENTED_EDGE('',*,*,#7082,.T.);
#7082 = EDGE_CURVE('',#4686,#2537,#7083,.T.);
#7083 = SURFACE_CURVE('',#7084,(#7088,#7095),.PCURVE_S1.);
#7084 = LINE('',#7085,#7086);
#7085 = CARTESIAN_POINT('',(-20.5,-32.5,15.));
#7086 = VECTOR('',#7087,1.);
#7087 = DIRECTION('',(0.,-1.,0.));
#7088 = PCURVE('',#2552,#7089);
#7089 = DEFINITIONAL_REPRESENTATION('',(#7090),#7094);
#7090 = LINE('',#7091,#7092);
#7091 = CARTESIAN_POINT('',(2.,-0.5));
#7092 = VECTOR('',#7093,1.);
#7093 = DIRECTION('',(0.,1.));
#7094 = ( GEOMETRIC_REPRESENTATION_CONTEXT(2) 
PARAMETRIC_REPRESENTATION_CONTEXT() REPRESENTATION_CONTEXT('2D SPACE',''
  ) );
#7095 = PCURVE('',#2580,#7096);
#7096 = DEFINITIONAL_REPRESENTATION('',(#7097),#7101);
#7097 = LINE('',#7098,#7099);
#7098 = CARTESIAN_POINT('',(11.,-0.5));
#7099 = VECTOR('',#7100,1.);
#7100 = DIRECTION('',(0.,-1.));
#7101 = ( GEOMETRIC_REPRESENTATION_CONTEXT(2) 
PARAMETRIC_REPRESENTATION_CONTEXT() REPRESENTATION_CONTEXT('2D SPACE',''
  ) );
#7102 = ADVANCED_FACE('',(#7103),#2580,.T.);
#7103 = FACE_BOUND('',#7104,.T.);
#7104 = EDGE_LOOP('',(#7105,#7106,#7107,#7108));
#7105 = ORIENTED_EDGE('',*,*,#6074,.F.);
#7106 = ORIENTED_EDGE('',*,*,#2564,.F.);
#7107 = ORIENTED_EDGE('',*,*,#7082,.F.);
#7108 = ORIENTED_EDGE('',*,*,#4708,.T.);
#7109 = ADVANCED_FACE('',(#7110,#7113),#2752,.F.);
#7110 = FACE_BOUND('',#7111,.F.);
#7111 = EDGE_LOOP('',(#7112));
#7112 = ORIENTED_EDGE('',*,*,#2737,.T.);
#7113 = FACE_BOUND('',#7114,.F.);
#7114 = EDGE_LOOP('',(#7115));
#7115 = ORIENTED_EDGE('',*,*,#7116,.F.);
#7116 = EDGE_CURVE('',#7117,#7117,#7119,.T.);
#7117 = VERTEX_POINT('',#7118);
#7118 = CARTESIAN_POINT('',(-32.85,-26.5,-16.));
#7119 = SURFACE_CURVE('',#7120,(#7125,#7132),.PCURVE_S1.);
#7120 = CIRCLE('',#7121,1.15);
#7121 = AXIS2_PLACEMENT_3D('',#7122,#7123,#7124);
#7122 = CARTESIAN_POINT('',(-34.,-26.5,-16.));
#7123 = DIRECTION('',(0.,0.,1.));
#7124 = DIRECTION('',(1.,0.,-0.));
#7125 = PCURVE('',#2752,#7126);
#7126 = DEFINITIONAL_REPRESENTATION('',(#7127),#7131);
#7127 = CIRCLE('',#7128,1.15);
#7128 = AXIS2_PLACEMENT_2D('',#7129,#7130);
#7129 = CARTESIAN_POINT('',(0.,0.));
#7130 = DIRECTION('',(1.,0.));
#7131 = ( GEOMETRIC_REPRESENTATION_CONTEXT(2) 
PARAMETRIC_REPRESENTATION_CONTEXT() REPRESENTATION_CONTEXT('2D SPACE',''
  ) );
#7132 = PCURVE('',#7133,#7138);
#7133 = CYLINDRICAL_SURFACE('',#7134,1.15);
#7134 = AXIS2_PLACEMENT_3D('',#7135,#7136,#7137);
#7135 = CARTESIAN_POINT('',(-34.,-26.5,-16.01));
#7136 = DIRECTION('',(0.,0.,1.));
#7137 = DIRECTION('',(1.,0.,-0.));
#7138 = DEFINITIONAL_REPRESENTATION('',(#7139),#7143);
#7139 = LINE('',#7140,#7141);
#7140 = CARTESIAN_POINT('',(0.,1.E-02));
#7141 = VECTOR('',#7142,1.);
#7142 = DIRECTION('',(1.,0.));
#7143 = ( GEOMETRIC_REPRESENTATION_CONTEXT(2) 
PARAMETRIC_REPRESENTATION_CONTEXT() REPRESENTATION_CONTEXT('2D SPACE',''
  ) );
#7144 = ADVANCED_FACE('',(#7145,#7148),#2807,.F.);
#7145 = FACE_BOUND('',#7146,.F.);
#7146 = EDGE_LOOP('',(#7147));
#7147 = ORIENTED_EDGE('',*,*,#2792,.T.);
#7148 = FACE_BOUND('',#7149,.F.);
#7149 = EDGE_LOOP('',(#7150));
#7150 = ORIENTED_EDGE('',*,*,#7151,.F.);
#7151 = EDGE_CURVE('',#7152,#7152,#7154,.T.);
#7152 = VERTEX_POINT('',#7153);
#7153 = CARTESIAN_POINT('',(37.15,-26.5,-16.));
#7154 = SURFACE_CURVE('',#7155,(#7160,#7167),.PCURVE_S1.);
#7155 = CIRCLE('',#7156,1.15);
#7156 = AXIS2_PLACEMENT_3D('',#7157,#7158,#7159);
#7157 = CARTESIAN_POINT('',(36.,-26.5,-16.));
#7158 = DIRECTION('',(0.,0.,1.));
#7159 = DIRECTION('',(1.,0.,-0.));
#7160 = PCURVE('',#2807,#7161);
#7161 = DEFINITIONAL_REPRESENTATION('',(#7162),#7166);
#7162 = CIRCLE('',#7163,1.15);
#7163 = AXIS2_PLACEMENT_2D('',#7164,#7165);
#7164 = CARTESIAN_POINT('',(0.,0.));
#7165 = DIRECTION('',(1.,0.));
#7166 = ( GEOMETRIC_REPRESENTATION_CONTEXT(2) 
PARAMETRIC_REPRESENTATION_CONTEXT() REPRESENTATION_CONTEXT('2D SPACE',''
  ) );
#7167 = PCURVE('',#7168,#7173);
#7168 = CYLINDRICAL_SURFACE('',#7169,1.15);
#7169 = AXIS2_PLACEMENT_3D('',#7170,#7171,#7172);
#7170 = CARTESIAN_POINT('',(36.,-26.5,-16.01));
#7171 = DIRECTION('',(0.,0.,1.));
#7172 = DIRECTION('',(1.,0.,-0.));
#7173 = DEFINITIONAL_REPRESENTATION('',(#7174),#7178);
#7174 = LINE('',#7175,#7176);
#7175 = CARTESIAN_POINT('',(0.,1.E-02));
#7176 = VECTOR('',#7177,1.);
#7177 = DIRECTION('',(1.,0.));
#7178 = ( GEOMETRIC_REPRESENTATION_CONTEXT(2) 
PARAMETRIC_REPRESENTATION_CONTEXT() REPRESENTATION_CONTEXT('2D SPACE',''
  ) );
#7179 = ADVANCED_FACE('',(#7180,#7183),#2862,.F.);
#7180 = FACE_BOUND('',#7181,.F.);
#7181 = EDGE_LOOP('',(#7182));
#7182 = ORIENTED_EDGE('',*,*,#2847,.T.);
#7183 = FACE_BOUND('',#7184,.F.);
#7184 = EDGE_LOOP('',(#7185));
#7185 = ORIENTED_EDGE('',*,*,#7186,.F.);
#7186 = EDGE_CURVE('',#7187,#7187,#7189,.T.);
#7187 = VERTEX_POINT('',#7188);
#7188 = CARTESIAN_POINT('',(-32.85,14.5,-16.));
#7189 = SURFACE_CURVE('',#7190,(#7195,#7202),.PCURVE_S1.);
#7190 = CIRCLE('',#7191,1.15);
#7191 = AXIS2_PLACEMENT_3D('',#7192,#7193,#7194);
#7192 = CARTESIAN_POINT('',(-34.,14.5,-16.));
#7193 = DIRECTION('',(0.,0.,1.));
#7194 = DIRECTION('',(1.,0.,-0.));
#7195 = PCURVE('',#2862,#7196);
#7196 = DEFINITIONAL_REPRESENTATION('',(#7197),#7201);
#7197 = CIRCLE('',#7198,1.15);
#7198 = AXIS2_PLACEMENT_2D('',#7199,#7200);
#7199 = CARTESIAN_POINT('',(0.,0.));
#7200 = DIRECTION('',(1.,0.));
#7201 = ( GEOMETRIC_REPRESENTATION_CONTEXT(2) 
PARAMETRIC_REPRESENTATION_CONTEXT() REPRESENTATION_CONTEXT('2D SPACE',''
  ) );
#7202 = PCURVE('',#7203,#7208);
#7203 = CYLINDRICAL_SURFACE('',#7204,1.15);
#7204 = AXIS2_PLACEMENT_3D('',#7205,#7206,#7207);
#7205 = CARTESIAN_POINT('',(-34.,14.5,-17.));
#7206 = DIRECTION('',(0.,0.,1.));
#7207 = DIRECTION('',(1.,0.,-0.));
#7208 = DEFINITIONAL_REPRESENTATION('',(#7209),#7213);
#7209 = LINE('',#7210,#7211);
#7210 = CARTESIAN_POINT('',(0.,1.));
#7211 = VECTOR('',#7212,1.);
#7212 = DIRECTION('',(1.,0.));
#7213 = ( GEOMETRIC_REPRESENTATION_CONTEXT(2) 
PARAMETRIC_REPRESENTATION_CONTEXT() REPRESENTATION_CONTEXT('2D SPACE',''
  ) );
#7214 = ADVANCED_FACE('',(#7215),#2896,.T.);
#7215 = FACE_BOUND('',#7216,.T.);
#7216 = EDGE_LOOP('',(#7217,#7218,#7219,#7240));
#7217 = ORIENTED_EDGE('',*,*,#5789,.F.);
#7218 = ORIENTED_EDGE('',*,*,#5927,.T.);
#7219 = ORIENTED_EDGE('',*,*,#7220,.T.);
#7220 = EDGE_CURVE('',#5905,#2879,#7221,.T.);
#7221 = SURFACE_CURVE('',#7222,(#7226,#7233),.PCURVE_S1.);
#7222 = LINE('',#7223,#7224);
#7223 = CARTESIAN_POINT('',(-27.5,16.,35.));
#7224 = VECTOR('',#7225,1.);
#7225 = DIRECTION('',(-0.627107106498,0.,-0.778933037545));
#7226 = PCURVE('',#2896,#7227);
#7227 = DEFINITIONAL_REPRESENTATION('',(#7228),#7232);
#7228 = LINE('',#7229,#7230);
#7229 = CARTESIAN_POINT('',(-28.78936502474,-29.88141420836));
#7230 = VECTOR('',#7231,1.);
#7231 = DIRECTION('',(0.778933037545,-0.627107106498));
#7232 = ( GEOMETRIC_REPRESENTATION_CONTEXT(2) 
PARAMETRIC_REPRESENTATION_CONTEXT() REPRESENTATION_CONTEXT('2D SPACE',''
  ) );
#7233 = PCURVE('',#2924,#7234);
#7234 = DEFINITIONAL_REPRESENTATION('',(#7235),#7239);
#7235 = LINE('',#7236,#7237);
#7236 = CARTESIAN_POINT('',(0.,0.));
#7237 = VECTOR('',#7238,1.);
#7238 = DIRECTION('',(1.,0.));
#7239 = ( GEOMETRIC_REPRESENTATION_CONTEXT(2) 
PARAMETRIC_REPRESENTATION_CONTEXT() REPRESENTATION_CONTEXT('2D SPACE',''
  ) );
#7240 = ORIENTED_EDGE('',*,*,#2878,.T.);
#7241 = ADVANCED_FACE('',(#7242),#2924,.T.);
#7242 = FACE_BOUND('',#7243,.T.);
#7243 = EDGE_LOOP('',(#7244,#7245,#7246,#7247,#7248,#7249));
#7244 = ORIENTED_EDGE('',*,*,#6096,.T.);
#7245 = ORIENTED_EDGE('',*,*,#3942,.T.);
#7246 = ORIENTED_EDGE('',*,*,#2908,.F.);
#7247 = ORIENTED_EDGE('',*,*,#7220,.F.);
#7248 = ORIENTED_EDGE('',*,*,#5904,.T.);
#7249 = ORIENTED_EDGE('',*,*,#7250,.T.);
#7250 = EDGE_CURVE('',#5875,#6097,#7251,.T.);
#7251 = SURFACE_CURVE('',#7252,(#7256,#7263),.PCURVE_S1.);
#7252 = LINE('',#7253,#7254);
#7253 = CARTESIAN_POINT('',(-40.50025055558,14.,18.852320362543));
#7254 = VECTOR('',#7255,1.);
#7255 = DIRECTION('',(0.627107106498,-0.,0.778933037545));
#7256 = PCURVE('',#2924,#7257);
#7257 = DEFINITIONAL_REPRESENTATION('',(#7258),#7262);
#7258 = LINE('',#7259,#7260);
#7259 = CARTESIAN_POINT('',(20.730510658973,-2.));
#7260 = VECTOR('',#7261,1.);
#7261 = DIRECTION('',(-1.,0.));
#7262 = ( GEOMETRIC_REPRESENTATION_CONTEXT(2) 
PARAMETRIC_REPRESENTATION_CONTEXT() REPRESENTATION_CONTEXT('2D SPACE',''
  ) );
#7263 = PCURVE('',#5892,#7264);
#7264 = DEFINITIONAL_REPRESENTATION('',(#7265),#7269);
#7265 = LINE('',#7266,#7267);
#7266 = CARTESIAN_POINT('',(32.652320362543,-7.50025055558));
#7267 = VECTOR('',#7268,1.);
#7268 = DIRECTION('',(0.778933037545,0.627107106498));
#7269 = ( GEOMETRIC_REPRESENTATION_CONTEXT(2) 
PARAMETRIC_REPRESENTATION_CONTEXT() REPRESENTATION_CONTEXT('2D SPACE',''
  ) );
#7270 = ADVANCED_FACE('',(#7271,#7279),#2975,.T.);
#7271 = FACE_BOUND('',#7272,.T.);
#7272 = EDGE_LOOP('',(#7273,#7274,#7275,#7276,#7277,#7278));
#7273 = ORIENTED_EDGE('',*,*,#5109,.F.);
#7274 = ORIENTED_EDGE('',*,*,#2959,.T.);
#7275 = ORIENTED_EDGE('',*,*,#3964,.F.);
#7276 = ORIENTED_EDGE('',*,*,#4961,.T.);
#7277 = ORIENTED_EDGE('',*,*,#5034,.T.);
#7278 = ORIENTED_EDGE('',*,*,#5084,.F.);
#7279 = FACE_BOUND('',#7280,.T.);
#7280 = EDGE_LOOP('',(#7281));
#7281 = ORIENTED_EDGE('',*,*,#7282,.F.);
#7282 = EDGE_CURVE('',#7283,#7283,#7285,.T.);
#7283 = VERTEX_POINT('',#7284);
#7284 = CARTESIAN_POINT('',(-32.85,-26.5,-12.6));
#7285 = SURFACE_CURVE('',#7286,(#7291,#7298),.PCURVE_S1.);
#7286 = CIRCLE('',#7287,1.15);
#7287 = AXIS2_PLACEMENT_3D('',#7288,#7289,#7290);
#7288 = CARTESIAN_POINT('',(-34.,-26.5,-12.6));
#7289 = DIRECTION('',(0.,0.,1.));
#7290 = DIRECTION('',(1.,0.,-0.));
#7291 = PCURVE('',#2975,#7292);
#7292 = DEFINITIONAL_REPRESENTATION('',(#7293),#7297);
#7293 = CIRCLE('',#7294,1.15);
#7294 = AXIS2_PLACEMENT_2D('',#7295,#7296);
#7295 = CARTESIAN_POINT('',(3.5,3.5));
#7296 = DIRECTION('',(1.,0.));
#7297 = ( GEOMETRIC_REPRESENTATION_CONTEXT(2) 
PARAMETRIC_REPRESENTATION_CONTEXT() REPRESENTATION_CONTEXT('2D SPACE',''
  ) );
#7298 = PCURVE('',#7299,#7304);
#7299 = CYLINDRICAL_SURFACE('',#7300,1.15);
#7300 = AXIS2_PLACEMENT_3D('',#7301,#7302,#7303);
#7301 = CARTESIAN_POINT('',(-34.,-26.5,-16.01));
#7302 = DIRECTION('',(0.,0.,1.));
#7303 = DIRECTION('',(1.,0.,-0.));
#7304 = DEFINITIONAL_REPRESENTATION('',(#7305),#7309);
#7305 = LINE('',#7306,#7307);
#7306 = CARTESIAN_POINT('',(0.,3.41));
#7307 = VECTOR('',#7308,1.);
#7308 = DIRECTION('',(1.,0.));
#7309 = ( GEOMETRIC_REPRESENTATION_CONTEXT(2) 
PARAMETRIC_REPRESENTATION_CONTEXT() REPRESENTATION_CONTEXT('2D SPACE',''
  ) );
#7310 = ADVANCED_FACE('',(#7311),#3832,.T.);
#7311 = FACE_BOUND('',#7312,.T.);
#7312 = EDGE_LOOP('',(#7313,#7314,#7315,#7316,#7339,#7360));
#7313 = ORIENTED_EDGE('',*,*,#3816,.F.);
#7314 = ORIENTED_EDGE('',*,*,#3893,.T.);
#7315 = ORIENTED_EDGE('',*,*,#4083,.T.);
#7316 = ORIENTED_EDGE('',*,*,#7317,.F.);
#7317 = EDGE_CURVE('',#7318,#4084,#7320,.T.);
#7318 = VERTEX_POINT('',#7319);
#7319 = CARTESIAN_POINT('',(41.,14.,10.7));
#7320 = SURFACE_CURVE('',#7321,(#7325,#7332),.PCURVE_S1.);
#7321 = LINE('',#7322,#7323);
#7322 = CARTESIAN_POINT('',(41.,16.,10.7));
#7323 = VECTOR('',#7324,1.);
#7324 = DIRECTION('',(0.,-1.,0.));
#7325 = PCURVE('',#3832,#7326);
#7326 = DEFINITIONAL_REPRESENTATION('',(#7327),#7331);
#7327 = LINE('',#7328,#7329);
#7328 = CARTESIAN_POINT('',(12.364869590901,0.));
#7329 = VECTOR('',#7330,1.);
#7330 = DIRECTION('',(0.,-1.));
#7331 = ( GEOMETRIC_REPRESENTATION_CONTEXT(2) 
PARAMETRIC_REPRESENTATION_CONTEXT() REPRESENTATION_CONTEXT('2D SPACE',''
  ) );
#7332 = PCURVE('',#4122,#7333);
#7333 = DEFINITIONAL_REPRESENTATION('',(#7334),#7338);
#7334 = LINE('',#7335,#7336);
#7335 = CARTESIAN_POINT('',(0.,0.));
#7336 = VECTOR('',#7337,1.);
#7337 = DIRECTION('',(0.,-1.));
#7338 = ( GEOMETRIC_REPRESENTATION_CONTEXT(2) 
PARAMETRIC_REPRESENTATION_CONTEXT() REPRESENTATION_CONTEXT('2D SPACE',''
  ) );
#7339 = ORIENTED_EDGE('',*,*,#7340,.T.);
#7340 = EDGE_CURVE('',#7318,#5329,#7341,.T.);
#7341 = SURFACE_CURVE('',#7342,(#7346,#7353),.PCURVE_S1.);
#7342 = LINE('',#7343,#7344);
#7343 = CARTESIAN_POINT('',(42.87768984237,14.,5.207757211067));
#7344 = VECTOR('',#7345,1.);
#7345 = DIRECTION('',(0.323497144114,0.,-0.946229146534));
#7346 = PCURVE('',#3832,#7347);
#7347 = DEFINITIONAL_REPRESENTATION('',(#7348),#7352);
#7348 = LINE('',#7349,#7350);
#7349 = CARTESIAN_POINT('',(6.560522082634,-2.));
#7350 = VECTOR('',#7351,1.);
#7351 = DIRECTION('',(-1.,0.));
#7352 = ( GEOMETRIC_REPRESENTATION_CONTEXT(2) 
PARAMETRIC_REPRESENTATION_CONTEXT() REPRESENTATION_CONTEXT('2D SPACE',''
  ) );
#7353 = PCURVE('',#5292,#7354);
#7354 = DEFINITIONAL_REPRESENTATION('',(#7355),#7359);
#7355 = LINE('',#7356,#7357);
#7356 = CARTESIAN_POINT('',(19.007757211067,75.87768984237));
#7357 = VECTOR('',#7358,1.);
#7358 = DIRECTION('',(-0.946229146534,0.323497144114));
#7359 = ( GEOMETRIC_REPRESENTATION_CONTEXT(2) 
PARAMETRIC_REPRESENTATION_CONTEXT() REPRESENTATION_CONTEXT('2D SPACE',''
  ) );
#7360 = ORIENTED_EDGE('',*,*,#5351,.F.);
#7361 = ADVANCED_FACE('',(#7362,#7370),#4048,.T.);
#7362 = FACE_BOUND('',#7363,.T.);
#7363 = EDGE_LOOP('',(#7364,#7365,#7366,#7367,#7368,#7369));
#7364 = ORIENTED_EDGE('',*,*,#4934,.F.);
#7365 = ORIENTED_EDGE('',*,*,#4032,.F.);
#7366 = ORIENTED_EDGE('',*,*,#4732,.T.);
#7367 = ORIENTED_EDGE('',*,*,#4805,.T.);
#7368 = ORIENTED_EDGE('',*,*,#4855,.F.);
#7369 = ORIENTED_EDGE('',*,*,#4903,.F.);
#7370 = FACE_BOUND('',#7371,.T.);
#7371 = EDGE_LOOP('',(#7372));
#7372 = ORIENTED_EDGE('',*,*,#7373,.F.);
#7373 = EDGE_CURVE('',#7374,#7374,#7376,.T.);
#7374 = VERTEX_POINT('',#7375);
#7375 = CARTESIAN_POINT('',(37.15,-26.5,-12.6));
#7376 = SURFACE_CURVE('',#7377,(#7382,#7389),.PCURVE_S1.);
#7377 = CIRCLE('',#7378,1.15);
#7378 = AXIS2_PLACEMENT_3D('',#7379,#7380,#7381);
#7379 = CARTESIAN_POINT('',(36.,-26.5,-12.6));
#7380 = DIRECTION('',(0.,0.,1.));
#7381 = DIRECTION('',(1.,0.,-0.));
#7382 = PCURVE('',#4048,#7383);
#7383 = DEFINITIONAL_REPRESENTATION('',(#7384),#7388);
#7384 = CIRCLE('',#7385,1.15);
#7385 = AXIS2_PLACEMENT_2D('',#7386,#7387);
#7386 = CARTESIAN_POINT('',(3.5,3.5));
#7387 = DIRECTION('',(1.,0.));
#7388 = ( GEOMETRIC_REPRESENTATION_CONTEXT(2) 
PARAMETRIC_REPRESENTATION_CONTEXT() REPRESENTATION_CONTEXT('2D SPACE',''
  ) );
#7389 = PCURVE('',#7390,#7395);
#7390 = CYLINDRICAL_SURFACE('',#7391,1.15);
#7391 = AXIS2_PLACEMENT_3D('',#7392,#7393,#7394);
#7392 = CARTESIAN_POINT('',(36.,-26.5,-16.01));
#7393 = DIRECTION('',(0.,0.,1.));
#7394 = DIRECTION('',(1.,0.,-0.));
#7395 = DEFINITIONAL_REPRESENTATION('',(#7396),#7400);
#7396 = LINE('',#7397,#7398);
#7397 = CARTESIAN_POINT('',(0.,3.41));
#7398 = VECTOR('',#7399,1.);
#7399 = DIRECTION('',(1.,0.));
#7400 = ( GEOMETRIC_REPRESENTATION_CONTEXT(2) 
PARAMETRIC_REPRESENTATION_CONTEXT() REPRESENTATION_CONTEXT('2D SPACE',''
  ) );
#7401 = ADVANCED_FACE('',(#7402),#4122,.T.);
#7402 = FACE_BOUND('',#7403,.T.);
#7403 = EDGE_LOOP('',(#7404,#7427,#7428,#7429));
#7404 = ORIENTED_EDGE('',*,*,#7405,.T.);
#7405 = EDGE_CURVE('',#7406,#7318,#7408,.T.);
#7406 = VERTEX_POINT('',#7407);
#7407 = CARTESIAN_POINT('',(36.5,14.,20.8));
#7408 = SURFACE_CURVE('',#7409,(#7413,#7420),.PCURVE_S1.);
#7409 = LINE('',#7410,#7411);
#7410 = CARTESIAN_POINT('',(39.425588908883,14.,14.23367822673));
#7411 = VECTOR('',#7412,1.);
#7412 = DIRECTION('',(0.406977423529,0.,-0.913438217253));
#7413 = PCURVE('',#4122,#7414);
#7414 = DEFINITIONAL_REPRESENTATION('',(#7415),#7419);
#7415 = LINE('',#7416,#7417);
#7416 = CARTESIAN_POINT('',(3.868546509207,-2.));
#7417 = VECTOR('',#7418,1.);
#7418 = DIRECTION('',(-1.,0.));
#7419 = ( GEOMETRIC_REPRESENTATION_CONTEXT(2) 
PARAMETRIC_REPRESENTATION_CONTEXT() REPRESENTATION_CONTEXT('2D SPACE',''
  ) );
#7420 = PCURVE('',#5292,#7421);
#7421 = DEFINITIONAL_REPRESENTATION('',(#7422),#7426);
#7422 = LINE('',#7423,#7424);
#7423 = CARTESIAN_POINT('',(28.03367822673,72.425588908883));
#7424 = VECTOR('',#7425,1.);
#7425 = DIRECTION('',(-0.913438217253,0.406977423529));
#7426 = ( GEOMETRIC_REPRESENTATION_CONTEXT(2) 
PARAMETRIC_REPRESENTATION_CONTEXT() REPRESENTATION_CONTEXT('2D SPACE',''
  ) );
#7427 = ORIENTED_EDGE('',*,*,#7317,.T.);
#7428 = ORIENTED_EDGE('',*,*,#4106,.T.);
#7429 = ORIENTED_EDGE('',*,*,#7430,.F.);
#7430 = EDGE_CURVE('',#7406,#4107,#7431,.T.);
#7431 = SURFACE_CURVE('',#7432,(#7436,#7443),.PCURVE_S1.);
#7432 = LINE('',#7433,#7434);
#7433 = CARTESIAN_POINT('',(36.5,16.,20.8));
#7434 = VECTOR('',#7435,1.);
#7435 = DIRECTION('',(0.,-1.,0.));
#7436 = PCURVE('',#4122,#7437);
#7437 = DEFINITIONAL_REPRESENTATION('',(#7438),#7442);
#7438 = LINE('',#7439,#7440);
#7439 = CARTESIAN_POINT('',(11.057124400132,0.));
#7440 = VECTOR('',#7441,1.);
#7441 = DIRECTION('',(0.,-1.));
#7442 = ( GEOMETRIC_REPRESENTATION_CONTEXT(2) 
PARAMETRIC_REPRESENTATION_CONTEXT() REPRESENTATION_CONTEXT('2D SPACE',''
  ) );
#7443 = PCURVE('',#4150,#7444);
#7444 = DEFINITIONAL_REPRESENTATION('',(#7445),#7449);
#7445 = LINE('',#7446,#7447);
#7446 = CARTESIAN_POINT('',(0.,0.));
#7447 = VECTOR('',#7448,1.);
#7448 = DIRECTION('',(0.,-1.));
#7449 = ( GEOMETRIC_REPRESENTATION_CONTEXT(2) 
PARAMETRIC_REPRESENTATION_CONTEXT() REPRESENTATION_CONTEXT('2D SPACE',''
  ) );
#7450 = ADVANCED_FACE('',(#7451),#4150,.T.);
#7451 = FACE_BOUND('',#7452,.T.);
#7452 = EDGE_LOOP('',(#7453,#7476,#7477,#7478,#7501,#7524));
#7453 = ORIENTED_EDGE('',*,*,#7454,.T.);
#7454 = EDGE_CURVE('',#7455,#7406,#7457,.T.);
#7455 = VERTEX_POINT('',#7456);
#7456 = CARTESIAN_POINT('',(33.852112676056,14.,25.5));
#7457 = SURFACE_CURVE('',#7458,(#7462,#7469),.PCURVE_S1.);
#7458 = LINE('',#7459,#7460);
#7459 = CARTESIAN_POINT('',(35.52605029363,14.,22.528760728806));
#7460 = VECTOR('',#7461,1.);
#7461 = DIRECTION('',(0.490843733941,0.,-0.871247627745));
#7462 = PCURVE('',#4150,#7463);
#7463 = DEFINITIONAL_REPRESENTATION('',(#7464),#7468);
#7464 = LINE('',#7465,#7466);
#7465 = CARTESIAN_POINT('',(1.984235794456,-2.));
#7466 = VECTOR('',#7467,1.);
#7467 = DIRECTION('',(-1.,0.));
#7468 = ( GEOMETRIC_REPRESENTATION_CONTEXT(2) 
PARAMETRIC_REPRESENTATION_CONTEXT() REPRESENTATION_CONTEXT('2D SPACE',''
  ) );
#7469 = PCURVE('',#5292,#7470);
#7470 = DEFINITIONAL_REPRESENTATION('',(#7471),#7475);
#7471 = LINE('',#7472,#7473);
#7472 = CARTESIAN_POINT('',(36.328760728806,68.52605029363));
#7473 = VECTOR('',#7474,1.);
#7474 = DIRECTION('',(-0.871247627745,0.490843733941));
#7475 = ( GEOMETRIC_REPRESENTATION_CONTEXT(2) 
PARAMETRIC_REPRESENTATION_CONTEXT() REPRESENTATION_CONTEXT('2D SPACE',''
  ) );
#7476 = ORIENTED_EDGE('',*,*,#7430,.T.);
#7477 = ORIENTED_EDGE('',*,*,#4134,.T.);
#7478 = ORIENTED_EDGE('',*,*,#7479,.F.);
#7479 = EDGE_CURVE('',#7480,#4135,#7482,.T.);
#7480 = VERTEX_POINT('',#7481);
#7481 = CARTESIAN_POINT('',(28.5,-25.,35.));
#7482 = SURFACE_CURVE('',#7483,(#7487,#7494),.PCURVE_S1.);
#7483 = LINE('',#7484,#7485);
#7484 = CARTESIAN_POINT('',(28.5,16.,35.));
#7485 = VECTOR('',#7486,1.);
#7486 = DIRECTION('',(0.,-1.,0.));
#7487 = PCURVE('',#4150,#7488);
#7488 = DEFINITIONAL_REPRESENTATION('',(#7489),#7493);
#7489 = LINE('',#7490,#7491);
#7490 = CARTESIAN_POINT('',(16.298466185503,0.));
#7491 = VECTOR('',#7492,1.);
#7492 = DIRECTION('',(0.,-1.));
#7493 = ( GEOMETRIC_REPRESENTATION_CONTEXT(2) 
PARAMETRIC_REPRESENTATION_CONTEXT() REPRESENTATION_CONTEXT('2D SPACE',''
  ) );
#7494 = PCURVE('',#4178,#7495);
#7495 = DEFINITIONAL_REPRESENTATION('',(#7496),#7500);
#7496 = LINE('',#7497,#7498);
#7497 = CARTESIAN_POINT('',(0.,0.));
#7498 = VECTOR('',#7499,1.);
#7499 = DIRECTION('',(0.,-1.));
#7500 = ( GEOMETRIC_REPRESENTATION_CONTEXT(2) 
PARAMETRIC_REPRESENTATION_CONTEXT() REPRESENTATION_CONTEXT('2D SPACE',''
  ) );
#7501 = ORIENTED_EDGE('',*,*,#7502,.T.);
#7502 = EDGE_CURVE('',#7480,#7503,#7505,.T.);
#7503 = VERTEX_POINT('',#7504);
#7504 = CARTESIAN_POINT('',(33.852112676056,-25.,25.5));
#7505 = SURFACE_CURVE('',#7506,(#7510,#7517),.PCURVE_S1.);
#7506 = LINE('',#7507,#7508);
#7507 = CARTESIAN_POINT('',(27.484189128143,-25.,36.803064297546));
#7508 = VECTOR('',#7509,1.);
#7509 = DIRECTION('',(0.490843733941,0.,-0.871247627745));
#7510 = PCURVE('',#4150,#7511);
#7511 = DEFINITIONAL_REPRESENTATION('',(#7512),#7516);
#7512 = LINE('',#7513,#7514);
#7513 = CARTESIAN_POINT('',(18.367986078732,-41.));
#7514 = VECTOR('',#7515,1.);
#7515 = DIRECTION('',(-1.,0.));
#7516 = ( GEOMETRIC_REPRESENTATION_CONTEXT(2) 
PARAMETRIC_REPRESENTATION_CONTEXT() REPRESENTATION_CONTEXT('2D SPACE',''
  ) );
#7517 = PCURVE('',#6394,#7518);
#7518 = DEFINITIONAL_REPRESENTATION('',(#7519),#7523);
#7519 = LINE('',#7520,#7521);
#7520 = CARTESIAN_POINT('',(11.303064297546,57.484189128143));
#7521 = VECTOR('',#7522,1.);
#7522 = DIRECTION('',(-0.871247627745,0.490843733941));
#7523 = ( GEOMETRIC_REPRESENTATION_CONTEXT(2) 
PARAMETRIC_REPRESENTATION_CONTEXT() REPRESENTATION_CONTEXT('2D SPACE',''
  ) );
#7524 = ORIENTED_EDGE('',*,*,#7525,.T.);
#7525 = EDGE_CURVE('',#7503,#7455,#7526,.T.);
#7526 = SURFACE_CURVE('',#7527,(#7531,#7538),.PCURVE_S1.);
#7527 = LINE('',#7528,#7529);
#7528 = CARTESIAN_POINT('',(33.852112676056,-4.5,25.5));
#7529 = VECTOR('',#7530,1.);
#7530 = DIRECTION('',(0.,1.,0.));
#7531 = PCURVE('',#4150,#7532);
#7532 = DEFINITIONAL_REPRESENTATION('',(#7533),#7537);
#7533 = LINE('',#7534,#7535);
#7534 = CARTESIAN_POINT('',(5.39456275154,-20.5));
#7535 = VECTOR('',#7536,1.);
#7536 = DIRECTION('',(0.,1.));
#7537 = ( GEOMETRIC_REPRESENTATION_CONTEXT(2) 
PARAMETRIC_REPRESENTATION_CONTEXT() REPRESENTATION_CONTEXT('2D SPACE',''
  ) );
#7538 = PCURVE('',#6420,#7539);
#7539 = DEFINITIONAL_REPRESENTATION('',(#7540),#7544);
#7540 = LINE('',#7541,#7542);
#7541 = CARTESIAN_POINT('',(63.852112676056,20.5));
#7542 = VECTOR('',#7543,1.);
#7543 = DIRECTION('',(0.,1.));
#7544 = ( GEOMETRIC_REPRESENTATION_CONTEXT(2) 
PARAMETRIC_REPRESENTATION_CONTEXT() REPRESENTATION_CONTEXT('2D SPACE',''
  ) );
#7545 = ADVANCED_FACE('',(#7546),#4178,.T.);
#7546 = FACE_BOUND('',#7547,.T.);
#7547 = EDGE_LOOP('',(#7548,#7573,#7594,#7595,#7596));
#7548 = ORIENTED_EDGE('',*,*,#7549,.F.);
#7549 = EDGE_CURVE('',#7550,#7552,#7554,.T.);
#7550 = VERTEX_POINT('',#7551);
#7551 = CARTESIAN_POINT('',(22.,-25.,35.));
#7552 = VERTEX_POINT('',#7553);
#7553 = CARTESIAN_POINT('',(22.,-26.,35.));
#7554 = SURFACE_CURVE('',#7555,(#7559,#7566),.PCURVE_S1.);
#7555 = LINE('',#7556,#7557);
#7556 = CARTESIAN_POINT('',(22.,-6.,35.));
#7557 = VECTOR('',#7558,1.);
#7558 = DIRECTION('',(0.,-1.,0.));
#7559 = PCURVE('',#4178,#7560);
#7560 = DEFINITIONAL_REPRESENTATION('',(#7561),#7565);
#7561 = LINE('',#7562,#7563);
#7562 = CARTESIAN_POINT('',(6.5,-22.));
#7563 = VECTOR('',#7564,1.);
#7564 = DIRECTION('',(0.,-1.));
#7565 = ( GEOMETRIC_REPRESENTATION_CONTEXT(2) 
PARAMETRIC_REPRESENTATION_CONTEXT() REPRESENTATION_CONTEXT('2D SPACE',''
  ) );
#7566 = PCURVE('',#6556,#7567);
#7567 = DEFINITIONAL_REPRESENTATION('',(#7568),#7572);
#7568 = LINE('',#7569,#7570);
#7569 = CARTESIAN_POINT('',(1.,-22.));
#7570 = VECTOR('',#7571,1.);
#7571 = DIRECTION('',(0.,1.));
#7572 = ( GEOMETRIC_REPRESENTATION_CONTEXT(2) 
PARAMETRIC_REPRESENTATION_CONTEXT() REPRESENTATION_CONTEXT('2D SPACE',''
  ) );
#7573 = ORIENTED_EDGE('',*,*,#7574,.T.);
#7574 = EDGE_CURVE('',#7550,#7480,#7575,.T.);
#7575 = SURFACE_CURVE('',#7576,(#7580,#7587),.PCURVE_S1.);
#7576 = LINE('',#7577,#7578);
#7577 = CARTESIAN_POINT('',(-0.75,-25.,35.));
#7578 = VECTOR('',#7579,1.);
#7579 = DIRECTION('',(1.,0.,0.));
#7580 = PCURVE('',#4178,#7581);
#7581 = DEFINITIONAL_REPRESENTATION('',(#7582),#7586);
#7582 = LINE('',#7583,#7584);
#7583 = CARTESIAN_POINT('',(29.25,-41.));
#7584 = VECTOR('',#7585,1.);
#7585 = DIRECTION('',(-1.,0.));
#7586 = ( GEOMETRIC_REPRESENTATION_CONTEXT(2) 
PARAMETRIC_REPRESENTATION_CONTEXT() REPRESENTATION_CONTEXT('2D SPACE',''
  ) );
#7587 = PCURVE('',#6394,#7588);
#7588 = DEFINITIONAL_REPRESENTATION('',(#7589),#7593);
#7589 = LINE('',#7590,#7591);
#7590 = CARTESIAN_POINT('',(9.5,29.25));
#7591 = VECTOR('',#7592,1.);
#7592 = DIRECTION('',(0.,1.));
#7593 = ( GEOMETRIC_REPRESENTATION_CONTEXT(2) 
PARAMETRIC_REPRESENTATION_CONTEXT() REPRESENTATION_CONTEXT('2D SPACE',''
  ) );
#7594 = ORIENTED_EDGE('',*,*,#7479,.T.);
#7595 = ORIENTED_EDGE('',*,*,#4162,.T.);
#7596 = ORIENTED_EDGE('',*,*,#7597,.T.);
#7597 = EDGE_CURVE('',#4163,#7552,#7598,.T.);
#7598 = SURFACE_CURVE('',#7599,(#7604,#7615),.PCURVE_S1.);
#7599 = CIRCLE('',#7600,2.);
#7600 = AXIS2_PLACEMENT_3D('',#7601,#7602,#7603);
#7601 = CARTESIAN_POINT('',(20.,-26.,35.));
#7602 = DIRECTION('',(0.,0.,1.));
#7603 = DIRECTION('',(1.,0.,-0.));
#7604 = PCURVE('',#4178,#7605);
#7605 = DEFINITIONAL_REPRESENTATION('',(#7606),#7614);
#7606 = ( BOUNDED_CURVE() B_SPLINE_CURVE(2,(#7607,#7608,#7609,#7610,
#7611,#7612,#7613),.UNSPECIFIED.,.T.,.F.) B_SPLINE_CURVE_WITH_KNOTS((1,2
    ,2,2,2,1),(-2.094395102393,0.,2.094395102393,4.188790204786,
6.28318530718,8.377580409573),.UNSPECIFIED.) CURVE() 
GEOMETRIC_REPRESENTATION_ITEM() RATIONAL_B_SPLINE_CURVE((1.,0.5,1.,0.5,
1.,0.5,1.)) REPRESENTATION_ITEM('') );
#7607 = CARTESIAN_POINT('',(6.5,-42.));
#7608 = CARTESIAN_POINT('',(6.5,-38.53589838486));
#7609 = CARTESIAN_POINT('',(9.5,-40.26794919243));
#7610 = CARTESIAN_POINT('',(12.5,-42.));
#7611 = CARTESIAN_POINT('',(9.5,-43.73205080756));
#7612 = CARTESIAN_POINT('',(6.5,-45.46410161513));
#7613 = CARTESIAN_POINT('',(6.5,-42.));
#7614 = ( GEOMETRIC_REPRESENTATION_CONTEXT(2) 
PARAMETRIC_REPRESENTATION_CONTEXT() REPRESENTATION_CONTEXT('2D SPACE',''
  ) );
#7615 = PCURVE('',#4206,#7616);
#7616 = DEFINITIONAL_REPRESENTATION('',(#7617),#7621);
#7617 = LINE('',#7618,#7619);
#7618 = CARTESIAN_POINT('',(-4.138911435803E-13,1.));
#7619 = VECTOR('',#7620,1.);
#7620 = DIRECTION('',(1.,-0.));
#7621 = ( GEOMETRIC_REPRESENTATION_CONTEXT(2) 
PARAMETRIC_REPRESENTATION_CONTEXT() REPRESENTATION_CONTEXT('2D SPACE',''
  ) );
#7622 = ADVANCED_FACE('',(#7623),#4206,.F.);
#7623 = FACE_BOUND('',#7624,.F.);
#7624 = EDGE_LOOP('',(#7625,#7626,#7627,#7628));
#7625 = ORIENTED_EDGE('',*,*,#6512,.F.);
#7626 = ORIENTED_EDGE('',*,*,#4190,.F.);
#7627 = ORIENTED_EDGE('',*,*,#7597,.T.);
#7628 = ORIENTED_EDGE('',*,*,#7629,.T.);
#7629 = EDGE_CURVE('',#7552,#6513,#7630,.T.);
#7630 = SURFACE_CURVE('',#7631,(#7635,#7642),.PCURVE_S1.);
#7631 = LINE('',#7632,#7633);
#7632 = CARTESIAN_POINT('',(22.,-26.,34.));
#7633 = VECTOR('',#7634,1.);
#7634 = DIRECTION('',(0.,0.,1.));
#7635 = PCURVE('',#4206,#7636);
#7636 = DEFINITIONAL_REPRESENTATION('',(#7637),#7641);
#7637 = LINE('',#7638,#7639);
#7638 = CARTESIAN_POINT('',(6.28318530718,0.));
#7639 = VECTOR('',#7640,1.);
#7640 = DIRECTION('',(-0.,1.));
#7641 = ( GEOMETRIC_REPRESENTATION_CONTEXT(2) 
PARAMETRIC_REPRESENTATION_CONTEXT() REPRESENTATION_CONTEXT('2D SPACE',''
  ) );
#7642 = PCURVE('',#6556,#7643);
#7643 = DEFINITIONAL_REPRESENTATION('',(#7644),#7648);
#7644 = LINE('',#7645,#7646);
#7645 = CARTESIAN_POINT('',(0.,-2.));
#7646 = VECTOR('',#7647,1.);
#7647 = DIRECTION('',(1.,0.));
#7648 = ( GEOMETRIC_REPRESENTATION_CONTEXT(2) 
PARAMETRIC_REPRESENTATION_CONTEXT() REPRESENTATION_CONTEXT('2D SPACE',''
  ) );
#7649 = ADVANCED_FACE('',(#7650,#7653),#5180,.F.);
#7650 = FACE_BOUND('',#7651,.F.);
#7651 = EDGE_LOOP('',(#7652));
#7652 = ORIENTED_EDGE('',*,*,#5165,.T.);
#7653 = FACE_BOUND('',#7654,.F.);
#7654 = EDGE_LOOP('',(#7655));
#7655 = ORIENTED_EDGE('',*,*,#7656,.F.);
#7656 = EDGE_CURVE('',#7657,#7657,#7659,.T.);
#7657 = VERTEX_POINT('',#7658);
#7658 = CARTESIAN_POINT('',(37.15,14.5,-16.));
#7659 = SURFACE_CURVE('',#7660,(#7665,#7672),.PCURVE_S1.);
#7660 = CIRCLE('',#7661,1.15);
#7661 = AXIS2_PLACEMENT_3D('',#7662,#7663,#7664);
#7662 = CARTESIAN_POINT('',(36.,14.5,-16.));
#7663 = DIRECTION('',(0.,0.,1.));
#7664 = DIRECTION('',(1.,0.,-0.));
#7665 = PCURVE('',#5180,#7666);
#7666 = DEFINITIONAL_REPRESENTATION('',(#7667),#7671);
#7667 = CIRCLE('',#7668,1.15);
#7668 = AXIS2_PLACEMENT_2D('',#7669,#7670);
#7669 = CARTESIAN_POINT('',(0.,0.));
#7670 = DIRECTION('',(1.,0.));
#7671 = ( GEOMETRIC_REPRESENTATION_CONTEXT(2) 
PARAMETRIC_REPRESENTATION_CONTEXT() REPRESENTATION_CONTEXT('2D SPACE',''
  ) );
#7672 = PCURVE('',#7673,#7678);
#7673 = CYLINDRICAL_SURFACE('',#7674,1.15);
#7674 = AXIS2_PLACEMENT_3D('',#7675,#7676,#7677);
#7675 = CARTESIAN_POINT('',(36.,14.5,-17.));
#7676 = DIRECTION('',(0.,0.,1.));
#7677 = DIRECTION('',(1.,0.,-0.));
#7678 = DEFINITIONAL_REPRESENTATION('',(#7679),#7683);
#7679 = LINE('',#7680,#7681);
#7680 = CARTESIAN_POINT('',(0.,1.));
#7681 = VECTOR('',#7682,1.);
#7682 = DIRECTION('',(1.,0.));
#7683 = ( GEOMETRIC_REPRESENTATION_CONTEXT(2) 
PARAMETRIC_REPRESENTATION_CONTEXT() REPRESENTATION_CONTEXT('2D SPACE',''
  ) );
#7684 = ADVANCED_FACE('',(#7685),#5292,.T.);
#7685 = FACE_BOUND('',#7686,.T.);
#7686 = EDGE_LOOP('',(#7687,#7688,#7689,#7690,#7691,#7712,#7713,#7714,
    #7715));
#7687 = ORIENTED_EDGE('',*,*,#5328,.F.);
#7688 = ORIENTED_EDGE('',*,*,#7340,.F.);
#7689 = ORIENTED_EDGE('',*,*,#7405,.F.);
#7690 = ORIENTED_EDGE('',*,*,#7454,.F.);
#7691 = ORIENTED_EDGE('',*,*,#7692,.F.);
#7692 = EDGE_CURVE('',#6331,#7455,#7693,.T.);
#7693 = SURFACE_CURVE('',#7694,(#7698,#7705),.PCURVE_S1.);
#7694 = LINE('',#7695,#7696);
#7695 = CARTESIAN_POINT('',(-31.5,14.,25.5));
#7696 = VECTOR('',#7697,1.);
#7697 = DIRECTION('',(-1.,0.,0.));
#7698 = PCURVE('',#5292,#7699);
#7699 = DEFINITIONAL_REPRESENTATION('',(#7700),#7704);
#7700 = LINE('',#7701,#7702);
#7701 = CARTESIAN_POINT('',(39.3,1.5));
#7702 = VECTOR('',#7703,1.);
#7703 = DIRECTION('',(0.,-1.));
#7704 = ( GEOMETRIC_REPRESENTATION_CONTEXT(2) 
PARAMETRIC_REPRESENTATION_CONTEXT() REPRESENTATION_CONTEXT('2D SPACE',''
  ) );
#7705 = PCURVE('',#6420,#7706);
#7706 = DEFINITIONAL_REPRESENTATION('',(#7707),#7711);
#7707 = LINE('',#7708,#7709);
#7708 = CARTESIAN_POINT('',(-1.5,39.));
#7709 = VECTOR('',#7710,1.);
#7710 = DIRECTION('',(-1.,0.));
#7711 = ( GEOMETRIC_REPRESENTATION_CONTEXT(2) 
PARAMETRIC_REPRESENTATION_CONTEXT() REPRESENTATION_CONTEXT('2D SPACE',''
  ) );
#7712 = ORIENTED_EDGE('',*,*,#6330,.T.);
#7713 = ORIENTED_EDGE('',*,*,#6281,.T.);
#7714 = ORIENTED_EDGE('',*,*,#6228,.F.);
#7715 = ORIENTED_EDGE('',*,*,#5276,.T.);
#7716 = ADVANCED_FACE('',(#7717),#5535,.F.);
#7717 = FACE_BOUND('',#7718,.F.);
#7718 = EDGE_LOOP('',(#7719,#7742,#7743,#7744));
#7719 = ORIENTED_EDGE('',*,*,#7720,.T.);
#7720 = EDGE_CURVE('',#7721,#5519,#7723,.T.);
#7721 = VERTEX_POINT('',#7722);
#7722 = CARTESIAN_POINT('',(37.15,14.5,-12.8));
#7723 = SEAM_CURVE('',#7724,(#7728,#7735),.PCURVE_S1.);
#7724 = LINE('',#7725,#7726);
#7725 = CARTESIAN_POINT('',(37.15,14.5,-16.));
#7726 = VECTOR('',#7727,1.);
#7727 = DIRECTION('',(0.,0.,1.));
#7728 = PCURVE('',#5535,#7729);
#7729 = DEFINITIONAL_REPRESENTATION('',(#7730),#7734);
#7730 = LINE('',#7731,#7732);
#7731 = CARTESIAN_POINT('',(6.28318530718,1.));
#7732 = VECTOR('',#7733,1.);
#7733 = DIRECTION('',(0.,1.));
#7734 = ( GEOMETRIC_REPRESENTATION_CONTEXT(2) 
PARAMETRIC_REPRESENTATION_CONTEXT() REPRESENTATION_CONTEXT('2D SPACE',''
  ) );
#7735 = PCURVE('',#5535,#7736);
#7736 = DEFINITIONAL_REPRESENTATION('',(#7737),#7741);
#7737 = LINE('',#7738,#7739);
#7738 = CARTESIAN_POINT('',(4.138911435803E-13,1.));
#7739 = VECTOR('',#7740,1.);
#7740 = DIRECTION('',(0.,1.));
#7741 = ( GEOMETRIC_REPRESENTATION_CONTEXT(2) 
PARAMETRIC_REPRESENTATION_CONTEXT() REPRESENTATION_CONTEXT('2D SPACE',''
  ) );
#7742 = ORIENTED_EDGE('',*,*,#5518,.F.);
#7743 = ORIENTED_EDGE('',*,*,#7720,.F.);
#7744 = ORIENTED_EDGE('',*,*,#7745,.T.);
#7745 = EDGE_CURVE('',#7721,#7721,#7746,.T.);
#7746 = SURFACE_CURVE('',#7747,(#7752,#7759),.PCURVE_S1.);
#7747 = CIRCLE('',#7748,1.15);
#7748 = AXIS2_PLACEMENT_3D('',#7749,#7750,#7751);
#7749 = CARTESIAN_POINT('',(36.,14.5,-12.8));
#7750 = DIRECTION('',(0.,0.,1.));
#7751 = DIRECTION('',(1.,0.,-0.));
#7752 = PCURVE('',#5535,#7753);
#7753 = DEFINITIONAL_REPRESENTATION('',(#7754),#7758);
#7754 = LINE('',#7755,#7756);
#7755 = CARTESIAN_POINT('',(0.,4.2));
#7756 = VECTOR('',#7757,1.);
#7757 = DIRECTION('',(1.,0.));
#7758 = ( GEOMETRIC_REPRESENTATION_CONTEXT(2) 
PARAMETRIC_REPRESENTATION_CONTEXT() REPRESENTATION_CONTEXT('2D SPACE',''
  ) );
#7759 = PCURVE('',#7760,#7765);
#7760 = PLANE('',#7761);
#7761 = AXIS2_PLACEMENT_3D('',#7762,#7763,#7764);
#7762 = CARTESIAN_POINT('',(33.8,12.3,-12.8));
#7763 = DIRECTION('',(0.,0.,1.));
#7764 = DIRECTION('',(1.,0.,-0.));
#7765 = DEFINITIONAL_REPRESENTATION('',(#7766),#7770);
#7766 = CIRCLE('',#7767,1.15);
#7767 = AXIS2_PLACEMENT_2D('',#7768,#7769);
#7768 = CARTESIAN_POINT('',(2.2,2.2));
#7769 = DIRECTION('',(1.,0.));
#7770 = ( GEOMETRIC_REPRESENTATION_CONTEXT(2) 
PARAMETRIC_REPRESENTATION_CONTEXT() REPRESENTATION_CONTEXT('2D SPACE',''
  ) );
#7771 = ADVANCED_FACE('',(#7772),#5859,.F.);
#7772 = FACE_BOUND('',#7773,.F.);
#7773 = EDGE_LOOP('',(#7774,#7797,#7798,#7799));
#7774 = ORIENTED_EDGE('',*,*,#7775,.T.);
#7775 = EDGE_CURVE('',#7776,#5843,#7778,.T.);
#7776 = VERTEX_POINT('',#7777);
#7777 = CARTESIAN_POINT('',(-32.85,14.5,-12.8));
#7778 = SEAM_CURVE('',#7779,(#7783,#7790),.PCURVE_S1.);
#7779 = LINE('',#7780,#7781);
#7780 = CARTESIAN_POINT('',(-32.85,14.5,-16.));
#7781 = VECTOR('',#7782,1.);
#7782 = DIRECTION('',(0.,0.,1.));
#7783 = PCURVE('',#5859,#7784);
#7784 = DEFINITIONAL_REPRESENTATION('',(#7785),#7789);
#7785 = LINE('',#7786,#7787);
#7786 = CARTESIAN_POINT('',(6.28318530718,1.));
#7787 = VECTOR('',#7788,1.);
#7788 = DIRECTION('',(0.,1.));
#7789 = ( GEOMETRIC_REPRESENTATION_CONTEXT(2) 
PARAMETRIC_REPRESENTATION_CONTEXT() REPRESENTATION_CONTEXT('2D SPACE',''
  ) );
#7790 = PCURVE('',#5859,#7791);
#7791 = DEFINITIONAL_REPRESENTATION('',(#7792),#7796);
#7792 = LINE('',#7793,#7794);
#7793 = CARTESIAN_POINT('',(4.138911435803E-13,1.));
#7794 = VECTOR('',#7795,1.);
#7795 = DIRECTION('',(0.,1.));
#7796 = ( GEOMETRIC_REPRESENTATION_CONTEXT(2) 
PARAMETRIC_REPRESENTATION_CONTEXT() REPRESENTATION_CONTEXT('2D SPACE',''
  ) );
#7797 = ORIENTED_EDGE('',*,*,#5842,.F.);
#7798 = ORIENTED_EDGE('',*,*,#7775,.F.);
#7799 = ORIENTED_EDGE('',*,*,#7800,.T.);
#7800 = EDGE_CURVE('',#7776,#7776,#7801,.T.);
#7801 = SURFACE_CURVE('',#7802,(#7807,#7814),.PCURVE_S1.);
#7802 = CIRCLE('',#7803,1.15);
#7803 = AXIS2_PLACEMENT_3D('',#7804,#7805,#7806);
#7804 = CARTESIAN_POINT('',(-34.,14.5,-12.8));
#7805 = DIRECTION('',(0.,0.,1.));
#7806 = DIRECTION('',(1.,0.,-0.));
#7807 = PCURVE('',#5859,#7808);
#7808 = DEFINITIONAL_REPRESENTATION('',(#7809),#7813);
#7809 = LINE('',#7810,#7811);
#7810 = CARTESIAN_POINT('',(0.,4.2));
#7811 = VECTOR('',#7812,1.);
#7812 = DIRECTION('',(1.,0.));
#7813 = ( GEOMETRIC_REPRESENTATION_CONTEXT(2) 
PARAMETRIC_REPRESENTATION_CONTEXT() REPRESENTATION_CONTEXT('2D SPACE',''
  ) );
#7814 = PCURVE('',#7815,#7820);
#7815 = PLANE('',#7816);
#7816 = AXIS2_PLACEMENT_3D('',#7817,#7818,#7819);
#7817 = CARTESIAN_POINT('',(-36.2,12.3,-12.8));
#7818 = DIRECTION('',(0.,0.,1.));
#7819 = DIRECTION('',(1.,0.,-0.));
#7820 = DEFINITIONAL_REPRESENTATION('',(#7821),#7825);
#7821 = CIRCLE('',#7822,1.15);
#7822 = AXIS2_PLACEMENT_2D('',#7823,#7824);
#7823 = CARTESIAN_POINT('',(2.2,2.2));
#7824 = DIRECTION('',(1.,0.));
#7825 = ( GEOMETRIC_REPRESENTATION_CONTEXT(2) 
PARAMETRIC_REPRESENTATION_CONTEXT() REPRESENTATION_CONTEXT('2D SPACE',''
  ) );
#7826 = ADVANCED_FACE('',(#7827),#5892,.T.);
#7827 = FACE_BOUND('',#7828,.T.);
#7828 = EDGE_LOOP('',(#7829,#7830,#7831,#7832,#7833));
#7829 = ORIENTED_EDGE('',*,*,#7250,.F.);
#7830 = ORIENTED_EDGE('',*,*,#5874,.T.);
#7831 = ORIENTED_EDGE('',*,*,#5975,.T.);
#7832 = ORIENTED_EDGE('',*,*,#6049,.T.);
#7833 = ORIENTED_EDGE('',*,*,#6119,.T.);
#7834 = ADVANCED_FACE('',(#7835),#6394,.T.);
#7835 = FACE_BOUND('',#7836,.T.);
#7836 = EDGE_LOOP('',(#7837,#7858,#7859,#7860,#7881,#7882,#7883));
#7837 = ORIENTED_EDGE('',*,*,#7838,.F.);
#7838 = EDGE_CURVE('',#7503,#6379,#7839,.T.);
#7839 = SURFACE_CURVE('',#7840,(#7844,#7851),.PCURVE_S1.);
#7840 = LINE('',#7841,#7842);
#7841 = CARTESIAN_POINT('',(-30.,-25.,25.5));
#7842 = VECTOR('',#7843,1.);
#7843 = DIRECTION('',(1.,0.,0.));
#7844 = PCURVE('',#6394,#7845);
#7845 = DEFINITIONAL_REPRESENTATION('',(#7846),#7850);
#7846 = LINE('',#7847,#7848);
#7847 = CARTESIAN_POINT('',(0.,0.));
#7848 = VECTOR('',#7849,1.);
#7849 = DIRECTION('',(0.,1.));
#7850 = ( GEOMETRIC_REPRESENTATION_CONTEXT(2) 
PARAMETRIC_REPRESENTATION_CONTEXT() REPRESENTATION_CONTEXT('2D SPACE',''
  ) );
#7851 = PCURVE('',#6420,#7852);
#7852 = DEFINITIONAL_REPRESENTATION('',(#7853),#7857);
#7853 = LINE('',#7854,#7855);
#7854 = CARTESIAN_POINT('',(0.,0.));
#7855 = VECTOR('',#7856,1.);
#7856 = DIRECTION('',(1.,0.));
#7857 = ( GEOMETRIC_REPRESENTATION_CONTEXT(2) 
PARAMETRIC_REPRESENTATION_CONTEXT() REPRESENTATION_CONTEXT('2D SPACE',''
  ) );
#7858 = ORIENTED_EDGE('',*,*,#7502,.F.);
#7859 = ORIENTED_EDGE('',*,*,#7574,.F.);
#7860 = ORIENTED_EDGE('',*,*,#7861,.F.);
#7861 = EDGE_CURVE('',#6541,#7550,#7862,.T.);
#7862 = SURFACE_CURVE('',#7863,(#7867,#7874),.PCURVE_S1.);
#7863 = LINE('',#7864,#7865);
#7864 = CARTESIAN_POINT('',(22.,-25.,29.75));
#7865 = VECTOR('',#7866,1.);
#7866 = DIRECTION('',(0.,0.,-1.));
#7867 = PCURVE('',#6394,#7868);
#7868 = DEFINITIONAL_REPRESENTATION('',(#7869),#7873);
#7869 = LINE('',#7870,#7871);
#7870 = CARTESIAN_POINT('',(4.25,52.));
#7871 = VECTOR('',#7872,1.);
#7872 = DIRECTION('',(-1.,0.));
#7873 = ( GEOMETRIC_REPRESENTATION_CONTEXT(2) 
PARAMETRIC_REPRESENTATION_CONTEXT() REPRESENTATION_CONTEXT('2D SPACE',''
  ) );
#7874 = PCURVE('',#6556,#7875);
#7875 = DEFINITIONAL_REPRESENTATION('',(#7876),#7880);
#7876 = LINE('',#7877,#7878);
#7877 = CARTESIAN_POINT('',(-4.25,-3.));
#7878 = VECTOR('',#7879,1.);
#7879 = DIRECTION('',(-1.,0.));
#7880 = ( GEOMETRIC_REPRESENTATION_CONTEXT(2) 
PARAMETRIC_REPRESENTATION_CONTEXT() REPRESENTATION_CONTEXT('2D SPACE',''
  ) );
#7881 = ORIENTED_EDGE('',*,*,#6568,.T.);
#7882 = ORIENTED_EDGE('',*,*,#6436,.F.);
#7883 = ORIENTED_EDGE('',*,*,#6378,.T.);
#7884 = ADVANCED_FACE('',(#7885),#6420,.T.);
#7885 = FACE_BOUND('',#7886,.T.);
#7886 = EDGE_LOOP('',(#7887,#7888,#7889,#7890));
#7887 = ORIENTED_EDGE('',*,*,#7692,.T.);
#7888 = ORIENTED_EDGE('',*,*,#7525,.F.);
#7889 = ORIENTED_EDGE('',*,*,#7838,.T.);
#7890 = ORIENTED_EDGE('',*,*,#6406,.T.);
#7891 = ADVANCED_FACE('',(#7892),#6556,.F.);
#7892 = FACE_BOUND('',#7893,.F.);
#7893 = EDGE_LOOP('',(#7894,#7895,#7896,#7897));
#7894 = ORIENTED_EDGE('',*,*,#6540,.T.);
#7895 = ORIENTED_EDGE('',*,*,#7629,.F.);
#7896 = ORIENTED_EDGE('',*,*,#7549,.F.);
#7897 = ORIENTED_EDGE('',*,*,#7861,.F.);
#7898 = ADVANCED_FACE('',(#7899),#7133,.F.);
#7899 = FACE_BOUND('',#7900,.F.);
#7900 = EDGE_LOOP('',(#7901,#7924,#7925,#7926));
#7901 = ORIENTED_EDGE('',*,*,#7902,.T.);
#7902 = EDGE_CURVE('',#7903,#7117,#7905,.T.);
#7903 = VERTEX_POINT('',#7904);
#7904 = CARTESIAN_POINT('',(-32.85,-26.5,-14.6));
#7905 = SEAM_CURVE('',#7906,(#7910,#7917),.PCURVE_S1.);
#7906 = LINE('',#7907,#7908);
#7907 = CARTESIAN_POINT('',(-32.85,-26.5,-12.6));
#7908 = VECTOR('',#7909,1.);
#7909 = DIRECTION('',(0.,0.,-1.));
#7910 = PCURVE('',#7133,#7911);
#7911 = DEFINITIONAL_REPRESENTATION('',(#7912),#7916);
#7912 = LINE('',#7913,#7914);
#7913 = CARTESIAN_POINT('',(4.138911435803E-13,3.41));
#7914 = VECTOR('',#7915,1.);
#7915 = DIRECTION('',(-0.,-1.));
#7916 = ( GEOMETRIC_REPRESENTATION_CONTEXT(2) 
PARAMETRIC_REPRESENTATION_CONTEXT() REPRESENTATION_CONTEXT('2D SPACE',''
  ) );
#7917 = PCURVE('',#7133,#7918);
#7918 = DEFINITIONAL_REPRESENTATION('',(#7919),#7923);
#7919 = LINE('',#7920,#7921);
#7920 = CARTESIAN_POINT('',(6.28318530718,3.41));
#7921 = VECTOR('',#7922,1.);
#7922 = DIRECTION('',(-0.,-1.));
#7923 = ( GEOMETRIC_REPRESENTATION_CONTEXT(2) 
PARAMETRIC_REPRESENTATION_CONTEXT() REPRESENTATION_CONTEXT('2D SPACE',''
  ) );
#7924 = ORIENTED_EDGE('',*,*,#7116,.T.);
#7925 = ORIENTED_EDGE('',*,*,#7902,.F.);
#7926 = ORIENTED_EDGE('',*,*,#7927,.F.);
#7927 = EDGE_CURVE('',#7903,#7903,#7928,.T.);
#7928 = SURFACE_CURVE('',#7929,(#7934,#7941),.PCURVE_S1.);
#7929 = CIRCLE('',#7930,1.15);
#7930 = AXIS2_PLACEMENT_3D('',#7931,#7932,#7933);
#7931 = CARTESIAN_POINT('',(-34.,-26.5,-14.6));
#7932 = DIRECTION('',(0.,0.,1.));
#7933 = DIRECTION('',(1.,0.,-0.));
#7934 = PCURVE('',#7133,#7935);
#7935 = DEFINITIONAL_REPRESENTATION('',(#7936),#7940);
#7936 = LINE('',#7937,#7938);
#7937 = CARTESIAN_POINT('',(0.,1.41));
#7938 = VECTOR('',#7939,1.);
#7939 = DIRECTION('',(1.,0.));
#7940 = ( GEOMETRIC_REPRESENTATION_CONTEXT(2) 
PARAMETRIC_REPRESENTATION_CONTEXT() REPRESENTATION_CONTEXT('2D SPACE',''
  ) );
#7941 = PCURVE('',#7942,#7947);
#7942 = PLANE('',#7943);
#7943 = AXIS2_PLACEMENT_3D('',#7944,#7945,#7946);
#7944 = CARTESIAN_POINT('',(-36.2,-28.7,-14.6));
#7945 = DIRECTION('',(0.,0.,1.));
#7946 = DIRECTION('',(1.,0.,-0.));
#7947 = DEFINITIONAL_REPRESENTATION('',(#7948),#7952);
#7948 = CIRCLE('',#7949,1.15);
#7949 = AXIS2_PLACEMENT_2D('',#7950,#7951);
#7950 = CARTESIAN_POINT('',(2.2,2.2));
#7951 = DIRECTION('',(1.,0.));
#7952 = ( GEOMETRIC_REPRESENTATION_CONTEXT(2) 
PARAMETRIC_REPRESENTATION_CONTEXT() REPRESENTATION_CONTEXT('2D SPACE',''
  ) );
#7953 = ADVANCED_FACE('',(#7954),#7168,.F.);
#7954 = FACE_BOUND('',#7955,.F.);
#7955 = EDGE_LOOP('',(#7956,#7979,#7980,#7981));
#7956 = ORIENTED_EDGE('',*,*,#7957,.T.);
#7957 = EDGE_CURVE('',#7958,#7152,#7960,.T.);
#7958 = VERTEX_POINT('',#7959);
#7959 = CARTESIAN_POINT('',(37.15,-26.5,-14.6));
#7960 = SEAM_CURVE('',#7961,(#7965,#7972),.PCURVE_S1.);
#7961 = LINE('',#7962,#7963);
#7962 = CARTESIAN_POINT('',(37.15,-26.5,-12.6));
#7963 = VECTOR('',#7964,1.);
#7964 = DIRECTION('',(0.,-1.044915787883E-15,-1.));
#7965 = PCURVE('',#7168,#7966);
#7966 = DEFINITIONAL_REPRESENTATION('',(#7967),#7971);
#7967 = LINE('',#7968,#7969);
#7968 = CARTESIAN_POINT('',(4.138911435803E-13,3.41));
#7969 = VECTOR('',#7970,1.);
#7970 = DIRECTION('',(-0.,-1.));
#7971 = ( GEOMETRIC_REPRESENTATION_CONTEXT(2) 
PARAMETRIC_REPRESENTATION_CONTEXT() REPRESENTATION_CONTEXT('2D SPACE',''
  ) );
#7972 = PCURVE('',#7168,#7973);
#7973 = DEFINITIONAL_REPRESENTATION('',(#7974),#7978);
#7974 = LINE('',#7975,#7976);
#7975 = CARTESIAN_POINT('',(6.28318530718,3.41));
#7976 = VECTOR('',#7977,1.);
#7977 = DIRECTION('',(-0.,-1.));
#7978 = ( GEOMETRIC_REPRESENTATION_CONTEXT(2) 
PARAMETRIC_REPRESENTATION_CONTEXT() REPRESENTATION_CONTEXT('2D SPACE',''
  ) );
#7979 = ORIENTED_EDGE('',*,*,#7151,.T.);
#7980 = ORIENTED_EDGE('',*,*,#7957,.F.);
#7981 = ORIENTED_EDGE('',*,*,#7982,.F.);
#7982 = EDGE_CURVE('',#7958,#7958,#7983,.T.);
#7983 = SURFACE_CURVE('',#7984,(#7989,#7996),.PCURVE_S1.);
#7984 = CIRCLE('',#7985,1.15);
#7985 = AXIS2_PLACEMENT_3D('',#7986,#7987,#7988);
#7986 = CARTESIAN_POINT('',(36.,-26.5,-14.6));
#7987 = DIRECTION('',(0.,0.,1.));
#7988 = DIRECTION('',(1.,0.,-0.));
#7989 = PCURVE('',#7168,#7990);
#7990 = DEFINITIONAL_REPRESENTATION('',(#7991),#7995);
#7991 = LINE('',#7992,#7993);
#7992 = CARTESIAN_POINT('',(0.,1.41));
#7993 = VECTOR('',#7994,1.);
#7994 = DIRECTION('',(1.,0.));
#7995 = ( GEOMETRIC_REPRESENTATION_CONTEXT(2) 
PARAMETRIC_REPRESENTATION_CONTEXT() REPRESENTATION_CONTEXT('2D SPACE',''
  ) );
#7996 = PCURVE('',#7997,#8002);
#7997 = PLANE('',#7998);
#7998 = AXIS2_PLACEMENT_3D('',#7999,#8000,#8001);
#7999 = CARTESIAN_POINT('',(33.8,-28.7,-14.6));
#8000 = DIRECTION('',(0.,0.,1.));
#8001 = DIRECTION('',(1.,0.,-0.));
#8002 = DEFINITIONAL_REPRESENTATION('',(#8003),#8007);
#8003 = CIRCLE('',#8004,1.15);
#8004 = AXIS2_PLACEMENT_2D('',#8005,#8006);
#8005 = CARTESIAN_POINT('',(2.2,2.2));
#8006 = DIRECTION('',(1.,0.));
#8007 = ( GEOMETRIC_REPRESENTATION_CONTEXT(2) 
PARAMETRIC_REPRESENTATION_CONTEXT() REPRESENTATION_CONTEXT('2D SPACE',''
  ) );
#8008 = ADVANCED_FACE('',(#8009),#7203,.F.);
#8009 = FACE_BOUND('',#8010,.F.);
#8010 = EDGE_LOOP('',(#8011,#8040,#8061,#8062));
#8011 = ORIENTED_EDGE('',*,*,#8012,.F.);
#8012 = EDGE_CURVE('',#8013,#8013,#8015,.T.);
#8013 = VERTEX_POINT('',#8014);
#8014 = CARTESIAN_POINT('',(-32.85,14.5,-14.6));
#8015 = SURFACE_CURVE('',#8016,(#8021,#8028),.PCURVE_S1.);
#8016 = CIRCLE('',#8017,1.15);
#8017 = AXIS2_PLACEMENT_3D('',#8018,#8019,#8020);
#8018 = CARTESIAN_POINT('',(-34.,14.5,-14.6));
#8019 = DIRECTION('',(0.,0.,1.));
#8020 = DIRECTION('',(1.,0.,-0.));
#8021 = PCURVE('',#7203,#8022);
#8022 = DEFINITIONAL_REPRESENTATION('',(#8023),#8027);
#8023 = LINE('',#8024,#8025);
#8024 = CARTESIAN_POINT('',(0.,2.4));
#8025 = VECTOR('',#8026,1.);
#8026 = DIRECTION('',(1.,0.));
#8027 = ( GEOMETRIC_REPRESENTATION_CONTEXT(2) 
PARAMETRIC_REPRESENTATION_CONTEXT() REPRESENTATION_CONTEXT('2D SPACE',''
  ) );
#8028 = PCURVE('',#8029,#8034);
#8029 = PLANE('',#8030);
#8030 = AXIS2_PLACEMENT_3D('',#8031,#8032,#8033);
#8031 = CARTESIAN_POINT('',(-36.2,12.3,-14.6));
#8032 = DIRECTION('',(0.,0.,1.));
#8033 = DIRECTION('',(1.,0.,-0.));
#8034 = DEFINITIONAL_REPRESENTATION('',(#8035),#8039);
#8035 = CIRCLE('',#8036,1.15);
#8036 = AXIS2_PLACEMENT_2D('',#8037,#8038);
#8037 = CARTESIAN_POINT('',(2.2,2.2));
#8038 = DIRECTION('',(1.,0.));
#8039 = ( GEOMETRIC_REPRESENTATION_CONTEXT(2) 
PARAMETRIC_REPRESENTATION_CONTEXT() REPRESENTATION_CONTEXT('2D SPACE',''
  ) );
#8040 = ORIENTED_EDGE('',*,*,#8041,.F.);
#8041 = EDGE_CURVE('',#7187,#8013,#8042,.T.);
#8042 = SEAM_CURVE('',#8043,(#8047,#8054),.PCURVE_S1.);
#8043 = LINE('',#8044,#8045);
#8044 = CARTESIAN_POINT('',(-32.85,14.5,-16.));
#8045 = VECTOR('',#8046,1.);
#8046 = DIRECTION('',(0.,0.,1.));
#8047 = PCURVE('',#7203,#8048);
#8048 = DEFINITIONAL_REPRESENTATION('',(#8049),#8053);
#8049 = LINE('',#8050,#8051);
#8050 = CARTESIAN_POINT('',(0.,1.));
#8051 = VECTOR('',#8052,1.);
#8052 = DIRECTION('',(0.,1.));
#8053 = ( GEOMETRIC_REPRESENTATION_CONTEXT(2) 
PARAMETRIC_REPRESENTATION_CONTEXT() REPRESENTATION_CONTEXT('2D SPACE',''
  ) );
#8054 = PCURVE('',#7203,#8055);
#8055 = DEFINITIONAL_REPRESENTATION('',(#8056),#8060);
#8056 = LINE('',#8057,#8058);
#8057 = CARTESIAN_POINT('',(6.28318530718,1.));
#8058 = VECTOR('',#8059,1.);
#8059 = DIRECTION('',(0.,1.));
#8060 = ( GEOMETRIC_REPRESENTATION_CONTEXT(2) 
PARAMETRIC_REPRESENTATION_CONTEXT() REPRESENTATION_CONTEXT('2D SPACE',''
  ) );
#8061 = ORIENTED_EDGE('',*,*,#7186,.T.);
#8062 = ORIENTED_EDGE('',*,*,#8041,.T.);
#8063 = ADVANCED_FACE('',(#8064),#7299,.F.);
#8064 = FACE_BOUND('',#8065,.F.);
#8065 = EDGE_LOOP('',(#8066,#8095,#8116,#8117));
#8066 = ORIENTED_EDGE('',*,*,#8067,.T.);
#8067 = EDGE_CURVE('',#8068,#8068,#8070,.T.);
#8068 = VERTEX_POINT('',#8069);
#8069 = CARTESIAN_POINT('',(-32.85,-26.5,-12.8));
#8070 = SURFACE_CURVE('',#8071,(#8076,#8083),.PCURVE_S1.);
#8071 = CIRCLE('',#8072,1.15);
#8072 = AXIS2_PLACEMENT_3D('',#8073,#8074,#8075);
#8073 = CARTESIAN_POINT('',(-34.,-26.5,-12.8));
#8074 = DIRECTION('',(0.,0.,1.));
#8075 = DIRECTION('',(1.,0.,-0.));
#8076 = PCURVE('',#7299,#8077);
#8077 = DEFINITIONAL_REPRESENTATION('',(#8078),#8082);
#8078 = LINE('',#8079,#8080);
#8079 = CARTESIAN_POINT('',(0.,3.21));
#8080 = VECTOR('',#8081,1.);
#8081 = DIRECTION('',(1.,0.));
#8082 = ( GEOMETRIC_REPRESENTATION_CONTEXT(2) 
PARAMETRIC_REPRESENTATION_CONTEXT() REPRESENTATION_CONTEXT('2D SPACE',''
  ) );
#8083 = PCURVE('',#8084,#8089);
#8084 = PLANE('',#8085);
#8085 = AXIS2_PLACEMENT_3D('',#8086,#8087,#8088);
#8086 = CARTESIAN_POINT('',(-36.2,-28.7,-12.8));
#8087 = DIRECTION('',(0.,0.,1.));
#8088 = DIRECTION('',(1.,0.,-0.));
#8089 = DEFINITIONAL_REPRESENTATION('',(#8090),#8094);
#8090 = CIRCLE('',#8091,1.15);
#8091 = AXIS2_PLACEMENT_2D('',#8092,#8093);
#8092 = CARTESIAN_POINT('',(2.2,2.2));
#8093 = DIRECTION('',(1.,0.));
#8094 = ( GEOMETRIC_REPRESENTATION_CONTEXT(2) 
PARAMETRIC_REPRESENTATION_CONTEXT() REPRESENTATION_CONTEXT('2D SPACE',''
  ) );
#8095 = ORIENTED_EDGE('',*,*,#8096,.F.);
#8096 = EDGE_CURVE('',#7283,#8068,#8097,.T.);
#8097 = SEAM_CURVE('',#8098,(#8102,#8109),.PCURVE_S1.);
#8098 = LINE('',#8099,#8100);
#8099 = CARTESIAN_POINT('',(-32.85,-26.5,-12.6));
#8100 = VECTOR('',#8101,1.);
#8101 = DIRECTION('',(0.,0.,-1.));
#8102 = PCURVE('',#7299,#8103);
#8103 = DEFINITIONAL_REPRESENTATION('',(#8104),#8108);
#8104 = LINE('',#8105,#8106);
#8105 = CARTESIAN_POINT('',(6.28318530718,3.41));
#8106 = VECTOR('',#8107,1.);
#8107 = DIRECTION('',(-0.,-1.));
#8108 = ( GEOMETRIC_REPRESENTATION_CONTEXT(2) 
PARAMETRIC_REPRESENTATION_CONTEXT() REPRESENTATION_CONTEXT('2D SPACE',''
  ) );
#8109 = PCURVE('',#7299,#8110);
#8110 = DEFINITIONAL_REPRESENTATION('',(#8111),#8115);
#8111 = LINE('',#8112,#8113);
#8112 = CARTESIAN_POINT('',(0.,3.41));
#8113 = VECTOR('',#8114,1.);
#8114 = DIRECTION('',(-0.,-1.));
#8115 = ( GEOMETRIC_REPRESENTATION_CONTEXT(2) 
PARAMETRIC_REPRESENTATION_CONTEXT() REPRESENTATION_CONTEXT('2D SPACE',''
  ) );
#8116 = ORIENTED_EDGE('',*,*,#7282,.F.);
#8117 = ORIENTED_EDGE('',*,*,#8096,.T.);
#8118 = ADVANCED_FACE('',(#8119),#7390,.F.);
#8119 = FACE_BOUND('',#8120,.F.);
#8120 = EDGE_LOOP('',(#8121,#8150,#8171,#8172));
#8121 = ORIENTED_EDGE('',*,*,#8122,.T.);
#8122 = EDGE_CURVE('',#8123,#8123,#8125,.T.);
#8123 = VERTEX_POINT('',#8124);
#8124 = CARTESIAN_POINT('',(37.15,-26.5,-12.8));
#8125 = SURFACE_CURVE('',#8126,(#8131,#8138),.PCURVE_S1.);
#8126 = CIRCLE('',#8127,1.15);
#8127 = AXIS2_PLACEMENT_3D('',#8128,#8129,#8130);
#8128 = CARTESIAN_POINT('',(36.,-26.5,-12.8));
#8129 = DIRECTION('',(0.,0.,1.));
#8130 = DIRECTION('',(1.,0.,-0.));
#8131 = PCURVE('',#7390,#8132);
#8132 = DEFINITIONAL_REPRESENTATION('',(#8133),#8137);
#8133 = LINE('',#8134,#8135);
#8134 = CARTESIAN_POINT('',(0.,3.21));
#8135 = VECTOR('',#8136,1.);
#8136 = DIRECTION('',(1.,0.));
#8137 = ( GEOMETRIC_REPRESENTATION_CONTEXT(2) 
PARAMETRIC_REPRESENTATION_CONTEXT() REPRESENTATION_CONTEXT('2D SPACE',''
  ) );
#8138 = PCURVE('',#8139,#8144);
#8139 = PLANE('',#8140);
#8140 = AXIS2_PLACEMENT_3D('',#8141,#8142,#8143);
#8141 = CARTESIAN_POINT('',(33.8,-28.7,-12.8));
#8142 = DIRECTION('',(0.,0.,1.));
#8143 = DIRECTION('',(1.,0.,-0.));
#8144 = DEFINITIONAL_REPRESENTATION('',(#8145),#8149);
#8145 = CIRCLE('',#8146,1.15);
#8146 = AXIS2_PLACEMENT_2D('',#8147,#8148);
#8147 = CARTESIAN_POINT('',(2.2,2.2));
#8148 = DIRECTION('',(1.,0.));
#8149 = ( GEOMETRIC_REPRESENTATION_CONTEXT(2) 
PARAMETRIC_REPRESENTATION_CONTEXT() REPRESENTATION_CONTEXT('2D SPACE',''
  ) );
#8150 = ORIENTED_EDGE('',*,*,#8151,.F.);
#8151 = EDGE_CURVE('',#7374,#8123,#8152,.T.);
#8152 = SEAM_CURVE('',#8153,(#8157,#8164),.PCURVE_S1.);
#8153 = LINE('',#8154,#8155);
#8154 = CARTESIAN_POINT('',(37.15,-26.5,-12.6));
#8155 = VECTOR('',#8156,1.);
#8156 = DIRECTION('',(0.,-1.044915787883E-15,-1.));
#8157 = PCURVE('',#7390,#8158);
#8158 = DEFINITIONAL_REPRESENTATION('',(#8159),#8163);
#8159 = LINE('',#8160,#8161);
#8160 = CARTESIAN_POINT('',(6.28318530718,3.41));
#8161 = VECTOR('',#8162,1.);
#8162 = DIRECTION('',(-0.,-1.));
#8163 = ( GEOMETRIC_REPRESENTATION_CONTEXT(2) 
PARAMETRIC_REPRESENTATION_CONTEXT() REPRESENTATION_CONTEXT('2D SPACE',''
  ) );
#8164 = PCURVE('',#7390,#8165);
#8165 = DEFINITIONAL_REPRESENTATION('',(#8166),#8170);
#8166 = LINE('',#8167,#8168);
#8167 = CARTESIAN_POINT('',(0.,3.41));
#8168 = VECTOR('',#8169,1.);
#8169 = DIRECTION('',(-0.,-1.));
#8170 = ( GEOMETRIC_REPRESENTATION_CONTEXT(2) 
PARAMETRIC_REPRESENTATION_CONTEXT() REPRESENTATION_CONTEXT('2D SPACE',''
  ) );
#8171 = ORIENTED_EDGE('',*,*,#7373,.F.);
#8172 = ORIENTED_EDGE('',*,*,#8151,.T.);
#8173 = ADVANCED_FACE('',(#8174),#7673,.F.);
#8174 = FACE_BOUND('',#8175,.F.);
#8175 = EDGE_LOOP('',(#8176,#8205,#8226,#8227));
#8176 = ORIENTED_EDGE('',*,*,#8177,.F.);
#8177 = EDGE_CURVE('',#8178,#8178,#8180,.T.);
#8178 = VERTEX_POINT('',#8179);
#8179 = CARTESIAN_POINT('',(37.15,14.5,-14.6));
#8180 = SURFACE_CURVE('',#8181,(#8186,#8193),.PCURVE_S1.);
#8181 = CIRCLE('',#8182,1.15);
#8182 = AXIS2_PLACEMENT_3D('',#8183,#8184,#8185);
#8183 = CARTESIAN_POINT('',(36.,14.5,-14.6));
#8184 = DIRECTION('',(0.,0.,1.));
#8185 = DIRECTION('',(1.,0.,-0.));
#8186 = PCURVE('',#7673,#8187);
#8187 = DEFINITIONAL_REPRESENTATION('',(#8188),#8192);
#8188 = LINE('',#8189,#8190);
#8189 = CARTESIAN_POINT('',(0.,2.4));
#8190 = VECTOR('',#8191,1.);
#8191 = DIRECTION('',(1.,0.));
#8192 = ( GEOMETRIC_REPRESENTATION_CONTEXT(2) 
PARAMETRIC_REPRESENTATION_CONTEXT() REPRESENTATION_CONTEXT('2D SPACE',''
  ) );
#8193 = PCURVE('',#8194,#8199);
#8194 = PLANE('',#8195);
#8195 = AXIS2_PLACEMENT_3D('',#8196,#8197,#8198);
#8196 = CARTESIAN_POINT('',(33.8,12.3,-14.6));
#8197 = DIRECTION('',(0.,0.,1.));
#8198 = DIRECTION('',(1.,0.,-0.));
#8199 = DEFINITIONAL_REPRESENTATION('',(#8200),#8204);
#8200 = CIRCLE('',#8201,1.15);
#8201 = AXIS2_PLACEMENT_2D('',#8202,#8203);
#8202 = CARTESIAN_POINT('',(2.2,2.2));
#8203 = DIRECTION('',(1.,0.));
#8204 = ( GEOMETRIC_REPRESENTATION_CONTEXT(2) 
PARAMETRIC_REPRESENTATION_CONTEXT() REPRESENTATION_CONTEXT('2D SPACE',''
  ) );
#8205 = ORIENTED_EDGE('',*,*,#8206,.F.);
#8206 = EDGE_CURVE('',#7657,#8178,#8207,.T.);
#8207 = SEAM_CURVE('',#8208,(#8212,#8219),.PCURVE_S1.);
#8208 = LINE('',#8209,#8210);
#8209 = CARTESIAN_POINT('',(37.15,14.5,-16.));
#8210 = VECTOR('',#8211,1.);
#8211 = DIRECTION('',(0.,0.,1.));
#8212 = PCURVE('',#7673,#8213);
#8213 = DEFINITIONAL_REPRESENTATION('',(#8214),#8218);
#8214 = LINE('',#8215,#8216);
#8215 = CARTESIAN_POINT('',(0.,1.));
#8216 = VECTOR('',#8217,1.);
#8217 = DIRECTION('',(0.,1.));
#8218 = ( GEOMETRIC_REPRESENTATION_CONTEXT(2) 
PARAMETRIC_REPRESENTATION_CONTEXT() REPRESENTATION_CONTEXT('2D SPACE',''
  ) );
#8219 = PCURVE('',#7673,#8220);
#8220 = DEFINITIONAL_REPRESENTATION('',(#8221),#8225);
#8221 = LINE('',#8222,#8223);
#8222 = CARTESIAN_POINT('',(6.28318530718,1.));
#8223 = VECTOR('',#8224,1.);
#8224 = DIRECTION('',(0.,1.));
#8225 = ( GEOMETRIC_REPRESENTATION_CONTEXT(2) 
PARAMETRIC_REPRESENTATION_CONTEXT() REPRESENTATION_CONTEXT('2D SPACE',''
  ) );
#8226 = ORIENTED_EDGE('',*,*,#7656,.T.);
#8227 = ORIENTED_EDGE('',*,*,#8206,.T.);
#8228 = ADVANCED_FACE('',(#8229,#8343),#7760,.F.);
#8229 = FACE_BOUND('',#8230,.F.);
#8230 = EDGE_LOOP('',(#8231,#8261,#8289,#8317));
#8231 = ORIENTED_EDGE('',*,*,#8232,.F.);
#8232 = EDGE_CURVE('',#8233,#8235,#8237,.T.);
#8233 = VERTEX_POINT('',#8234);
#8234 = CARTESIAN_POINT('',(33.8,12.3,-12.8));
#8235 = VERTEX_POINT('',#8236);
#8236 = CARTESIAN_POINT('',(33.8,16.7,-12.8));
#8237 = SURFACE_CURVE('',#8238,(#8242,#8249),.PCURVE_S1.);
#8238 = LINE('',#8239,#8240);
#8239 = CARTESIAN_POINT('',(33.8,12.3,-12.8));
#8240 = VECTOR('',#8241,1.);
#8241 = DIRECTION('',(0.,1.,0.));
#8242 = PCURVE('',#7760,#8243);
#8243 = DEFINITIONAL_REPRESENTATION('',(#8244),#8248);
#8244 = LINE('',#8245,#8246);
#8245 = CARTESIAN_POINT('',(0.,0.));
#8246 = VECTOR('',#8247,1.);
#8247 = DIRECTION('',(0.,1.));
#8248 = ( GEOMETRIC_REPRESENTATION_CONTEXT(2) 
PARAMETRIC_REPRESENTATION_CONTEXT() REPRESENTATION_CONTEXT('2D SPACE',''
  ) );
#8249 = PCURVE('',#8250,#8255);
#8250 = PLANE('',#8251);
#8251 = AXIS2_PLACEMENT_3D('',#8252,#8253,#8254);
#8252 = CARTESIAN_POINT('',(33.8,12.3,-14.6));
#8253 = DIRECTION('',(1.,0.,0.));
#8254 = DIRECTION('',(0.,0.,1.));
#8255 = DEFINITIONAL_REPRESENTATION('',(#8256),#8260);
#8256 = LINE('',#8257,#8258);
#8257 = CARTESIAN_POINT('',(1.8,0.));
#8258 = VECTOR('',#8259,1.);
#8259 = DIRECTION('',(0.,-1.));
#8260 = ( GEOMETRIC_REPRESENTATION_CONTEXT(2) 
PARAMETRIC_REPRESENTATION_CONTEXT() REPRESENTATION_CONTEXT('2D SPACE',''
  ) );
#8261 = ORIENTED_EDGE('',*,*,#8262,.T.);
#8262 = EDGE_CURVE('',#8233,#8263,#8265,.T.);
#8263 = VERTEX_POINT('',#8264);
#8264 = CARTESIAN_POINT('',(38.2,12.3,-12.8));
#8265 = SURFACE_CURVE('',#8266,(#8270,#8277),.PCURVE_S1.);
#8266 = LINE('',#8267,#8268);
#8267 = CARTESIAN_POINT('',(33.8,12.3,-12.8));
#8268 = VECTOR('',#8269,1.);
#8269 = DIRECTION('',(1.,0.,0.));
#8270 = PCURVE('',#7760,#8271);
#8271 = DEFINITIONAL_REPRESENTATION('',(#8272),#8276);
#8272 = LINE('',#8273,#8274);
#8273 = CARTESIAN_POINT('',(0.,0.));
#8274 = VECTOR('',#8275,1.);
#8275 = DIRECTION('',(1.,0.));
#8276 = ( GEOMETRIC_REPRESENTATION_CONTEXT(2) 
PARAMETRIC_REPRESENTATION_CONTEXT() REPRESENTATION_CONTEXT('2D SPACE',''
  ) );
#8277 = PCURVE('',#8278,#8283);
#8278 = PLANE('',#8279);
#8279 = AXIS2_PLACEMENT_3D('',#8280,#8281,#8282);
#8280 = CARTESIAN_POINT('',(33.8,12.3,-14.6));
#8281 = DIRECTION('',(0.,1.,0.));
#8282 = DIRECTION('',(0.,-0.,1.));
#8283 = DEFINITIONAL_REPRESENTATION('',(#8284),#8288);
#8284 = LINE('',#8285,#8286);
#8285 = CARTESIAN_POINT('',(1.8,0.));
#8286 = VECTOR('',#8287,1.);
#8287 = DIRECTION('',(0.,1.));
#8288 = ( GEOMETRIC_REPRESENTATION_CONTEXT(2) 
PARAMETRIC_REPRESENTATION_CONTEXT() REPRESENTATION_CONTEXT('2D SPACE',''
  ) );
#8289 = ORIENTED_EDGE('',*,*,#8290,.T.);
#8290 = EDGE_CURVE('',#8263,#8291,#8293,.T.);
#8291 = VERTEX_POINT('',#8292);
#8292 = CARTESIAN_POINT('',(38.2,16.7,-12.8));
#8293 = SURFACE_CURVE('',#8294,(#8298,#8305),.PCURVE_S1.);
#8294 = LINE('',#8295,#8296);
#8295 = CARTESIAN_POINT('',(38.2,12.3,-12.8));
#8296 = VECTOR('',#8297,1.);
#8297 = DIRECTION('',(0.,1.,0.));
#8298 = PCURVE('',#7760,#8299);
#8299 = DEFINITIONAL_REPRESENTATION('',(#8300),#8304);
#8300 = LINE('',#8301,#8302);
#8301 = CARTESIAN_POINT('',(4.4,0.));
#8302 = VECTOR('',#8303,1.);
#8303 = DIRECTION('',(0.,1.));
#8304 = ( GEOMETRIC_REPRESENTATION_CONTEXT(2) 
PARAMETRIC_REPRESENTATION_CONTEXT() REPRESENTATION_CONTEXT('2D SPACE',''
  ) );
#8305 = PCURVE('',#8306,#8311);
#8306 = PLANE('',#8307);
#8307 = AXIS2_PLACEMENT_3D('',#8308,#8309,#8310);
#8308 = CARTESIAN_POINT('',(38.2,12.3,-14.6));
#8309 = DIRECTION('',(1.,0.,0.));
#8310 = DIRECTION('',(0.,0.,1.));
#8311 = DEFINITIONAL_REPRESENTATION('',(#8312),#8316);
#8312 = LINE('',#8313,#8314);
#8313 = CARTESIAN_POINT('',(1.8,0.));
#8314 = VECTOR('',#8315,1.);
#8315 = DIRECTION('',(0.,-1.));
#8316 = ( GEOMETRIC_REPRESENTATION_CONTEXT(2) 
PARAMETRIC_REPRESENTATION_CONTEXT() REPRESENTATION_CONTEXT('2D SPACE',''
  ) );
#8317 = ORIENTED_EDGE('',*,*,#8318,.F.);
#8318 = EDGE_CURVE('',#8235,#8291,#8319,.T.);
#8319 = SURFACE_CURVE('',#8320,(#8324,#8331),.PCURVE_S1.);
#8320 = LINE('',#8321,#8322);
#8321 = CARTESIAN_POINT('',(33.8,16.7,-12.8));
#8322 = VECTOR('',#8323,1.);
#8323 = DIRECTION('',(1.,0.,0.));
#8324 = PCURVE('',#7760,#8325);
#8325 = DEFINITIONAL_REPRESENTATION('',(#8326),#8330);
#8326 = LINE('',#8327,#8328);
#8327 = CARTESIAN_POINT('',(0.,4.4));
#8328 = VECTOR('',#8329,1.);
#8329 = DIRECTION('',(1.,0.));
#8330 = ( GEOMETRIC_REPRESENTATION_CONTEXT(2) 
PARAMETRIC_REPRESENTATION_CONTEXT() REPRESENTATION_CONTEXT('2D SPACE',''
  ) );
#8331 = PCURVE('',#8332,#8337);
#8332 = PLANE('',#8333);
#8333 = AXIS2_PLACEMENT_3D('',#8334,#8335,#8336);
#8334 = CARTESIAN_POINT('',(33.8,16.7,-14.6));
#8335 = DIRECTION('',(0.,1.,0.));
#8336 = DIRECTION('',(0.,-0.,1.));
#8337 = DEFINITIONAL_REPRESENTATION('',(#8338),#8342);
#8338 = LINE('',#8339,#8340);
#8339 = CARTESIAN_POINT('',(1.8,0.));
#8340 = VECTOR('',#8341,1.);
#8341 = DIRECTION('',(0.,1.));
#8342 = ( GEOMETRIC_REPRESENTATION_CONTEXT(2) 
PARAMETRIC_REPRESENTATION_CONTEXT() REPRESENTATION_CONTEXT('2D SPACE',''
  ) );
#8343 = FACE_BOUND('',#8344,.F.);
#8344 = EDGE_LOOP('',(#8345));
#8345 = ORIENTED_EDGE('',*,*,#7745,.F.);
#8346 = ADVANCED_FACE('',(#8347,#8461),#7815,.F.);
#8347 = FACE_BOUND('',#8348,.F.);
#8348 = EDGE_LOOP('',(#8349,#8379,#8407,#8435));
#8349 = ORIENTED_EDGE('',*,*,#8350,.F.);
#8350 = EDGE_CURVE('',#8351,#8353,#8355,.T.);
#8351 = VERTEX_POINT('',#8352);
#8352 = CARTESIAN_POINT('',(-36.2,12.3,-12.8));
#8353 = VERTEX_POINT('',#8354);
#8354 = CARTESIAN_POINT('',(-36.2,16.7,-12.8));
#8355 = SURFACE_CURVE('',#8356,(#8360,#8367),.PCURVE_S1.);
#8356 = LINE('',#8357,#8358);
#8357 = CARTESIAN_POINT('',(-36.2,12.3,-12.8));
#8358 = VECTOR('',#8359,1.);
#8359 = DIRECTION('',(0.,1.,0.));
#8360 = PCURVE('',#7815,#8361);
#8361 = DEFINITIONAL_REPRESENTATION('',(#8362),#8366);
#8362 = LINE('',#8363,#8364);
#8363 = CARTESIAN_POINT('',(0.,0.));
#8364 = VECTOR('',#8365,1.);
#8365 = DIRECTION('',(0.,1.));
#8366 = ( GEOMETRIC_REPRESENTATION_CONTEXT(2) 
PARAMETRIC_REPRESENTATION_CONTEXT() REPRESENTATION_CONTEXT('2D SPACE',''
  ) );
#8367 = PCURVE('',#8368,#8373);
#8368 = PLANE('',#8369);
#8369 = AXIS2_PLACEMENT_3D('',#8370,#8371,#8372);
#8370 = CARTESIAN_POINT('',(-36.2,12.3,-14.6));
#8371 = DIRECTION('',(1.,0.,0.));
#8372 = DIRECTION('',(0.,0.,1.));
#8373 = DEFINITIONAL_REPRESENTATION('',(#8374),#8378);
#8374 = LINE('',#8375,#8376);
#8375 = CARTESIAN_POINT('',(1.8,0.));
#8376 = VECTOR('',#8377,1.);
#8377 = DIRECTION('',(0.,-1.));
#8378 = ( GEOMETRIC_REPRESENTATION_CONTEXT(2) 
PARAMETRIC_REPRESENTATION_CONTEXT() REPRESENTATION_CONTEXT('2D SPACE',''
  ) );
#8379 = ORIENTED_EDGE('',*,*,#8380,.T.);
#8380 = EDGE_CURVE('',#8351,#8381,#8383,.T.);
#8381 = VERTEX_POINT('',#8382);
#8382 = CARTESIAN_POINT('',(-31.8,12.3,-12.8));
#8383 = SURFACE_CURVE('',#8384,(#8388,#8395),.PCURVE_S1.);
#8384 = LINE('',#8385,#8386);
#8385 = CARTESIAN_POINT('',(-36.2,12.3,-12.8));
#8386 = VECTOR('',#8387,1.);
#8387 = DIRECTION('',(1.,0.,0.));
#8388 = PCURVE('',#7815,#8389);
#8389 = DEFINITIONAL_REPRESENTATION('',(#8390),#8394);
#8390 = LINE('',#8391,#8392);
#8391 = CARTESIAN_POINT('',(0.,0.));
#8392 = VECTOR('',#8393,1.);
#8393 = DIRECTION('',(1.,0.));
#8394 = ( GEOMETRIC_REPRESENTATION_CONTEXT(2) 
PARAMETRIC_REPRESENTATION_CONTEXT() REPRESENTATION_CONTEXT('2D SPACE',''
  ) );
#8395 = PCURVE('',#8396,#8401);
#8396 = PLANE('',#8397);
#8397 = AXIS2_PLACEMENT_3D('',#8398,#8399,#8400);
#8398 = CARTESIAN_POINT('',(-36.2,12.3,-14.6));
#8399 = DIRECTION('',(0.,1.,0.));
#8400 = DIRECTION('',(0.,-0.,1.));
#8401 = DEFINITIONAL_REPRESENTATION('',(#8402),#8406);
#8402 = LINE('',#8403,#8404);
#8403 = CARTESIAN_POINT('',(1.8,0.));
#8404 = VECTOR('',#8405,1.);
#8405 = DIRECTION('',(0.,1.));
#8406 = ( GEOMETRIC_REPRESENTATION_CONTEXT(2) 
PARAMETRIC_REPRESENTATION_CONTEXT() REPRESENTATION_CONTEXT('2D SPACE',''
  ) );
#8407 = ORIENTED_EDGE('',*,*,#8408,.T.);
#8408 = EDGE_CURVE('',#8381,#8409,#8411,.T.);
#8409 = VERTEX_POINT('',#8410);
#8410 = CARTESIAN_POINT('',(-31.8,16.7,-12.8));
#8411 = SURFACE_CURVE('',#8412,(#8416,#8423),.PCURVE_S1.);
#8412 = LINE('',#8413,#8414);
#8413 = CARTESIAN_POINT('',(-31.8,12.3,-12.8));
#8414 = VECTOR('',#8415,1.);
#8415 = DIRECTION('',(0.,1.,0.));
#8416 = PCURVE('',#7815,#8417);
#8417 = DEFINITIONAL_REPRESENTATION('',(#8418),#8422);
#8418 = LINE('',#8419,#8420);
#8419 = CARTESIAN_POINT('',(4.4,0.));
#8420 = VECTOR('',#8421,1.);
#8421 = DIRECTION('',(0.,1.));
#8422 = ( GEOMETRIC_REPRESENTATION_CONTEXT(2) 
PARAMETRIC_REPRESENTATION_CONTEXT() REPRESENTATION_CONTEXT('2D SPACE',''
  ) );
#8423 = PCURVE('',#8424,#8429);
#8424 = PLANE('',#8425);
#8425 = AXIS2_PLACEMENT_3D('',#8426,#8427,#8428);
#8426 = CARTESIAN_POINT('',(-31.8,12.3,-14.6));
#8427 = DIRECTION('',(1.,0.,0.));
#8428 = DIRECTION('',(0.,0.,1.));
#8429 = DEFINITIONAL_REPRESENTATION('',(#8430),#8434);
#8430 = LINE('',#8431,#8432);
#8431 = CARTESIAN_POINT('',(1.8,0.));
#8432 = VECTOR('',#8433,1.);
#8433 = DIRECTION('',(0.,-1.));
#8434 = ( GEOMETRIC_REPRESENTATION_CONTEXT(2) 
PARAMETRIC_REPRESENTATION_CONTEXT() REPRESENTATION_CONTEXT('2D SPACE',''
  ) );
#8435 = ORIENTED_EDGE('',*,*,#8436,.F.);
#8436 = EDGE_CURVE('',#8353,#8409,#8437,.T.);
#8437 = SURFACE_CURVE('',#8438,(#8442,#8449),.PCURVE_S1.);
#8438 = LINE('',#8439,#8440);
#8439 = CARTESIAN_POINT('',(-36.2,16.7,-12.8));
#8440 = VECTOR('',#8441,1.);
#8441 = DIRECTION('',(1.,0.,0.));
#8442 = PCURVE('',#7815,#8443);
#8443 = DEFINITIONAL_REPRESENTATION('',(#8444),#8448);
#8444 = LINE('',#8445,#8446);
#8445 = CARTESIAN_POINT('',(0.,4.4));
#8446 = VECTOR('',#8447,1.);
#8447 = DIRECTION('',(1.,0.));
#8448 = ( GEOMETRIC_REPRESENTATION_CONTEXT(2) 
PARAMETRIC_REPRESENTATION_CONTEXT() REPRESENTATION_CONTEXT('2D SPACE',''
  ) );
#8449 = PCURVE('',#8450,#8455);
#8450 = PLANE('',#8451);
#8451 = AXIS2_PLACEMENT_3D('',#8452,#8453,#8454);
#8452 = CARTESIAN_POINT('',(-36.2,16.7,-14.6));
#8453 = DIRECTION('',(0.,1.,0.));
#8454 = DIRECTION('',(0.,-0.,1.));
#8455 = DEFINITIONAL_REPRESENTATION('',(#8456),#8460);
#8456 = LINE('',#8457,#8458);
#8457 = CARTESIAN_POINT('',(1.8,0.));
#8458 = VECTOR('',#8459,1.);
#8459 = DIRECTION('',(0.,1.));
#8460 = ( GEOMETRIC_REPRESENTATION_CONTEXT(2) 
PARAMETRIC_REPRESENTATION_CONTEXT() REPRESENTATION_CONTEXT('2D SPACE',''
  ) );
#8461 = FACE_BOUND('',#8462,.F.);
#8462 = EDGE_LOOP('',(#8463));
#8463 = ORIENTED_EDGE('',*,*,#7800,.F.);
#8464 = ADVANCED_FACE('',(#8465,#8579),#7942,.T.);
#8465 = FACE_BOUND('',#8466,.T.);
#8466 = EDGE_LOOP('',(#8467,#8497,#8525,#8553));
#8467 = ORIENTED_EDGE('',*,*,#8468,.F.);
#8468 = EDGE_CURVE('',#8469,#8471,#8473,.T.);
#8469 = VERTEX_POINT('',#8470);
#8470 = CARTESIAN_POINT('',(-36.2,-28.7,-14.6));
#8471 = VERTEX_POINT('',#8472);
#8472 = CARTESIAN_POINT('',(-36.2,-24.3,-14.6));
#8473 = SURFACE_CURVE('',#8474,(#8478,#8485),.PCURVE_S1.);
#8474 = LINE('',#8475,#8476);
#8475 = CARTESIAN_POINT('',(-36.2,-28.7,-14.6));
#8476 = VECTOR('',#8477,1.);
#8477 = DIRECTION('',(0.,1.,0.));
#8478 = PCURVE('',#7942,#8479);
#8479 = DEFINITIONAL_REPRESENTATION('',(#8480),#8484);
#8480 = LINE('',#8481,#8482);
#8481 = CARTESIAN_POINT('',(0.,0.));
#8482 = VECTOR('',#8483,1.);
#8483 = DIRECTION('',(0.,1.));
#8484 = ( GEOMETRIC_REPRESENTATION_CONTEXT(2) 
PARAMETRIC_REPRESENTATION_CONTEXT() REPRESENTATION_CONTEXT('2D SPACE',''
  ) );
#8485 = PCURVE('',#8486,#8491);
#8486 = PLANE('',#8487);
#8487 = AXIS2_PLACEMENT_3D('',#8488,#8489,#8490);
#8488 = CARTESIAN_POINT('',(-36.2,-28.7,-14.6));
#8489 = DIRECTION('',(1.,0.,0.));
#8490 = DIRECTION('',(0.,0.,1.));
#8491 = DEFINITIONAL_REPRESENTATION('',(#8492),#8496);
#8492 = LINE('',#8493,#8494);
#8493 = CARTESIAN_POINT('',(0.,0.));
#8494 = VECTOR('',#8495,1.);
#8495 = DIRECTION('',(0.,-1.));
#8496 = ( GEOMETRIC_REPRESENTATION_CONTEXT(2) 
PARAMETRIC_REPRESENTATION_CONTEXT() REPRESENTATION_CONTEXT('2D SPACE',''
  ) );
#8497 = ORIENTED_EDGE('',*,*,#8498,.T.);
#8498 = EDGE_CURVE('',#8469,#8499,#8501,.T.);
#8499 = VERTEX_POINT('',#8500);
#8500 = CARTESIAN_POINT('',(-31.8,-28.7,-14.6));
#8501 = SURFACE_CURVE('',#8502,(#8506,#8513),.PCURVE_S1.);
#8502 = LINE('',#8503,#8504);
#8503 = CARTESIAN_POINT('',(-36.2,-28.7,-14.6));
#8504 = VECTOR('',#8505,1.);
#8505 = DIRECTION('',(1.,0.,0.));
#8506 = PCURVE('',#7942,#8507);
#8507 = DEFINITIONAL_REPRESENTATION('',(#8508),#8512);
#8508 = LINE('',#8509,#8510);
#8509 = CARTESIAN_POINT('',(0.,0.));
#8510 = VECTOR('',#8511,1.);
#8511 = DIRECTION('',(1.,0.));
#8512 = ( GEOMETRIC_REPRESENTATION_CONTEXT(2) 
PARAMETRIC_REPRESENTATION_CONTEXT() REPRESENTATION_CONTEXT('2D SPACE',''
  ) );
#8513 = PCURVE('',#8514,#8519);
#8514 = PLANE('',#8515);
#8515 = AXIS2_PLACEMENT_3D('',#8516,#8517,#8518);
#8516 = CARTESIAN_POINT('',(-36.2,-28.7,-14.6));
#8517 = DIRECTION('',(0.,1.,0.));
#8518 = DIRECTION('',(0.,-0.,1.));
#8519 = DEFINITIONAL_REPRESENTATION('',(#8520),#8524);
#8520 = LINE('',#8521,#8522);
#8521 = CARTESIAN_POINT('',(0.,0.));
#8522 = VECTOR('',#8523,1.);
#8523 = DIRECTION('',(0.,1.));
#8524 = ( GEOMETRIC_REPRESENTATION_CONTEXT(2) 
PARAMETRIC_REPRESENTATION_CONTEXT() REPRESENTATION_CONTEXT('2D SPACE',''
  ) );
#8525 = ORIENTED_EDGE('',*,*,#8526,.T.);
#8526 = EDGE_CURVE('',#8499,#8527,#8529,.T.);
#8527 = VERTEX_POINT('',#8528);
#8528 = CARTESIAN_POINT('',(-31.8,-24.3,-14.6));
#8529 = SURFACE_CURVE('',#8530,(#8534,#8541),.PCURVE_S1.);
#8530 = LINE('',#8531,#8532);
#8531 = CARTESIAN_POINT('',(-31.8,-28.7,-14.6));
#8532 = VECTOR('',#8533,1.);
#8533 = DIRECTION('',(0.,1.,0.));
#8534 = PCURVE('',#7942,#8535);
#8535 = DEFINITIONAL_REPRESENTATION('',(#8536),#8540);
#8536 = LINE('',#8537,#8538);
#8537 = CARTESIAN_POINT('',(4.4,0.));
#8538 = VECTOR('',#8539,1.);
#8539 = DIRECTION('',(0.,1.));
#8540 = ( GEOMETRIC_REPRESENTATION_CONTEXT(2) 
PARAMETRIC_REPRESENTATION_CONTEXT() REPRESENTATION_CONTEXT('2D SPACE',''
  ) );
#8541 = PCURVE('',#8542,#8547);
#8542 = PLANE('',#8543);
#8543 = AXIS2_PLACEMENT_3D('',#8544,#8545,#8546);
#8544 = CARTESIAN_POINT('',(-31.8,-28.7,-14.6));
#8545 = DIRECTION('',(1.,0.,0.));
#8546 = DIRECTION('',(0.,0.,1.));
#8547 = DEFINITIONAL_REPRESENTATION('',(#8548),#8552);
#8548 = LINE('',#8549,#8550);
#8549 = CARTESIAN_POINT('',(0.,0.));
#8550 = VECTOR('',#8551,1.);
#8551 = DIRECTION('',(0.,-1.));
#8552 = ( GEOMETRIC_REPRESENTATION_CONTEXT(2) 
PARAMETRIC_REPRESENTATION_CONTEXT() REPRESENTATION_CONTEXT('2D SPACE',''
  ) );
#8553 = ORIENTED_EDGE('',*,*,#8554,.F.);
#8554 = EDGE_CURVE('',#8471,#8527,#8555,.T.);
#8555 = SURFACE_CURVE('',#8556,(#8560,#8567),.PCURVE_S1.);
#8556 = LINE('',#8557,#8558);
#8557 = CARTESIAN_POINT('',(-36.2,-24.3,-14.6));
#8558 = VECTOR('',#8559,1.);
#8559 = DIRECTION('',(1.,0.,0.));
#8560 = PCURVE('',#7942,#8561);
#8561 = DEFINITIONAL_REPRESENTATION('',(#8562),#8566);
#8562 = LINE('',#8563,#8564);
#8563 = CARTESIAN_POINT('',(0.,4.4));
#8564 = VECTOR('',#8565,1.);
#8565 = DIRECTION('',(1.,0.));
#8566 = ( GEOMETRIC_REPRESENTATION_CONTEXT(2) 
PARAMETRIC_REPRESENTATION_CONTEXT() REPRESENTATION_CONTEXT('2D SPACE',''
  ) );
#8567 = PCURVE('',#8568,#8573);
#8568 = PLANE('',#8569);
#8569 = AXIS2_PLACEMENT_3D('',#8570,#8571,#8572);
#8570 = CARTESIAN_POINT('',(-36.2,-24.3,-14.6));
#8571 = DIRECTION('',(0.,1.,0.));
#8572 = DIRECTION('',(0.,-0.,1.));
#8573 = DEFINITIONAL_REPRESENTATION('',(#8574),#8578);
#8574 = LINE('',#8575,#8576);
#8575 = CARTESIAN_POINT('',(0.,0.));
#8576 = VECTOR('',#8577,1.);
#8577 = DIRECTION('',(0.,1.));
#8578 = ( GEOMETRIC_REPRESENTATION_CONTEXT(2) 
PARAMETRIC_REPRESENTATION_CONTEXT() REPRESENTATION_CONTEXT('2D SPACE',''
  ) );
#8579 = FACE_BOUND('',#8580,.T.);
#8580 = EDGE_LOOP('',(#8581));
#8581 = ORIENTED_EDGE('',*,*,#7927,.F.);
#8582 = ADVANCED_FACE('',(#8583,#8697),#7997,.T.);
#8583 = FACE_BOUND('',#8584,.T.);
#8584 = EDGE_LOOP('',(#8585,#8615,#8643,#8671));
#8585 = ORIENTED_EDGE('',*,*,#8586,.F.);
#8586 = EDGE_CURVE('',#8587,#8589,#8591,.T.);
#8587 = VERTEX_POINT('',#8588);
#8588 = CARTESIAN_POINT('',(33.8,-28.7,-14.6));
#8589 = VERTEX_POINT('',#8590);
#8590 = CARTESIAN_POINT('',(33.8,-24.3,-14.6));
#8591 = SURFACE_CURVE('',#8592,(#8596,#8603),.PCURVE_S1.);
#8592 = LINE('',#8593,#8594);
#8593 = CARTESIAN_POINT('',(33.8,-28.7,-14.6));
#8594 = VECTOR('',#8595,1.);
#8595 = DIRECTION('',(0.,1.,0.));
#8596 = PCURVE('',#7997,#8597);
#8597 = DEFINITIONAL_REPRESENTATION('',(#8598),#8602);
#8598 = LINE('',#8599,#8600);
#8599 = CARTESIAN_POINT('',(0.,0.));
#8600 = VECTOR('',#8601,1.);
#8601 = DIRECTION('',(0.,1.));
#8602 = ( GEOMETRIC_REPRESENTATION_CONTEXT(2) 
PARAMETRIC_REPRESENTATION_CONTEXT() REPRESENTATION_CONTEXT('2D SPACE',''
  ) );
#8603 = PCURVE('',#8604,#8609);
#8604 = PLANE('',#8605);
#8605 = AXIS2_PLACEMENT_3D('',#8606,#8607,#8608);
#8606 = CARTESIAN_POINT('',(33.8,-28.7,-14.6));
#8607 = DIRECTION('',(1.,0.,0.));
#8608 = DIRECTION('',(0.,0.,1.));
#8609 = DEFINITIONAL_REPRESENTATION('',(#8610),#8614);
#8610 = LINE('',#8611,#8612);
#8611 = CARTESIAN_POINT('',(0.,0.));
#8612 = VECTOR('',#8613,1.);
#8613 = DIRECTION('',(0.,-1.));
#8614 = ( GEOMETRIC_REPRESENTATION_CONTEXT(2) 
PARAMETRIC_REPRESENTATION_CONTEXT() REPRESENTATION_CONTEXT('2D SPACE',''
  ) );
#8615 = ORIENTED_EDGE('',*,*,#8616,.T.);
#8616 = EDGE_CURVE('',#8587,#8617,#8619,.T.);
#8617 = VERTEX_POINT('',#8618);
#8618 = CARTESIAN_POINT('',(38.2,-28.7,-14.6));
#8619 = SURFACE_CURVE('',#8620,(#8624,#8631),.PCURVE_S1.);
#8620 = LINE('',#8621,#8622);
#8621 = CARTESIAN_POINT('',(33.8,-28.7,-14.6));
#8622 = VECTOR('',#8623,1.);
#8623 = DIRECTION('',(1.,0.,0.));
#8624 = PCURVE('',#7997,#8625);
#8625 = DEFINITIONAL_REPRESENTATION('',(#8626),#8630);
#8626 = LINE('',#8627,#8628);
#8627 = CARTESIAN_POINT('',(0.,0.));
#8628 = VECTOR('',#8629,1.);
#8629 = DIRECTION('',(1.,0.));
#8630 = ( GEOMETRIC_REPRESENTATION_CONTEXT(2) 
PARAMETRIC_REPRESENTATION_CONTEXT() REPRESENTATION_CONTEXT('2D SPACE',''
  ) );
#8631 = PCURVE('',#8632,#8637);
#8632 = PLANE('',#8633);
#8633 = AXIS2_PLACEMENT_3D('',#8634,#8635,#8636);
#8634 = CARTESIAN_POINT('',(33.8,-28.7,-14.6));
#8635 = DIRECTION('',(0.,1.,0.));
#8636 = DIRECTION('',(0.,-0.,1.));
#8637 = DEFINITIONAL_REPRESENTATION('',(#8638),#8642);
#8638 = LINE('',#8639,#8640);
#8639 = CARTESIAN_POINT('',(0.,0.));
#8640 = VECTOR('',#8641,1.);
#8641 = DIRECTION('',(0.,1.));
#8642 = ( GEOMETRIC_REPRESENTATION_CONTEXT(2) 
PARAMETRIC_REPRESENTATION_CONTEXT() REPRESENTATION_CONTEXT('2D SPACE',''
  ) );
#8643 = ORIENTED_EDGE('',*,*,#8644,.T.);
#8644 = EDGE_CURVE('',#8617,#8645,#8647,.T.);
#8645 = VERTEX_POINT('',#8646);
#8646 = CARTESIAN_POINT('',(38.2,-24.3,-14.6));
#8647 = SURFACE_CURVE('',#8648,(#8652,#8659),.PCURVE_S1.);
#8648 = LINE('',#8649,#8650);
#8649 = CARTESIAN_POINT('',(38.2,-28.7,-14.6));
#8650 = VECTOR('',#8651,1.);
#8651 = DIRECTION('',(0.,1.,0.));
#8652 = PCURVE('',#7997,#8653);
#8653 = DEFINITIONAL_REPRESENTATION('',(#8654),#8658);
#8654 = LINE('',#8655,#8656);
#8655 = CARTESIAN_POINT('',(4.4,0.));
#8656 = VECTOR('',#8657,1.);
#8657 = DIRECTION('',(0.,1.));
#8658 = ( GEOMETRIC_REPRESENTATION_CONTEXT(2) 
PARAMETRIC_REPRESENTATION_CONTEXT() REPRESENTATION_CONTEXT('2D SPACE',''
  ) );
#8659 = PCURVE('',#8660,#8665);
#8660 = PLANE('',#8661);
#8661 = AXIS2_PLACEMENT_3D('',#8662,#8663,#8664);
#8662 = CARTESIAN_POINT('',(38.2,-28.7,-14.6));
#8663 = DIRECTION('',(1.,0.,0.));
#8664 = DIRECTION('',(0.,0.,1.));
#8665 = DEFINITIONAL_REPRESENTATION('',(#8666),#8670);
#8666 = LINE('',#8667,#8668);
#8667 = CARTESIAN_POINT('',(0.,0.));
#8668 = VECTOR('',#8669,1.);
#8669 = DIRECTION('',(0.,-1.));
#8670 = ( GEOMETRIC_REPRESENTATION_CONTEXT(2) 
PARAMETRIC_REPRESENTATION_CONTEXT() REPRESENTATION_CONTEXT('2D SPACE',''
  ) );
#8671 = ORIENTED_EDGE('',*,*,#8672,.F.);
#8672 = EDGE_CURVE('',#8589,#8645,#8673,.T.);
#8673 = SURFACE_CURVE('',#8674,(#8678,#8685),.PCURVE_S1.);
#8674 = LINE('',#8675,#8676);
#8675 = CARTESIAN_POINT('',(33.8,-24.3,-14.6));
#8676 = VECTOR('',#8677,1.);
#8677 = DIRECTION('',(1.,0.,0.));
#8678 = PCURVE('',#7997,#8679);
#8679 = DEFINITIONAL_REPRESENTATION('',(#8680),#8684);
#8680 = LINE('',#8681,#8682);
#8681 = CARTESIAN_POINT('',(0.,4.4));
#8682 = VECTOR('',#8683,1.);
#8683 = DIRECTION('',(1.,0.));
#8684 = ( GEOMETRIC_REPRESENTATION_CONTEXT(2) 
PARAMETRIC_REPRESENTATION_CONTEXT() REPRESENTATION_CONTEXT('2D SPACE',''
  ) );
#8685 = PCURVE('',#8686,#8691);
#8686 = PLANE('',#8687);
#8687 = AXIS2_PLACEMENT_3D('',#8688,#8689,#8690);
#8688 = CARTESIAN_POINT('',(33.8,-24.3,-14.6));
#8689 = DIRECTION('',(0.,1.,0.));
#8690 = DIRECTION('',(0.,-0.,1.));
#8691 = DEFINITIONAL_REPRESENTATION('',(#8692),#8696);
#8692 = LINE('',#8693,#8694);
#8693 = CARTESIAN_POINT('',(0.,0.));
#8694 = VECTOR('',#8695,1.);
#8695 = DIRECTION('',(0.,1.));
#8696 = ( GEOMETRIC_REPRESENTATION_CONTEXT(2) 
PARAMETRIC_REPRESENTATION_CONTEXT() REPRESENTATION_CONTEXT('2D SPACE',''
  ) );
#8697 = FACE_BOUND('',#8698,.T.);
#8698 = EDGE_LOOP('',(#8699));
#8699 = ORIENTED_EDGE('',*,*,#7982,.F.);
#8700 = ADVANCED_FACE('',(#8701,#8795),#8029,.T.);
#8701 = FACE_BOUND('',#8702,.T.);
#8702 = EDGE_LOOP('',(#8703,#8728,#8751,#8774));
#8703 = ORIENTED_EDGE('',*,*,#8704,.F.);
#8704 = EDGE_CURVE('',#8705,#8707,#8709,.T.);
#8705 = VERTEX_POINT('',#8706);
#8706 = CARTESIAN_POINT('',(-36.2,12.3,-14.6));
#8707 = VERTEX_POINT('',#8708);
#8708 = CARTESIAN_POINT('',(-36.2,16.7,-14.6));
#8709 = SURFACE_CURVE('',#8710,(#8714,#8721),.PCURVE_S1.);
#8710 = LINE('',#8711,#8712);
#8711 = CARTESIAN_POINT('',(-36.2,12.3,-14.6));
#8712 = VECTOR('',#8713,1.);
#8713 = DIRECTION('',(0.,1.,0.));
#8714 = PCURVE('',#8029,#8715);
#8715 = DEFINITIONAL_REPRESENTATION('',(#8716),#8720);
#8716 = LINE('',#8717,#8718);
#8717 = CARTESIAN_POINT('',(0.,0.));
#8718 = VECTOR('',#8719,1.);
#8719 = DIRECTION('',(0.,1.));
#8720 = ( GEOMETRIC_REPRESENTATION_CONTEXT(2) 
PARAMETRIC_REPRESENTATION_CONTEXT() REPRESENTATION_CONTEXT('2D SPACE',''
  ) );
#8721 = PCURVE('',#8368,#8722);
#8722 = DEFINITIONAL_REPRESENTATION('',(#8723),#8727);
#8723 = LINE('',#8724,#8725);
#8724 = CARTESIAN_POINT('',(0.,0.));
#8725 = VECTOR('',#8726,1.);
#8726 = DIRECTION('',(0.,-1.));
#8727 = ( GEOMETRIC_REPRESENTATION_CONTEXT(2) 
PARAMETRIC_REPRESENTATION_CONTEXT() REPRESENTATION_CONTEXT('2D SPACE',''
  ) );
#8728 = ORIENTED_EDGE('',*,*,#8729,.T.);
#8729 = EDGE_CURVE('',#8705,#8730,#8732,.T.);
#8730 = VERTEX_POINT('',#8731);
#8731 = CARTESIAN_POINT('',(-31.8,12.3,-14.6));
#8732 = SURFACE_CURVE('',#8733,(#8737,#8744),.PCURVE_S1.);
#8733 = LINE('',#8734,#8735);
#8734 = CARTESIAN_POINT('',(-36.2,12.3,-14.6));
#8735 = VECTOR('',#8736,1.);
#8736 = DIRECTION('',(1.,0.,0.));
#8737 = PCURVE('',#8029,#8738);
#8738 = DEFINITIONAL_REPRESENTATION('',(#8739),#8743);
#8739 = LINE('',#8740,#8741);
#8740 = CARTESIAN_POINT('',(0.,0.));
#8741 = VECTOR('',#8742,1.);
#8742 = DIRECTION('',(1.,0.));
#8743 = ( GEOMETRIC_REPRESENTATION_CONTEXT(2) 
PARAMETRIC_REPRESENTATION_CONTEXT() REPRESENTATION_CONTEXT('2D SPACE',''
  ) );
#8744 = PCURVE('',#8396,#8745);
#8745 = DEFINITIONAL_REPRESENTATION('',(#8746),#8750);
#8746 = LINE('',#8747,#8748);
#8747 = CARTESIAN_POINT('',(0.,0.));
#8748 = VECTOR('',#8749,1.);
#8749 = DIRECTION('',(0.,1.));
#8750 = ( GEOMETRIC_REPRESENTATION_CONTEXT(2) 
PARAMETRIC_REPRESENTATION_CONTEXT() REPRESENTATION_CONTEXT('2D SPACE',''
  ) );
#8751 = ORIENTED_EDGE('',*,*,#8752,.T.);
#8752 = EDGE_CURVE('',#8730,#8753,#8755,.T.);
#8753 = VERTEX_POINT('',#8754);
#8754 = CARTESIAN_POINT('',(-31.8,16.7,-14.6));
#8755 = SURFACE_CURVE('',#8756,(#8760,#8767),.PCURVE_S1.);
#8756 = LINE('',#8757,#8758);
#8757 = CARTESIAN_POINT('',(-31.8,12.3,-14.6));
#8758 = VECTOR('',#8759,1.);
#8759 = DIRECTION('',(0.,1.,0.));
#8760 = PCURVE('',#8029,#8761);
#8761 = DEFINITIONAL_REPRESENTATION('',(#8762),#8766);
#8762 = LINE('',#8763,#8764);
#8763 = CARTESIAN_POINT('',(4.4,0.));
#8764 = VECTOR('',#8765,1.);
#8765 = DIRECTION('',(0.,1.));
#8766 = ( GEOMETRIC_REPRESENTATION_CONTEXT(2) 
PARAMETRIC_REPRESENTATION_CONTEXT() REPRESENTATION_CONTEXT('2D SPACE',''
  ) );
#8767 = PCURVE('',#8424,#8768);
#8768 = DEFINITIONAL_REPRESENTATION('',(#8769),#8773);
#8769 = LINE('',#8770,#8771);
#8770 = CARTESIAN_POINT('',(0.,0.));
#8771 = VECTOR('',#8772,1.);
#8772 = DIRECTION('',(0.,-1.));
#8773 = ( GEOMETRIC_REPRESENTATION_CONTEXT(2) 
PARAMETRIC_REPRESENTATION_CONTEXT() REPRESENTATION_CONTEXT('2D SPACE',''
  ) );
#8774 = ORIENTED_EDGE('',*,*,#8775,.F.);
#8775 = EDGE_CURVE('',#8707,#8753,#8776,.T.);
#8776 = SURFACE_CURVE('',#8777,(#8781,#8788),.PCURVE_S1.);
#8777 = LINE('',#8778,#8779);
#8778 = CARTESIAN_POINT('',(-36.2,16.7,-14.6));
#8779 = VECTOR('',#8780,1.);
#8780 = DIRECTION('',(1.,0.,0.));
#8781 = PCURVE('',#8029,#8782);
#8782 = DEFINITIONAL_REPRESENTATION('',(#8783),#8787);
#8783 = LINE('',#8784,#8785);
#8784 = CARTESIAN_POINT('',(0.,4.4));
#8785 = VECTOR('',#8786,1.);
#8786 = DIRECTION('',(1.,0.));
#8787 = ( GEOMETRIC_REPRESENTATION_CONTEXT(2) 
PARAMETRIC_REPRESENTATION_CONTEXT() REPRESENTATION_CONTEXT('2D SPACE',''
  ) );
#8788 = PCURVE('',#8450,#8789);
#8789 = DEFINITIONAL_REPRESENTATION('',(#8790),#8794);
#8790 = LINE('',#8791,#8792);
#8791 = CARTESIAN_POINT('',(0.,0.));
#8792 = VECTOR('',#8793,1.);
#8793 = DIRECTION('',(0.,1.));
#8794 = ( GEOMETRIC_REPRESENTATION_CONTEXT(2) 
PARAMETRIC_REPRESENTATION_CONTEXT() REPRESENTATION_CONTEXT('2D SPACE',''
  ) );
#8795 = FACE_BOUND('',#8796,.T.);
#8796 = EDGE_LOOP('',(#8797));
#8797 = ORIENTED_EDGE('',*,*,#8012,.F.);
#8798 = ADVANCED_FACE('',(#8799,#8893),#8084,.F.);
#8799 = FACE_BOUND('',#8800,.F.);
#8800 = EDGE_LOOP('',(#8801,#8826,#8849,#8872));
#8801 = ORIENTED_EDGE('',*,*,#8802,.F.);
#8802 = EDGE_CURVE('',#8803,#8805,#8807,.T.);
#8803 = VERTEX_POINT('',#8804);
#8804 = CARTESIAN_POINT('',(-36.2,-28.7,-12.8));
#8805 = VERTEX_POINT('',#8806);
#8806 = CARTESIAN_POINT('',(-36.2,-24.3,-12.8));
#8807 = SURFACE_CURVE('',#8808,(#8812,#8819),.PCURVE_S1.);
#8808 = LINE('',#8809,#8810);
#8809 = CARTESIAN_POINT('',(-36.2,-28.7,-12.8));
#8810 = VECTOR('',#8811,1.);
#8811 = DIRECTION('',(0.,1.,0.));
#8812 = PCURVE('',#8084,#8813);
#8813 = DEFINITIONAL_REPRESENTATION('',(#8814),#8818);
#8814 = LINE('',#8815,#8816);
#8815 = CARTESIAN_POINT('',(0.,0.));
#8816 = VECTOR('',#8817,1.);
#8817 = DIRECTION('',(0.,1.));
#8818 = ( GEOMETRIC_REPRESENTATION_CONTEXT(2) 
PARAMETRIC_REPRESENTATION_CONTEXT() REPRESENTATION_CONTEXT('2D SPACE',''
  ) );
#8819 = PCURVE('',#8486,#8820);
#8820 = DEFINITIONAL_REPRESENTATION('',(#8821),#8825);
#8821 = LINE('',#8822,#8823);
#8822 = CARTESIAN_POINT('',(1.8,0.));
#8823 = VECTOR('',#8824,1.);
#8824 = DIRECTION('',(0.,-1.));
#8825 = ( GEOMETRIC_REPRESENTATION_CONTEXT(2) 
PARAMETRIC_REPRESENTATION_CONTEXT() REPRESENTATION_CONTEXT('2D SPACE',''
  ) );
#8826 = ORIENTED_EDGE('',*,*,#8827,.T.);
#8827 = EDGE_CURVE('',#8803,#8828,#8830,.T.);
#8828 = VERTEX_POINT('',#8829);
#8829 = CARTESIAN_POINT('',(-31.8,-28.7,-12.8));
#8830 = SURFACE_CURVE('',#8831,(#8835,#8842),.PCURVE_S1.);
#8831 = LINE('',#8832,#8833);
#8832 = CARTESIAN_POINT('',(-36.2,-28.7,-12.8));
#8833 = VECTOR('',#8834,1.);
#8834 = DIRECTION('',(1.,0.,0.));
#8835 = PCURVE('',#8084,#8836);
#8836 = DEFINITIONAL_REPRESENTATION('',(#8837),#8841);
#8837 = LINE('',#8838,#8839);
#8838 = CARTESIAN_POINT('',(0.,0.));
#8839 = VECTOR('',#8840,1.);
#8840 = DIRECTION('',(1.,0.));
#8841 = ( GEOMETRIC_REPRESENTATION_CONTEXT(2) 
PARAMETRIC_REPRESENTATION_CONTEXT() REPRESENTATION_CONTEXT('2D SPACE',''
  ) );
#8842 = PCURVE('',#8514,#8843);
#8843 = DEFINITIONAL_REPRESENTATION('',(#8844),#8848);
#8844 = LINE('',#8845,#8846);
#8845 = CARTESIAN_POINT('',(1.8,0.));
#8846 = VECTOR('',#8847,1.);
#8847 = DIRECTION('',(0.,1.));
#8848 = ( GEOMETRIC_REPRESENTATION_CONTEXT(2) 
PARAMETRIC_REPRESENTATION_CONTEXT() REPRESENTATION_CONTEXT('2D SPACE',''
  ) );
#8849 = ORIENTED_EDGE('',*,*,#8850,.T.);
#8850 = EDGE_CURVE('',#8828,#8851,#8853,.T.);
#8851 = VERTEX_POINT('',#8852);
#8852 = CARTESIAN_POINT('',(-31.8,-24.3,-12.8));
#8853 = SURFACE_CURVE('',#8854,(#8858,#8865),.PCURVE_S1.);
#8854 = LINE('',#8855,#8856);
#8855 = CARTESIAN_POINT('',(-31.8,-28.7,-12.8));
#8856 = VECTOR('',#8857,1.);
#8857 = DIRECTION('',(0.,1.,0.));
#8858 = PCURVE('',#8084,#8859);
#8859 = DEFINITIONAL_REPRESENTATION('',(#8860),#8864);
#8860 = LINE('',#8861,#8862);
#8861 = CARTESIAN_POINT('',(4.4,0.));
#8862 = VECTOR('',#8863,1.);
#8863 = DIRECTION('',(0.,1.));
#8864 = ( GEOMETRIC_REPRESENTATION_CONTEXT(2) 
PARAMETRIC_REPRESENTATION_CONTEXT() REPRESENTATION_CONTEXT('2D SPACE',''
  ) );
#8865 = PCURVE('',#8542,#8866);
#8866 = DEFINITIONAL_REPRESENTATION('',(#8867),#8871);
#8867 = LINE('',#8868,#8869);
#8868 = CARTESIAN_POINT('',(1.8,0.));
#8869 = VECTOR('',#8870,1.);
#8870 = DIRECTION('',(0.,-1.));
#8871 = ( GEOMETRIC_REPRESENTATION_CONTEXT(2) 
PARAMETRIC_REPRESENTATION_CONTEXT() REPRESENTATION_CONTEXT('2D SPACE',''
  ) );
#8872 = ORIENTED_EDGE('',*,*,#8873,.F.);
#8873 = EDGE_CURVE('',#8805,#8851,#8874,.T.);
#8874 = SURFACE_CURVE('',#8875,(#8879,#8886),.PCURVE_S1.);
#8875 = LINE('',#8876,#8877);
#8876 = CARTESIAN_POINT('',(-36.2,-24.3,-12.8));
#8877 = VECTOR('',#8878,1.);
#8878 = DIRECTION('',(1.,0.,0.));
#8879 = PCURVE('',#8084,#8880);
#8880 = DEFINITIONAL_REPRESENTATION('',(#8881),#8885);
#8881 = LINE('',#8882,#8883);
#8882 = CARTESIAN_POINT('',(0.,4.4));
#8883 = VECTOR('',#8884,1.);
#8884 = DIRECTION('',(1.,0.));
#8885 = ( GEOMETRIC_REPRESENTATION_CONTEXT(2) 
PARAMETRIC_REPRESENTATION_CONTEXT() REPRESENTATION_CONTEXT('2D SPACE',''
  ) );
#8886 = PCURVE('',#8568,#8887);
#8887 = DEFINITIONAL_REPRESENTATION('',(#8888),#8892);
#8888 = LINE('',#8889,#8890);
#8889 = CARTESIAN_POINT('',(1.8,0.));
#8890 = VECTOR('',#8891,1.);
#8891 = DIRECTION('',(0.,1.));
#8892 = ( GEOMETRIC_REPRESENTATION_CONTEXT(2) 
PARAMETRIC_REPRESENTATION_CONTEXT() REPRESENTATION_CONTEXT('2D SPACE',''
  ) );
#8893 = FACE_BOUND('',#8894,.F.);
#8894 = EDGE_LOOP('',(#8895));
#8895 = ORIENTED_EDGE('',*,*,#8067,.F.);
#8896 = ADVANCED_FACE('',(#8897,#8991),#8139,.F.);
#8897 = FACE_BOUND('',#8898,.F.);
#8898 = EDGE_LOOP('',(#8899,#8924,#8947,#8970));
#8899 = ORIENTED_EDGE('',*,*,#8900,.F.);
#8900 = EDGE_CURVE('',#8901,#8903,#8905,.T.);
#8901 = VERTEX_POINT('',#8902);
#8902 = CARTESIAN_POINT('',(33.8,-28.7,-12.8));
#8903 = VERTEX_POINT('',#8904);
#8904 = CARTESIAN_POINT('',(33.8,-24.3,-12.8));
#8905 = SURFACE_CURVE('',#8906,(#8910,#8917),.PCURVE_S1.);
#8906 = LINE('',#8907,#8908);
#8907 = CARTESIAN_POINT('',(33.8,-28.7,-12.8));
#8908 = VECTOR('',#8909,1.);
#8909 = DIRECTION('',(0.,1.,0.));
#8910 = PCURVE('',#8139,#8911);
#8911 = DEFINITIONAL_REPRESENTATION('',(#8912),#8916);
#8912 = LINE('',#8913,#8914);
#8913 = CARTESIAN_POINT('',(0.,0.));
#8914 = VECTOR('',#8915,1.);
#8915 = DIRECTION('',(0.,1.));
#8916 = ( GEOMETRIC_REPRESENTATION_CONTEXT(2) 
PARAMETRIC_REPRESENTATION_CONTEXT() REPRESENTATION_CONTEXT('2D SPACE',''
  ) );
#8917 = PCURVE('',#8604,#8918);
#8918 = DEFINITIONAL_REPRESENTATION('',(#8919),#8923);
#8919 = LINE('',#8920,#8921);
#8920 = CARTESIAN_POINT('',(1.8,0.));
#8921 = VECTOR('',#8922,1.);
#8922 = DIRECTION('',(0.,-1.));
#8923 = ( GEOMETRIC_REPRESENTATION_CONTEXT(2) 
PARAMETRIC_REPRESENTATION_CONTEXT() REPRESENTATION_CONTEXT('2D SPACE',''
  ) );
#8924 = ORIENTED_EDGE('',*,*,#8925,.T.);
#8925 = EDGE_CURVE('',#8901,#8926,#8928,.T.);
#8926 = VERTEX_POINT('',#8927);
#8927 = CARTESIAN_POINT('',(38.2,-28.7,-12.8));
#8928 = SURFACE_CURVE('',#8929,(#8933,#8940),.PCURVE_S1.);
#8929 = LINE('',#8930,#8931);
#8930 = CARTESIAN_POINT('',(33.8,-28.7,-12.8));
#8931 = VECTOR('',#8932,1.);
#8932 = DIRECTION('',(1.,0.,0.));
#8933 = PCURVE('',#8139,#8934);
#8934 = DEFINITIONAL_REPRESENTATION('',(#8935),#8939);
#8935 = LINE('',#8936,#8937);
#8936 = CARTESIAN_POINT('',(0.,0.));
#8937 = VECTOR('',#8938,1.);
#8938 = DIRECTION('',(1.,0.));
#8939 = ( GEOMETRIC_REPRESENTATION_CONTEXT(2) 
PARAMETRIC_REPRESENTATION_CONTEXT() REPRESENTATION_CONTEXT('2D SPACE',''
  ) );
#8940 = PCURVE('',#8632,#8941);
#8941 = DEFINITIONAL_REPRESENTATION('',(#8942),#8946);
#8942 = LINE('',#8943,#8944);
#8943 = CARTESIAN_POINT('',(1.8,0.));
#8944 = VECTOR('',#8945,1.);
#8945 = DIRECTION('',(0.,1.));
#8946 = ( GEOMETRIC_REPRESENTATION_CONTEXT(2) 
PARAMETRIC_REPRESENTATION_CONTEXT() REPRESENTATION_CONTEXT('2D SPACE',''
  ) );
#8947 = ORIENTED_EDGE('',*,*,#8948,.T.);
#8948 = EDGE_CURVE('',#8926,#8949,#8951,.T.);
#8949 = VERTEX_POINT('',#8950);
#8950 = CARTESIAN_POINT('',(38.2,-24.3,-12.8));
#8951 = SURFACE_CURVE('',#8952,(#8956,#8963),.PCURVE_S1.);
#8952 = LINE('',#8953,#8954);
#8953 = CARTESIAN_POINT('',(38.2,-28.7,-12.8));
#8954 = VECTOR('',#8955,1.);
#8955 = DIRECTION('',(0.,1.,0.));
#8956 = PCURVE('',#8139,#8957);
#8957 = DEFINITIONAL_REPRESENTATION('',(#8958),#8962);
#8958 = LINE('',#8959,#8960);
#8959 = CARTESIAN_POINT('',(4.4,0.));
#8960 = VECTOR('',#8961,1.);
#8961 = DIRECTION('',(0.,1.));
#8962 = ( GEOMETRIC_REPRESENTATION_CONTEXT(2) 
PARAMETRIC_REPRESENTATION_CONTEXT() REPRESENTATION_CONTEXT('2D SPACE',''
  ) );
#8963 = PCURVE('',#8660,#8964);
#8964 = DEFINITIONAL_REPRESENTATION('',(#8965),#8969);
#8965 = LINE('',#8966,#8967);
#8966 = CARTESIAN_POINT('',(1.8,0.));
#8967 = VECTOR('',#8968,1.);
#8968 = DIRECTION('',(0.,-1.));
#8969 = ( GEOMETRIC_REPRESENTATION_CONTEXT(2) 
PARAMETRIC_REPRESENTATION_CONTEXT() REPRESENTATION_CONTEXT('2D SPACE',''
  ) );
#8970 = ORIENTED_EDGE('',*,*,#8971,.F.);
#8971 = EDGE_CURVE('',#8903,#8949,#8972,.T.);
#8972 = SURFACE_CURVE('',#8973,(#8977,#8984),.PCURVE_S1.);
#8973 = LINE('',#8974,#8975);
#8974 = CARTESIAN_POINT('',(33.8,-24.3,-12.8));
#8975 = VECTOR('',#8976,1.);
#8976 = DIRECTION('',(1.,0.,0.));
#8977 = PCURVE('',#8139,#8978);
#8978 = DEFINITIONAL_REPRESENTATION('',(#8979),#8983);
#8979 = LINE('',#8980,#8981);
#8980 = CARTESIAN_POINT('',(0.,4.4));
#8981 = VECTOR('',#8982,1.);
#8982 = DIRECTION('',(1.,0.));
#8983 = ( GEOMETRIC_REPRESENTATION_CONTEXT(2) 
PARAMETRIC_REPRESENTATION_CONTEXT() REPRESENTATION_CONTEXT('2D SPACE',''
  ) );
#8984 = PCURVE('',#8686,#8985);
#8985 = DEFINITIONAL_REPRESENTATION('',(#8986),#8990);
#8986 = LINE('',#8987,#8988);
#8987 = CARTESIAN_POINT('',(1.8,0.));
#8988 = VECTOR('',#8989,1.);
#8989 = DIRECTION('',(0.,1.));
#8990 = ( GEOMETRIC_REPRESENTATION_CONTEXT(2) 
PARAMETRIC_REPRESENTATION_CONTEXT() REPRESENTATION_CONTEXT('2D SPACE',''
  ) );
#8991 = FACE_BOUND('',#8992,.F.);
#8992 = EDGE_LOOP('',(#8993));
#8993 = ORIENTED_EDGE('',*,*,#8122,.F.);
#8994 = ADVANCED_FACE('',(#8995,#9089),#8194,.T.);
#8995 = FACE_BOUND('',#8996,.T.);
#8996 = EDGE_LOOP('',(#8997,#9022,#9045,#9068));
#8997 = ORIENTED_EDGE('',*,*,#8998,.F.);
#8998 = EDGE_CURVE('',#8999,#9001,#9003,.T.);
#8999 = VERTEX_POINT('',#9000);
#9000 = CARTESIAN_POINT('',(33.8,12.3,-14.6));
#9001 = VERTEX_POINT('',#9002);
#9002 = CARTESIAN_POINT('',(33.8,16.7,-14.6));
#9003 = SURFACE_CURVE('',#9004,(#9008,#9015),.PCURVE_S1.);
#9004 = LINE('',#9005,#9006);
#9005 = CARTESIAN_POINT('',(33.8,12.3,-14.6));
#9006 = VECTOR('',#9007,1.);
#9007 = DIRECTION('',(0.,1.,0.));
#9008 = PCURVE('',#8194,#9009);
#9009 = DEFINITIONAL_REPRESENTATION('',(#9010),#9014);
#9010 = LINE('',#9011,#9012);
#9011 = CARTESIAN_POINT('',(0.,0.));
#9012 = VECTOR('',#9013,1.);
#9013 = DIRECTION('',(0.,1.));
#9014 = ( GEOMETRIC_REPRESENTATION_CONTEXT(2) 
PARAMETRIC_REPRESENTATION_CONTEXT() REPRESENTATION_CONTEXT('2D SPACE',''
  ) );
#9015 = PCURVE('',#8250,#9016);
#9016 = DEFINITIONAL_REPRESENTATION('',(#9017),#9021);
#9017 = LINE('',#9018,#9019);
#9018 = CARTESIAN_POINT('',(0.,0.));
#9019 = VECTOR('',#9020,1.);
#9020 = DIRECTION('',(0.,-1.));
#9021 = ( GEOMETRIC_REPRESENTATION_CONTEXT(2) 
PARAMETRIC_REPRESENTATION_CONTEXT() REPRESENTATION_CONTEXT('2D SPACE',''
  ) );
#9022 = ORIENTED_EDGE('',*,*,#9023,.T.);
#9023 = EDGE_CURVE('',#8999,#9024,#9026,.T.);
#9024 = VERTEX_POINT('',#9025);
#9025 = CARTESIAN_POINT('',(38.2,12.3,-14.6));
#9026 = SURFACE_CURVE('',#9027,(#9031,#9038),.PCURVE_S1.);
#9027 = LINE('',#9028,#9029);
#9028 = CARTESIAN_POINT('',(33.8,12.3,-14.6));
#9029 = VECTOR('',#9030,1.);
#9030 = DIRECTION('',(1.,0.,0.));
#9031 = PCURVE('',#8194,#9032);
#9032 = DEFINITIONAL_REPRESENTATION('',(#9033),#9037);
#9033 = LINE('',#9034,#9035);
#9034 = CARTESIAN_POINT('',(0.,0.));
#9035 = VECTOR('',#9036,1.);
#9036 = DIRECTION('',(1.,0.));
#9037 = ( GEOMETRIC_REPRESENTATION_CONTEXT(2) 
PARAMETRIC_REPRESENTATION_CONTEXT() REPRESENTATION_CONTEXT('2D SPACE',''
  ) );
#9038 = PCURVE('',#8278,#9039);
#9039 = DEFINITIONAL_REPRESENTATION('',(#9040),#9044);
#9040 = LINE('',#9041,#9042);
#9041 = CARTESIAN_POINT('',(0.,0.));
#9042 = VECTOR('',#9043,1.);
#9043 = DIRECTION('',(0.,1.));
#9044 = ( GEOMETRIC_REPRESENTATION_CONTEXT(2) 
PARAMETRIC_REPRESENTATION_CONTEXT() REPRESENTATION_CONTEXT('2D SPACE',''
  ) );
#9045 = ORIENTED_EDGE('',*,*,#9046,.T.);
#9046 = EDGE_CURVE('',#9024,#9047,#9049,.T.);
#9047 = VERTEX_POINT('',#9048);
#9048 = CARTESIAN_POINT('',(38.2,16.7,-14.6));
#9049 = SURFACE_CURVE('',#9050,(#9054,#9061),.PCURVE_S1.);
#9050 = LINE('',#9051,#9052);
#9051 = CARTESIAN_POINT('',(38.2,12.3,-14.6));
#9052 = VECTOR('',#9053,1.);
#9053 = DIRECTION('',(0.,1.,0.));
#9054 = PCURVE('',#8194,#9055);
#9055 = DEFINITIONAL_REPRESENTATION('',(#9056),#9060);
#9056 = LINE('',#9057,#9058);
#9057 = CARTESIAN_POINT('',(4.4,0.));
#9058 = VECTOR('',#9059,1.);
#9059 = DIRECTION('',(0.,1.));
#9060 = ( GEOMETRIC_REPRESENTATION_CONTEXT(2) 
PARAMETRIC_REPRESENTATION_CONTEXT() REPRESENTATION_CONTEXT('2D SPACE',''
  ) );
#9061 = PCURVE('',#8306,#9062);
#9062 = DEFINITIONAL_REPRESENTATION('',(#9063),#9067);
#9063 = LINE('',#9064,#9065);
#9064 = CARTESIAN_POINT('',(0.,0.));
#9065 = VECTOR('',#9066,1.);
#9066 = DIRECTION('',(0.,-1.));
#9067 = ( GEOMETRIC_REPRESENTATION_CONTEXT(2) 
PARAMETRIC_REPRESENTATION_CONTEXT() REPRESENTATION_CONTEXT('2D SPACE',''
  ) );
#9068 = ORIENTED_EDGE('',*,*,#9069,.F.);
#9069 = EDGE_CURVE('',#9001,#9047,#9070,.T.);
#9070 = SURFACE_CURVE('',#9071,(#9075,#9082),.PCURVE_S1.);
#9071 = LINE('',#9072,#9073);
#9072 = CARTESIAN_POINT('',(33.8,16.7,-14.6));
#9073 = VECTOR('',#9074,1.);
#9074 = DIRECTION('',(1.,0.,0.));
#9075 = PCURVE('',#8194,#9076);
#9076 = DEFINITIONAL_REPRESENTATION('',(#9077),#9081);
#9077 = LINE('',#9078,#9079);
#9078 = CARTESIAN_POINT('',(0.,4.4));
#9079 = VECTOR('',#9080,1.);
#9080 = DIRECTION('',(1.,0.));
#9081 = ( GEOMETRIC_REPRESENTATION_CONTEXT(2) 
PARAMETRIC_REPRESENTATION_CONTEXT() REPRESENTATION_CONTEXT('2D SPACE',''
  ) );
#9082 = PCURVE('',#8332,#9083);
#9083 = DEFINITIONAL_REPRESENTATION('',(#9084),#9088);
#9084 = LINE('',#9085,#9086);
#9085 = CARTESIAN_POINT('',(0.,0.));
#9086 = VECTOR('',#9087,1.);
#9087 = DIRECTION('',(0.,1.));
#9088 = ( GEOMETRIC_REPRESENTATION_CONTEXT(2) 
PARAMETRIC_REPRESENTATION_CONTEXT() REPRESENTATION_CONTEXT('2D SPACE',''
  ) );
#9089 = FACE_BOUND('',#9090,.T.);
#9090 = EDGE_LOOP('',(#9091));
#9091 = ORIENTED_EDGE('',*,*,#8177,.F.);
#9092 = ADVANCED_FACE('',(#9093),#8250,.T.);
#9093 = FACE_BOUND('',#9094,.T.);
#9094 = EDGE_LOOP('',(#9095,#9116,#9117,#9138));
#9095 = ORIENTED_EDGE('',*,*,#9096,.F.);
#9096 = EDGE_CURVE('',#8999,#8233,#9097,.T.);
#9097 = SURFACE_CURVE('',#9098,(#9102,#9109),.PCURVE_S1.);
#9098 = LINE('',#9099,#9100);
#9099 = CARTESIAN_POINT('',(33.8,12.3,-14.6));
#9100 = VECTOR('',#9101,1.);
#9101 = DIRECTION('',(0.,0.,1.));
#9102 = PCURVE('',#8250,#9103);
#9103 = DEFINITIONAL_REPRESENTATION('',(#9104),#9108);
#9104 = LINE('',#9105,#9106);
#9105 = CARTESIAN_POINT('',(0.,0.));
#9106 = VECTOR('',#9107,1.);
#9107 = DIRECTION('',(1.,0.));
#9108 = ( GEOMETRIC_REPRESENTATION_CONTEXT(2) 
PARAMETRIC_REPRESENTATION_CONTEXT() REPRESENTATION_CONTEXT('2D SPACE',''
  ) );
#9109 = PCURVE('',#8278,#9110);
#9110 = DEFINITIONAL_REPRESENTATION('',(#9111),#9115);
#9111 = LINE('',#9112,#9113);
#9112 = CARTESIAN_POINT('',(0.,0.));
#9113 = VECTOR('',#9114,1.);
#9114 = DIRECTION('',(1.,0.));
#9115 = ( GEOMETRIC_REPRESENTATION_CONTEXT(2) 
PARAMETRIC_REPRESENTATION_CONTEXT() REPRESENTATION_CONTEXT('2D SPACE',''
  ) );
#9116 = ORIENTED_EDGE('',*,*,#8998,.T.);
#9117 = ORIENTED_EDGE('',*,*,#9118,.T.);
#9118 = EDGE_CURVE('',#9001,#8235,#9119,.T.);
#9119 = SURFACE_CURVE('',#9120,(#9124,#9131),.PCURVE_S1.);
#9120 = LINE('',#9121,#9122);
#9121 = CARTESIAN_POINT('',(33.8,16.7,-14.6));
#9122 = VECTOR('',#9123,1.);
#9123 = DIRECTION('',(0.,0.,1.));
#9124 = PCURVE('',#8250,#9125);
#9125 = DEFINITIONAL_REPRESENTATION('',(#9126),#9130);
#9126 = LINE('',#9127,#9128);
#9127 = CARTESIAN_POINT('',(0.,-4.4));
#9128 = VECTOR('',#9129,1.);
#9129 = DIRECTION('',(1.,0.));
#9130 = ( GEOMETRIC_REPRESENTATION_CONTEXT(2) 
PARAMETRIC_REPRESENTATION_CONTEXT() REPRESENTATION_CONTEXT('2D SPACE',''
  ) );
#9131 = PCURVE('',#8332,#9132);
#9132 = DEFINITIONAL_REPRESENTATION('',(#9133),#9137);
#9133 = LINE('',#9134,#9135);
#9134 = CARTESIAN_POINT('',(0.,0.));
#9135 = VECTOR('',#9136,1.);
#9136 = DIRECTION('',(1.,0.));
#9137 = ( GEOMETRIC_REPRESENTATION_CONTEXT(2) 
PARAMETRIC_REPRESENTATION_CONTEXT() REPRESENTATION_CONTEXT('2D SPACE',''
  ) );
#9138 = ORIENTED_EDGE('',*,*,#8232,.F.);
#9139 = ADVANCED_FACE('',(#9140),#8332,.F.);
#9140 = FACE_BOUND('',#9141,.F.);
#9141 = EDGE_LOOP('',(#9142,#9143,#9144,#9145));
#9142 = ORIENTED_EDGE('',*,*,#9069,.F.);
#9143 = ORIENTED_EDGE('',*,*,#9118,.T.);
#9144 = ORIENTED_EDGE('',*,*,#8318,.T.);
#9145 = ORIENTED_EDGE('',*,*,#9146,.F.);
#9146 = EDGE_CURVE('',#9047,#8291,#9147,.T.);
#9147 = SURFACE_CURVE('',#9148,(#9152,#9159),.PCURVE_S1.);
#9148 = LINE('',#9149,#9150);
#9149 = CARTESIAN_POINT('',(38.2,16.7,-14.6));
#9150 = VECTOR('',#9151,1.);
#9151 = DIRECTION('',(0.,0.,1.));
#9152 = PCURVE('',#8332,#9153);
#9153 = DEFINITIONAL_REPRESENTATION('',(#9154),#9158);
#9154 = LINE('',#9155,#9156);
#9155 = CARTESIAN_POINT('',(0.,4.4));
#9156 = VECTOR('',#9157,1.);
#9157 = DIRECTION('',(1.,0.));
#9158 = ( GEOMETRIC_REPRESENTATION_CONTEXT(2) 
PARAMETRIC_REPRESENTATION_CONTEXT() REPRESENTATION_CONTEXT('2D SPACE',''
  ) );
#9159 = PCURVE('',#8306,#9160);
#9160 = DEFINITIONAL_REPRESENTATION('',(#9161),#9165);
#9161 = LINE('',#9162,#9163);
#9162 = CARTESIAN_POINT('',(0.,-4.4));
#9163 = VECTOR('',#9164,1.);
#9164 = DIRECTION('',(1.,0.));
#9165 = ( GEOMETRIC_REPRESENTATION_CONTEXT(2) 
PARAMETRIC_REPRESENTATION_CONTEXT() REPRESENTATION_CONTEXT('2D SPACE',''
  ) );
#9166 = ADVANCED_FACE('',(#9167),#8278,.T.);
#9167 = FACE_BOUND('',#9168,.T.);
#9168 = EDGE_LOOP('',(#9169,#9170,#9171,#9172));
#9169 = ORIENTED_EDGE('',*,*,#9023,.F.);
#9170 = ORIENTED_EDGE('',*,*,#9096,.T.);
#9171 = ORIENTED_EDGE('',*,*,#8262,.T.);
#9172 = ORIENTED_EDGE('',*,*,#9173,.F.);
#9173 = EDGE_CURVE('',#9024,#8263,#9174,.T.);
#9174 = SURFACE_CURVE('',#9175,(#9179,#9186),.PCURVE_S1.);
#9175 = LINE('',#9176,#9177);
#9176 = CARTESIAN_POINT('',(38.2,12.3,-14.6));
#9177 = VECTOR('',#9178,1.);
#9178 = DIRECTION('',(0.,0.,1.));
#9179 = PCURVE('',#8278,#9180);
#9180 = DEFINITIONAL_REPRESENTATION('',(#9181),#9185);
#9181 = LINE('',#9182,#9183);
#9182 = CARTESIAN_POINT('',(0.,4.4));
#9183 = VECTOR('',#9184,1.);
#9184 = DIRECTION('',(1.,0.));
#9185 = ( GEOMETRIC_REPRESENTATION_CONTEXT(2) 
PARAMETRIC_REPRESENTATION_CONTEXT() REPRESENTATION_CONTEXT('2D SPACE',''
  ) );
#9186 = PCURVE('',#8306,#9187);
#9187 = DEFINITIONAL_REPRESENTATION('',(#9188),#9192);
#9188 = LINE('',#9189,#9190);
#9189 = CARTESIAN_POINT('',(0.,0.));
#9190 = VECTOR('',#9191,1.);
#9191 = DIRECTION('',(1.,0.));
#9192 = ( GEOMETRIC_REPRESENTATION_CONTEXT(2) 
PARAMETRIC_REPRESENTATION_CONTEXT() REPRESENTATION_CONTEXT('2D SPACE',''
  ) );
#9193 = ADVANCED_FACE('',(#9194),#8306,.F.);
#9194 = FACE_BOUND('',#9195,.F.);
#9195 = EDGE_LOOP('',(#9196,#9197,#9198,#9199));
#9196 = ORIENTED_EDGE('',*,*,#9173,.F.);
#9197 = ORIENTED_EDGE('',*,*,#9046,.T.);
#9198 = ORIENTED_EDGE('',*,*,#9146,.T.);
#9199 = ORIENTED_EDGE('',*,*,#8290,.F.);
#9200 = ADVANCED_FACE('',(#9201),#8368,.T.);
#9201 = FACE_BOUND('',#9202,.T.);
#9202 = EDGE_LOOP('',(#9203,#9224,#9225,#9246));
#9203 = ORIENTED_EDGE('',*,*,#9204,.F.);
#9204 = EDGE_CURVE('',#8705,#8351,#9205,.T.);
#9205 = SURFACE_CURVE('',#9206,(#9210,#9217),.PCURVE_S1.);
#9206 = LINE('',#9207,#9208);
#9207 = CARTESIAN_POINT('',(-36.2,12.3,-14.6));
#9208 = VECTOR('',#9209,1.);
#9209 = DIRECTION('',(0.,0.,1.));
#9210 = PCURVE('',#8368,#9211);
#9211 = DEFINITIONAL_REPRESENTATION('',(#9212),#9216);
#9212 = LINE('',#9213,#9214);
#9213 = CARTESIAN_POINT('',(0.,0.));
#9214 = VECTOR('',#9215,1.);
#9215 = DIRECTION('',(1.,0.));
#9216 = ( GEOMETRIC_REPRESENTATION_CONTEXT(2) 
PARAMETRIC_REPRESENTATION_CONTEXT() REPRESENTATION_CONTEXT('2D SPACE',''
  ) );
#9217 = PCURVE('',#8396,#9218);
#9218 = DEFINITIONAL_REPRESENTATION('',(#9219),#9223);
#9219 = LINE('',#9220,#9221);
#9220 = CARTESIAN_POINT('',(0.,0.));
#9221 = VECTOR('',#9222,1.);
#9222 = DIRECTION('',(1.,0.));
#9223 = ( GEOMETRIC_REPRESENTATION_CONTEXT(2) 
PARAMETRIC_REPRESENTATION_CONTEXT() REPRESENTATION_CONTEXT('2D SPACE',''
  ) );
#9224 = ORIENTED_EDGE('',*,*,#8704,.T.);
#9225 = ORIENTED_EDGE('',*,*,#9226,.T.);
#9226 = EDGE_CURVE('',#8707,#8353,#9227,.T.);
#9227 = SURFACE_CURVE('',#9228,(#9232,#9239),.PCURVE_S1.);
#9228 = LINE('',#9229,#9230);
#9229 = CARTESIAN_POINT('',(-36.2,16.7,-14.6));
#9230 = VECTOR('',#9231,1.);
#9231 = DIRECTION('',(0.,0.,1.));
#9232 = PCURVE('',#8368,#9233);
#9233 = DEFINITIONAL_REPRESENTATION('',(#9234),#9238);
#9234 = LINE('',#9235,#9236);
#9235 = CARTESIAN_POINT('',(0.,-4.4));
#9236 = VECTOR('',#9237,1.);
#9237 = DIRECTION('',(1.,0.));
#9238 = ( GEOMETRIC_REPRESENTATION_CONTEXT(2) 
PARAMETRIC_REPRESENTATION_CONTEXT() REPRESENTATION_CONTEXT('2D SPACE',''
  ) );
#9239 = PCURVE('',#8450,#9240);
#9240 = DEFINITIONAL_REPRESENTATION('',(#9241),#9245);
#9241 = LINE('',#9242,#9243);
#9242 = CARTESIAN_POINT('',(0.,0.));
#9243 = VECTOR('',#9244,1.);
#9244 = DIRECTION('',(1.,0.));
#9245 = ( GEOMETRIC_REPRESENTATION_CONTEXT(2) 
PARAMETRIC_REPRESENTATION_CONTEXT() REPRESENTATION_CONTEXT('2D SPACE',''
  ) );
#9246 = ORIENTED_EDGE('',*,*,#8350,.F.);
#9247 = ADVANCED_FACE('',(#9248),#8450,.F.);
#9248 = FACE_BOUND('',#9249,.F.);
#9249 = EDGE_LOOP('',(#9250,#9251,#9252,#9253));
#9250 = ORIENTED_EDGE('',*,*,#8775,.F.);
#9251 = ORIENTED_EDGE('',*,*,#9226,.T.);
#9252 = ORIENTED_EDGE('',*,*,#8436,.T.);
#9253 = ORIENTED_EDGE('',*,*,#9254,.F.);
#9254 = EDGE_CURVE('',#8753,#8409,#9255,.T.);
#9255 = SURFACE_CURVE('',#9256,(#9260,#9267),.PCURVE_S1.);
#9256 = LINE('',#9257,#9258);
#9257 = CARTESIAN_POINT('',(-31.8,16.7,-14.6));
#9258 = VECTOR('',#9259,1.);
#9259 = DIRECTION('',(0.,0.,1.));
#9260 = PCURVE('',#8450,#9261);
#9261 = DEFINITIONAL_REPRESENTATION('',(#9262),#9266);
#9262 = LINE('',#9263,#9264);
#9263 = CARTESIAN_POINT('',(0.,4.4));
#9264 = VECTOR('',#9265,1.);
#9265 = DIRECTION('',(1.,0.));
#9266 = ( GEOMETRIC_REPRESENTATION_CONTEXT(2) 
PARAMETRIC_REPRESENTATION_CONTEXT() REPRESENTATION_CONTEXT('2D SPACE',''
  ) );
#9267 = PCURVE('',#8424,#9268);
#9268 = DEFINITIONAL_REPRESENTATION('',(#9269),#9273);
#9269 = LINE('',#9270,#9271);
#9270 = CARTESIAN_POINT('',(0.,-4.4));
#9271 = VECTOR('',#9272,1.);
#9272 = DIRECTION('',(1.,0.));
#9273 = ( GEOMETRIC_REPRESENTATION_CONTEXT(2) 
PARAMETRIC_REPRESENTATION_CONTEXT() REPRESENTATION_CONTEXT('2D SPACE',''
  ) );
#9274 = ADVANCED_FACE('',(#9275),#8396,.T.);
#9275 = FACE_BOUND('',#9276,.T.);
#9276 = EDGE_LOOP('',(#9277,#9278,#9279,#9280));
#9277 = ORIENTED_EDGE('',*,*,#8729,.F.);
#9278 = ORIENTED_EDGE('',*,*,#9204,.T.);
#9279 = ORIENTED_EDGE('',*,*,#8380,.T.);
#9280 = ORIENTED_EDGE('',*,*,#9281,.F.);
#9281 = EDGE_CURVE('',#8730,#8381,#9282,.T.);
#9282 = SURFACE_CURVE('',#9283,(#9287,#9294),.PCURVE_S1.);
#9283 = LINE('',#9284,#9285);
#9284 = CARTESIAN_POINT('',(-31.8,12.3,-14.6));
#9285 = VECTOR('',#9286,1.);
#9286 = DIRECTION('',(0.,0.,1.));
#9287 = PCURVE('',#8396,#9288);
#9288 = DEFINITIONAL_REPRESENTATION('',(#9289),#9293);
#9289 = LINE('',#9290,#9291);
#9290 = CARTESIAN_POINT('',(0.,4.4));
#9291 = VECTOR('',#9292,1.);
#9292 = DIRECTION('',(1.,0.));
#9293 = ( GEOMETRIC_REPRESENTATION_CONTEXT(2) 
PARAMETRIC_REPRESENTATION_CONTEXT() REPRESENTATION_CONTEXT('2D SPACE',''
  ) );
#9294 = PCURVE('',#8424,#9295);
#9295 = DEFINITIONAL_REPRESENTATION('',(#9296),#9300);
#9296 = LINE('',#9297,#9298);
#9297 = CARTESIAN_POINT('',(0.,0.));
#9298 = VECTOR('',#9299,1.);
#9299 = DIRECTION('',(1.,0.));
#9300 = ( GEOMETRIC_REPRESENTATION_CONTEXT(2) 
PARAMETRIC_REPRESENTATION_CONTEXT() REPRESENTATION_CONTEXT('2D SPACE',''
  ) );
#9301 = ADVANCED_FACE('',(#9302),#8424,.F.);
#9302 = FACE_BOUND('',#9303,.F.);
#9303 = EDGE_LOOP('',(#9304,#9305,#9306,#9307));
#9304 = ORIENTED_EDGE('',*,*,#9281,.F.);
#9305 = ORIENTED_EDGE('',*,*,#8752,.T.);
#9306 = ORIENTED_EDGE('',*,*,#9254,.T.);
#9307 = ORIENTED_EDGE('',*,*,#8408,.F.);
#9308 = ADVANCED_FACE('',(#9309),#8486,.T.);
#9309 = FACE_BOUND('',#9310,.T.);
#9310 = EDGE_LOOP('',(#9311,#9332,#9333,#9354));
#9311 = ORIENTED_EDGE('',*,*,#9312,.F.);
#9312 = EDGE_CURVE('',#8469,#8803,#9313,.T.);
#9313 = SURFACE_CURVE('',#9314,(#9318,#9325),.PCURVE_S1.);
#9314 = LINE('',#9315,#9316);
#9315 = CARTESIAN_POINT('',(-36.2,-28.7,-14.6));
#9316 = VECTOR('',#9317,1.);
#9317 = DIRECTION('',(0.,0.,1.));
#9318 = PCURVE('',#8486,#9319);
#9319 = DEFINITIONAL_REPRESENTATION('',(#9320),#9324);
#9320 = LINE('',#9321,#9322);
#9321 = CARTESIAN_POINT('',(0.,0.));
#9322 = VECTOR('',#9323,1.);
#9323 = DIRECTION('',(1.,0.));
#9324 = ( GEOMETRIC_REPRESENTATION_CONTEXT(2) 
PARAMETRIC_REPRESENTATION_CONTEXT() REPRESENTATION_CONTEXT('2D SPACE',''
  ) );
#9325 = PCURVE('',#8514,#9326);
#9326 = DEFINITIONAL_REPRESENTATION('',(#9327),#9331);
#9327 = LINE('',#9328,#9329);
#9328 = CARTESIAN_POINT('',(0.,0.));
#9329 = VECTOR('',#9330,1.);
#9330 = DIRECTION('',(1.,0.));
#9331 = ( GEOMETRIC_REPRESENTATION_CONTEXT(2) 
PARAMETRIC_REPRESENTATION_CONTEXT() REPRESENTATION_CONTEXT('2D SPACE',''
  ) );
#9332 = ORIENTED_EDGE('',*,*,#8468,.T.);
#9333 = ORIENTED_EDGE('',*,*,#9334,.T.);
#9334 = EDGE_CURVE('',#8471,#8805,#9335,.T.);
#9335 = SURFACE_CURVE('',#9336,(#9340,#9347),.PCURVE_S1.);
#9336 = LINE('',#9337,#9338);
#9337 = CARTESIAN_POINT('',(-36.2,-24.3,-14.6));
#9338 = VECTOR('',#9339,1.);
#9339 = DIRECTION('',(0.,0.,1.));
#9340 = PCURVE('',#8486,#9341);
#9341 = DEFINITIONAL_REPRESENTATION('',(#9342),#9346);
#9342 = LINE('',#9343,#9344);
#9343 = CARTESIAN_POINT('',(0.,-4.4));
#9344 = VECTOR('',#9345,1.);
#9345 = DIRECTION('',(1.,0.));
#9346 = ( GEOMETRIC_REPRESENTATION_CONTEXT(2) 
PARAMETRIC_REPRESENTATION_CONTEXT() REPRESENTATION_CONTEXT('2D SPACE',''
  ) );
#9347 = PCURVE('',#8568,#9348);
#9348 = DEFINITIONAL_REPRESENTATION('',(#9349),#9353);
#9349 = LINE('',#9350,#9351);
#9350 = CARTESIAN_POINT('',(0.,0.));
#9351 = VECTOR('',#9352,1.);
#9352 = DIRECTION('',(1.,0.));
#9353 = ( GEOMETRIC_REPRESENTATION_CONTEXT(2) 
PARAMETRIC_REPRESENTATION_CONTEXT() REPRESENTATION_CONTEXT('2D SPACE',''
  ) );
#9354 = ORIENTED_EDGE('',*,*,#8802,.F.);
#9355 = ADVANCED_FACE('',(#9356),#8568,.F.);
#9356 = FACE_BOUND('',#9357,.F.);
#9357 = EDGE_LOOP('',(#9358,#9359,#9360,#9361));
#9358 = ORIENTED_EDGE('',*,*,#8554,.F.);
#9359 = ORIENTED_EDGE('',*,*,#9334,.T.);
#9360 = ORIENTED_EDGE('',*,*,#8873,.T.);
#9361 = ORIENTED_EDGE('',*,*,#9362,.F.);
#9362 = EDGE_CURVE('',#8527,#8851,#9363,.T.);
#9363 = SURFACE_CURVE('',#9364,(#9368,#9375),.PCURVE_S1.);
#9364 = LINE('',#9365,#9366);
#9365 = CARTESIAN_POINT('',(-31.8,-24.3,-14.6));
#9366 = VECTOR('',#9367,1.);
#9367 = DIRECTION('',(0.,0.,1.));
#9368 = PCURVE('',#8568,#9369);
#9369 = DEFINITIONAL_REPRESENTATION('',(#9370),#9374);
#9370 = LINE('',#9371,#9372);
#9371 = CARTESIAN_POINT('',(0.,4.4));
#9372 = VECTOR('',#9373,1.);
#9373 = DIRECTION('',(1.,0.));
#9374 = ( GEOMETRIC_REPRESENTATION_CONTEXT(2) 
PARAMETRIC_REPRESENTATION_CONTEXT() REPRESENTATION_CONTEXT('2D SPACE',''
  ) );
#9375 = PCURVE('',#8542,#9376);
#9376 = DEFINITIONAL_REPRESENTATION('',(#9377),#9381);
#9377 = LINE('',#9378,#9379);
#9378 = CARTESIAN_POINT('',(0.,-4.4));
#9379 = VECTOR('',#9380,1.);
#9380 = DIRECTION('',(1.,0.));
#9381 = ( GEOMETRIC_REPRESENTATION_CONTEXT(2) 
PARAMETRIC_REPRESENTATION_CONTEXT() REPRESENTATION_CONTEXT('2D SPACE',''
  ) );
#9382 = ADVANCED_FACE('',(#9383),#8514,.T.);
#9383 = FACE_BOUND('',#9384,.T.);
#9384 = EDGE_LOOP('',(#9385,#9386,#9387,#9388));
#9385 = ORIENTED_EDGE('',*,*,#8498,.F.);
#9386 = ORIENTED_EDGE('',*,*,#9312,.T.);
#9387 = ORIENTED_EDGE('',*,*,#8827,.T.);
#9388 = ORIENTED_EDGE('',*,*,#9389,.F.);
#9389 = EDGE_CURVE('',#8499,#8828,#9390,.T.);
#9390 = SURFACE_CURVE('',#9391,(#9395,#9402),.PCURVE_S1.);
#9391 = LINE('',#9392,#9393);
#9392 = CARTESIAN_POINT('',(-31.8,-28.7,-14.6));
#9393 = VECTOR('',#9394,1.);
#9394 = DIRECTION('',(0.,0.,1.));
#9395 = PCURVE('',#8514,#9396);
#9396 = DEFINITIONAL_REPRESENTATION('',(#9397),#9401);
#9397 = LINE('',#9398,#9399);
#9398 = CARTESIAN_POINT('',(0.,4.4));
#9399 = VECTOR('',#9400,1.);
#9400 = DIRECTION('',(1.,0.));
#9401 = ( GEOMETRIC_REPRESENTATION_CONTEXT(2) 
PARAMETRIC_REPRESENTATION_CONTEXT() REPRESENTATION_CONTEXT('2D SPACE',''
  ) );
#9402 = PCURVE('',#8542,#9403);
#9403 = DEFINITIONAL_REPRESENTATION('',(#9404),#9408);
#9404 = LINE('',#9405,#9406);
#9405 = CARTESIAN_POINT('',(0.,0.));
#9406 = VECTOR('',#9407,1.);
#9407 = DIRECTION('',(1.,0.));
#9408 = ( GEOMETRIC_REPRESENTATION_CONTEXT(2) 
PARAMETRIC_REPRESENTATION_CONTEXT() REPRESENTATION_CONTEXT('2D SPACE',''
  ) );
#9409 = ADVANCED_FACE('',(#9410),#8542,.F.);
#9410 = FACE_BOUND('',#9411,.F.);
#9411 = EDGE_LOOP('',(#9412,#9413,#9414,#9415));
#9412 = ORIENTED_EDGE('',*,*,#9389,.F.);
#9413 = ORIENTED_EDGE('',*,*,#8526,.T.);
#9414 = ORIENTED_EDGE('',*,*,#9362,.T.);
#9415 = ORIENTED_EDGE('',*,*,#8850,.F.);
#9416 = ADVANCED_FACE('',(#9417),#8604,.T.);
#9417 = FACE_BOUND('',#9418,.T.);
#9418 = EDGE_LOOP('',(#9419,#9440,#9441,#9462));
#9419 = ORIENTED_EDGE('',*,*,#9420,.F.);
#9420 = EDGE_CURVE('',#8587,#8901,#9421,.T.);
#9421 = SURFACE_CURVE('',#9422,(#9426,#9433),.PCURVE_S1.);
#9422 = LINE('',#9423,#9424);
#9423 = CARTESIAN_POINT('',(33.8,-28.7,-14.6));
#9424 = VECTOR('',#9425,1.);
#9425 = DIRECTION('',(0.,0.,1.));
#9426 = PCURVE('',#8604,#9427);
#9427 = DEFINITIONAL_REPRESENTATION('',(#9428),#9432);
#9428 = LINE('',#9429,#9430);
#9429 = CARTESIAN_POINT('',(0.,0.));
#9430 = VECTOR('',#9431,1.);
#9431 = DIRECTION('',(1.,0.));
#9432 = ( GEOMETRIC_REPRESENTATION_CONTEXT(2) 
PARAMETRIC_REPRESENTATION_CONTEXT() REPRESENTATION_CONTEXT('2D SPACE',''
  ) );
#9433 = PCURVE('',#8632,#9434);
#9434 = DEFINITIONAL_REPRESENTATION('',(#9435),#9439);
#9435 = LINE('',#9436,#9437);
#9436 = CARTESIAN_POINT('',(0.,0.));
#9437 = VECTOR('',#9438,1.);
#9438 = DIRECTION('',(1.,0.));
#9439 = ( GEOMETRIC_REPRESENTATION_CONTEXT(2) 
PARAMETRIC_REPRESENTATION_CONTEXT() REPRESENTATION_CONTEXT('2D SPACE',''
  ) );
#9440 = ORIENTED_EDGE('',*,*,#8586,.T.);
#9441 = ORIENTED_EDGE('',*,*,#9442,.T.);
#9442 = EDGE_CURVE('',#8589,#8903,#9443,.T.);
#9443 = SURFACE_CURVE('',#9444,(#9448,#9455),.PCURVE_S1.);
#9444 = LINE('',#9445,#9446);
#9445 = CARTESIAN_POINT('',(33.8,-24.3,-14.6));
#9446 = VECTOR('',#9447,1.);
#9447 = DIRECTION('',(0.,0.,1.));
#9448 = PCURVE('',#8604,#9449);
#9449 = DEFINITIONAL_REPRESENTATION('',(#9450),#9454);
#9450 = LINE('',#9451,#9452);
#9451 = CARTESIAN_POINT('',(0.,-4.4));
#9452 = VECTOR('',#9453,1.);
#9453 = DIRECTION('',(1.,0.));
#9454 = ( GEOMETRIC_REPRESENTATION_CONTEXT(2) 
PARAMETRIC_REPRESENTATION_CONTEXT() REPRESENTATION_CONTEXT('2D SPACE',''
  ) );
#9455 = PCURVE('',#8686,#9456);
#9456 = DEFINITIONAL_REPRESENTATION('',(#9457),#9461);
#9457 = LINE('',#9458,#9459);
#9458 = CARTESIAN_POINT('',(0.,0.));
#9459 = VECTOR('',#9460,1.);
#9460 = DIRECTION('',(1.,0.));
#9461 = ( GEOMETRIC_REPRESENTATION_CONTEXT(2) 
PARAMETRIC_REPRESENTATION_CONTEXT() REPRESENTATION_CONTEXT('2D SPACE',''
  ) );
#9462 = ORIENTED_EDGE('',*,*,#8900,.F.);
#9463 = ADVANCED_FACE('',(#9464),#8686,.F.);
#9464 = FACE_BOUND('',#9465,.F.);
#9465 = EDGE_LOOP('',(#9466,#9467,#9468,#9469));
#9466 = ORIENTED_EDGE('',*,*,#8672,.F.);
#9467 = ORIENTED_EDGE('',*,*,#9442,.T.);
#9468 = ORIENTED_EDGE('',*,*,#8971,.T.);
#9469 = ORIENTED_EDGE('',*,*,#9470,.F.);
#9470 = EDGE_CURVE('',#8645,#8949,#9471,.T.);
#9471 = SURFACE_CURVE('',#9472,(#9476,#9483),.PCURVE_S1.);
#9472 = LINE('',#9473,#9474);
#9473 = CARTESIAN_POINT('',(38.2,-24.3,-14.6));
#9474 = VECTOR('',#9475,1.);
#9475 = DIRECTION('',(0.,0.,1.));
#9476 = PCURVE('',#8686,#9477);
#9477 = DEFINITIONAL_REPRESENTATION('',(#9478),#9482);
#9478 = LINE('',#9479,#9480);
#9479 = CARTESIAN_POINT('',(0.,4.4));
#9480 = VECTOR('',#9481,1.);
#9481 = DIRECTION('',(1.,0.));
#9482 = ( GEOMETRIC_REPRESENTATION_CONTEXT(2) 
PARAMETRIC_REPRESENTATION_CONTEXT() REPRESENTATION_CONTEXT('2D SPACE',''
  ) );
#9483 = PCURVE('',#8660,#9484);
#9484 = DEFINITIONAL_REPRESENTATION('',(#9485),#9489);
#9485 = LINE('',#9486,#9487);
#9486 = CARTESIAN_POINT('',(0.,-4.4));
#9487 = VECTOR('',#9488,1.);
#9488 = DIRECTION('',(1.,0.));
#9489 = ( GEOMETRIC_REPRESENTATION_CONTEXT(2) 
PARAMETRIC_REPRESENTATION_CONTEXT() REPRESENTATION_CONTEXT('2D SPACE',''
  ) );
#9490 = ADVANCED_FACE('',(#9491),#8632,.T.);
#9491 = FACE_BOUND('',#9492,.T.);
#9492 = EDGE_LOOP('',(#9493,#9494,#9495,#9496));
#9493 = ORIENTED_EDGE('',*,*,#8616,.F.);
#9494 = ORIENTED_EDGE('',*,*,#9420,.T.);
#9495 = ORIENTED_EDGE('',*,*,#8925,.T.);
#9496 = ORIENTED_EDGE('',*,*,#9497,.F.);
#9497 = EDGE_CURVE('',#8617,#8926,#9498,.T.);
#9498 = SURFACE_CURVE('',#9499,(#9503,#9510),.PCURVE_S1.);
#9499 = LINE('',#9500,#9501);
#9500 = CARTESIAN_POINT('',(38.2,-28.7,-14.6));
#9501 = VECTOR('',#9502,1.);
#9502 = DIRECTION('',(0.,0.,1.));
#9503 = PCURVE('',#8632,#9504);
#9504 = DEFINITIONAL_REPRESENTATION('',(#9505),#9509);
#9505 = LINE('',#9506,#9507);
#9506 = CARTESIAN_POINT('',(0.,4.4));
#9507 = VECTOR('',#9508,1.);
#9508 = DIRECTION('',(1.,0.));
#9509 = ( GEOMETRIC_REPRESENTATION_CONTEXT(2) 
PARAMETRIC_REPRESENTATION_CONTEXT() REPRESENTATION_CONTEXT('2D SPACE',''
  ) );
#9510 = PCURVE('',#8660,#9511);
#9511 = DEFINITIONAL_REPRESENTATION('',(#9512),#9516);
#9512 = LINE('',#9513,#9514);
#9513 = CARTESIAN_POINT('',(0.,0.));
#9514 = VECTOR('',#9515,1.);
#9515 = DIRECTION('',(1.,0.));
#9516 = ( GEOMETRIC_REPRESENTATION_CONTEXT(2) 
PARAMETRIC_REPRESENTATION_CONTEXT() REPRESENTATION_CONTEXT('2D SPACE',''
  ) );
#9517 = ADVANCED_FACE('',(#9518),#8660,.F.);
#9518 = FACE_BOUND('',#9519,.F.);
#9519 = EDGE_LOOP('',(#9520,#9521,#9522,#9523));
#9520 = ORIENTED_EDGE('',*,*,#9497,.F.);
#9521 = ORIENTED_EDGE('',*,*,#8644,.T.);
#9522 = ORIENTED_EDGE('',*,*,#9470,.T.);
#9523 = ORIENTED_EDGE('',*,*,#8948,.F.);
#9524 = ( GEOMETRIC_REPRESENTATION_CONTEXT(3) 
GLOBAL_UNCERTAINTY_ASSIGNED_CONTEXT((#9528)) 
GLOBAL_UNIT_ASSIGNED_CONTEXT((#9525,#9526,#9527)) REPRESENTATION_CONTEXT
('Context #1','3D Context with UNIT and UNCERTAINTY') );
#9525 = ( LENGTH_UNIT() NAMED_UNIT(*) SI_UNIT(.MILLI.,.METRE.) );
#9526 = ( NAMED_UNIT(*) PLANE_ANGLE_UNIT() SI_UNIT($,.RADIAN.) );
#9527 = ( NAMED_UNIT(*) SI_UNIT($,.STERADIAN.) SOLID_ANGLE_UNIT() );
#9528 = UNCERTAINTY_MEASURE_WITH_UNIT(LENGTH_MEASURE(1.E-07),#9525,
  'distance_accuracy_value','confusion accuracy');
#9529 = CONTEXT_DEPENDENT_SHAPE_REPRESENTATION(#9530,#9532);
#9530 = ( REPRESENTATION_RELATIONSHIP('','',#56,#10) 
REPRESENTATION_RELATIONSHIP_WITH_TRANSFORMATION(#9531) 
SHAPE_REPRESENTATION_RELATIONSHIP() );
#9531 = ITEM_DEFINED_TRANSFORMATION('','',#11,#15);
#9532 = PRODUCT_DEFINITION_SHAPE('Placement','Placement of an item',
  #9533);
#9533 = NEXT_ASSEMBLY_USAGE_OCCURRENCE('8','boot','',#5,#51,$);
#9534 = PRODUCT_RELATED_PRODUCT_CATEGORY('part',$,(#53));
#9535 = SHAPE_DEFINITION_REPRESENTATION(#9536,#9542);
#9536 = PRODUCT_DEFINITION_SHAPE('','',#9537);
#9537 = PRODUCT_DEFINITION('design','',#9538,#9541);
#9538 = PRODUCT_DEFINITION_FORMATION('','',#9539);
#9539 = PRODUCT('yoke','yoke','',(#9540));
#9540 = PRODUCT_CONTEXT('',#2,'mechanical');
#9541 = PRODUCT_DEFINITION_CONTEXT('part definition',#2,'design');
#9542 = ADVANCED_BREP_SHAPE_REPRESENTATION('',(#11,#9543),#14227);
#9543 = MANIFOLD_SOLID_BREP('',#9544);
#9544 = CLOSED_SHELL('',(#9545,#9665,#9751,#9827,#9905,#10086,#10172,
    #10243,#10321,#10397,#10475,#10546,#10607,#10662,#10780,#10851,
    #10900,#10949,#10976,#11004,#11630,#11680,#11752,#11800,#11848,
    #11880,#11952,#12000,#12048,#12080,#12130,#12202,#12250,#12298,
    #12330,#12380,#12452,#12500,#12548,#12580,#12630,#12658,#12939,
    #13183,#13233,#13283,#13333,#13383,#13433,#13507,#13534,#13576,
    #13583,#13819,#13869,#13919,#13973,#14027,#14081,#14151,#14178,
    #14220));
#9545 = ADVANCED_FACE('',(#9546),#9560,.F.);
#9546 = FACE_BOUND('',#9547,.F.);
#9547 = EDGE_LOOP('',(#9548,#9583,#9611,#9639));
#9548 = ORIENTED_EDGE('',*,*,#9549,.F.);
#9549 = EDGE_CURVE('',#9550,#9552,#9554,.T.);
#9550 = VERTEX_POINT('',#9551);
#9551 = CARTESIAN_POINT('',(-39.,-27.,-16.));
#9552 = VERTEX_POINT('',#9553);
#9553 = CARTESIAN_POINT('',(-39.,15.,-16.));
#9554 = SURFACE_CURVE('',#9555,(#9559,#9571),.PCURVE_S1.);
#9555 = LINE('',#9556,#9557);
#9556 = CARTESIAN_POINT('',(-39.,-30.,-16.));
#9557 = VECTOR('',#9558,1.);
#9558 = DIRECTION('',(0.,1.,0.));
#9559 = PCURVE('',#9560,#9565);
#9560 = PLANE('',#9561);
#9561 = AXIS2_PLACEMENT_3D('',#9562,#9563,#9564);
#9562 = CARTESIAN_POINT('',(-39.,-30.,-19.));
#9563 = DIRECTION('',(1.,0.,0.));
#9564 = DIRECTION('',(0.,0.,1.));
#9565 = DEFINITIONAL_REPRESENTATION('',(#9566),#9570);
#9566 = LINE('',#9567,#9568);
#9567 = CARTESIAN_POINT('',(3.,0.));
#9568 = VECTOR('',#9569,1.);
#9569 = DIRECTION('',(0.,-1.));
#9570 = ( GEOMETRIC_REPRESENTATION_CONTEXT(2) 
PARAMETRIC_REPRESENTATION_CONTEXT() REPRESENTATION_CONTEXT('2D SPACE',''
  ) );
#9571 = PCURVE('',#9572,#9577);
#9572 = PLANE('',#9573);
#9573 = AXIS2_PLACEMENT_3D('',#9574,#9575,#9576);
#9574 = CARTESIAN_POINT('',(-39.,-30.,-16.));
#9575 = DIRECTION('',(0.,0.,1.));
#9576 = DIRECTION('',(1.,0.,-0.));
#9577 = DEFINITIONAL_REPRESENTATION('',(#9578),#9582);
#9578 = LINE('',#9579,#9580);
#9579 = CARTESIAN_POINT('',(0.,0.));
#9580 = VECTOR('',#9581,1.);
#9581 = DIRECTION('',(0.,1.));
#9582 = ( GEOMETRIC_REPRESENTATION_CONTEXT(2) 
PARAMETRIC_REPRESENTATION_CONTEXT() REPRESENTATION_CONTEXT('2D SPACE',''
  ) );
#9583 = ORIENTED_EDGE('',*,*,#9584,.F.);
#9584 = EDGE_CURVE('',#9585,#9550,#9587,.T.);
#9585 = VERTEX_POINT('',#9586);
#9586 = CARTESIAN_POINT('',(-39.,-27.,-19.));
#9587 = SURFACE_CURVE('',#9588,(#9592,#9599),.PCURVE_S1.);
#9588 = LINE('',#9589,#9590);
#9589 = CARTESIAN_POINT('',(-39.,-27.,-19.));
#9590 = VECTOR('',#9591,1.);
#9591 = DIRECTION('',(0.,0.,1.));
#9592 = PCURVE('',#9560,#9593);
#9593 = DEFINITIONAL_REPRESENTATION('',(#9594),#9598);
#9594 = LINE('',#9595,#9596);
#9595 = CARTESIAN_POINT('',(0.,-3.));
#9596 = VECTOR('',#9597,1.);
#9597 = DIRECTION('',(1.,0.));
#9598 = ( GEOMETRIC_REPRESENTATION_CONTEXT(2) 
PARAMETRIC_REPRESENTATION_CONTEXT() REPRESENTATION_CONTEXT('2D SPACE',''
  ) );
#9599 = PCURVE('',#9600,#9605);
#9600 = CYLINDRICAL_SURFACE('',#9601,3.);
#9601 = AXIS2_PLACEMENT_3D('',#9602,#9603,#9604);
#9602 = CARTESIAN_POINT('',(-36.,-27.,-19.));
#9603 = DIRECTION('',(0.,0.,1.));
#9604 = DIRECTION('',(-1.,-0.,0.));
#9605 = DEFINITIONAL_REPRESENTATION('',(#9606),#9610);
#9606 = LINE('',#9607,#9608);
#9607 = CARTESIAN_POINT('',(0.,0.));
#9608 = VECTOR('',#9609,1.);
#9609 = DIRECTION('',(0.,1.));
#9610 = ( GEOMETRIC_REPRESENTATION_CONTEXT(2) 
PARAMETRIC_REPRESENTATION_CONTEXT() REPRESENTATION_CONTEXT('2D SPACE',''
  ) );
#9611 = ORIENTED_EDGE('',*,*,#9612,.T.);
#9612 = EDGE_CURVE('',#9585,#9613,#9615,.T.);
#9613 = VERTEX_POINT('',#9614);
#9614 = CARTESIAN_POINT('',(-39.,15.,-19.));
#9615 = SURFACE_CURVE('',#9616,(#9620,#9627),.PCURVE_S1.);
#9616 = LINE('',#9617,#9618);
#9617 = CARTESIAN_POINT('',(-39.,-30.,-19.));
#9618 = VECTOR('',#9619,1.);
#9619 = DIRECTION('',(0.,1.,0.));
#9620 = PCURVE('',#9560,#9621);
#9621 = DEFINITIONAL_REPRESENTATION('',(#9622),#9626);
#9622 = LINE('',#9623,#9624);
#9623 = CARTESIAN_POINT('',(0.,0.));
#9624 = VECTOR('',#9625,1.);
#9625 = DIRECTION('',(0.,-1.));
#9626 = ( GEOMETRIC_REPRESENTATION_CONTEXT(2) 
PARAMETRIC_REPRESENTATION_CONTEXT() REPRESENTATION_CONTEXT('2D SPACE',''
  ) );
#9627 = PCURVE('',#9628,#9633);
#9628 = PLANE('',#9629);
#9629 = AXIS2_PLACEMENT_3D('',#9630,#9631,#9632);
#9630 = CARTESIAN_POINT('',(-39.,-30.,-19.));
#9631 = DIRECTION('',(0.,0.,1.));
#9632 = DIRECTION('',(1.,0.,-0.));
#9633 = DEFINITIONAL_REPRESENTATION('',(#9634),#9638);
#9634 = LINE('',#9635,#9636);
#9635 = CARTESIAN_POINT('',(0.,0.));
#9636 = VECTOR('',#9637,1.);
#9637 = DIRECTION('',(0.,1.));
#9638 = ( GEOMETRIC_REPRESENTATION_CONTEXT(2) 
PARAMETRIC_REPRESENTATION_CONTEXT() REPRESENTATION_CONTEXT('2D SPACE',''
  ) );
#9639 = ORIENTED_EDGE('',*,*,#9640,.T.);
#9640 = EDGE_CURVE('',#9613,#9552,#9641,.T.);
#9641 = SURFACE_CURVE('',#9642,(#9646,#9653),.PCURVE_S1.);
#9642 = LINE('',#9643,#9644);
#9643 = CARTESIAN_POINT('',(-39.,15.,-19.));
#9644 = VECTOR('',#9645,1.);
#9645 = DIRECTION('',(0.,0.,1.));
#9646 = PCURVE('',#9560,#9647);
#9647 = DEFINITIONAL_REPRESENTATION('',(#9648),#9652);
#9648 = LINE('',#9649,#9650);
#9649 = CARTESIAN_POINT('',(0.,-45.));
#9650 = VECTOR('',#9651,1.);
#9651 = DIRECTION('',(1.,0.));
#9652 = ( GEOMETRIC_REPRESENTATION_CONTEXT(2) 
PARAMETRIC_REPRESENTATION_CONTEXT() REPRESENTATION_CONTEXT('2D SPACE',''
  ) );
#9653 = PCURVE('',#9654,#9659);
#9654 = CYLINDRICAL_SURFACE('',#9655,3.);
#9655 = AXIS2_PLACEMENT_3D('',#9656,#9657,#9658);
#9656 = CARTESIAN_POINT('',(-36.,15.,-19.));
#9657 = DIRECTION('',(0.,0.,1.));
#9658 = DIRECTION('',(-1.,-0.,0.));
#9659 = DEFINITIONAL_REPRESENTATION('',(#9660),#9664);
#9660 = LINE('',#9661,#9662);
#9661 = CARTESIAN_POINT('',(6.28318530718,0.));
#9662 = VECTOR('',#9663,1.);
#9663 = DIRECTION('',(-0.,1.));
#9664 = ( GEOMETRIC_REPRESENTATION_CONTEXT(2) 
PARAMETRIC_REPRESENTATION_CONTEXT() REPRESENTATION_CONTEXT('2D SPACE',''
  ) );
#9665 = ADVANCED_FACE('',(#9666),#9654,.T.);
#9666 = FACE_BOUND('',#9667,.T.);
#9667 = EDGE_LOOP('',(#9668,#9669,#9697,#9725));
#9668 = ORIENTED_EDGE('',*,*,#9640,.T.);
#9669 = ORIENTED_EDGE('',*,*,#9670,.T.);
#9670 = EDGE_CURVE('',#9552,#9671,#9673,.T.);
#9671 = VERTEX_POINT('',#9672);
#9672 = CARTESIAN_POINT('',(-36.,18.,-16.));
#9673 = SURFACE_CURVE('',#9674,(#9679,#9686),.PCURVE_S1.);
#9674 = CIRCLE('',#9675,3.);
#9675 = AXIS2_PLACEMENT_3D('',#9676,#9677,#9678);
#9676 = CARTESIAN_POINT('',(-36.,15.,-16.));
#9677 = DIRECTION('',(-0.,-0.,-1.));
#9678 = DIRECTION('',(0.,-1.,0.));
#9679 = PCURVE('',#9654,#9680);
#9680 = DEFINITIONAL_REPRESENTATION('',(#9681),#9685);
#9681 = LINE('',#9682,#9683);
#9682 = CARTESIAN_POINT('',(7.853981633975,3.));
#9683 = VECTOR('',#9684,1.);
#9684 = DIRECTION('',(-1.,0.));
#9685 = ( GEOMETRIC_REPRESENTATION_CONTEXT(2) 
PARAMETRIC_REPRESENTATION_CONTEXT() REPRESENTATION_CONTEXT('2D SPACE',''
  ) );
#9686 = PCURVE('',#9572,#9687);
#9687 = DEFINITIONAL_REPRESENTATION('',(#9688),#9696);
#9688 = ( BOUNDED_CURVE() B_SPLINE_CURVE(2,(#9689,#9690,#9691,#9692,
#9693,#9694,#9695),.UNSPECIFIED.,.T.,.F.) B_SPLINE_CURVE_WITH_KNOTS((1,2
    ,2,2,2,1),(-2.094395102393,0.,2.094395102393,4.188790204786,
6.28318530718,8.377580409573),.UNSPECIFIED.) CURVE() 
GEOMETRIC_REPRESENTATION_ITEM() RATIONAL_B_SPLINE_CURVE((1.,0.5,1.,0.5,
1.,0.5,1.)) REPRESENTATION_ITEM('') );
#9689 = CARTESIAN_POINT('',(3.,42.));
#9690 = CARTESIAN_POINT('',(-2.196152422707,42.));
#9691 = CARTESIAN_POINT('',(0.401923788647,46.5));
#9692 = CARTESIAN_POINT('',(3.,51.));
#9693 = CARTESIAN_POINT('',(5.598076211353,46.5));
#9694 = CARTESIAN_POINT('',(8.196152422707,42.));
#9695 = CARTESIAN_POINT('',(3.,42.));
#9696 = ( GEOMETRIC_REPRESENTATION_CONTEXT(2) 
PARAMETRIC_REPRESENTATION_CONTEXT() REPRESENTATION_CONTEXT('2D SPACE',''
  ) );
#9697 = ORIENTED_EDGE('',*,*,#9698,.F.);
#9698 = EDGE_CURVE('',#9699,#9671,#9701,.T.);
#9699 = VERTEX_POINT('',#9700);
#9700 = CARTESIAN_POINT('',(-36.,18.,-19.));
#9701 = SURFACE_CURVE('',#9702,(#9706,#9713),.PCURVE_S1.);
#9702 = LINE('',#9703,#9704);
#9703 = CARTESIAN_POINT('',(-36.,18.,-19.));
#9704 = VECTOR('',#9705,1.);
#9705 = DIRECTION('',(0.,0.,1.));
#9706 = PCURVE('',#9654,#9707);
#9707 = DEFINITIONAL_REPRESENTATION('',(#9708),#9712);
#9708 = LINE('',#9709,#9710);
#9709 = CARTESIAN_POINT('',(4.712388980385,0.));
#9710 = VECTOR('',#9711,1.);
#9711 = DIRECTION('',(-0.,1.));
#9712 = ( GEOMETRIC_REPRESENTATION_CONTEXT(2) 
PARAMETRIC_REPRESENTATION_CONTEXT() REPRESENTATION_CONTEXT('2D SPACE',''
  ) );
#9713 = PCURVE('',#9714,#9719);
#9714 = PLANE('',#9715);
#9715 = AXIS2_PLACEMENT_3D('',#9716,#9717,#9718);
#9716 = CARTESIAN_POINT('',(-39.,18.,-19.));
#9717 = DIRECTION('',(0.,1.,0.));
#9718 = DIRECTION('',(0.,-0.,1.));
#9719 = DEFINITIONAL_REPRESENTATION('',(#9720),#9724);
#9720 = LINE('',#9721,#9722);
#9721 = CARTESIAN_POINT('',(0.,3.));
#9722 = VECTOR('',#9723,1.);
#9723 = DIRECTION('',(1.,0.));
#9724 = ( GEOMETRIC_REPRESENTATION_CONTEXT(2) 
PARAMETRIC_REPRESENTATION_CONTEXT() REPRESENTATION_CONTEXT('2D SPACE',''
  ) );
#9725 = ORIENTED_EDGE('',*,*,#9726,.F.);
#9726 = EDGE_CURVE('',#9613,#9699,#9727,.T.);
#9727 = SURFACE_CURVE('',#9728,(#9733,#9740),.PCURVE_S1.);
#9728 = CIRCLE('',#9729,3.);
#9729 = AXIS2_PLACEMENT_3D('',#9730,#9731,#9732);
#9730 = CARTESIAN_POINT('',(-36.,15.,-19.));
#9731 = DIRECTION('',(-0.,-0.,-1.));
#9732 = DIRECTION('',(0.,-1.,0.));
#9733 = PCURVE('',#9654,#9734);
#9734 = DEFINITIONAL_REPRESENTATION('',(#9735),#9739);
#9735 = LINE('',#9736,#9737);
#9736 = CARTESIAN_POINT('',(7.853981633975,0.));
#9737 = VECTOR('',#9738,1.);
#9738 = DIRECTION('',(-1.,0.));
#9739 = ( GEOMETRIC_REPRESENTATION_CONTEXT(2) 
PARAMETRIC_REPRESENTATION_CONTEXT() REPRESENTATION_CONTEXT('2D SPACE',''
  ) );
#9740 = PCURVE('',#9628,#9741);
#9741 = DEFINITIONAL_REPRESENTATION('',(#9742),#9750);
#9742 = ( BOUNDED_CURVE() B_SPLINE_CURVE(2,(#9743,#9744,#9745,#9746,
#9747,#9748,#9749),.UNSPECIFIED.,.T.,.F.) B_SPLINE_CURVE_WITH_KNOTS((1,2
    ,2,2,2,1),(-2.094395102393,0.,2.094395102393,4.188790204786,
6.28318530718,8.377580409573),.UNSPECIFIED.) CURVE() 
GEOMETRIC_REPRESENTATION_ITEM() RATIONAL_B_SPLINE_CURVE((1.,0.5,1.,0.5,
1.,0.5,1.)) REPRESENTATION_ITEM('') );
#9743 = CARTESIAN_POINT('',(3.,42.));
#9744 = CARTESIAN_POINT('',(-2.196152422707,42.));
#9745 = CARTESIAN_POINT('',(0.401923788647,46.5));
#9746 = CARTESIAN_POINT('',(3.,51.));
#9747 = CARTESIAN_POINT('',(5.598076211353,46.5));
#9748 = CARTESIAN_POINT('',(8.196152422707,42.));
#9749 = CARTESIAN_POINT('',(3.,42.));
#9750 = ( GEOMETRIC_REPRESENTATION_CONTEXT(2) 
PARAMETRIC_REPRESENTATION_CONTEXT() REPRESENTATION_CONTEXT('2D SPACE',''
  ) );
#9751 = ADVANCED_FACE('',(#9752),#9714,.T.);
#9752 = FACE_BOUND('',#9753,.T.);
#9753 = EDGE_LOOP('',(#9754,#9777,#9778,#9801));
#9754 = ORIENTED_EDGE('',*,*,#9755,.F.);
#9755 = EDGE_CURVE('',#9699,#9756,#9758,.T.);
#9756 = VERTEX_POINT('',#9757);
#9757 = CARTESIAN_POINT('',(44.,18.,-19.));
#9758 = SURFACE_CURVE('',#9759,(#9763,#9770),.PCURVE_S1.);
#9759 = LINE('',#9760,#9761);
#9760 = CARTESIAN_POINT('',(-39.,18.,-19.));
#9761 = VECTOR('',#9762,1.);
#9762 = DIRECTION('',(1.,0.,0.));
#9763 = PCURVE('',#9714,#9764);
#9764 = DEFINITIONAL_REPRESENTATION('',(#9765),#9769);
#9765 = LINE('',#9766,#9767);
#9766 = CARTESIAN_POINT('',(0.,0.));
#9767 = VECTOR('',#9768,1.);
#9768 = DIRECTION('',(0.,1.));
#9769 = ( GEOMETRIC_REPRESENTATION_CONTEXT(2) 
PARAMETRIC_REPRESENTATION_CONTEXT() REPRESENTATION_CONTEXT('2D SPACE',''
  ) );
#9770 = PCURVE('',#9628,#9771);
#9771 = DEFINITIONAL_REPRESENTATION('',(#9772),#9776);
#9772 = LINE('',#9773,#9774);
#9773 = CARTESIAN_POINT('',(0.,48.));
#9774 = VECTOR('',#9775,1.);
#9775 = DIRECTION('',(1.,0.));
#9776 = ( GEOMETRIC_REPRESENTATION_CONTEXT(2) 
PARAMETRIC_REPRESENTATION_CONTEXT() REPRESENTATION_CONTEXT('2D SPACE',''
  ) );
#9777 = ORIENTED_EDGE('',*,*,#9698,.T.);
#9778 = ORIENTED_EDGE('',*,*,#9779,.T.);
#9779 = EDGE_CURVE('',#9671,#9780,#9782,.T.);
#9780 = VERTEX_POINT('',#9781);
#9781 = CARTESIAN_POINT('',(44.,18.,-16.));
#9782 = SURFACE_CURVE('',#9783,(#9787,#9794),.PCURVE_S1.);
#9783 = LINE('',#9784,#9785);
#9784 = CARTESIAN_POINT('',(-39.,18.,-16.));
#9785 = VECTOR('',#9786,1.);
#9786 = DIRECTION('',(1.,0.,0.));
#9787 = PCURVE('',#9714,#9788);
#9788 = DEFINITIONAL_REPRESENTATION('',(#9789),#9793);
#9789 = LINE('',#9790,#9791);
#9790 = CARTESIAN_POINT('',(3.,0.));
#9791 = VECTOR('',#9792,1.);
#9792 = DIRECTION('',(0.,1.));
#9793 = ( GEOMETRIC_REPRESENTATION_CONTEXT(2) 
PARAMETRIC_REPRESENTATION_CONTEXT() REPRESENTATION_CONTEXT('2D SPACE',''
  ) );
#9794 = PCURVE('',#9572,#9795);
#9795 = DEFINITIONAL_REPRESENTATION('',(#9796),#9800);
#9796 = LINE('',#9797,#9798);
#9797 = CARTESIAN_POINT('',(0.,48.));
#9798 = VECTOR('',#9799,1.);
#9799 = DIRECTION('',(1.,0.));
#9800 = ( GEOMETRIC_REPRESENTATION_CONTEXT(2) 
PARAMETRIC_REPRESENTATION_CONTEXT() REPRESENTATION_CONTEXT('2D SPACE',''
  ) );
#9801 = ORIENTED_EDGE('',*,*,#9802,.F.);
#9802 = EDGE_CURVE('',#9756,#9780,#9803,.T.);
#9803 = SURFACE_CURVE('',#9804,(#9808,#9815),.PCURVE_S1.);
#9804 = LINE('',#9805,#9806);
#9805 = CARTESIAN_POINT('',(44.,18.,-19.));
#9806 = VECTOR('',#9807,1.);
#9807 = DIRECTION('',(0.,0.,1.));
#9808 = PCURVE('',#9714,#9809);
#9809 = DEFINITIONAL_REPRESENTATION('',(#9810),#9814);
#9810 = LINE('',#9811,#9812);
#9811 = CARTESIAN_POINT('',(0.,83.));
#9812 = VECTOR('',#9813,1.);
#9813 = DIRECTION('',(1.,0.));
#9814 = ( GEOMETRIC_REPRESENTATION_CONTEXT(2) 
PARAMETRIC_REPRESENTATION_CONTEXT() REPRESENTATION_CONTEXT('2D SPACE',''
  ) );
#9815 = PCURVE('',#9816,#9821);
#9816 = CYLINDRICAL_SURFACE('',#9817,3.);
#9817 = AXIS2_PLACEMENT_3D('',#9818,#9819,#9820);
#9818 = CARTESIAN_POINT('',(44.,15.,-19.));
#9819 = DIRECTION('',(0.,0.,1.));
#9820 = DIRECTION('',(1.,0.,-0.));
#9821 = DEFINITIONAL_REPRESENTATION('',(#9822),#9826);
#9822 = LINE('',#9823,#9824);
#9823 = CARTESIAN_POINT('',(1.570796326795,0.));
#9824 = VECTOR('',#9825,1.);
#9825 = DIRECTION('',(0.,1.));
#9826 = ( GEOMETRIC_REPRESENTATION_CONTEXT(2) 
PARAMETRIC_REPRESENTATION_CONTEXT() REPRESENTATION_CONTEXT('2D SPACE',''
  ) );
#9827 = ADVANCED_FACE('',(#9828),#9816,.T.);
#9828 = FACE_BOUND('',#9829,.T.);
#9829 = EDGE_LOOP('',(#9830,#9854,#9855,#9879));
#9830 = ORIENTED_EDGE('',*,*,#9831,.T.);
#9831 = EDGE_CURVE('',#9832,#9756,#9834,.T.);
#9832 = VERTEX_POINT('',#9833);
#9833 = CARTESIAN_POINT('',(47.,15.,-19.));
#9834 = SURFACE_CURVE('',#9835,(#9840,#9847),.PCURVE_S1.);
#9835 = CIRCLE('',#9836,3.);
#9836 = AXIS2_PLACEMENT_3D('',#9837,#9838,#9839);
#9837 = CARTESIAN_POINT('',(44.,15.,-19.));
#9838 = DIRECTION('',(0.,0.,1.));
#9839 = DIRECTION('',(0.,-1.,0.));
#9840 = PCURVE('',#9816,#9841);
#9841 = DEFINITIONAL_REPRESENTATION('',(#9842),#9846);
#9842 = LINE('',#9843,#9844);
#9843 = CARTESIAN_POINT('',(-1.570796326795,0.));
#9844 = VECTOR('',#9845,1.);
#9845 = DIRECTION('',(1.,0.));
#9846 = ( GEOMETRIC_REPRESENTATION_CONTEXT(2) 
PARAMETRIC_REPRESENTATION_CONTEXT() REPRESENTATION_CONTEXT('2D SPACE',''
  ) );
#9847 = PCURVE('',#9628,#9848);
#9848 = DEFINITIONAL_REPRESENTATION('',(#9849),#9853);
#9849 = CIRCLE('',#9850,3.);
#9850 = AXIS2_PLACEMENT_2D('',#9851,#9852);
#9851 = CARTESIAN_POINT('',(83.,45.));
#9852 = DIRECTION('',(0.,-1.));
#9853 = ( GEOMETRIC_REPRESENTATION_CONTEXT(2) 
PARAMETRIC_REPRESENTATION_CONTEXT() REPRESENTATION_CONTEXT('2D SPACE',''
  ) );
#9854 = ORIENTED_EDGE('',*,*,#9802,.T.);
#9855 = ORIENTED_EDGE('',*,*,#9856,.F.);
#9856 = EDGE_CURVE('',#9857,#9780,#9859,.T.);
#9857 = VERTEX_POINT('',#9858);
#9858 = CARTESIAN_POINT('',(47.,15.,-16.));
#9859 = SURFACE_CURVE('',#9860,(#9865,#9872),.PCURVE_S1.);
#9860 = CIRCLE('',#9861,3.);
#9861 = AXIS2_PLACEMENT_3D('',#9862,#9863,#9864);
#9862 = CARTESIAN_POINT('',(44.,15.,-16.));
#9863 = DIRECTION('',(0.,0.,1.));
#9864 = DIRECTION('',(0.,-1.,0.));
#9865 = PCURVE('',#9816,#9866);
#9866 = DEFINITIONAL_REPRESENTATION('',(#9867),#9871);
#9867 = LINE('',#9868,#9869);
#9868 = CARTESIAN_POINT('',(-1.570796326795,3.));
#9869 = VECTOR('',#9870,1.);
#9870 = DIRECTION('',(1.,0.));
#9871 = ( GEOMETRIC_REPRESENTATION_CONTEXT(2) 
PARAMETRIC_REPRESENTATION_CONTEXT() REPRESENTATION_CONTEXT('2D SPACE',''
  ) );
#9872 = PCURVE('',#9572,#9873);
#9873 = DEFINITIONAL_REPRESENTATION('',(#9874),#9878);
#9874 = CIRCLE('',#9875,3.);
#9875 = AXIS2_PLACEMENT_2D('',#9876,#9877);
#9876 = CARTESIAN_POINT('',(83.,45.));
#9877 = DIRECTION('',(0.,-1.));
#9878 = ( GEOMETRIC_REPRESENTATION_CONTEXT(2) 
PARAMETRIC_REPRESENTATION_CONTEXT() REPRESENTATION_CONTEXT('2D SPACE',''
  ) );
#9879 = ORIENTED_EDGE('',*,*,#9880,.F.);
#9880 = EDGE_CURVE('',#9832,#9857,#9881,.T.);
#9881 = SURFACE_CURVE('',#9882,(#9886,#9893),.PCURVE_S1.);
#9882 = LINE('',#9883,#9884);
#9883 = CARTESIAN_POINT('',(47.,15.,-19.));
#9884 = VECTOR('',#9885,1.);
#9885 = DIRECTION('',(0.,0.,1.));
#9886 = PCURVE('',#9816,#9887);
#9887 = DEFINITIONAL_REPRESENTATION('',(#9888),#9892);
#9888 = LINE('',#9889,#9890);
#9889 = CARTESIAN_POINT('',(0.,0.));
#9890 = VECTOR('',#9891,1.);
#9891 = DIRECTION('',(0.,1.));
#9892 = ( GEOMETRIC_REPRESENTATION_CONTEXT(2) 
PARAMETRIC_REPRESENTATION_CONTEXT() REPRESENTATION_CONTEXT('2D SPACE',''
  ) );
#9893 = PCURVE('',#9894,#9899);
#9894 = PLANE('',#9895);
#9895 = AXIS2_PLACEMENT_3D('',#9896,#9897,#9898);
#9896 = CARTESIAN_POINT('',(47.,-30.,-19.));
#9897 = DIRECTION('',(1.,0.,0.));
#9898 = DIRECTION('',(0.,0.,1.));
#9899 = DEFINITIONAL_REPRESENTATION('',(#9900),#9904);
#9900 = LINE('',#9901,#9902);
#9901 = CARTESIAN_POINT('',(0.,-45.));
#9902 = VECTOR('',#9903,1.);
#9903 = DIRECTION('',(1.,0.));
#9904 = ( GEOMETRIC_REPRESENTATION_CONTEXT(2) 
PARAMETRIC_REPRESENTATION_CONTEXT() REPRESENTATION_CONTEXT('2D SPACE',''
  ) );
#9905 = ADVANCED_FACE('',(#9906),#9894,.T.);
#9906 = FACE_BOUND('',#9907,.T.);
#9907 = EDGE_LOOP('',(#9908,#9931,#9959,#9982,#10009,#10037,#10064,
    #10085));
#9908 = ORIENTED_EDGE('',*,*,#9909,.F.);
#9909 = EDGE_CURVE('',#9910,#9857,#9912,.T.);
#9910 = VERTEX_POINT('',#9911);
#9911 = CARTESIAN_POINT('',(47.,-27.,-16.));
#9912 = SURFACE_CURVE('',#9913,(#9917,#9924),.PCURVE_S1.);
#9913 = LINE('',#9914,#9915);
#9914 = CARTESIAN_POINT('',(47.,-30.,-16.));
#9915 = VECTOR('',#9916,1.);
#9916 = DIRECTION('',(0.,1.,0.));
#9917 = PCURVE('',#9894,#9918);
#9918 = DEFINITIONAL_REPRESENTATION('',(#9919),#9923);
#9919 = LINE('',#9920,#9921);
#9920 = CARTESIAN_POINT('',(3.,0.));
#9921 = VECTOR('',#9922,1.);
#9922 = DIRECTION('',(0.,-1.));
#9923 = ( GEOMETRIC_REPRESENTATION_CONTEXT(2) 
PARAMETRIC_REPRESENTATION_CONTEXT() REPRESENTATION_CONTEXT('2D SPACE',''
  ) );
#9924 = PCURVE('',#9572,#9925);
#9925 = DEFINITIONAL_REPRESENTATION('',(#9926),#9930);
#9926 = LINE('',#9927,#9928);
#9927 = CARTESIAN_POINT('',(86.,0.));
#9928 = VECTOR('',#9929,1.);
#9929 = DIRECTION('',(0.,1.));
#9930 = ( GEOMETRIC_REPRESENTATION_CONTEXT(2) 
PARAMETRIC_REPRESENTATION_CONTEXT() REPRESENTATION_CONTEXT('2D SPACE',''
  ) );
#9931 = ORIENTED_EDGE('',*,*,#9932,.F.);
#9932 = EDGE_CURVE('',#9933,#9910,#9935,.T.);
#9933 = VERTEX_POINT('',#9934);
#9934 = CARTESIAN_POINT('',(47.,-27.,-19.));
#9935 = SURFACE_CURVE('',#9936,(#9940,#9947),.PCURVE_S1.);
#9936 = LINE('',#9937,#9938);
#9937 = CARTESIAN_POINT('',(47.,-27.,-19.));
#9938 = VECTOR('',#9939,1.);
#9939 = DIRECTION('',(0.,0.,1.));
#9940 = PCURVE('',#9894,#9941);
#9941 = DEFINITIONAL_REPRESENTATION('',(#9942),#9946);
#9942 = LINE('',#9943,#9944);
#9943 = CARTESIAN_POINT('',(0.,-3.));
#9944 = VECTOR('',#9945,1.);
#9945 = DIRECTION('',(1.,0.));
#9946 = ( GEOMETRIC_REPRESENTATION_CONTEXT(2) 
PARAMETRIC_REPRESENTATION_CONTEXT() REPRESENTATION_CONTEXT('2D SPACE',''
  ) );
#9947 = PCURVE('',#9948,#9953);
#9948 = CYLINDRICAL_SURFACE('',#9949,3.);
#9949 = AXIS2_PLACEMENT_3D('',#9950,#9951,#9952);
#9950 = CARTESIAN_POINT('',(44.,-27.,-19.));
#9951 = DIRECTION('',(0.,0.,1.));
#9952 = DIRECTION('',(1.,0.,-0.));
#9953 = DEFINITIONAL_REPRESENTATION('',(#9954),#9958);
#9954 = LINE('',#9955,#9956);
#9955 = CARTESIAN_POINT('',(6.28318530718,0.));
#9956 = VECTOR('',#9957,1.);
#9957 = DIRECTION('',(-0.,1.));
#9958 = ( GEOMETRIC_REPRESENTATION_CONTEXT(2) 
PARAMETRIC_REPRESENTATION_CONTEXT() REPRESENTATION_CONTEXT('2D SPACE',''
  ) );
#9959 = ORIENTED_EDGE('',*,*,#9960,.T.);
#9960 = EDGE_CURVE('',#9933,#9961,#9963,.T.);
#9961 = VERTEX_POINT('',#9962);
#9962 = CARTESIAN_POINT('',(47.,-8.332380757938,-19.));
#9963 = SURFACE_CURVE('',#9964,(#9968,#9975),.PCURVE_S1.);
#9964 = LINE('',#9965,#9966);
#9965 = CARTESIAN_POINT('',(47.,-30.,-19.));
#9966 = VECTOR('',#9967,1.);
#9967 = DIRECTION('',(0.,1.,0.));
#9968 = PCURVE('',#9894,#9969);
#9969 = DEFINITIONAL_REPRESENTATION('',(#9970),#9974);
#9970 = LINE('',#9971,#9972);
#9971 = CARTESIAN_POINT('',(0.,0.));
#9972 = VECTOR('',#9973,1.);
#9973 = DIRECTION('',(0.,-1.));
#9974 = ( GEOMETRIC_REPRESENTATION_CONTEXT(2) 
PARAMETRIC_REPRESENTATION_CONTEXT() REPRESENTATION_CONTEXT('2D SPACE',''
  ) );
#9975 = PCURVE('',#9628,#9976);
#9976 = DEFINITIONAL_REPRESENTATION('',(#9977),#9981);
#9977 = LINE('',#9978,#9979);
#9978 = CARTESIAN_POINT('',(86.,0.));
#9979 = VECTOR('',#9980,1.);
#9980 = DIRECTION('',(0.,1.));
#9981 = ( GEOMETRIC_REPRESENTATION_CONTEXT(2) 
PARAMETRIC_REPRESENTATION_CONTEXT() REPRESENTATION_CONTEXT('2D SPACE',''
  ) );
#9982 = ORIENTED_EDGE('',*,*,#9983,.T.);
#9983 = EDGE_CURVE('',#9961,#9984,#9986,.T.);
#9984 = VERTEX_POINT('',#9985);
#9985 = CARTESIAN_POINT('',(47.,-8.332380757938,-18.));
#9986 = SURFACE_CURVE('',#9987,(#9991,#9998),.PCURVE_S1.);
#9987 = LINE('',#9988,#9989);
#9988 = CARTESIAN_POINT('',(47.,-8.332380757938,-19.01));
#9989 = VECTOR('',#9990,1.);
#9990 = DIRECTION('',(0.,0.,1.));
#9991 = PCURVE('',#9894,#9992);
#9992 = DEFINITIONAL_REPRESENTATION('',(#9993),#9997);
#9993 = LINE('',#9994,#9995);
#9994 = CARTESIAN_POINT('',(-1.E-02,-21.66761924206));
#9995 = VECTOR('',#9996,1.);
#9996 = DIRECTION('',(1.,0.));
#9997 = ( GEOMETRIC_REPRESENTATION_CONTEXT(2) 
PARAMETRIC_REPRESENTATION_CONTEXT() REPRESENTATION_CONTEXT('2D SPACE',''
  ) );
#9998 = PCURVE('',#9999,#10004);
#9999 = CYLINDRICAL_SURFACE('',#10000,3.8);
#10000 = AXIS2_PLACEMENT_3D('',#10001,#10002,#10003);
#10001 = CARTESIAN_POINT('',(44.,-6.,-19.01));
#10002 = DIRECTION('',(0.,0.,1.));
#10003 = DIRECTION('',(1.,0.,-0.));
#10004 = DEFINITIONAL_REPRESENTATION('',(#10005),#10008);
#10005 = B_SPLINE_CURVE_WITH_KNOTS('',1,(#10006,#10007),.UNSPECIFIED.,
  .F.,.F.,(2,2),(-5.999999999062E-07,1.0100006),
  .PIECEWISE_BEZIER_KNOTS.);
#10006 = CARTESIAN_POINT('',(5.622340011357,-5.999999999062E-07));
#10007 = CARTESIAN_POINT('',(5.622340011357,1.0100006));
#10008 = ( GEOMETRIC_REPRESENTATION_CONTEXT(2) 
PARAMETRIC_REPRESENTATION_CONTEXT() REPRESENTATION_CONTEXT('2D SPACE',''
  ) );
#10009 = ORIENTED_EDGE('',*,*,#10010,.F.);
#10010 = EDGE_CURVE('',#10011,#9984,#10013,.T.);
#10011 = VERTEX_POINT('',#10012);
#10012 = CARTESIAN_POINT('',(47.,-3.667619242062,-18.));
#10013 = SURFACE_CURVE('',#10014,(#10018,#10025),.PCURVE_S1.);
#10014 = LINE('',#10015,#10016);
#10015 = CARTESIAN_POINT('',(47.,-18.,-18.));
#10016 = VECTOR('',#10017,1.);
#10017 = DIRECTION('',(0.,-1.,0.));
#10018 = PCURVE('',#9894,#10019);
#10019 = DEFINITIONAL_REPRESENTATION('',(#10020),#10024);
#10020 = LINE('',#10021,#10022);
#10021 = CARTESIAN_POINT('',(1.,-12.));
#10022 = VECTOR('',#10023,1.);
#10023 = DIRECTION('',(0.,1.));
#10024 = ( GEOMETRIC_REPRESENTATION_CONTEXT(2) 
PARAMETRIC_REPRESENTATION_CONTEXT() REPRESENTATION_CONTEXT('2D SPACE',''
  ) );
#10025 = PCURVE('',#10026,#10031);
#10026 = PLANE('',#10027);
#10027 = AXIS2_PLACEMENT_3D('',#10028,#10029,#10030);
#10028 = CARTESIAN_POINT('',(44.,-6.,-18.));
#10029 = DIRECTION('',(0.,0.,1.));
#10030 = DIRECTION('',(1.,0.,-0.));
#10031 = DEFINITIONAL_REPRESENTATION('',(#10032),#10036);
#10032 = LINE('',#10033,#10034);
#10033 = CARTESIAN_POINT('',(3.,-12.));
#10034 = VECTOR('',#10035,1.);
#10035 = DIRECTION('',(0.,-1.));
#10036 = ( GEOMETRIC_REPRESENTATION_CONTEXT(2) 
PARAMETRIC_REPRESENTATION_CONTEXT() REPRESENTATION_CONTEXT('2D SPACE',''
  ) );
#10037 = ORIENTED_EDGE('',*,*,#10038,.F.);
#10038 = EDGE_CURVE('',#10039,#10011,#10041,.T.);
#10039 = VERTEX_POINT('',#10040);
#10040 = CARTESIAN_POINT('',(47.,-3.667619242062,-19.));
#10041 = SURFACE_CURVE('',#10042,(#10046,#10053),.PCURVE_S1.);
#10042 = LINE('',#10043,#10044);
#10043 = CARTESIAN_POINT('',(47.,-3.667619242062,-19.01));
#10044 = VECTOR('',#10045,1.);
#10045 = DIRECTION('',(0.,0.,1.));
#10046 = PCURVE('',#9894,#10047);
#10047 = DEFINITIONAL_REPRESENTATION('',(#10048),#10052);
#10048 = LINE('',#10049,#10050);
#10049 = CARTESIAN_POINT('',(-1.E-02,-26.33238075793));
#10050 = VECTOR('',#10051,1.);
#10051 = DIRECTION('',(1.,0.));
#10052 = ( GEOMETRIC_REPRESENTATION_CONTEXT(2) 
PARAMETRIC_REPRESENTATION_CONTEXT() REPRESENTATION_CONTEXT('2D SPACE',''
  ) );
#10053 = PCURVE('',#10054,#10059);
#10054 = CYLINDRICAL_SURFACE('',#10055,3.8);
#10055 = AXIS2_PLACEMENT_3D('',#10056,#10057,#10058);
#10056 = CARTESIAN_POINT('',(44.,-6.,-19.01));
#10057 = DIRECTION('',(0.,0.,1.));
#10058 = DIRECTION('',(1.,0.,-0.));
#10059 = DEFINITIONAL_REPRESENTATION('',(#10060),#10063);
#10060 = B_SPLINE_CURVE_WITH_KNOTS('',1,(#10061,#10062),.UNSPECIFIED.,
  .F.,.F.,(2,2),(-5.999999999062E-07,1.0100006),
  .PIECEWISE_BEZIER_KNOTS.);
#10061 = CARTESIAN_POINT('',(0.660845295823,-5.999999999062E-07));
#10062 = CARTESIAN_POINT('',(0.660845295823,1.0100006));
#10063 = ( GEOMETRIC_REPRESENTATION_CONTEXT(2) 
PARAMETRIC_REPRESENTATION_CONTEXT() REPRESENTATION_CONTEXT('2D SPACE',''
  ) );
#10064 = ORIENTED_EDGE('',*,*,#10065,.T.);
#10065 = EDGE_CURVE('',#10039,#9832,#10066,.T.);
#10066 = SURFACE_CURVE('',#10067,(#10071,#10078),.PCURVE_S1.);
#10067 = LINE('',#10068,#10069);
#10068 = CARTESIAN_POINT('',(47.,-30.,-19.));
#10069 = VECTOR('',#10070,1.);
#10070 = DIRECTION('',(0.,1.,0.));
#10071 = PCURVE('',#9894,#10072);
#10072 = DEFINITIONAL_REPRESENTATION('',(#10073),#10077);
#10073 = LINE('',#10074,#10075);
#10074 = CARTESIAN_POINT('',(0.,0.));
#10075 = VECTOR('',#10076,1.);
#10076 = DIRECTION('',(0.,-1.));
#10077 = ( GEOMETRIC_REPRESENTATION_CONTEXT(2) 
PARAMETRIC_REPRESENTATION_CONTEXT() REPRESENTATION_CONTEXT('2D SPACE',''
  ) );
#10078 = PCURVE('',#9628,#10079);
#10079 = DEFINITIONAL_REPRESENTATION('',(#10080),#10084);
#10080 = LINE('',#10081,#10082);
#10081 = CARTESIAN_POINT('',(86.,0.));
#10082 = VECTOR('',#10083,1.);
#10083 = DIRECTION('',(0.,1.));
#10084 = ( GEOMETRIC_REPRESENTATION_CONTEXT(2) 
PARAMETRIC_REPRESENTATION_CONTEXT() REPRESENTATION_CONTEXT('2D SPACE',''
  ) );
#10085 = ORIENTED_EDGE('',*,*,#9880,.T.);
#10086 = ADVANCED_FACE('',(#10087),#9948,.T.);
#10087 = FACE_BOUND('',#10088,.T.);
#10088 = EDGE_LOOP('',(#10089,#10090,#10118,#10146));
#10089 = ORIENTED_EDGE('',*,*,#9932,.T.);
#10090 = ORIENTED_EDGE('',*,*,#10091,.T.);
#10091 = EDGE_CURVE('',#9910,#10092,#10094,.T.);
#10092 = VERTEX_POINT('',#10093);
#10093 = CARTESIAN_POINT('',(44.,-30.,-16.));
#10094 = SURFACE_CURVE('',#10095,(#10100,#10107),.PCURVE_S1.);
#10095 = CIRCLE('',#10096,3.);
#10096 = AXIS2_PLACEMENT_3D('',#10097,#10098,#10099);
#10097 = CARTESIAN_POINT('',(44.,-27.,-16.));
#10098 = DIRECTION('',(-0.,-0.,-1.));
#10099 = DIRECTION('',(0.,-1.,0.));
#10100 = PCURVE('',#9948,#10101);
#10101 = DEFINITIONAL_REPRESENTATION('',(#10102),#10106);
#10102 = LINE('',#10103,#10104);
#10103 = CARTESIAN_POINT('',(10.995574287565,3.));
#10104 = VECTOR('',#10105,1.);
#10105 = DIRECTION('',(-1.,0.));
#10106 = ( GEOMETRIC_REPRESENTATION_CONTEXT(2) 
PARAMETRIC_REPRESENTATION_CONTEXT() REPRESENTATION_CONTEXT('2D SPACE',''
  ) );
#10107 = PCURVE('',#9572,#10108);
#10108 = DEFINITIONAL_REPRESENTATION('',(#10109),#10117);
#10109 = ( BOUNDED_CURVE() B_SPLINE_CURVE(2,(#10110,#10111,#10112,#10113
    ,#10114,#10115,#10116),.UNSPECIFIED.,.T.,.F.) 
B_SPLINE_CURVE_WITH_KNOTS((1,2,2,2,2,1),(-2.094395102393,0.,
    2.094395102393,4.188790204786,6.28318530718,8.377580409573),
.UNSPECIFIED.) CURVE() GEOMETRIC_REPRESENTATION_ITEM() 
RATIONAL_B_SPLINE_CURVE((1.,0.5,1.,0.5,1.,0.5,1.)) REPRESENTATION_ITEM(
  '') );
#10110 = CARTESIAN_POINT('',(83.,0.));
#10111 = CARTESIAN_POINT('',(77.803847577293,0.));
#10112 = CARTESIAN_POINT('',(80.401923788647,4.5));
#10113 = CARTESIAN_POINT('',(83.,9.));
#10114 = CARTESIAN_POINT('',(85.598076211353,4.5));
#10115 = CARTESIAN_POINT('',(88.196152422707,4.440892098501E-15));
#10116 = CARTESIAN_POINT('',(83.,0.));
#10117 = ( GEOMETRIC_REPRESENTATION_CONTEXT(2) 
PARAMETRIC_REPRESENTATION_CONTEXT() REPRESENTATION_CONTEXT('2D SPACE',''
  ) );
#10118 = ORIENTED_EDGE('',*,*,#10119,.F.);
#10119 = EDGE_CURVE('',#10120,#10092,#10122,.T.);
#10120 = VERTEX_POINT('',#10121);
#10121 = CARTESIAN_POINT('',(44.,-30.,-19.));
#10122 = SURFACE_CURVE('',#10123,(#10127,#10134),.PCURVE_S1.);
#10123 = LINE('',#10124,#10125);
#10124 = CARTESIAN_POINT('',(44.,-30.,-19.));
#10125 = VECTOR('',#10126,1.);
#10126 = DIRECTION('',(0.,0.,1.));
#10127 = PCURVE('',#9948,#10128);
#10128 = DEFINITIONAL_REPRESENTATION('',(#10129),#10133);
#10129 = LINE('',#10130,#10131);
#10130 = CARTESIAN_POINT('',(4.712388980385,0.));
#10131 = VECTOR('',#10132,1.);
#10132 = DIRECTION('',(-0.,1.));
#10133 = ( GEOMETRIC_REPRESENTATION_CONTEXT(2) 
PARAMETRIC_REPRESENTATION_CONTEXT() REPRESENTATION_CONTEXT('2D SPACE',''
  ) );
#10134 = PCURVE('',#10135,#10140);
#10135 = PLANE('',#10136);
#10136 = AXIS2_PLACEMENT_3D('',#10137,#10138,#10139);
#10137 = CARTESIAN_POINT('',(-39.,-30.,-19.));
#10138 = DIRECTION('',(0.,1.,0.));
#10139 = DIRECTION('',(0.,-0.,1.));
#10140 = DEFINITIONAL_REPRESENTATION('',(#10141),#10145);
#10141 = LINE('',#10142,#10143);
#10142 = CARTESIAN_POINT('',(0.,83.));
#10143 = VECTOR('',#10144,1.);
#10144 = DIRECTION('',(1.,0.));
#10145 = ( GEOMETRIC_REPRESENTATION_CONTEXT(2) 
PARAMETRIC_REPRESENTATION_CONTEXT() REPRESENTATION_CONTEXT('2D SPACE',''
  ) );
#10146 = ORIENTED_EDGE('',*,*,#10147,.F.);
#10147 = EDGE_CURVE('',#9933,#10120,#10148,.T.);
#10148 = SURFACE_CURVE('',#10149,(#10154,#10161),.PCURVE_S1.);
#10149 = CIRCLE('',#10150,3.);
#10150 = AXIS2_PLACEMENT_3D('',#10151,#10152,#10153);
#10151 = CARTESIAN_POINT('',(44.,-27.,-19.));
#10152 = DIRECTION('',(-0.,-0.,-1.));
#10153 = DIRECTION('',(0.,-1.,0.));
#10154 = PCURVE('',#9948,#10155);
#10155 = DEFINITIONAL_REPRESENTATION('',(#10156),#10160);
#10156 = LINE('',#10157,#10158);
#10157 = CARTESIAN_POINT('',(10.995574287565,0.));
#10158 = VECTOR('',#10159,1.);
#10159 = DIRECTION('',(-1.,0.));
#10160 = ( GEOMETRIC_REPRESENTATION_CONTEXT(2) 
PARAMETRIC_REPRESENTATION_CONTEXT() REPRESENTATION_CONTEXT('2D SPACE',''
  ) );
#10161 = PCURVE('',#9628,#10162);
#10162 = DEFINITIONAL_REPRESENTATION('',(#10163),#10171);
#10163 = ( BOUNDED_CURVE() B_SPLINE_CURVE(2,(#10164,#10165,#10166,#10167
    ,#10168,#10169,#10170),.UNSPECIFIED.,.T.,.F.) 
B_SPLINE_CURVE_WITH_KNOTS((1,2,2,2,2,1),(-2.094395102393,0.,
    2.094395102393,4.188790204786,6.28318530718,8.377580409573),
.UNSPECIFIED.) CURVE() GEOMETRIC_REPRESENTATION_ITEM() 
RATIONAL_B_SPLINE_CURVE((1.,0.5,1.,0.5,1.,0.5,1.)) REPRESENTATION_ITEM(
  '') );
#10164 = CARTESIAN_POINT('',(83.,0.));
#10165 = CARTESIAN_POINT('',(77.803847577293,0.));
#10166 = CARTESIAN_POINT('',(80.401923788647,4.5));
#10167 = CARTESIAN_POINT('',(83.,9.));
#10168 = CARTESIAN_POINT('',(85.598076211353,4.5));
#10169 = CARTESIAN_POINT('',(88.196152422707,4.440892098501E-15));
#10170 = CARTESIAN_POINT('',(83.,0.));
#10171 = ( GEOMETRIC_REPRESENTATION_CONTEXT(2) 
PARAMETRIC_REPRESENTATION_CONTEXT() REPRESENTATION_CONTEXT('2D SPACE',''
  ) );
#10172 = ADVANCED_FACE('',(#10173),#10135,.F.);
#10173 = FACE_BOUND('',#10174,.F.);
#10174 = EDGE_LOOP('',(#10175,#10198,#10221,#10242));
#10175 = ORIENTED_EDGE('',*,*,#10176,.F.);
#10176 = EDGE_CURVE('',#10177,#10120,#10179,.T.);
#10177 = VERTEX_POINT('',#10178);
#10178 = CARTESIAN_POINT('',(-36.,-30.,-19.));
#10179 = SURFACE_CURVE('',#10180,(#10184,#10191),.PCURVE_S1.);
#10180 = LINE('',#10181,#10182);
#10181 = CARTESIAN_POINT('',(-39.,-30.,-19.));
#10182 = VECTOR('',#10183,1.);
#10183 = DIRECTION('',(1.,0.,0.));
#10184 = PCURVE('',#10135,#10185);
#10185 = DEFINITIONAL_REPRESENTATION('',(#10186),#10190);
#10186 = LINE('',#10187,#10188);
#10187 = CARTESIAN_POINT('',(0.,0.));
#10188 = VECTOR('',#10189,1.);
#10189 = DIRECTION('',(0.,1.));
#10190 = ( GEOMETRIC_REPRESENTATION_CONTEXT(2) 
PARAMETRIC_REPRESENTATION_CONTEXT() REPRESENTATION_CONTEXT('2D SPACE',''
  ) );
#10191 = PCURVE('',#9628,#10192);
#10192 = DEFINITIONAL_REPRESENTATION('',(#10193),#10197);
#10193 = LINE('',#10194,#10195);
#10194 = CARTESIAN_POINT('',(0.,0.));
#10195 = VECTOR('',#10196,1.);
#10196 = DIRECTION('',(1.,0.));
#10197 = ( GEOMETRIC_REPRESENTATION_CONTEXT(2) 
PARAMETRIC_REPRESENTATION_CONTEXT() REPRESENTATION_CONTEXT('2D SPACE',''
  ) );
#10198 = ORIENTED_EDGE('',*,*,#10199,.T.);
#10199 = EDGE_CURVE('',#10177,#10200,#10202,.T.);
#10200 = VERTEX_POINT('',#10201);
#10201 = CARTESIAN_POINT('',(-36.,-30.,-16.));
#10202 = SURFACE_CURVE('',#10203,(#10207,#10214),.PCURVE_S1.);
#10203 = LINE('',#10204,#10205);
#10204 = CARTESIAN_POINT('',(-36.,-30.,-19.));
#10205 = VECTOR('',#10206,1.);
#10206 = DIRECTION('',(0.,0.,1.));
#10207 = PCURVE('',#10135,#10208);
#10208 = DEFINITIONAL_REPRESENTATION('',(#10209),#10213);
#10209 = LINE('',#10210,#10211);
#10210 = CARTESIAN_POINT('',(0.,3.));
#10211 = VECTOR('',#10212,1.);
#10212 = DIRECTION('',(1.,0.));
#10213 = ( GEOMETRIC_REPRESENTATION_CONTEXT(2) 
PARAMETRIC_REPRESENTATION_CONTEXT() REPRESENTATION_CONTEXT('2D SPACE',''
  ) );
#10214 = PCURVE('',#9600,#10215);
#10215 = DEFINITIONAL_REPRESENTATION('',(#10216),#10220);
#10216 = LINE('',#10217,#10218);
#10217 = CARTESIAN_POINT('',(1.570796326795,0.));
#10218 = VECTOR('',#10219,1.);
#10219 = DIRECTION('',(0.,1.));
#10220 = ( GEOMETRIC_REPRESENTATION_CONTEXT(2) 
PARAMETRIC_REPRESENTATION_CONTEXT() REPRESENTATION_CONTEXT('2D SPACE',''
  ) );
#10221 = ORIENTED_EDGE('',*,*,#10222,.T.);
#10222 = EDGE_CURVE('',#10200,#10092,#10223,.T.);
#10223 = SURFACE_CURVE('',#10224,(#10228,#10235),.PCURVE_S1.);
#10224 = LINE('',#10225,#10226);
#10225 = CARTESIAN_POINT('',(-39.,-30.,-16.));
#10226 = VECTOR('',#10227,1.);
#10227 = DIRECTION('',(1.,0.,0.));
#10228 = PCURVE('',#10135,#10229);
#10229 = DEFINITIONAL_REPRESENTATION('',(#10230),#10234);
#10230 = LINE('',#10231,#10232);
#10231 = CARTESIAN_POINT('',(3.,0.));
#10232 = VECTOR('',#10233,1.);
#10233 = DIRECTION('',(0.,1.));
#10234 = ( GEOMETRIC_REPRESENTATION_CONTEXT(2) 
PARAMETRIC_REPRESENTATION_CONTEXT() REPRESENTATION_CONTEXT('2D SPACE',''
  ) );
#10235 = PCURVE('',#9572,#10236);
#10236 = DEFINITIONAL_REPRESENTATION('',(#10237),#10241);
#10237 = LINE('',#10238,#10239);
#10238 = CARTESIAN_POINT('',(0.,0.));
#10239 = VECTOR('',#10240,1.);
#10240 = DIRECTION('',(1.,0.));
#10241 = ( GEOMETRIC_REPRESENTATION_CONTEXT(2) 
PARAMETRIC_REPRESENTATION_CONTEXT() REPRESENTATION_CONTEXT('2D SPACE',''
  ) );
#10242 = ORIENTED_EDGE('',*,*,#10119,.F.);
#10243 = ADVANCED_FACE('',(#10244),#9999,.F.);
#10244 = FACE_BOUND('',#10245,.F.);
#10245 = EDGE_LOOP('',(#10246,#10247,#10271,#10299));
#10246 = ORIENTED_EDGE('',*,*,#9983,.T.);
#10247 = ORIENTED_EDGE('',*,*,#10248,.F.);
#10248 = EDGE_CURVE('',#10249,#9984,#10251,.T.);
#10249 = VERTEX_POINT('',#10250);
#10250 = CARTESIAN_POINT('',(44.,-9.8,-18.));
#10251 = SURFACE_CURVE('',#10252,(#10257,#10264),.PCURVE_S1.);
#10252 = CIRCLE('',#10253,3.8);
#10253 = AXIS2_PLACEMENT_3D('',#10254,#10255,#10256);
#10254 = CARTESIAN_POINT('',(44.,-6.,-18.));
#10255 = DIRECTION('',(0.,0.,1.));
#10256 = DIRECTION('',(1.,0.,-0.));
#10257 = PCURVE('',#9999,#10258);
#10258 = DEFINITIONAL_REPRESENTATION('',(#10259),#10263);
#10259 = LINE('',#10260,#10261);
#10260 = CARTESIAN_POINT('',(0.,1.01));
#10261 = VECTOR('',#10262,1.);
#10262 = DIRECTION('',(1.,0.));
#10263 = ( GEOMETRIC_REPRESENTATION_CONTEXT(2) 
PARAMETRIC_REPRESENTATION_CONTEXT() REPRESENTATION_CONTEXT('2D SPACE',''
  ) );
#10264 = PCURVE('',#10026,#10265);
#10265 = DEFINITIONAL_REPRESENTATION('',(#10266),#10270);
#10266 = CIRCLE('',#10267,3.8);
#10267 = AXIS2_PLACEMENT_2D('',#10268,#10269);
#10268 = CARTESIAN_POINT('',(0.,0.));
#10269 = DIRECTION('',(1.,0.));
#10270 = ( GEOMETRIC_REPRESENTATION_CONTEXT(2) 
PARAMETRIC_REPRESENTATION_CONTEXT() REPRESENTATION_CONTEXT('2D SPACE',''
  ) );
#10271 = ORIENTED_EDGE('',*,*,#10272,.F.);
#10272 = EDGE_CURVE('',#10273,#10249,#10275,.T.);
#10273 = VERTEX_POINT('',#10274);
#10274 = CARTESIAN_POINT('',(44.,-9.8,-19.));
#10275 = SURFACE_CURVE('',#10276,(#10280,#10287),.PCURVE_S1.);
#10276 = LINE('',#10277,#10278);
#10277 = CARTESIAN_POINT('',(44.,-9.8,-19.01));
#10278 = VECTOR('',#10279,1.);
#10279 = DIRECTION('',(0.,0.,1.));
#10280 = PCURVE('',#9999,#10281);
#10281 = DEFINITIONAL_REPRESENTATION('',(#10282),#10286);
#10282 = LINE('',#10283,#10284);
#10283 = CARTESIAN_POINT('',(4.712388980385,0.));
#10284 = VECTOR('',#10285,1.);
#10285 = DIRECTION('',(0.,1.));
#10286 = ( GEOMETRIC_REPRESENTATION_CONTEXT(2) 
PARAMETRIC_REPRESENTATION_CONTEXT() REPRESENTATION_CONTEXT('2D SPACE',''
  ) );
#10287 = PCURVE('',#10288,#10293);
#10288 = PLANE('',#10289);
#10289 = AXIS2_PLACEMENT_3D('',#10290,#10291,#10292);
#10290 = CARTESIAN_POINT('',(35.,-9.8,-19.01));
#10291 = DIRECTION('',(-0.,1.,0.));
#10292 = DIRECTION('',(0.,0.,1.));
#10293 = DEFINITIONAL_REPRESENTATION('',(#10294),#10298);
#10294 = LINE('',#10295,#10296);
#10295 = CARTESIAN_POINT('',(0.,9.));
#10296 = VECTOR('',#10297,1.);
#10297 = DIRECTION('',(1.,0.));
#10298 = ( GEOMETRIC_REPRESENTATION_CONTEXT(2) 
PARAMETRIC_REPRESENTATION_CONTEXT() REPRESENTATION_CONTEXT('2D SPACE',''
  ) );
#10299 = ORIENTED_EDGE('',*,*,#10300,.T.);
#10300 = EDGE_CURVE('',#10273,#9961,#10301,.T.);
#10301 = SURFACE_CURVE('',#10302,(#10307,#10314),.PCURVE_S1.);
#10302 = CIRCLE('',#10303,3.8);
#10303 = AXIS2_PLACEMENT_3D('',#10304,#10305,#10306);
#10304 = CARTESIAN_POINT('',(44.,-6.,-19.));
#10305 = DIRECTION('',(0.,0.,1.));
#10306 = DIRECTION('',(1.,0.,-0.));
#10307 = PCURVE('',#9999,#10308);
#10308 = DEFINITIONAL_REPRESENTATION('',(#10309),#10313);
#10309 = LINE('',#10310,#10311);
#10310 = CARTESIAN_POINT('',(0.,1.E-02));
#10311 = VECTOR('',#10312,1.);
#10312 = DIRECTION('',(1.,0.));
#10313 = ( GEOMETRIC_REPRESENTATION_CONTEXT(2) 
PARAMETRIC_REPRESENTATION_CONTEXT() REPRESENTATION_CONTEXT('2D SPACE',''
  ) );
#10314 = PCURVE('',#9628,#10315);
#10315 = DEFINITIONAL_REPRESENTATION('',(#10316),#10320);
#10316 = CIRCLE('',#10317,3.8);
#10317 = AXIS2_PLACEMENT_2D('',#10318,#10319);
#10318 = CARTESIAN_POINT('',(83.,24.));
#10319 = DIRECTION('',(1.,0.));
#10320 = ( GEOMETRIC_REPRESENTATION_CONTEXT(2) 
PARAMETRIC_REPRESENTATION_CONTEXT() REPRESENTATION_CONTEXT('2D SPACE',''
  ) );
#10321 = ADVANCED_FACE('',(#10322),#10288,.T.);
#10322 = FACE_BOUND('',#10323,.T.);
#10323 = EDGE_LOOP('',(#10324,#10325,#10348,#10376));
#10324 = ORIENTED_EDGE('',*,*,#10272,.F.);
#10325 = ORIENTED_EDGE('',*,*,#10326,.T.);
#10326 = EDGE_CURVE('',#10273,#10327,#10329,.T.);
#10327 = VERTEX_POINT('',#10328);
#10328 = CARTESIAN_POINT('',(35.,-9.8,-19.));
#10329 = SURFACE_CURVE('',#10330,(#10334,#10341),.PCURVE_S1.);
#10330 = LINE('',#10331,#10332);
#10331 = CARTESIAN_POINT('',(-2.,-9.8,-19.));
#10332 = VECTOR('',#10333,1.);
#10333 = DIRECTION('',(-1.,-0.,0.));
#10334 = PCURVE('',#10288,#10335);
#10335 = DEFINITIONAL_REPRESENTATION('',(#10336),#10340);
#10336 = LINE('',#10337,#10338);
#10337 = CARTESIAN_POINT('',(1.E-02,-37.));
#10338 = VECTOR('',#10339,1.);
#10339 = DIRECTION('',(0.,-1.));
#10340 = ( GEOMETRIC_REPRESENTATION_CONTEXT(2) 
PARAMETRIC_REPRESENTATION_CONTEXT() REPRESENTATION_CONTEXT('2D SPACE',''
  ) );
#10341 = PCURVE('',#9628,#10342);
#10342 = DEFINITIONAL_REPRESENTATION('',(#10343),#10347);
#10343 = LINE('',#10344,#10345);
#10344 = CARTESIAN_POINT('',(37.,20.2));
#10345 = VECTOR('',#10346,1.);
#10346 = DIRECTION('',(-1.,0.));
#10347 = ( GEOMETRIC_REPRESENTATION_CONTEXT(2) 
PARAMETRIC_REPRESENTATION_CONTEXT() REPRESENTATION_CONTEXT('2D SPACE',''
  ) );
#10348 = ORIENTED_EDGE('',*,*,#10349,.T.);
#10349 = EDGE_CURVE('',#10327,#10350,#10352,.T.);
#10350 = VERTEX_POINT('',#10351);
#10351 = CARTESIAN_POINT('',(35.,-9.8,-18.));
#10352 = SURFACE_CURVE('',#10353,(#10357,#10364),.PCURVE_S1.);
#10353 = LINE('',#10354,#10355);
#10354 = CARTESIAN_POINT('',(35.,-9.8,-19.01));
#10355 = VECTOR('',#10356,1.);
#10356 = DIRECTION('',(0.,0.,1.));
#10357 = PCURVE('',#10288,#10358);
#10358 = DEFINITIONAL_REPRESENTATION('',(#10359),#10363);
#10359 = LINE('',#10360,#10361);
#10360 = CARTESIAN_POINT('',(0.,0.));
#10361 = VECTOR('',#10362,1.);
#10362 = DIRECTION('',(1.,0.));
#10363 = ( GEOMETRIC_REPRESENTATION_CONTEXT(2) 
PARAMETRIC_REPRESENTATION_CONTEXT() REPRESENTATION_CONTEXT('2D SPACE',''
  ) );
#10364 = PCURVE('',#10365,#10370);
#10365 = CYLINDRICAL_SURFACE('',#10366,3.8);
#10366 = AXIS2_PLACEMENT_3D('',#10367,#10368,#10369);
#10367 = CARTESIAN_POINT('',(35.,-6.,-19.01));
#10368 = DIRECTION('',(0.,0.,1.));
#10369 = DIRECTION('',(1.,0.,-0.));
#10370 = DEFINITIONAL_REPRESENTATION('',(#10371),#10375);
#10371 = LINE('',#10372,#10373);
#10372 = CARTESIAN_POINT('',(4.712388980385,0.));
#10373 = VECTOR('',#10374,1.);
#10374 = DIRECTION('',(0.,1.));
#10375 = ( GEOMETRIC_REPRESENTATION_CONTEXT(2) 
PARAMETRIC_REPRESENTATION_CONTEXT() REPRESENTATION_CONTEXT('2D SPACE',''
  ) );
#10376 = ORIENTED_EDGE('',*,*,#10377,.T.);
#10377 = EDGE_CURVE('',#10350,#10249,#10378,.T.);
#10378 = SURFACE_CURVE('',#10379,(#10383,#10390),.PCURVE_S1.);
#10379 = LINE('',#10380,#10381);
#10380 = CARTESIAN_POINT('',(35.,-9.8,-18.));
#10381 = VECTOR('',#10382,1.);
#10382 = DIRECTION('',(1.,0.,-0.));
#10383 = PCURVE('',#10288,#10384);
#10384 = DEFINITIONAL_REPRESENTATION('',(#10385),#10389);
#10385 = LINE('',#10386,#10387);
#10386 = CARTESIAN_POINT('',(1.01,0.));
#10387 = VECTOR('',#10388,1.);
#10388 = DIRECTION('',(0.,1.));
#10389 = ( GEOMETRIC_REPRESENTATION_CONTEXT(2) 
PARAMETRIC_REPRESENTATION_CONTEXT() REPRESENTATION_CONTEXT('2D SPACE',''
  ) );
#10390 = PCURVE('',#10026,#10391);
#10391 = DEFINITIONAL_REPRESENTATION('',(#10392),#10396);
#10392 = LINE('',#10393,#10394);
#10393 = CARTESIAN_POINT('',(-9.,-3.8));
#10394 = VECTOR('',#10395,1.);
#10395 = DIRECTION('',(1.,0.));
#10396 = ( GEOMETRIC_REPRESENTATION_CONTEXT(2) 
PARAMETRIC_REPRESENTATION_CONTEXT() REPRESENTATION_CONTEXT('2D SPACE',''
  ) );
#10397 = ADVANCED_FACE('',(#10398),#10365,.F.);
#10398 = FACE_BOUND('',#10399,.F.);
#10399 = EDGE_LOOP('',(#10400,#10424,#10452,#10474));
#10400 = ORIENTED_EDGE('',*,*,#10401,.F.);
#10401 = EDGE_CURVE('',#10402,#10350,#10404,.T.);
#10402 = VERTEX_POINT('',#10403);
#10403 = CARTESIAN_POINT('',(35.,-2.2,-18.));
#10404 = SURFACE_CURVE('',#10405,(#10410,#10417),.PCURVE_S1.);
#10405 = CIRCLE('',#10406,3.8);
#10406 = AXIS2_PLACEMENT_3D('',#10407,#10408,#10409);
#10407 = CARTESIAN_POINT('',(35.,-6.,-18.));
#10408 = DIRECTION('',(0.,0.,1.));
#10409 = DIRECTION('',(1.,0.,-0.));
#10410 = PCURVE('',#10365,#10411);
#10411 = DEFINITIONAL_REPRESENTATION('',(#10412),#10416);
#10412 = LINE('',#10413,#10414);
#10413 = CARTESIAN_POINT('',(0.,1.01));
#10414 = VECTOR('',#10415,1.);
#10415 = DIRECTION('',(1.,0.));
#10416 = ( GEOMETRIC_REPRESENTATION_CONTEXT(2) 
PARAMETRIC_REPRESENTATION_CONTEXT() REPRESENTATION_CONTEXT('2D SPACE',''
  ) );
#10417 = PCURVE('',#10026,#10418);
#10418 = DEFINITIONAL_REPRESENTATION('',(#10419),#10423);
#10419 = CIRCLE('',#10420,3.8);
#10420 = AXIS2_PLACEMENT_2D('',#10421,#10422);
#10421 = CARTESIAN_POINT('',(-9.,0.));
#10422 = DIRECTION('',(1.,0.));
#10423 = ( GEOMETRIC_REPRESENTATION_CONTEXT(2) 
PARAMETRIC_REPRESENTATION_CONTEXT() REPRESENTATION_CONTEXT('2D SPACE',''
  ) );
#10424 = ORIENTED_EDGE('',*,*,#10425,.F.);
#10425 = EDGE_CURVE('',#10426,#10402,#10428,.T.);
#10426 = VERTEX_POINT('',#10427);
#10427 = CARTESIAN_POINT('',(35.,-2.2,-19.));
#10428 = SURFACE_CURVE('',#10429,(#10433,#10440),.PCURVE_S1.);
#10429 = LINE('',#10430,#10431);
#10430 = CARTESIAN_POINT('',(35.,-2.2,-19.01));
#10431 = VECTOR('',#10432,1.);
#10432 = DIRECTION('',(0.,0.,1.));
#10433 = PCURVE('',#10365,#10434);
#10434 = DEFINITIONAL_REPRESENTATION('',(#10435),#10439);
#10435 = LINE('',#10436,#10437);
#10436 = CARTESIAN_POINT('',(1.570796326795,0.));
#10437 = VECTOR('',#10438,1.);
#10438 = DIRECTION('',(0.,1.));
#10439 = ( GEOMETRIC_REPRESENTATION_CONTEXT(2) 
PARAMETRIC_REPRESENTATION_CONTEXT() REPRESENTATION_CONTEXT('2D SPACE',''
  ) );
#10440 = PCURVE('',#10441,#10446);
#10441 = PLANE('',#10442);
#10442 = AXIS2_PLACEMENT_3D('',#10443,#10444,#10445);
#10443 = CARTESIAN_POINT('',(35.,-2.2,-19.01));
#10444 = DIRECTION('',(-0.,1.,0.));
#10445 = DIRECTION('',(0.,0.,1.));
#10446 = DEFINITIONAL_REPRESENTATION('',(#10447),#10451);
#10447 = LINE('',#10448,#10449);
#10448 = CARTESIAN_POINT('',(0.,0.));
#10449 = VECTOR('',#10450,1.);
#10450 = DIRECTION('',(1.,0.));
#10451 = ( GEOMETRIC_REPRESENTATION_CONTEXT(2) 
PARAMETRIC_REPRESENTATION_CONTEXT() REPRESENTATION_CONTEXT('2D SPACE',''
  ) );
#10452 = ORIENTED_EDGE('',*,*,#10453,.T.);
#10453 = EDGE_CURVE('',#10426,#10327,#10454,.T.);
#10454 = SURFACE_CURVE('',#10455,(#10460,#10467),.PCURVE_S1.);
#10455 = CIRCLE('',#10456,3.8);
#10456 = AXIS2_PLACEMENT_3D('',#10457,#10458,#10459);
#10457 = CARTESIAN_POINT('',(35.,-6.,-19.));
#10458 = DIRECTION('',(0.,0.,1.));
#10459 = DIRECTION('',(1.,0.,-0.));
#10460 = PCURVE('',#10365,#10461);
#10461 = DEFINITIONAL_REPRESENTATION('',(#10462),#10466);
#10462 = LINE('',#10463,#10464);
#10463 = CARTESIAN_POINT('',(0.,1.E-02));
#10464 = VECTOR('',#10465,1.);
#10465 = DIRECTION('',(1.,0.));
#10466 = ( GEOMETRIC_REPRESENTATION_CONTEXT(2) 
PARAMETRIC_REPRESENTATION_CONTEXT() REPRESENTATION_CONTEXT('2D SPACE',''
  ) );
#10467 = PCURVE('',#9628,#10468);
#10468 = DEFINITIONAL_REPRESENTATION('',(#10469),#10473);
#10469 = CIRCLE('',#10470,3.8);
#10470 = AXIS2_PLACEMENT_2D('',#10471,#10472);
#10471 = CARTESIAN_POINT('',(74.,24.));
#10472 = DIRECTION('',(1.,0.));
#10473 = ( GEOMETRIC_REPRESENTATION_CONTEXT(2) 
PARAMETRIC_REPRESENTATION_CONTEXT() REPRESENTATION_CONTEXT('2D SPACE',''
  ) );
#10474 = ORIENTED_EDGE('',*,*,#10349,.T.);
#10475 = ADVANCED_FACE('',(#10476),#10441,.F.);
#10476 = FACE_BOUND('',#10477,.F.);
#10477 = EDGE_LOOP('',(#10478,#10503,#10524,#10525));
#10478 = ORIENTED_EDGE('',*,*,#10479,.F.);
#10479 = EDGE_CURVE('',#10480,#10482,#10484,.T.);
#10480 = VERTEX_POINT('',#10481);
#10481 = CARTESIAN_POINT('',(44.,-2.2,-19.));
#10482 = VERTEX_POINT('',#10483);
#10483 = CARTESIAN_POINT('',(44.,-2.2,-18.));
#10484 = SURFACE_CURVE('',#10485,(#10489,#10496),.PCURVE_S1.);
#10485 = LINE('',#10486,#10487);
#10486 = CARTESIAN_POINT('',(44.,-2.2,-19.01));
#10487 = VECTOR('',#10488,1.);
#10488 = DIRECTION('',(0.,0.,1.));
#10489 = PCURVE('',#10441,#10490);
#10490 = DEFINITIONAL_REPRESENTATION('',(#10491),#10495);
#10491 = LINE('',#10492,#10493);
#10492 = CARTESIAN_POINT('',(0.,9.));
#10493 = VECTOR('',#10494,1.);
#10494 = DIRECTION('',(1.,0.));
#10495 = ( GEOMETRIC_REPRESENTATION_CONTEXT(2) 
PARAMETRIC_REPRESENTATION_CONTEXT() REPRESENTATION_CONTEXT('2D SPACE',''
  ) );
#10496 = PCURVE('',#10054,#10497);
#10497 = DEFINITIONAL_REPRESENTATION('',(#10498),#10502);
#10498 = LINE('',#10499,#10500);
#10499 = CARTESIAN_POINT('',(1.570796326795,0.));
#10500 = VECTOR('',#10501,1.);
#10501 = DIRECTION('',(0.,1.));
#10502 = ( GEOMETRIC_REPRESENTATION_CONTEXT(2) 
PARAMETRIC_REPRESENTATION_CONTEXT() REPRESENTATION_CONTEXT('2D SPACE',''
  ) );
#10503 = ORIENTED_EDGE('',*,*,#10504,.T.);
#10504 = EDGE_CURVE('',#10480,#10426,#10505,.T.);
#10505 = SURFACE_CURVE('',#10506,(#10510,#10517),.PCURVE_S1.);
#10506 = LINE('',#10507,#10508);
#10507 = CARTESIAN_POINT('',(-2.,-2.2,-19.));
#10508 = VECTOR('',#10509,1.);
#10509 = DIRECTION('',(-1.,-0.,0.));
#10510 = PCURVE('',#10441,#10511);
#10511 = DEFINITIONAL_REPRESENTATION('',(#10512),#10516);
#10512 = LINE('',#10513,#10514);
#10513 = CARTESIAN_POINT('',(1.E-02,-37.));
#10514 = VECTOR('',#10515,1.);
#10515 = DIRECTION('',(0.,-1.));
#10516 = ( GEOMETRIC_REPRESENTATION_CONTEXT(2) 
PARAMETRIC_REPRESENTATION_CONTEXT() REPRESENTATION_CONTEXT('2D SPACE',''
  ) );
#10517 = PCURVE('',#9628,#10518);
#10518 = DEFINITIONAL_REPRESENTATION('',(#10519),#10523);
#10519 = LINE('',#10520,#10521);
#10520 = CARTESIAN_POINT('',(37.,27.8));
#10521 = VECTOR('',#10522,1.);
#10522 = DIRECTION('',(-1.,0.));
#10523 = ( GEOMETRIC_REPRESENTATION_CONTEXT(2) 
PARAMETRIC_REPRESENTATION_CONTEXT() REPRESENTATION_CONTEXT('2D SPACE',''
  ) );
#10524 = ORIENTED_EDGE('',*,*,#10425,.T.);
#10525 = ORIENTED_EDGE('',*,*,#10526,.T.);
#10526 = EDGE_CURVE('',#10402,#10482,#10527,.T.);
#10527 = SURFACE_CURVE('',#10528,(#10532,#10539),.PCURVE_S1.);
#10528 = LINE('',#10529,#10530);
#10529 = CARTESIAN_POINT('',(35.,-2.2,-18.));
#10530 = VECTOR('',#10531,1.);
#10531 = DIRECTION('',(1.,0.,-0.));
#10532 = PCURVE('',#10441,#10533);
#10533 = DEFINITIONAL_REPRESENTATION('',(#10534),#10538);
#10534 = LINE('',#10535,#10536);
#10535 = CARTESIAN_POINT('',(1.01,0.));
#10536 = VECTOR('',#10537,1.);
#10537 = DIRECTION('',(0.,1.));
#10538 = ( GEOMETRIC_REPRESENTATION_CONTEXT(2) 
PARAMETRIC_REPRESENTATION_CONTEXT() REPRESENTATION_CONTEXT('2D SPACE',''
  ) );
#10539 = PCURVE('',#10026,#10540);
#10540 = DEFINITIONAL_REPRESENTATION('',(#10541),#10545);
#10541 = LINE('',#10542,#10543);
#10542 = CARTESIAN_POINT('',(-9.,3.8));
#10543 = VECTOR('',#10544,1.);
#10544 = DIRECTION('',(1.,0.));
#10545 = ( GEOMETRIC_REPRESENTATION_CONTEXT(2) 
PARAMETRIC_REPRESENTATION_CONTEXT() REPRESENTATION_CONTEXT('2D SPACE',''
  ) );
#10546 = ADVANCED_FACE('',(#10547,#10576),#10026,.F.);
#10547 = FACE_BOUND('',#10548,.F.);
#10548 = EDGE_LOOP('',(#10549,#10571,#10572,#10573,#10574,#10575));
#10549 = ORIENTED_EDGE('',*,*,#10550,.T.);
#10550 = EDGE_CURVE('',#10011,#10482,#10551,.T.);
#10551 = SURFACE_CURVE('',#10552,(#10557,#10564),.PCURVE_S1.);
#10552 = CIRCLE('',#10553,3.8);
#10553 = AXIS2_PLACEMENT_3D('',#10554,#10555,#10556);
#10554 = CARTESIAN_POINT('',(44.,-6.,-18.));
#10555 = DIRECTION('',(0.,0.,1.));
#10556 = DIRECTION('',(1.,0.,-0.));
#10557 = PCURVE('',#10026,#10558);
#10558 = DEFINITIONAL_REPRESENTATION('',(#10559),#10563);
#10559 = CIRCLE('',#10560,3.8);
#10560 = AXIS2_PLACEMENT_2D('',#10561,#10562);
#10561 = CARTESIAN_POINT('',(0.,0.));
#10562 = DIRECTION('',(1.,0.));
#10563 = ( GEOMETRIC_REPRESENTATION_CONTEXT(2) 
PARAMETRIC_REPRESENTATION_CONTEXT() REPRESENTATION_CONTEXT('2D SPACE',''
  ) );
#10564 = PCURVE('',#10054,#10565);
#10565 = DEFINITIONAL_REPRESENTATION('',(#10566),#10570);
#10566 = LINE('',#10567,#10568);
#10567 = CARTESIAN_POINT('',(0.,1.01));
#10568 = VECTOR('',#10569,1.);
#10569 = DIRECTION('',(1.,0.));
#10570 = ( GEOMETRIC_REPRESENTATION_CONTEXT(2) 
PARAMETRIC_REPRESENTATION_CONTEXT() REPRESENTATION_CONTEXT('2D SPACE',''
  ) );
#10571 = ORIENTED_EDGE('',*,*,#10526,.F.);
#10572 = ORIENTED_EDGE('',*,*,#10401,.T.);
#10573 = ORIENTED_EDGE('',*,*,#10377,.T.);
#10574 = ORIENTED_EDGE('',*,*,#10248,.T.);
#10575 = ORIENTED_EDGE('',*,*,#10010,.F.);
#10576 = FACE_BOUND('',#10577,.F.);
#10577 = EDGE_LOOP('',(#10578));
#10578 = ORIENTED_EDGE('',*,*,#10579,.F.);
#10579 = EDGE_CURVE('',#10580,#10580,#10582,.T.);
#10580 = VERTEX_POINT('',#10581);
#10581 = CARTESIAN_POINT('',(36.15,-6.,-18.));
#10582 = SURFACE_CURVE('',#10583,(#10588,#10595),.PCURVE_S1.);
#10583 = CIRCLE('',#10584,1.15);
#10584 = AXIS2_PLACEMENT_3D('',#10585,#10586,#10587);
#10585 = CARTESIAN_POINT('',(35.,-6.,-18.));
#10586 = DIRECTION('',(0.,0.,1.));
#10587 = DIRECTION('',(1.,0.,-0.));
#10588 = PCURVE('',#10026,#10589);
#10589 = DEFINITIONAL_REPRESENTATION('',(#10590),#10594);
#10590 = CIRCLE('',#10591,1.15);
#10591 = AXIS2_PLACEMENT_2D('',#10592,#10593);
#10592 = CARTESIAN_POINT('',(-9.,0.));
#10593 = DIRECTION('',(1.,0.));
#10594 = ( GEOMETRIC_REPRESENTATION_CONTEXT(2) 
PARAMETRIC_REPRESENTATION_CONTEXT() REPRESENTATION_CONTEXT('2D SPACE',''
  ) );
#10595 = PCURVE('',#10596,#10601);
#10596 = CYLINDRICAL_SURFACE('',#10597,1.15);
#10597 = AXIS2_PLACEMENT_3D('',#10598,#10599,#10600);
#10598 = CARTESIAN_POINT('',(35.,-6.,-19.01));
#10599 = DIRECTION('',(0.,0.,1.));
#10600 = DIRECTION('',(1.,0.,-0.));
#10601 = DEFINITIONAL_REPRESENTATION('',(#10602),#10606);
#10602 = LINE('',#10603,#10604);
#10603 = CARTESIAN_POINT('',(0.,1.01));
#10604 = VECTOR('',#10605,1.);
#10605 = DIRECTION('',(1.,0.));
#10606 = ( GEOMETRIC_REPRESENTATION_CONTEXT(2) 
PARAMETRIC_REPRESENTATION_CONTEXT() REPRESENTATION_CONTEXT('2D SPACE',''
  ) );
#10607 = ADVANCED_FACE('',(#10608),#10596,.F.);
#10608 = FACE_BOUND('',#10609,.F.);
#10609 = EDGE_LOOP('',(#10610,#10611,#10634,#10661));
#10610 = ORIENTED_EDGE('',*,*,#10579,.T.);
#10611 = ORIENTED_EDGE('',*,*,#10612,.F.);
#10612 = EDGE_CURVE('',#10613,#10580,#10615,.T.);
#10613 = VERTEX_POINT('',#10614);
#10614 = CARTESIAN_POINT('',(36.15,-6.,-11.6));
#10615 = SEAM_CURVE('',#10616,(#10620,#10627),.PCURVE_S1.);
#10616 = LINE('',#10617,#10618);
#10617 = CARTESIAN_POINT('',(36.15,-6.,-11.6));
#10618 = VECTOR('',#10619,1.);
#10619 = DIRECTION('',(0.,0.,-1.));
#10620 = PCURVE('',#10596,#10621);
#10621 = DEFINITIONAL_REPRESENTATION('',(#10622),#10626);
#10622 = LINE('',#10623,#10624);
#10623 = CARTESIAN_POINT('',(6.28318530718,7.41));
#10624 = VECTOR('',#10625,1.);
#10625 = DIRECTION('',(-0.,-1.));
#10626 = ( GEOMETRIC_REPRESENTATION_CONTEXT(2) 
PARAMETRIC_REPRESENTATION_CONTEXT() REPRESENTATION_CONTEXT('2D SPACE',''
  ) );
#10627 = PCURVE('',#10596,#10628);
#10628 = DEFINITIONAL_REPRESENTATION('',(#10629),#10633);
#10629 = LINE('',#10630,#10631);
#10630 = CARTESIAN_POINT('',(4.138911435803E-13,7.41));
#10631 = VECTOR('',#10632,1.);
#10632 = DIRECTION('',(-0.,-1.));
#10633 = ( GEOMETRIC_REPRESENTATION_CONTEXT(2) 
PARAMETRIC_REPRESENTATION_CONTEXT() REPRESENTATION_CONTEXT('2D SPACE',''
  ) );
#10634 = ORIENTED_EDGE('',*,*,#10635,.F.);
#10635 = EDGE_CURVE('',#10613,#10613,#10636,.T.);
#10636 = SURFACE_CURVE('',#10637,(#10642,#10649),.PCURVE_S1.);
#10637 = CIRCLE('',#10638,1.15);
#10638 = AXIS2_PLACEMENT_3D('',#10639,#10640,#10641);
#10639 = CARTESIAN_POINT('',(35.,-6.,-11.6));
#10640 = DIRECTION('',(0.,0.,1.));
#10641 = DIRECTION('',(1.,0.,-0.));
#10642 = PCURVE('',#10596,#10643);
#10643 = DEFINITIONAL_REPRESENTATION('',(#10644),#10648);
#10644 = LINE('',#10645,#10646);
#10645 = CARTESIAN_POINT('',(0.,7.41));
#10646 = VECTOR('',#10647,1.);
#10647 = DIRECTION('',(1.,0.));
#10648 = ( GEOMETRIC_REPRESENTATION_CONTEXT(2) 
PARAMETRIC_REPRESENTATION_CONTEXT() REPRESENTATION_CONTEXT('2D SPACE',''
  ) );
#10649 = PCURVE('',#10650,#10655);
#10650 = PLANE('',#10651);
#10651 = AXIS2_PLACEMENT_3D('',#10652,#10653,#10654);
#10652 = CARTESIAN_POINT('',(31.,-10.,-11.6));
#10653 = DIRECTION('',(0.,0.,1.));
#10654 = DIRECTION('',(1.,0.,-0.));
#10655 = DEFINITIONAL_REPRESENTATION('',(#10656),#10660);
#10656 = CIRCLE('',#10657,1.15);
#10657 = AXIS2_PLACEMENT_2D('',#10658,#10659);
#10658 = CARTESIAN_POINT('',(4.,4.));
#10659 = DIRECTION('',(1.,0.));
#10660 = ( GEOMETRIC_REPRESENTATION_CONTEXT(2) 
PARAMETRIC_REPRESENTATION_CONTEXT() REPRESENTATION_CONTEXT('2D SPACE',''
  ) );
#10661 = ORIENTED_EDGE('',*,*,#10612,.T.);
#10662 = ADVANCED_FACE('',(#10663,#10777),#10650,.T.);
#10663 = FACE_BOUND('',#10664,.T.);
#10664 = EDGE_LOOP('',(#10665,#10695,#10723,#10751));
#10665 = ORIENTED_EDGE('',*,*,#10666,.F.);
#10666 = EDGE_CURVE('',#10667,#10669,#10671,.T.);
#10667 = VERTEX_POINT('',#10668);
#10668 = CARTESIAN_POINT('',(31.,-10.,-11.6));
#10669 = VERTEX_POINT('',#10670);
#10670 = CARTESIAN_POINT('',(31.,-2.,-11.6));
#10671 = SURFACE_CURVE('',#10672,(#10676,#10683),.PCURVE_S1.);
#10672 = LINE('',#10673,#10674);
#10673 = CARTESIAN_POINT('',(31.,-10.,-11.6));
#10674 = VECTOR('',#10675,1.);
#10675 = DIRECTION('',(-0.,1.,0.));
#10676 = PCURVE('',#10650,#10677);
#10677 = DEFINITIONAL_REPRESENTATION('',(#10678),#10682);
#10678 = LINE('',#10679,#10680);
#10679 = CARTESIAN_POINT('',(0.,0.));
#10680 = VECTOR('',#10681,1.);
#10681 = DIRECTION('',(0.,1.));
#10682 = ( GEOMETRIC_REPRESENTATION_CONTEXT(2) 
PARAMETRIC_REPRESENTATION_CONTEXT() REPRESENTATION_CONTEXT('2D SPACE',''
  ) );
#10683 = PCURVE('',#10684,#10689);
#10684 = PLANE('',#10685);
#10685 = AXIS2_PLACEMENT_3D('',#10686,#10687,#10688);
#10686 = CARTESIAN_POINT('',(31.,-10.,-16.01));
#10687 = DIRECTION('',(1.,0.,-0.));
#10688 = DIRECTION('',(0.,0.,1.));
#10689 = DEFINITIONAL_REPRESENTATION('',(#10690),#10694);
#10690 = LINE('',#10691,#10692);
#10691 = CARTESIAN_POINT('',(4.41,0.));
#10692 = VECTOR('',#10693,1.);
#10693 = DIRECTION('',(0.,-1.));
#10694 = ( GEOMETRIC_REPRESENTATION_CONTEXT(2) 
PARAMETRIC_REPRESENTATION_CONTEXT() REPRESENTATION_CONTEXT('2D SPACE',''
  ) );
#10695 = ORIENTED_EDGE('',*,*,#10696,.T.);
#10696 = EDGE_CURVE('',#10667,#10697,#10699,.T.);
#10697 = VERTEX_POINT('',#10698);
#10698 = CARTESIAN_POINT('',(39.,-10.,-11.6));
#10699 = SURFACE_CURVE('',#10700,(#10704,#10711),.PCURVE_S1.);
#10700 = LINE('',#10701,#10702);
#10701 = CARTESIAN_POINT('',(31.,-10.,-11.6));
#10702 = VECTOR('',#10703,1.);
#10703 = DIRECTION('',(1.,0.,-0.));
#10704 = PCURVE('',#10650,#10705);
#10705 = DEFINITIONAL_REPRESENTATION('',(#10706),#10710);
#10706 = LINE('',#10707,#10708);
#10707 = CARTESIAN_POINT('',(0.,0.));
#10708 = VECTOR('',#10709,1.);
#10709 = DIRECTION('',(1.,0.));
#10710 = ( GEOMETRIC_REPRESENTATION_CONTEXT(2) 
PARAMETRIC_REPRESENTATION_CONTEXT() REPRESENTATION_CONTEXT('2D SPACE',''
  ) );
#10711 = PCURVE('',#10712,#10717);
#10712 = PLANE('',#10713);
#10713 = AXIS2_PLACEMENT_3D('',#10714,#10715,#10716);
#10714 = CARTESIAN_POINT('',(31.,-10.,-16.01));
#10715 = DIRECTION('',(-0.,1.,0.));
#10716 = DIRECTION('',(0.,0.,1.));
#10717 = DEFINITIONAL_REPRESENTATION('',(#10718),#10722);
#10718 = LINE('',#10719,#10720);
#10719 = CARTESIAN_POINT('',(4.41,0.));
#10720 = VECTOR('',#10721,1.);
#10721 = DIRECTION('',(0.,1.));
#10722 = ( GEOMETRIC_REPRESENTATION_CONTEXT(2) 
PARAMETRIC_REPRESENTATION_CONTEXT() REPRESENTATION_CONTEXT('2D SPACE',''
  ) );
#10723 = ORIENTED_EDGE('',*,*,#10724,.T.);
#10724 = EDGE_CURVE('',#10697,#10725,#10727,.T.);
#10725 = VERTEX_POINT('',#10726);
#10726 = CARTESIAN_POINT('',(39.,-2.,-11.6));
#10727 = SURFACE_CURVE('',#10728,(#10732,#10739),.PCURVE_S1.);
#10728 = LINE('',#10729,#10730);
#10729 = CARTESIAN_POINT('',(39.,-10.,-11.6));
#10730 = VECTOR('',#10731,1.);
#10731 = DIRECTION('',(-0.,1.,0.));
#10732 = PCURVE('',#10650,#10733);
#10733 = DEFINITIONAL_REPRESENTATION('',(#10734),#10738);
#10734 = LINE('',#10735,#10736);
#10735 = CARTESIAN_POINT('',(8.,0.));
#10736 = VECTOR('',#10737,1.);
#10737 = DIRECTION('',(0.,1.));
#10738 = ( GEOMETRIC_REPRESENTATION_CONTEXT(2) 
PARAMETRIC_REPRESENTATION_CONTEXT() REPRESENTATION_CONTEXT('2D SPACE',''
  ) );
#10739 = PCURVE('',#10740,#10745);
#10740 = PLANE('',#10741);
#10741 = AXIS2_PLACEMENT_3D('',#10742,#10743,#10744);
#10742 = CARTESIAN_POINT('',(39.,-10.,-16.01));
#10743 = DIRECTION('',(1.,0.,-0.));
#10744 = DIRECTION('',(0.,0.,1.));
#10745 = DEFINITIONAL_REPRESENTATION('',(#10746),#10750);
#10746 = LINE('',#10747,#10748);
#10747 = CARTESIAN_POINT('',(4.41,0.));
#10748 = VECTOR('',#10749,1.);
#10749 = DIRECTION('',(0.,-1.));
#10750 = ( GEOMETRIC_REPRESENTATION_CONTEXT(2) 
PARAMETRIC_REPRESENTATION_CONTEXT() REPRESENTATION_CONTEXT('2D SPACE',''
  ) );
#10751 = ORIENTED_EDGE('',*,*,#10752,.F.);
#10752 = EDGE_CURVE('',#10669,#10725,#10753,.T.);
#10753 = SURFACE_CURVE('',#10754,(#10758,#10765),.PCURVE_S1.);
#10754 = LINE('',#10755,#10756);
#10755 = CARTESIAN_POINT('',(31.,-2.,-11.6));
#10756 = VECTOR('',#10757,1.);
#10757 = DIRECTION('',(1.,0.,-0.));
#10758 = PCURVE('',#10650,#10759);
#10759 = DEFINITIONAL_REPRESENTATION('',(#10760),#10764);
#10760 = LINE('',#10761,#10762);
#10761 = CARTESIAN_POINT('',(0.,8.));
#10762 = VECTOR('',#10763,1.);
#10763 = DIRECTION('',(1.,0.));
#10764 = ( GEOMETRIC_REPRESENTATION_CONTEXT(2) 
PARAMETRIC_REPRESENTATION_CONTEXT() REPRESENTATION_CONTEXT('2D SPACE',''
  ) );
#10765 = PCURVE('',#10766,#10771);
#10766 = PLANE('',#10767);
#10767 = AXIS2_PLACEMENT_3D('',#10768,#10769,#10770);
#10768 = CARTESIAN_POINT('',(31.,-2.,-16.01));
#10769 = DIRECTION('',(-0.,1.,0.));
#10770 = DIRECTION('',(0.,0.,1.));
#10771 = DEFINITIONAL_REPRESENTATION('',(#10772),#10776);
#10772 = LINE('',#10773,#10774);
#10773 = CARTESIAN_POINT('',(4.41,0.));
#10774 = VECTOR('',#10775,1.);
#10775 = DIRECTION('',(0.,1.));
#10776 = ( GEOMETRIC_REPRESENTATION_CONTEXT(2) 
PARAMETRIC_REPRESENTATION_CONTEXT() REPRESENTATION_CONTEXT('2D SPACE',''
  ) );
#10777 = FACE_BOUND('',#10778,.T.);
#10778 = EDGE_LOOP('',(#10779));
#10779 = ORIENTED_EDGE('',*,*,#10635,.F.);
#10780 = ADVANCED_FACE('',(#10781),#10766,.T.);
#10781 = FACE_BOUND('',#10782,.T.);
#10782 = EDGE_LOOP('',(#10783,#10806,#10829,#10850));
#10783 = ORIENTED_EDGE('',*,*,#10784,.F.);
#10784 = EDGE_CURVE('',#10785,#10725,#10787,.T.);
#10785 = VERTEX_POINT('',#10786);
#10786 = CARTESIAN_POINT('',(39.,-2.,-16.));
#10787 = SURFACE_CURVE('',#10788,(#10792,#10799),.PCURVE_S1.);
#10788 = LINE('',#10789,#10790);
#10789 = CARTESIAN_POINT('',(39.,-2.,-16.01));
#10790 = VECTOR('',#10791,1.);
#10791 = DIRECTION('',(0.,0.,1.));
#10792 = PCURVE('',#10766,#10793);
#10793 = DEFINITIONAL_REPRESENTATION('',(#10794),#10798);
#10794 = LINE('',#10795,#10796);
#10795 = CARTESIAN_POINT('',(0.,8.));
#10796 = VECTOR('',#10797,1.);
#10797 = DIRECTION('',(1.,0.));
#10798 = ( GEOMETRIC_REPRESENTATION_CONTEXT(2) 
PARAMETRIC_REPRESENTATION_CONTEXT() REPRESENTATION_CONTEXT('2D SPACE',''
  ) );
#10799 = PCURVE('',#10740,#10800);
#10800 = DEFINITIONAL_REPRESENTATION('',(#10801),#10805);
#10801 = LINE('',#10802,#10803);
#10802 = CARTESIAN_POINT('',(0.,-8.));
#10803 = VECTOR('',#10804,1.);
#10804 = DIRECTION('',(1.,0.));
#10805 = ( GEOMETRIC_REPRESENTATION_CONTEXT(2) 
PARAMETRIC_REPRESENTATION_CONTEXT() REPRESENTATION_CONTEXT('2D SPACE',''
  ) );
#10806 = ORIENTED_EDGE('',*,*,#10807,.T.);
#10807 = EDGE_CURVE('',#10785,#10808,#10810,.T.);
#10808 = VERTEX_POINT('',#10809);
#10809 = CARTESIAN_POINT('',(31.,-2.,-16.));
#10810 = SURFACE_CURVE('',#10811,(#10815,#10822),.PCURVE_S1.);
#10811 = LINE('',#10812,#10813);
#10812 = CARTESIAN_POINT('',(-4.,-2.,-16.));
#10813 = VECTOR('',#10814,1.);
#10814 = DIRECTION('',(-1.,-0.,0.));
#10815 = PCURVE('',#10766,#10816);
#10816 = DEFINITIONAL_REPRESENTATION('',(#10817),#10821);
#10817 = LINE('',#10818,#10819);
#10818 = CARTESIAN_POINT('',(1.E-02,-35.));
#10819 = VECTOR('',#10820,1.);
#10820 = DIRECTION('',(0.,-1.));
#10821 = ( GEOMETRIC_REPRESENTATION_CONTEXT(2) 
PARAMETRIC_REPRESENTATION_CONTEXT() REPRESENTATION_CONTEXT('2D SPACE',''
  ) );
#10822 = PCURVE('',#9572,#10823);
#10823 = DEFINITIONAL_REPRESENTATION('',(#10824),#10828);
#10824 = LINE('',#10825,#10826);
#10825 = CARTESIAN_POINT('',(35.,28.));
#10826 = VECTOR('',#10827,1.);
#10827 = DIRECTION('',(-1.,0.));
#10828 = ( GEOMETRIC_REPRESENTATION_CONTEXT(2) 
PARAMETRIC_REPRESENTATION_CONTEXT() REPRESENTATION_CONTEXT('2D SPACE',''
  ) );
#10829 = ORIENTED_EDGE('',*,*,#10830,.T.);
#10830 = EDGE_CURVE('',#10808,#10669,#10831,.T.);
#10831 = SURFACE_CURVE('',#10832,(#10836,#10843),.PCURVE_S1.);
#10832 = LINE('',#10833,#10834);
#10833 = CARTESIAN_POINT('',(31.,-2.,-16.01));
#10834 = VECTOR('',#10835,1.);
#10835 = DIRECTION('',(0.,0.,1.));
#10836 = PCURVE('',#10766,#10837);
#10837 = DEFINITIONAL_REPRESENTATION('',(#10838),#10842);
#10838 = LINE('',#10839,#10840);
#10839 = CARTESIAN_POINT('',(0.,0.));
#10840 = VECTOR('',#10841,1.);
#10841 = DIRECTION('',(1.,0.));
#10842 = ( GEOMETRIC_REPRESENTATION_CONTEXT(2) 
PARAMETRIC_REPRESENTATION_CONTEXT() REPRESENTATION_CONTEXT('2D SPACE',''
  ) );
#10843 = PCURVE('',#10684,#10844);
#10844 = DEFINITIONAL_REPRESENTATION('',(#10845),#10849);
#10845 = LINE('',#10846,#10847);
#10846 = CARTESIAN_POINT('',(0.,-8.));
#10847 = VECTOR('',#10848,1.);
#10848 = DIRECTION('',(1.,0.));
#10849 = ( GEOMETRIC_REPRESENTATION_CONTEXT(2) 
PARAMETRIC_REPRESENTATION_CONTEXT() REPRESENTATION_CONTEXT('2D SPACE',''
  ) );
#10850 = ORIENTED_EDGE('',*,*,#10752,.T.);
#10851 = ADVANCED_FACE('',(#10852),#10740,.T.);
#10852 = FACE_BOUND('',#10853,.T.);
#10853 = EDGE_LOOP('',(#10854,#10877,#10898,#10899));
#10854 = ORIENTED_EDGE('',*,*,#10855,.F.);
#10855 = EDGE_CURVE('',#10856,#10697,#10858,.T.);
#10856 = VERTEX_POINT('',#10857);
#10857 = CARTESIAN_POINT('',(39.,-10.,-16.));
#10858 = SURFACE_CURVE('',#10859,(#10863,#10870),.PCURVE_S1.);
#10859 = LINE('',#10860,#10861);
#10860 = CARTESIAN_POINT('',(39.,-10.,-16.01));
#10861 = VECTOR('',#10862,1.);
#10862 = DIRECTION('',(0.,0.,1.));
#10863 = PCURVE('',#10740,#10864);
#10864 = DEFINITIONAL_REPRESENTATION('',(#10865),#10869);
#10865 = LINE('',#10866,#10867);
#10866 = CARTESIAN_POINT('',(0.,0.));
#10867 = VECTOR('',#10868,1.);
#10868 = DIRECTION('',(1.,0.));
#10869 = ( GEOMETRIC_REPRESENTATION_CONTEXT(2) 
PARAMETRIC_REPRESENTATION_CONTEXT() REPRESENTATION_CONTEXT('2D SPACE',''
  ) );
#10870 = PCURVE('',#10712,#10871);
#10871 = DEFINITIONAL_REPRESENTATION('',(#10872),#10876);
#10872 = LINE('',#10873,#10874);
#10873 = CARTESIAN_POINT('',(0.,8.));
#10874 = VECTOR('',#10875,1.);
#10875 = DIRECTION('',(1.,0.));
#10876 = ( GEOMETRIC_REPRESENTATION_CONTEXT(2) 
PARAMETRIC_REPRESENTATION_CONTEXT() REPRESENTATION_CONTEXT('2D SPACE',''
  ) );
#10877 = ORIENTED_EDGE('',*,*,#10878,.T.);
#10878 = EDGE_CURVE('',#10856,#10785,#10879,.T.);
#10879 = SURFACE_CURVE('',#10880,(#10884,#10891),.PCURVE_S1.);
#10880 = LINE('',#10881,#10882);
#10881 = CARTESIAN_POINT('',(39.,-20.,-16.));
#10882 = VECTOR('',#10883,1.);
#10883 = DIRECTION('',(-0.,1.,0.));
#10884 = PCURVE('',#10740,#10885);
#10885 = DEFINITIONAL_REPRESENTATION('',(#10886),#10890);
#10886 = LINE('',#10887,#10888);
#10887 = CARTESIAN_POINT('',(1.E-02,10.));
#10888 = VECTOR('',#10889,1.);
#10889 = DIRECTION('',(0.,-1.));
#10890 = ( GEOMETRIC_REPRESENTATION_CONTEXT(2) 
PARAMETRIC_REPRESENTATION_CONTEXT() REPRESENTATION_CONTEXT('2D SPACE',''
  ) );
#10891 = PCURVE('',#9572,#10892);
#10892 = DEFINITIONAL_REPRESENTATION('',(#10893),#10897);
#10893 = LINE('',#10894,#10895);
#10894 = CARTESIAN_POINT('',(78.,10.));
#10895 = VECTOR('',#10896,1.);
#10896 = DIRECTION('',(0.,1.));
#10897 = ( GEOMETRIC_REPRESENTATION_CONTEXT(2) 
PARAMETRIC_REPRESENTATION_CONTEXT() REPRESENTATION_CONTEXT('2D SPACE',''
  ) );
#10898 = ORIENTED_EDGE('',*,*,#10784,.T.);
#10899 = ORIENTED_EDGE('',*,*,#10724,.F.);
#10900 = ADVANCED_FACE('',(#10901),#10712,.F.);
#10901 = FACE_BOUND('',#10902,.F.);
#10902 = EDGE_LOOP('',(#10903,#10904,#10927,#10948));
#10903 = ORIENTED_EDGE('',*,*,#10855,.F.);
#10904 = ORIENTED_EDGE('',*,*,#10905,.T.);
#10905 = EDGE_CURVE('',#10856,#10906,#10908,.T.);
#10906 = VERTEX_POINT('',#10907);
#10907 = CARTESIAN_POINT('',(31.,-10.,-16.));
#10908 = SURFACE_CURVE('',#10909,(#10913,#10920),.PCURVE_S1.);
#10909 = LINE('',#10910,#10911);
#10910 = CARTESIAN_POINT('',(-4.,-10.,-16.));
#10911 = VECTOR('',#10912,1.);
#10912 = DIRECTION('',(-1.,-0.,0.));
#10913 = PCURVE('',#10712,#10914);
#10914 = DEFINITIONAL_REPRESENTATION('',(#10915),#10919);
#10915 = LINE('',#10916,#10917);
#10916 = CARTESIAN_POINT('',(1.E-02,-35.));
#10917 = VECTOR('',#10918,1.);
#10918 = DIRECTION('',(0.,-1.));
#10919 = ( GEOMETRIC_REPRESENTATION_CONTEXT(2) 
PARAMETRIC_REPRESENTATION_CONTEXT() REPRESENTATION_CONTEXT('2D SPACE',''
  ) );
#10920 = PCURVE('',#9572,#10921);
#10921 = DEFINITIONAL_REPRESENTATION('',(#10922),#10926);
#10922 = LINE('',#10923,#10924);
#10923 = CARTESIAN_POINT('',(35.,20.));
#10924 = VECTOR('',#10925,1.);
#10925 = DIRECTION('',(-1.,0.));
#10926 = ( GEOMETRIC_REPRESENTATION_CONTEXT(2) 
PARAMETRIC_REPRESENTATION_CONTEXT() REPRESENTATION_CONTEXT('2D SPACE',''
  ) );
#10927 = ORIENTED_EDGE('',*,*,#10928,.T.);
#10928 = EDGE_CURVE('',#10906,#10667,#10929,.T.);
#10929 = SURFACE_CURVE('',#10930,(#10934,#10941),.PCURVE_S1.);
#10930 = LINE('',#10931,#10932);
#10931 = CARTESIAN_POINT('',(31.,-10.,-16.01));
#10932 = VECTOR('',#10933,1.);
#10933 = DIRECTION('',(0.,0.,1.));
#10934 = PCURVE('',#10712,#10935);
#10935 = DEFINITIONAL_REPRESENTATION('',(#10936),#10940);
#10936 = LINE('',#10937,#10938);
#10937 = CARTESIAN_POINT('',(0.,0.));
#10938 = VECTOR('',#10939,1.);
#10939 = DIRECTION('',(1.,0.));
#10940 = ( GEOMETRIC_REPRESENTATION_CONTEXT(2) 
PARAMETRIC_REPRESENTATION_CONTEXT() REPRESENTATION_CONTEXT('2D SPACE',''
  ) );
#10941 = PCURVE('',#10684,#10942);
#10942 = DEFINITIONAL_REPRESENTATION('',(#10943),#10947);
#10943 = LINE('',#10944,#10945);
#10944 = CARTESIAN_POINT('',(0.,0.));
#10945 = VECTOR('',#10946,1.);
#10946 = DIRECTION('',(1.,0.));
#10947 = ( GEOMETRIC_REPRESENTATION_CONTEXT(2) 
PARAMETRIC_REPRESENTATION_CONTEXT() REPRESENTATION_CONTEXT('2D SPACE',''
  ) );
#10948 = ORIENTED_EDGE('',*,*,#10696,.T.);
#10949 = ADVANCED_FACE('',(#10950),#10684,.F.);
#10950 = FACE_BOUND('',#10951,.F.);
#10951 = EDGE_LOOP('',(#10952,#10953,#10974,#10975));
#10952 = ORIENTED_EDGE('',*,*,#10928,.F.);
#10953 = ORIENTED_EDGE('',*,*,#10954,.T.);
#10954 = EDGE_CURVE('',#10906,#10808,#10955,.T.);
#10955 = SURFACE_CURVE('',#10956,(#10960,#10967),.PCURVE_S1.);
#10956 = LINE('',#10957,#10958);
#10957 = CARTESIAN_POINT('',(31.,-20.,-16.));
#10958 = VECTOR('',#10959,1.);
#10959 = DIRECTION('',(-0.,1.,0.));
#10960 = PCURVE('',#10684,#10961);
#10961 = DEFINITIONAL_REPRESENTATION('',(#10962),#10966);
#10962 = LINE('',#10963,#10964);
#10963 = CARTESIAN_POINT('',(1.E-02,10.));
#10964 = VECTOR('',#10965,1.);
#10965 = DIRECTION('',(0.,-1.));
#10966 = ( GEOMETRIC_REPRESENTATION_CONTEXT(2) 
PARAMETRIC_REPRESENTATION_CONTEXT() REPRESENTATION_CONTEXT('2D SPACE',''
  ) );
#10967 = PCURVE('',#9572,#10968);
#10968 = DEFINITIONAL_REPRESENTATION('',(#10969),#10973);
#10969 = LINE('',#10970,#10971);
#10970 = CARTESIAN_POINT('',(70.,10.));
#10971 = VECTOR('',#10972,1.);
#10972 = DIRECTION('',(0.,1.));
#10973 = ( GEOMETRIC_REPRESENTATION_CONTEXT(2) 
PARAMETRIC_REPRESENTATION_CONTEXT() REPRESENTATION_CONTEXT('2D SPACE',''
  ) );
#10974 = ORIENTED_EDGE('',*,*,#10830,.T.);
#10975 = ORIENTED_EDGE('',*,*,#10666,.F.);
#10976 = ADVANCED_FACE('',(#10977),#10054,.F.);
#10977 = FACE_BOUND('',#10978,.F.);
#10978 = EDGE_LOOP('',(#10979,#10980,#10981,#11003));
#10979 = ORIENTED_EDGE('',*,*,#10550,.F.);
#10980 = ORIENTED_EDGE('',*,*,#10038,.F.);
#10981 = ORIENTED_EDGE('',*,*,#10982,.T.);
#10982 = EDGE_CURVE('',#10039,#10480,#10983,.T.);
#10983 = SURFACE_CURVE('',#10984,(#10989,#10996),.PCURVE_S1.);
#10984 = CIRCLE('',#10985,3.8);
#10985 = AXIS2_PLACEMENT_3D('',#10986,#10987,#10988);
#10986 = CARTESIAN_POINT('',(44.,-6.,-19.));
#10987 = DIRECTION('',(0.,0.,1.));
#10988 = DIRECTION('',(1.,0.,-0.));
#10989 = PCURVE('',#10054,#10990);
#10990 = DEFINITIONAL_REPRESENTATION('',(#10991),#10995);
#10991 = LINE('',#10992,#10993);
#10992 = CARTESIAN_POINT('',(0.,1.E-02));
#10993 = VECTOR('',#10994,1.);
#10994 = DIRECTION('',(1.,0.));
#10995 = ( GEOMETRIC_REPRESENTATION_CONTEXT(2) 
PARAMETRIC_REPRESENTATION_CONTEXT() REPRESENTATION_CONTEXT('2D SPACE',''
  ) );
#10996 = PCURVE('',#9628,#10997);
#10997 = DEFINITIONAL_REPRESENTATION('',(#10998),#11002);
#10998 = CIRCLE('',#10999,3.8);
#10999 = AXIS2_PLACEMENT_2D('',#11000,#11001);
#11000 = CARTESIAN_POINT('',(83.,24.));
#11001 = DIRECTION('',(1.,0.));
#11002 = ( GEOMETRIC_REPRESENTATION_CONTEXT(2) 
PARAMETRIC_REPRESENTATION_CONTEXT() REPRESENTATION_CONTEXT('2D SPACE',''
  ) );
#11003 = ORIENTED_EDGE('',*,*,#10479,.T.);
#11004 = ADVANCED_FACE('',(#11005,#11042,#11073,#11189,#11220,#11336,
    #11367,#11483,#11599),#9628,.F.);
#11005 = FACE_BOUND('',#11006,.F.);
#11006 = EDGE_LOOP('',(#11007,#11008,#11030,#11031,#11032,#11033,#11034,
    #11035,#11036,#11037,#11038,#11039,#11040,#11041));
#11007 = ORIENTED_EDGE('',*,*,#9612,.F.);
#11008 = ORIENTED_EDGE('',*,*,#11009,.T.);
#11009 = EDGE_CURVE('',#9585,#10177,#11010,.T.);
#11010 = SURFACE_CURVE('',#11011,(#11016,#11023),.PCURVE_S1.);
#11011 = CIRCLE('',#11012,3.);
#11012 = AXIS2_PLACEMENT_3D('',#11013,#11014,#11015);
#11013 = CARTESIAN_POINT('',(-36.,-27.,-19.));
#11014 = DIRECTION('',(0.,0.,1.));
#11015 = DIRECTION('',(0.,-1.,0.));
#11016 = PCURVE('',#9628,#11017);
#11017 = DEFINITIONAL_REPRESENTATION('',(#11018),#11022);
#11018 = CIRCLE('',#11019,3.);
#11019 = AXIS2_PLACEMENT_2D('',#11020,#11021);
#11020 = CARTESIAN_POINT('',(3.,3.));
#11021 = DIRECTION('',(0.,-1.));
#11022 = ( GEOMETRIC_REPRESENTATION_CONTEXT(2) 
PARAMETRIC_REPRESENTATION_CONTEXT() REPRESENTATION_CONTEXT('2D SPACE',''
  ) );
#11023 = PCURVE('',#9600,#11024);
#11024 = DEFINITIONAL_REPRESENTATION('',(#11025),#11029);
#11025 = LINE('',#11026,#11027);
#11026 = CARTESIAN_POINT('',(-4.712388980385,0.));
#11027 = VECTOR('',#11028,1.);
#11028 = DIRECTION('',(1.,0.));
#11029 = ( GEOMETRIC_REPRESENTATION_CONTEXT(2) 
PARAMETRIC_REPRESENTATION_CONTEXT() REPRESENTATION_CONTEXT('2D SPACE',''
  ) );
#11030 = ORIENTED_EDGE('',*,*,#10176,.T.);
#11031 = ORIENTED_EDGE('',*,*,#10147,.F.);
#11032 = ORIENTED_EDGE('',*,*,#9960,.T.);
#11033 = ORIENTED_EDGE('',*,*,#10300,.F.);
#11034 = ORIENTED_EDGE('',*,*,#10326,.T.);
#11035 = ORIENTED_EDGE('',*,*,#10453,.F.);
#11036 = ORIENTED_EDGE('',*,*,#10504,.F.);
#11037 = ORIENTED_EDGE('',*,*,#10982,.F.);
#11038 = ORIENTED_EDGE('',*,*,#10065,.T.);
#11039 = ORIENTED_EDGE('',*,*,#9831,.T.);
#11040 = ORIENTED_EDGE('',*,*,#9755,.F.);
#11041 = ORIENTED_EDGE('',*,*,#9726,.F.);
#11042 = FACE_BOUND('',#11043,.F.);
#11043 = EDGE_LOOP('',(#11044));
#11044 = ORIENTED_EDGE('',*,*,#11045,.F.);
#11045 = EDGE_CURVE('',#11046,#11046,#11048,.T.);
#11046 = VERTEX_POINT('',#11047);
#11047 = CARTESIAN_POINT('',(-32.85,-26.5,-19.));
#11048 = SURFACE_CURVE('',#11049,(#11054,#11061),.PCURVE_S1.);
#11049 = CIRCLE('',#11050,1.15);
#11050 = AXIS2_PLACEMENT_3D('',#11051,#11052,#11053);
#11051 = CARTESIAN_POINT('',(-34.,-26.5,-19.));
#11052 = DIRECTION('',(0.,0.,1.));
#11053 = DIRECTION('',(1.,0.,-0.));
#11054 = PCURVE('',#9628,#11055);
#11055 = DEFINITIONAL_REPRESENTATION('',(#11056),#11060);
#11056 = CIRCLE('',#11057,1.15);
#11057 = AXIS2_PLACEMENT_2D('',#11058,#11059);
#11058 = CARTESIAN_POINT('',(5.,3.5));
#11059 = DIRECTION('',(1.,0.));
#11060 = ( GEOMETRIC_REPRESENTATION_CONTEXT(2) 
PARAMETRIC_REPRESENTATION_CONTEXT() REPRESENTATION_CONTEXT('2D SPACE',''
  ) );
#11061 = PCURVE('',#11062,#11067);
#11062 = CYLINDRICAL_SURFACE('',#11063,1.15);
#11063 = AXIS2_PLACEMENT_3D('',#11064,#11065,#11066);
#11064 = CARTESIAN_POINT('',(-34.,-26.5,-19.5));
#11065 = DIRECTION('',(0.,0.,1.));
#11066 = DIRECTION('',(1.,0.,-0.));
#11067 = DEFINITIONAL_REPRESENTATION('',(#11068),#11072);
#11068 = LINE('',#11069,#11070);
#11069 = CARTESIAN_POINT('',(0.,0.5));
#11070 = VECTOR('',#11071,1.);
#11071 = DIRECTION('',(1.,0.));
#11072 = ( GEOMETRIC_REPRESENTATION_CONTEXT(2) 
PARAMETRIC_REPRESENTATION_CONTEXT() REPRESENTATION_CONTEXT('2D SPACE',''
  ) );
#11073 = FACE_BOUND('',#11074,.F.);
#11074 = EDGE_LOOP('',(#11075,#11106,#11134,#11163));
#11075 = ORIENTED_EDGE('',*,*,#11076,.F.);
#11076 = EDGE_CURVE('',#11077,#11079,#11081,.T.);
#11077 = VERTEX_POINT('',#11078);
#11078 = CARTESIAN_POINT('',(-11.09838667696,-25.4,-19.));
#11079 = VERTEX_POINT('',#11080);
#11080 = CARTESIAN_POINT('',(-11.09838667696,-18.6,-19.));
#11081 = SURFACE_CURVE('',#11082,(#11087,#11094),.PCURVE_S1.);
#11082 = CIRCLE('',#11083,4.6);
#11083 = AXIS2_PLACEMENT_3D('',#11084,#11085,#11086);
#11084 = CARTESIAN_POINT('',(-8.,-22.,-19.));
#11085 = DIRECTION('',(0.,0.,1.));
#11086 = DIRECTION('',(-0.67356232108,-0.739130434783,0.));
#11087 = PCURVE('',#9628,#11088);
#11088 = DEFINITIONAL_REPRESENTATION('',(#11089),#11093);
#11089 = CIRCLE('',#11090,4.6);
#11090 = AXIS2_PLACEMENT_2D('',#11091,#11092);
#11091 = CARTESIAN_POINT('',(31.,8.));
#11092 = DIRECTION('',(-0.67356232108,-0.739130434783));
#11093 = ( GEOMETRIC_REPRESENTATION_CONTEXT(2) 
PARAMETRIC_REPRESENTATION_CONTEXT() REPRESENTATION_CONTEXT('2D SPACE',''
  ) );
#11094 = PCURVE('',#11095,#11100);
#11095 = CYLINDRICAL_SURFACE('',#11096,4.6);
#11096 = AXIS2_PLACEMENT_3D('',#11097,#11098,#11099);
#11097 = CARTESIAN_POINT('',(-8.,-22.,-19.01));
#11098 = DIRECTION('',(0.,0.,1.));
#11099 = DIRECTION('',(1.,0.,-0.));
#11100 = DEFINITIONAL_REPRESENTATION('',(#11101),#11105);
#11101 = LINE('',#11102,#11103);
#11102 = CARTESIAN_POINT('',(3.973371101371,1.E-02));
#11103 = VECTOR('',#11104,1.);
#11104 = DIRECTION('',(1.,0.));
#11105 = ( GEOMETRIC_REPRESENTATION_CONTEXT(2) 
PARAMETRIC_REPRESENTATION_CONTEXT() REPRESENTATION_CONTEXT('2D SPACE',''
  ) );
#11106 = ORIENTED_EDGE('',*,*,#11107,.T.);
#11107 = EDGE_CURVE('',#11077,#11108,#11110,.T.);
#11108 = VERTEX_POINT('',#11109);
#11109 = CARTESIAN_POINT('',(-16.,-25.4,-19.));
#11110 = SURFACE_CURVE('',#11111,(#11115,#11122),.PCURVE_S1.);
#11111 = LINE('',#11112,#11113);
#11112 = CARTESIAN_POINT('',(-27.5,-25.4,-19.));
#11113 = VECTOR('',#11114,1.);
#11114 = DIRECTION('',(-1.,-0.,0.));
#11115 = PCURVE('',#9628,#11116);
#11116 = DEFINITIONAL_REPRESENTATION('',(#11117),#11121);
#11117 = LINE('',#11118,#11119);
#11118 = CARTESIAN_POINT('',(11.5,4.6));
#11119 = VECTOR('',#11120,1.);
#11120 = DIRECTION('',(-1.,0.));
#11121 = ( GEOMETRIC_REPRESENTATION_CONTEXT(2) 
PARAMETRIC_REPRESENTATION_CONTEXT() REPRESENTATION_CONTEXT('2D SPACE',''
  ) );
#11122 = PCURVE('',#11123,#11128);
#11123 = PLANE('',#11124);
#11124 = AXIS2_PLACEMENT_3D('',#11125,#11126,#11127);
#11125 = CARTESIAN_POINT('',(-16.,-25.4,-19.01));
#11126 = DIRECTION('',(-0.,1.,0.));
#11127 = DIRECTION('',(0.,0.,1.));
#11128 = DEFINITIONAL_REPRESENTATION('',(#11129),#11133);
#11129 = LINE('',#11130,#11131);
#11130 = CARTESIAN_POINT('',(1.E-02,-11.5));
#11131 = VECTOR('',#11132,1.);
#11132 = DIRECTION('',(0.,-1.));
#11133 = ( GEOMETRIC_REPRESENTATION_CONTEXT(2) 
PARAMETRIC_REPRESENTATION_CONTEXT() REPRESENTATION_CONTEXT('2D SPACE',''
  ) );
#11134 = ORIENTED_EDGE('',*,*,#11135,.F.);
#11135 = EDGE_CURVE('',#11136,#11108,#11138,.T.);
#11136 = VERTEX_POINT('',#11137);
#11137 = CARTESIAN_POINT('',(-16.,-18.6,-19.));
#11138 = SURFACE_CURVE('',#11139,(#11144,#11151),.PCURVE_S1.);
#11139 = CIRCLE('',#11140,3.4);
#11140 = AXIS2_PLACEMENT_3D('',#11141,#11142,#11143);
#11141 = CARTESIAN_POINT('',(-16.,-22.,-19.));
#11142 = DIRECTION('',(0.,0.,1.));
#11143 = DIRECTION('',(1.,0.,-0.));
#11144 = PCURVE('',#9628,#11145);
#11145 = DEFINITIONAL_REPRESENTATION('',(#11146),#11150);
#11146 = CIRCLE('',#11147,3.4);
#11147 = AXIS2_PLACEMENT_2D('',#11148,#11149);
#11148 = CARTESIAN_POINT('',(23.,8.));
#11149 = DIRECTION('',(1.,0.));
#11150 = ( GEOMETRIC_REPRESENTATION_CONTEXT(2) 
PARAMETRIC_REPRESENTATION_CONTEXT() REPRESENTATION_CONTEXT('2D SPACE',''
  ) );
#11151 = PCURVE('',#11152,#11157);
#11152 = CYLINDRICAL_SURFACE('',#11153,3.4);
#11153 = AXIS2_PLACEMENT_3D('',#11154,#11155,#11156);
#11154 = CARTESIAN_POINT('',(-16.,-22.,-19.01));
#11155 = DIRECTION('',(0.,0.,1.));
#11156 = DIRECTION('',(1.,0.,-0.));
#11157 = DEFINITIONAL_REPRESENTATION('',(#11158),#11162);
#11158 = LINE('',#11159,#11160);
#11159 = CARTESIAN_POINT('',(0.,1.E-02));
#11160 = VECTOR('',#11161,1.);
#11161 = DIRECTION('',(1.,0.));
#11162 = ( GEOMETRIC_REPRESENTATION_CONTEXT(2) 
PARAMETRIC_REPRESENTATION_CONTEXT() REPRESENTATION_CONTEXT('2D SPACE',''
  ) );
#11163 = ORIENTED_EDGE('',*,*,#11164,.F.);
#11164 = EDGE_CURVE('',#11079,#11136,#11165,.T.);
#11165 = SURFACE_CURVE('',#11166,(#11170,#11177),.PCURVE_S1.);
#11166 = LINE('',#11167,#11168);
#11167 = CARTESIAN_POINT('',(-27.5,-18.6,-19.));
#11168 = VECTOR('',#11169,1.);
#11169 = DIRECTION('',(-1.,-0.,0.));
#11170 = PCURVE('',#9628,#11171);
#11171 = DEFINITIONAL_REPRESENTATION('',(#11172),#11176);
#11172 = LINE('',#11173,#11174);
#11173 = CARTESIAN_POINT('',(11.5,11.4));
#11174 = VECTOR('',#11175,1.);
#11175 = DIRECTION('',(-1.,0.));
#11176 = ( GEOMETRIC_REPRESENTATION_CONTEXT(2) 
PARAMETRIC_REPRESENTATION_CONTEXT() REPRESENTATION_CONTEXT('2D SPACE',''
  ) );
#11177 = PCURVE('',#11178,#11183);
#11178 = PLANE('',#11179);
#11179 = AXIS2_PLACEMENT_3D('',#11180,#11181,#11182);
#11180 = CARTESIAN_POINT('',(-16.,-18.6,-19.01));
#11181 = DIRECTION('',(-0.,1.,0.));
#11182 = DIRECTION('',(0.,0.,1.));
#11183 = DEFINITIONAL_REPRESENTATION('',(#11184),#11188);
#11184 = LINE('',#11185,#11186);
#11185 = CARTESIAN_POINT('',(1.E-02,-11.5));
#11186 = VECTOR('',#11187,1.);
#11187 = DIRECTION('',(0.,-1.));
#11188 = ( GEOMETRIC_REPRESENTATION_CONTEXT(2) 
PARAMETRIC_REPRESENTATION_CONTEXT() REPRESENTATION_CONTEXT('2D SPACE',''
  ) );
#11189 = FACE_BOUND('',#11190,.F.);
#11190 = EDGE_LOOP('',(#11191));
#11191 = ORIENTED_EDGE('',*,*,#11192,.F.);
#11192 = EDGE_CURVE('',#11193,#11193,#11195,.T.);
#11193 = VERTEX_POINT('',#11194);
#11194 = CARTESIAN_POINT('',(37.15,-26.5,-19.));
#11195 = SURFACE_CURVE('',#11196,(#11201,#11208),.PCURVE_S1.);
#11196 = CIRCLE('',#11197,1.15);
#11197 = AXIS2_PLACEMENT_3D('',#11198,#11199,#11200);
#11198 = CARTESIAN_POINT('',(36.,-26.5,-19.));
#11199 = DIRECTION('',(0.,0.,1.));
#11200 = DIRECTION('',(1.,0.,-0.));
#11201 = PCURVE('',#9628,#11202);
#11202 = DEFINITIONAL_REPRESENTATION('',(#11203),#11207);
#11203 = CIRCLE('',#11204,1.15);
#11204 = AXIS2_PLACEMENT_2D('',#11205,#11206);
#11205 = CARTESIAN_POINT('',(75.,3.5));
#11206 = DIRECTION('',(1.,0.));
#11207 = ( GEOMETRIC_REPRESENTATION_CONTEXT(2) 
PARAMETRIC_REPRESENTATION_CONTEXT() REPRESENTATION_CONTEXT('2D SPACE',''
  ) );
#11208 = PCURVE('',#11209,#11214);
#11209 = CYLINDRICAL_SURFACE('',#11210,1.15);
#11210 = AXIS2_PLACEMENT_3D('',#11211,#11212,#11213);
#11211 = CARTESIAN_POINT('',(36.,-26.5,-19.5));
#11212 = DIRECTION('',(0.,0.,1.));
#11213 = DIRECTION('',(1.,0.,-0.));
#11214 = DEFINITIONAL_REPRESENTATION('',(#11215),#11219);
#11215 = LINE('',#11216,#11217);
#11216 = CARTESIAN_POINT('',(0.,0.5));
#11217 = VECTOR('',#11218,1.);
#11218 = DIRECTION('',(1.,0.));
#11219 = ( GEOMETRIC_REPRESENTATION_CONTEXT(2) 
PARAMETRIC_REPRESENTATION_CONTEXT() REPRESENTATION_CONTEXT('2D SPACE',''
  ) );
#11220 = FACE_BOUND('',#11221,.F.);
#11221 = EDGE_LOOP('',(#11222,#11253,#11281,#11310));
#11222 = ORIENTED_EDGE('',*,*,#11223,.F.);
#11223 = EDGE_CURVE('',#11224,#11226,#11228,.T.);
#11224 = VERTEX_POINT('',#11225);
#11225 = CARTESIAN_POINT('',(22.901613323034,-25.4,-19.));
#11226 = VERTEX_POINT('',#11227);
#11227 = CARTESIAN_POINT('',(22.901613323034,-18.6,-19.));
#11228 = SURFACE_CURVE('',#11229,(#11234,#11241),.PCURVE_S1.);
#11229 = CIRCLE('',#11230,4.6);
#11230 = AXIS2_PLACEMENT_3D('',#11231,#11232,#11233);
#11231 = CARTESIAN_POINT('',(26.,-22.,-19.));
#11232 = DIRECTION('',(0.,0.,1.));
#11233 = DIRECTION('',(-0.67356232108,-0.739130434783,0.));
#11234 = PCURVE('',#9628,#11235);
#11235 = DEFINITIONAL_REPRESENTATION('',(#11236),#11240);
#11236 = CIRCLE('',#11237,4.6);
#11237 = AXIS2_PLACEMENT_2D('',#11238,#11239);
#11238 = CARTESIAN_POINT('',(65.,8.));
#11239 = DIRECTION('',(-0.67356232108,-0.739130434783));
#11240 = ( GEOMETRIC_REPRESENTATION_CONTEXT(2) 
PARAMETRIC_REPRESENTATION_CONTEXT() REPRESENTATION_CONTEXT('2D SPACE',''
  ) );
#11241 = PCURVE('',#11242,#11247);
#11242 = CYLINDRICAL_SURFACE('',#11243,4.6);
#11243 = AXIS2_PLACEMENT_3D('',#11244,#11245,#11246);
#11244 = CARTESIAN_POINT('',(26.,-22.,-19.01));
#11245 = DIRECTION('',(0.,0.,1.));
#11246 = DIRECTION('',(1.,0.,-0.));
#11247 = DEFINITIONAL_REPRESENTATION('',(#11248),#11252);
#11248 = LINE('',#11249,#11250);
#11249 = CARTESIAN_POINT('',(3.973371101371,1.E-02));
#11250 = VECTOR('',#11251,1.);
#11251 = DIRECTION('',(1.,0.));
#11252 = ( GEOMETRIC_REPRESENTATION_CONTEXT(2) 
PARAMETRIC_REPRESENTATION_CONTEXT() REPRESENTATION_CONTEXT('2D SPACE',''
  ) );
#11253 = ORIENTED_EDGE('',*,*,#11254,.T.);
#11254 = EDGE_CURVE('',#11224,#11255,#11257,.T.);
#11255 = VERTEX_POINT('',#11256);
#11256 = CARTESIAN_POINT('',(18.,-25.4,-19.));
#11257 = SURFACE_CURVE('',#11258,(#11262,#11269),.PCURVE_S1.);
#11258 = LINE('',#11259,#11260);
#11259 = CARTESIAN_POINT('',(-10.5,-25.4,-19.));
#11260 = VECTOR('',#11261,1.);
#11261 = DIRECTION('',(-1.,-0.,0.));
#11262 = PCURVE('',#9628,#11263);
#11263 = DEFINITIONAL_REPRESENTATION('',(#11264),#11268);
#11264 = LINE('',#11265,#11266);
#11265 = CARTESIAN_POINT('',(28.5,4.6));
#11266 = VECTOR('',#11267,1.);
#11267 = DIRECTION('',(-1.,0.));
#11268 = ( GEOMETRIC_REPRESENTATION_CONTEXT(2) 
PARAMETRIC_REPRESENTATION_CONTEXT() REPRESENTATION_CONTEXT('2D SPACE',''
  ) );
#11269 = PCURVE('',#11270,#11275);
#11270 = PLANE('',#11271);
#11271 = AXIS2_PLACEMENT_3D('',#11272,#11273,#11274);
#11272 = CARTESIAN_POINT('',(18.,-25.4,-19.01));
#11273 = DIRECTION('',(-0.,1.,0.));
#11274 = DIRECTION('',(0.,0.,1.));
#11275 = DEFINITIONAL_REPRESENTATION('',(#11276),#11280);
#11276 = LINE('',#11277,#11278);
#11277 = CARTESIAN_POINT('',(1.E-02,-28.5));
#11278 = VECTOR('',#11279,1.);
#11279 = DIRECTION('',(0.,-1.));
#11280 = ( GEOMETRIC_REPRESENTATION_CONTEXT(2) 
PARAMETRIC_REPRESENTATION_CONTEXT() REPRESENTATION_CONTEXT('2D SPACE',''
  ) );
#11281 = ORIENTED_EDGE('',*,*,#11282,.F.);
#11282 = EDGE_CURVE('',#11283,#11255,#11285,.T.);
#11283 = VERTEX_POINT('',#11284);
#11284 = CARTESIAN_POINT('',(18.,-18.6,-19.));
#11285 = SURFACE_CURVE('',#11286,(#11291,#11298),.PCURVE_S1.);
#11286 = CIRCLE('',#11287,3.4);
#11287 = AXIS2_PLACEMENT_3D('',#11288,#11289,#11290);
#11288 = CARTESIAN_POINT('',(18.,-22.,-19.));
#11289 = DIRECTION('',(0.,0.,1.));
#11290 = DIRECTION('',(1.,0.,-0.));
#11291 = PCURVE('',#9628,#11292);
#11292 = DEFINITIONAL_REPRESENTATION('',(#11293),#11297);
#11293 = CIRCLE('',#11294,3.4);
#11294 = AXIS2_PLACEMENT_2D('',#11295,#11296);
#11295 = CARTESIAN_POINT('',(57.,8.));
#11296 = DIRECTION('',(1.,0.));
#11297 = ( GEOMETRIC_REPRESENTATION_CONTEXT(2) 
PARAMETRIC_REPRESENTATION_CONTEXT() REPRESENTATION_CONTEXT('2D SPACE',''
  ) );
#11298 = PCURVE('',#11299,#11304);
#11299 = CYLINDRICAL_SURFACE('',#11300,3.4);
#11300 = AXIS2_PLACEMENT_3D('',#11301,#11302,#11303);
#11301 = CARTESIAN_POINT('',(18.,-22.,-19.01));
#11302 = DIRECTION('',(0.,0.,1.));
#11303 = DIRECTION('',(1.,0.,-0.));
#11304 = DEFINITIONAL_REPRESENTATION('',(#11305),#11309);
#11305 = LINE('',#11306,#11307);
#11306 = CARTESIAN_POINT('',(0.,1.E-02));
#11307 = VECTOR('',#11308,1.);
#11308 = DIRECTION('',(1.,0.));
#11309 = ( GEOMETRIC_REPRESENTATION_CONTEXT(2) 
PARAMETRIC_REPRESENTATION_CONTEXT() REPRESENTATION_CONTEXT('2D SPACE',''
  ) );
#11310 = ORIENTED_EDGE('',*,*,#11311,.F.);
#11311 = EDGE_CURVE('',#11226,#11283,#11312,.T.);
#11312 = SURFACE_CURVE('',#11313,(#11317,#11324),.PCURVE_S1.);
#11313 = LINE('',#11314,#11315);
#11314 = CARTESIAN_POINT('',(-10.5,-18.6,-19.));
#11315 = VECTOR('',#11316,1.);
#11316 = DIRECTION('',(-1.,-0.,0.));
#11317 = PCURVE('',#9628,#11318);
#11318 = DEFINITIONAL_REPRESENTATION('',(#11319),#11323);
#11319 = LINE('',#11320,#11321);
#11320 = CARTESIAN_POINT('',(28.5,11.4));
#11321 = VECTOR('',#11322,1.);
#11322 = DIRECTION('',(-1.,0.));
#11323 = ( GEOMETRIC_REPRESENTATION_CONTEXT(2) 
PARAMETRIC_REPRESENTATION_CONTEXT() REPRESENTATION_CONTEXT('2D SPACE',''
  ) );
#11324 = PCURVE('',#11325,#11330);
#11325 = PLANE('',#11326);
#11326 = AXIS2_PLACEMENT_3D('',#11327,#11328,#11329);
#11327 = CARTESIAN_POINT('',(18.,-18.6,-19.01));
#11328 = DIRECTION('',(-0.,1.,0.));
#11329 = DIRECTION('',(0.,0.,1.));
#11330 = DEFINITIONAL_REPRESENTATION('',(#11331),#11335);
#11331 = LINE('',#11332,#11333);
#11332 = CARTESIAN_POINT('',(1.E-02,-28.5));
#11333 = VECTOR('',#11334,1.);
#11334 = DIRECTION('',(0.,-1.));
#11335 = ( GEOMETRIC_REPRESENTATION_CONTEXT(2) 
PARAMETRIC_REPRESENTATION_CONTEXT() REPRESENTATION_CONTEXT('2D SPACE',''
  ) );
#11336 = FACE_BOUND('',#11337,.F.);
#11337 = EDGE_LOOP('',(#11338));
#11338 = ORIENTED_EDGE('',*,*,#11339,.F.);
#11339 = EDGE_CURVE('',#11340,#11340,#11342,.T.);
#11340 = VERTEX_POINT('',#11341);
#11341 = CARTESIAN_POINT('',(-32.85,14.5,-19.));
#11342 = SURFACE_CURVE('',#11343,(#11348,#11355),.PCURVE_S1.);
#11343 = CIRCLE('',#11344,1.15);
#11344 = AXIS2_PLACEMENT_3D('',#11345,#11346,#11347);
#11345 = CARTESIAN_POINT('',(-34.,14.5,-19.));
#11346 = DIRECTION('',(0.,0.,1.));
#11347 = DIRECTION('',(1.,0.,-0.));
#11348 = PCURVE('',#9628,#11349);
#11349 = DEFINITIONAL_REPRESENTATION('',(#11350),#11354);
#11350 = CIRCLE('',#11351,1.15);
#11351 = AXIS2_PLACEMENT_2D('',#11352,#11353);
#11352 = CARTESIAN_POINT('',(5.,44.5));
#11353 = DIRECTION('',(1.,0.));
#11354 = ( GEOMETRIC_REPRESENTATION_CONTEXT(2) 
PARAMETRIC_REPRESENTATION_CONTEXT() REPRESENTATION_CONTEXT('2D SPACE',''
  ) );
#11355 = PCURVE('',#11356,#11361);
#11356 = CYLINDRICAL_SURFACE('',#11357,1.15);
#11357 = AXIS2_PLACEMENT_3D('',#11358,#11359,#11360);
#11358 = CARTESIAN_POINT('',(-34.,14.5,-19.5));
#11359 = DIRECTION('',(0.,0.,1.));
#11360 = DIRECTION('',(1.,0.,-0.));
#11361 = DEFINITIONAL_REPRESENTATION('',(#11362),#11366);
#11362 = LINE('',#11363,#11364);
#11363 = CARTESIAN_POINT('',(0.,0.5));
#11364 = VECTOR('',#11365,1.);
#11365 = DIRECTION('',(1.,0.));
#11366 = ( GEOMETRIC_REPRESENTATION_CONTEXT(2) 
PARAMETRIC_REPRESENTATION_CONTEXT() REPRESENTATION_CONTEXT('2D SPACE',''
  ) );
#11367 = FACE_BOUND('',#11368,.F.);
#11368 = EDGE_LOOP('',(#11369,#11400,#11428,#11457));
#11369 = ORIENTED_EDGE('',*,*,#11370,.F.);
#11370 = EDGE_CURVE('',#11371,#11373,#11375,.T.);
#11371 = VERTEX_POINT('',#11372);
#11372 = CARTESIAN_POINT('',(-11.09838667696,6.6,-19.));
#11373 = VERTEX_POINT('',#11374);
#11374 = CARTESIAN_POINT('',(-11.09838667696,13.4,-19.));
#11375 = SURFACE_CURVE('',#11376,(#11381,#11388),.PCURVE_S1.);
#11376 = CIRCLE('',#11377,4.6);
#11377 = AXIS2_PLACEMENT_3D('',#11378,#11379,#11380);
#11378 = CARTESIAN_POINT('',(-8.,10.,-19.));
#11379 = DIRECTION('',(0.,0.,1.));
#11380 = DIRECTION('',(-0.67356232108,-0.739130434783,0.));
#11381 = PCURVE('',#9628,#11382);
#11382 = DEFINITIONAL_REPRESENTATION('',(#11383),#11387);
#11383 = CIRCLE('',#11384,4.6);
#11384 = AXIS2_PLACEMENT_2D('',#11385,#11386);
#11385 = CARTESIAN_POINT('',(31.,40.));
#11386 = DIRECTION('',(-0.67356232108,-0.739130434783));
#11387 = ( GEOMETRIC_REPRESENTATION_CONTEXT(2) 
PARAMETRIC_REPRESENTATION_CONTEXT() REPRESENTATION_CONTEXT('2D SPACE',''
  ) );
#11388 = PCURVE('',#11389,#11394);
#11389 = CYLINDRICAL_SURFACE('',#11390,4.6);
#11390 = AXIS2_PLACEMENT_3D('',#11391,#11392,#11393);
#11391 = CARTESIAN_POINT('',(-8.,10.,-19.01));
#11392 = DIRECTION('',(0.,0.,1.));
#11393 = DIRECTION('',(1.,0.,-0.));
#11394 = DEFINITIONAL_REPRESENTATION('',(#11395),#11399);
#11395 = LINE('',#11396,#11397);
#11396 = CARTESIAN_POINT('',(3.973371101371,1.E-02));
#11397 = VECTOR('',#11398,1.);
#11398 = DIRECTION('',(1.,0.));
#11399 = ( GEOMETRIC_REPRESENTATION_CONTEXT(2) 
PARAMETRIC_REPRESENTATION_CONTEXT() REPRESENTATION_CONTEXT('2D SPACE',''
  ) );
#11400 = ORIENTED_EDGE('',*,*,#11401,.T.);
#11401 = EDGE_CURVE('',#11371,#11402,#11404,.T.);
#11402 = VERTEX_POINT('',#11403);
#11403 = CARTESIAN_POINT('',(-16.,6.6,-19.));
#11404 = SURFACE_CURVE('',#11405,(#11409,#11416),.PCURVE_S1.);
#11405 = LINE('',#11406,#11407);
#11406 = CARTESIAN_POINT('',(-27.5,6.6,-19.));
#11407 = VECTOR('',#11408,1.);
#11408 = DIRECTION('',(-1.,-0.,0.));
#11409 = PCURVE('',#9628,#11410);
#11410 = DEFINITIONAL_REPRESENTATION('',(#11411),#11415);
#11411 = LINE('',#11412,#11413);
#11412 = CARTESIAN_POINT('',(11.5,36.6));
#11413 = VECTOR('',#11414,1.);
#11414 = DIRECTION('',(-1.,0.));
#11415 = ( GEOMETRIC_REPRESENTATION_CONTEXT(2) 
PARAMETRIC_REPRESENTATION_CONTEXT() REPRESENTATION_CONTEXT('2D SPACE',''
  ) );
#11416 = PCURVE('',#11417,#11422);
#11417 = PLANE('',#11418);
#11418 = AXIS2_PLACEMENT_3D('',#11419,#11420,#11421);
#11419 = CARTESIAN_POINT('',(-16.,6.6,-19.01));
#11420 = DIRECTION('',(-0.,1.,0.));
#11421 = DIRECTION('',(0.,0.,1.));
#11422 = DEFINITIONAL_REPRESENTATION('',(#11423),#11427);
#11423 = LINE('',#11424,#11425);
#11424 = CARTESIAN_POINT('',(1.E-02,-11.5));
#11425 = VECTOR('',#11426,1.);
#11426 = DIRECTION('',(0.,-1.));
#11427 = ( GEOMETRIC_REPRESENTATION_CONTEXT(2) 
PARAMETRIC_REPRESENTATION_CONTEXT() REPRESENTATION_CONTEXT('2D SPACE',''
  ) );
#11428 = ORIENTED_EDGE('',*,*,#11429,.F.);
#11429 = EDGE_CURVE('',#11430,#11402,#11432,.T.);
#11430 = VERTEX_POINT('',#11431);
#11431 = CARTESIAN_POINT('',(-16.,13.4,-19.));
#11432 = SURFACE_CURVE('',#11433,(#11438,#11445),.PCURVE_S1.);
#11433 = CIRCLE('',#11434,3.4);
#11434 = AXIS2_PLACEMENT_3D('',#11435,#11436,#11437);
#11435 = CARTESIAN_POINT('',(-16.,10.,-19.));
#11436 = DIRECTION('',(0.,0.,1.));
#11437 = DIRECTION('',(1.,0.,-0.));
#11438 = PCURVE('',#9628,#11439);
#11439 = DEFINITIONAL_REPRESENTATION('',(#11440),#11444);
#11440 = CIRCLE('',#11441,3.4);
#11441 = AXIS2_PLACEMENT_2D('',#11442,#11443);
#11442 = CARTESIAN_POINT('',(23.,40.));
#11443 = DIRECTION('',(1.,0.));
#11444 = ( GEOMETRIC_REPRESENTATION_CONTEXT(2) 
PARAMETRIC_REPRESENTATION_CONTEXT() REPRESENTATION_CONTEXT('2D SPACE',''
  ) );
#11445 = PCURVE('',#11446,#11451);
#11446 = CYLINDRICAL_SURFACE('',#11447,3.4);
#11447 = AXIS2_PLACEMENT_3D('',#11448,#11449,#11450);
#11448 = CARTESIAN_POINT('',(-16.,10.,-19.01));
#11449 = DIRECTION('',(0.,0.,1.));
#11450 = DIRECTION('',(1.,0.,-0.));
#11451 = DEFINITIONAL_REPRESENTATION('',(#11452),#11456);
#11452 = LINE('',#11453,#11454);
#11453 = CARTESIAN_POINT('',(0.,1.E-02));
#11454 = VECTOR('',#11455,1.);
#11455 = DIRECTION('',(1.,0.));
#11456 = ( GEOMETRIC_REPRESENTATION_CONTEXT(2) 
PARAMETRIC_REPRESENTATION_CONTEXT() REPRESENTATION_CONTEXT('2D SPACE',''
  ) );
#11457 = ORIENTED_EDGE('',*,*,#11458,.F.);
#11458 = EDGE_CURVE('',#11373,#11430,#11459,.T.);
#11459 = SURFACE_CURVE('',#11460,(#11464,#11471),.PCURVE_S1.);
#11460 = LINE('',#11461,#11462);
#11461 = CARTESIAN_POINT('',(-27.5,13.4,-19.));
#11462 = VECTOR('',#11463,1.);
#11463 = DIRECTION('',(-1.,-0.,0.));
#11464 = PCURVE('',#9628,#11465);
#11465 = DEFINITIONAL_REPRESENTATION('',(#11466),#11470);
#11466 = LINE('',#11467,#11468);
#11467 = CARTESIAN_POINT('',(11.5,43.4));
#11468 = VECTOR('',#11469,1.);
#11469 = DIRECTION('',(-1.,0.));
#11470 = ( GEOMETRIC_REPRESENTATION_CONTEXT(2) 
PARAMETRIC_REPRESENTATION_CONTEXT() REPRESENTATION_CONTEXT('2D SPACE',''
  ) );
#11471 = PCURVE('',#11472,#11477);
#11472 = PLANE('',#11473);
#11473 = AXIS2_PLACEMENT_3D('',#11474,#11475,#11476);
#11474 = CARTESIAN_POINT('',(-16.,13.4,-19.01));
#11475 = DIRECTION('',(-0.,1.,0.));
#11476 = DIRECTION('',(0.,0.,1.));
#11477 = DEFINITIONAL_REPRESENTATION('',(#11478),#11482);
#11478 = LINE('',#11479,#11480);
#11479 = CARTESIAN_POINT('',(1.E-02,-11.5));
#11480 = VECTOR('',#11481,1.);
#11481 = DIRECTION('',(0.,-1.));
#11482 = ( GEOMETRIC_REPRESENTATION_CONTEXT(2) 
PARAMETRIC_REPRESENTATION_CONTEXT() REPRESENTATION_CONTEXT('2D SPACE',''
  ) );
#11483 = FACE_BOUND('',#11484,.F.);
#11484 = EDGE_LOOP('',(#11485,#11516,#11544,#11573));
#11485 = ORIENTED_EDGE('',*,*,#11486,.F.);
#11486 = EDGE_CURVE('',#11487,#11489,#11491,.T.);
#11487 = VERTEX_POINT('',#11488);
#11488 = CARTESIAN_POINT('',(22.901613323034,6.6,-19.));
#11489 = VERTEX_POINT('',#11490);
#11490 = CARTESIAN_POINT('',(22.901613323034,13.4,-19.));
#11491 = SURFACE_CURVE('',#11492,(#11497,#11504),.PCURVE_S1.);
#11492 = CIRCLE('',#11493,4.6);
#11493 = AXIS2_PLACEMENT_3D('',#11494,#11495,#11496);
#11494 = CARTESIAN_POINT('',(26.,10.,-19.));
#11495 = DIRECTION('',(0.,0.,1.));
#11496 = DIRECTION('',(-0.67356232108,-0.739130434783,0.));
#11497 = PCURVE('',#9628,#11498);
#11498 = DEFINITIONAL_REPRESENTATION('',(#11499),#11503);
#11499 = CIRCLE('',#11500,4.6);
#11500 = AXIS2_PLACEMENT_2D('',#11501,#11502);
#11501 = CARTESIAN_POINT('',(65.,40.));
#11502 = DIRECTION('',(-0.67356232108,-0.739130434783));
#11503 = ( GEOMETRIC_REPRESENTATION_CONTEXT(2) 
PARAMETRIC_REPRESENTATION_CONTEXT() REPRESENTATION_CONTEXT('2D SPACE',''
  ) );
#11504 = PCURVE('',#11505,#11510);
#11505 = CYLINDRICAL_SURFACE('',#11506,4.6);
#11506 = AXIS2_PLACEMENT_3D('',#11507,#11508,#11509);
#11507 = CARTESIAN_POINT('',(26.,10.,-19.01));
#11508 = DIRECTION('',(0.,0.,1.));
#11509 = DIRECTION('',(1.,0.,-0.));
#11510 = DEFINITIONAL_REPRESENTATION('',(#11511),#11515);
#11511 = LINE('',#11512,#11513);
#11512 = CARTESIAN_POINT('',(3.973371101371,1.E-02));
#11513 = VECTOR('',#11514,1.);
#11514 = DIRECTION('',(1.,0.));
#11515 = ( GEOMETRIC_REPRESENTATION_CONTEXT(2) 
PARAMETRIC_REPRESENTATION_CONTEXT() REPRESENTATION_CONTEXT('2D SPACE',''
  ) );
#11516 = ORIENTED_EDGE('',*,*,#11517,.T.);
#11517 = EDGE_CURVE('',#11487,#11518,#11520,.T.);
#11518 = VERTEX_POINT('',#11519);
#11519 = CARTESIAN_POINT('',(18.,6.6,-19.));
#11520 = SURFACE_CURVE('',#11521,(#11525,#11532),.PCURVE_S1.);
#11521 = LINE('',#11522,#11523);
#11522 = CARTESIAN_POINT('',(-10.5,6.6,-19.));
#11523 = VECTOR('',#11524,1.);
#11524 = DIRECTION('',(-1.,-0.,0.));
#11525 = PCURVE('',#9628,#11526);
#11526 = DEFINITIONAL_REPRESENTATION('',(#11527),#11531);
#11527 = LINE('',#11528,#11529);
#11528 = CARTESIAN_POINT('',(28.5,36.6));
#11529 = VECTOR('',#11530,1.);
#11530 = DIRECTION('',(-1.,0.));
#11531 = ( GEOMETRIC_REPRESENTATION_CONTEXT(2) 
PARAMETRIC_REPRESENTATION_CONTEXT() REPRESENTATION_CONTEXT('2D SPACE',''
  ) );
#11532 = PCURVE('',#11533,#11538);
#11533 = PLANE('',#11534);
#11534 = AXIS2_PLACEMENT_3D('',#11535,#11536,#11537);
#11535 = CARTESIAN_POINT('',(18.,6.6,-19.01));
#11536 = DIRECTION('',(-0.,1.,0.));
#11537 = DIRECTION('',(0.,0.,1.));
#11538 = DEFINITIONAL_REPRESENTATION('',(#11539),#11543);
#11539 = LINE('',#11540,#11541);
#11540 = CARTESIAN_POINT('',(1.E-02,-28.5));
#11541 = VECTOR('',#11542,1.);
#11542 = DIRECTION('',(0.,-1.));
#11543 = ( GEOMETRIC_REPRESENTATION_CONTEXT(2) 
PARAMETRIC_REPRESENTATION_CONTEXT() REPRESENTATION_CONTEXT('2D SPACE',''
  ) );
#11544 = ORIENTED_EDGE('',*,*,#11545,.F.);
#11545 = EDGE_CURVE('',#11546,#11518,#11548,.T.);
#11546 = VERTEX_POINT('',#11547);
#11547 = CARTESIAN_POINT('',(18.,13.4,-19.));
#11548 = SURFACE_CURVE('',#11549,(#11554,#11561),.PCURVE_S1.);
#11549 = CIRCLE('',#11550,3.4);
#11550 = AXIS2_PLACEMENT_3D('',#11551,#11552,#11553);
#11551 = CARTESIAN_POINT('',(18.,10.,-19.));
#11552 = DIRECTION('',(0.,0.,1.));
#11553 = DIRECTION('',(1.,0.,-0.));
#11554 = PCURVE('',#9628,#11555);
#11555 = DEFINITIONAL_REPRESENTATION('',(#11556),#11560);
#11556 = CIRCLE('',#11557,3.4);
#11557 = AXIS2_PLACEMENT_2D('',#11558,#11559);
#11558 = CARTESIAN_POINT('',(57.,40.));
#11559 = DIRECTION('',(1.,0.));
#11560 = ( GEOMETRIC_REPRESENTATION_CONTEXT(2) 
PARAMETRIC_REPRESENTATION_CONTEXT() REPRESENTATION_CONTEXT('2D SPACE',''
  ) );
#11561 = PCURVE('',#11562,#11567);
#11562 = CYLINDRICAL_SURFACE('',#11563,3.4);
#11563 = AXIS2_PLACEMENT_3D('',#11564,#11565,#11566);
#11564 = CARTESIAN_POINT('',(18.,10.,-19.01));
#11565 = DIRECTION('',(0.,0.,1.));
#11566 = DIRECTION('',(1.,0.,-0.));
#11567 = DEFINITIONAL_REPRESENTATION('',(#11568),#11572);
#11568 = LINE('',#11569,#11570);
#11569 = CARTESIAN_POINT('',(0.,1.E-02));
#11570 = VECTOR('',#11571,1.);
#11571 = DIRECTION('',(1.,0.));
#11572 = ( GEOMETRIC_REPRESENTATION_CONTEXT(2) 
PARAMETRIC_REPRESENTATION_CONTEXT() REPRESENTATION_CONTEXT('2D SPACE',''
  ) );
#11573 = ORIENTED_EDGE('',*,*,#11574,.F.);
#11574 = EDGE_CURVE('',#11489,#11546,#11575,.T.);
#11575 = SURFACE_CURVE('',#11576,(#11580,#11587),.PCURVE_S1.);
#11576 = LINE('',#11577,#11578);
#11577 = CARTESIAN_POINT('',(-10.5,13.4,-19.));
#11578 = VECTOR('',#11579,1.);
#11579 = DIRECTION('',(-1.,-0.,0.));
#11580 = PCURVE('',#9628,#11581);
#11581 = DEFINITIONAL_REPRESENTATION('',(#11582),#11586);
#11582 = LINE('',#11583,#11584);
#11583 = CARTESIAN_POINT('',(28.5,43.4));
#11584 = VECTOR('',#11585,1.);
#11585 = DIRECTION('',(-1.,0.));
#11586 = ( GEOMETRIC_REPRESENTATION_CONTEXT(2) 
PARAMETRIC_REPRESENTATION_CONTEXT() REPRESENTATION_CONTEXT('2D SPACE',''
  ) );
#11587 = PCURVE('',#11588,#11593);
#11588 = PLANE('',#11589);
#11589 = AXIS2_PLACEMENT_3D('',#11590,#11591,#11592);
#11590 = CARTESIAN_POINT('',(18.,13.4,-19.01));
#11591 = DIRECTION('',(-0.,1.,0.));
#11592 = DIRECTION('',(0.,0.,1.));
#11593 = DEFINITIONAL_REPRESENTATION('',(#11594),#11598);
#11594 = LINE('',#11595,#11596);
#11595 = CARTESIAN_POINT('',(1.E-02,-28.5));
#11596 = VECTOR('',#11597,1.);
#11597 = DIRECTION('',(0.,-1.));
#11598 = ( GEOMETRIC_REPRESENTATION_CONTEXT(2) 
PARAMETRIC_REPRESENTATION_CONTEXT() REPRESENTATION_CONTEXT('2D SPACE',''
  ) );
#11599 = FACE_BOUND('',#11600,.F.);
#11600 = EDGE_LOOP('',(#11601));
#11601 = ORIENTED_EDGE('',*,*,#11602,.F.);
#11602 = EDGE_CURVE('',#11603,#11603,#11605,.T.);
#11603 = VERTEX_POINT('',#11604);
#11604 = CARTESIAN_POINT('',(37.15,14.5,-19.));
#11605 = SURFACE_CURVE('',#11606,(#11611,#11618),.PCURVE_S1.);
#11606 = CIRCLE('',#11607,1.15);
#11607 = AXIS2_PLACEMENT_3D('',#11608,#11609,#11610);
#11608 = CARTESIAN_POINT('',(36.,14.5,-19.));
#11609 = DIRECTION('',(0.,0.,1.));
#11610 = DIRECTION('',(1.,0.,-0.));
#11611 = PCURVE('',#9628,#11612);
#11612 = DEFINITIONAL_REPRESENTATION('',(#11613),#11617);
#11613 = CIRCLE('',#11614,1.15);
#11614 = AXIS2_PLACEMENT_2D('',#11615,#11616);
#11615 = CARTESIAN_POINT('',(75.,44.5));
#11616 = DIRECTION('',(1.,0.));
#11617 = ( GEOMETRIC_REPRESENTATION_CONTEXT(2) 
PARAMETRIC_REPRESENTATION_CONTEXT() REPRESENTATION_CONTEXT('2D SPACE',''
  ) );
#11618 = PCURVE('',#11619,#11624);
#11619 = CYLINDRICAL_SURFACE('',#11620,1.15);
#11620 = AXIS2_PLACEMENT_3D('',#11621,#11622,#11623);
#11621 = CARTESIAN_POINT('',(36.,14.5,-19.5));
#11622 = DIRECTION('',(0.,0.,1.));
#11623 = DIRECTION('',(1.,0.,-0.));
#11624 = DEFINITIONAL_REPRESENTATION('',(#11625),#11629);
#11625 = LINE('',#11626,#11627);
#11626 = CARTESIAN_POINT('',(0.,0.5));
#11627 = VECTOR('',#11628,1.);
#11628 = DIRECTION('',(1.,0.));
#11629 = ( GEOMETRIC_REPRESENTATION_CONTEXT(2) 
PARAMETRIC_REPRESENTATION_CONTEXT() REPRESENTATION_CONTEXT('2D SPACE',''
  ) );
#11630 = ADVANCED_FACE('',(#11631),#11619,.F.);
#11631 = FACE_BOUND('',#11632,.F.);
#11632 = EDGE_LOOP('',(#11633,#11657,#11678,#11679));
#11633 = ORIENTED_EDGE('',*,*,#11634,.F.);
#11634 = EDGE_CURVE('',#11635,#11635,#11637,.T.);
#11635 = VERTEX_POINT('',#11636);
#11636 = CARTESIAN_POINT('',(37.15,14.5,-16.));
#11637 = SURFACE_CURVE('',#11638,(#11643,#11650),.PCURVE_S1.);
#11638 = CIRCLE('',#11639,1.15);
#11639 = AXIS2_PLACEMENT_3D('',#11640,#11641,#11642);
#11640 = CARTESIAN_POINT('',(36.,14.5,-16.));
#11641 = DIRECTION('',(0.,0.,1.));
#11642 = DIRECTION('',(1.,0.,-0.));
#11643 = PCURVE('',#11619,#11644);
#11644 = DEFINITIONAL_REPRESENTATION('',(#11645),#11649);
#11645 = LINE('',#11646,#11647);
#11646 = CARTESIAN_POINT('',(0.,3.5));
#11647 = VECTOR('',#11648,1.);
#11648 = DIRECTION('',(1.,0.));
#11649 = ( GEOMETRIC_REPRESENTATION_CONTEXT(2) 
PARAMETRIC_REPRESENTATION_CONTEXT() REPRESENTATION_CONTEXT('2D SPACE',''
  ) );
#11650 = PCURVE('',#9572,#11651);
#11651 = DEFINITIONAL_REPRESENTATION('',(#11652),#11656);
#11652 = CIRCLE('',#11653,1.15);
#11653 = AXIS2_PLACEMENT_2D('',#11654,#11655);
#11654 = CARTESIAN_POINT('',(75.,44.5));
#11655 = DIRECTION('',(1.,0.));
#11656 = ( GEOMETRIC_REPRESENTATION_CONTEXT(2) 
PARAMETRIC_REPRESENTATION_CONTEXT() REPRESENTATION_CONTEXT('2D SPACE',''
  ) );
#11657 = ORIENTED_EDGE('',*,*,#11658,.F.);
#11658 = EDGE_CURVE('',#11603,#11635,#11659,.T.);
#11659 = SEAM_CURVE('',#11660,(#11664,#11671),.PCURVE_S1.);
#11660 = LINE('',#11661,#11662);
#11661 = CARTESIAN_POINT('',(37.15,14.5,-19.5));
#11662 = VECTOR('',#11663,1.);
#11663 = DIRECTION('',(0.,0.,1.));
#11664 = PCURVE('',#11619,#11665);
#11665 = DEFINITIONAL_REPRESENTATION('',(#11666),#11670);
#11666 = LINE('',#11667,#11668);
#11667 = CARTESIAN_POINT('',(0.,-0.));
#11668 = VECTOR('',#11669,1.);
#11669 = DIRECTION('',(0.,1.));
#11670 = ( GEOMETRIC_REPRESENTATION_CONTEXT(2) 
PARAMETRIC_REPRESENTATION_CONTEXT() REPRESENTATION_CONTEXT('2D SPACE',''
  ) );
#11671 = PCURVE('',#11619,#11672);
#11672 = DEFINITIONAL_REPRESENTATION('',(#11673),#11677);
#11673 = LINE('',#11674,#11675);
#11674 = CARTESIAN_POINT('',(6.28318530718,-0.));
#11675 = VECTOR('',#11676,1.);
#11676 = DIRECTION('',(0.,1.));
#11677 = ( GEOMETRIC_REPRESENTATION_CONTEXT(2) 
PARAMETRIC_REPRESENTATION_CONTEXT() REPRESENTATION_CONTEXT('2D SPACE',''
  ) );
#11678 = ORIENTED_EDGE('',*,*,#11602,.T.);
#11679 = ORIENTED_EDGE('',*,*,#11658,.T.);
#11680 = ADVANCED_FACE('',(#11681),#11562,.F.);
#11681 = FACE_BOUND('',#11682,.F.);
#11682 = EDGE_LOOP('',(#11683,#11709,#11730,#11731));
#11683 = ORIENTED_EDGE('',*,*,#11684,.F.);
#11684 = EDGE_CURVE('',#11685,#11687,#11689,.T.);
#11685 = VERTEX_POINT('',#11686);
#11686 = CARTESIAN_POINT('',(18.,13.4,-16.));
#11687 = VERTEX_POINT('',#11688);
#11688 = CARTESIAN_POINT('',(18.,6.6,-16.));
#11689 = SURFACE_CURVE('',#11690,(#11695,#11702),.PCURVE_S1.);
#11690 = CIRCLE('',#11691,3.4);
#11691 = AXIS2_PLACEMENT_3D('',#11692,#11693,#11694);
#11692 = CARTESIAN_POINT('',(18.,10.,-16.));
#11693 = DIRECTION('',(0.,0.,1.));
#11694 = DIRECTION('',(1.,0.,-0.));
#11695 = PCURVE('',#11562,#11696);
#11696 = DEFINITIONAL_REPRESENTATION('',(#11697),#11701);
#11697 = LINE('',#11698,#11699);
#11698 = CARTESIAN_POINT('',(0.,3.01));
#11699 = VECTOR('',#11700,1.);
#11700 = DIRECTION('',(1.,0.));
#11701 = ( GEOMETRIC_REPRESENTATION_CONTEXT(2) 
PARAMETRIC_REPRESENTATION_CONTEXT() REPRESENTATION_CONTEXT('2D SPACE',''
  ) );
#11702 = PCURVE('',#9572,#11703);
#11703 = DEFINITIONAL_REPRESENTATION('',(#11704),#11708);
#11704 = CIRCLE('',#11705,3.4);
#11705 = AXIS2_PLACEMENT_2D('',#11706,#11707);
#11706 = CARTESIAN_POINT('',(57.,40.));
#11707 = DIRECTION('',(1.,0.));
#11708 = ( GEOMETRIC_REPRESENTATION_CONTEXT(2) 
PARAMETRIC_REPRESENTATION_CONTEXT() REPRESENTATION_CONTEXT('2D SPACE',''
  ) );
#11709 = ORIENTED_EDGE('',*,*,#11710,.F.);
#11710 = EDGE_CURVE('',#11546,#11685,#11711,.T.);
#11711 = SURFACE_CURVE('',#11712,(#11716,#11723),.PCURVE_S1.);
#11712 = LINE('',#11713,#11714);
#11713 = CARTESIAN_POINT('',(18.,13.4,-19.01));
#11714 = VECTOR('',#11715,1.);
#11715 = DIRECTION('',(0.,0.,1.));
#11716 = PCURVE('',#11562,#11717);
#11717 = DEFINITIONAL_REPRESENTATION('',(#11718),#11722);
#11718 = LINE('',#11719,#11720);
#11719 = CARTESIAN_POINT('',(1.570796326795,0.));
#11720 = VECTOR('',#11721,1.);
#11721 = DIRECTION('',(0.,1.));
#11722 = ( GEOMETRIC_REPRESENTATION_CONTEXT(2) 
PARAMETRIC_REPRESENTATION_CONTEXT() REPRESENTATION_CONTEXT('2D SPACE',''
  ) );
#11723 = PCURVE('',#11588,#11724);
#11724 = DEFINITIONAL_REPRESENTATION('',(#11725),#11729);
#11725 = LINE('',#11726,#11727);
#11726 = CARTESIAN_POINT('',(0.,0.));
#11727 = VECTOR('',#11728,1.);
#11728 = DIRECTION('',(1.,0.));
#11729 = ( GEOMETRIC_REPRESENTATION_CONTEXT(2) 
PARAMETRIC_REPRESENTATION_CONTEXT() REPRESENTATION_CONTEXT('2D SPACE',''
  ) );
#11730 = ORIENTED_EDGE('',*,*,#11545,.T.);
#11731 = ORIENTED_EDGE('',*,*,#11732,.T.);
#11732 = EDGE_CURVE('',#11518,#11687,#11733,.T.);
#11733 = SURFACE_CURVE('',#11734,(#11738,#11745),.PCURVE_S1.);
#11734 = LINE('',#11735,#11736);
#11735 = CARTESIAN_POINT('',(18.,6.6,-19.01));
#11736 = VECTOR('',#11737,1.);
#11737 = DIRECTION('',(0.,0.,1.));
#11738 = PCURVE('',#11562,#11739);
#11739 = DEFINITIONAL_REPRESENTATION('',(#11740),#11744);
#11740 = LINE('',#11741,#11742);
#11741 = CARTESIAN_POINT('',(4.712388980385,0.));
#11742 = VECTOR('',#11743,1.);
#11743 = DIRECTION('',(0.,1.));
#11744 = ( GEOMETRIC_REPRESENTATION_CONTEXT(2) 
PARAMETRIC_REPRESENTATION_CONTEXT() REPRESENTATION_CONTEXT('2D SPACE',''
  ) );
#11745 = PCURVE('',#11533,#11746);
#11746 = DEFINITIONAL_REPRESENTATION('',(#11747),#11751);
#11747 = LINE('',#11748,#11749);
#11748 = CARTESIAN_POINT('',(0.,0.));
#11749 = VECTOR('',#11750,1.);
#11750 = DIRECTION('',(1.,0.));
#11751 = ( GEOMETRIC_REPRESENTATION_CONTEXT(2) 
PARAMETRIC_REPRESENTATION_CONTEXT() REPRESENTATION_CONTEXT('2D SPACE',''
  ) );
#11752 = ADVANCED_FACE('',(#11753),#11588,.F.);
#11753 = FACE_BOUND('',#11754,.F.);
#11754 = EDGE_LOOP('',(#11755,#11756,#11757,#11780));
#11755 = ORIENTED_EDGE('',*,*,#11574,.T.);
#11756 = ORIENTED_EDGE('',*,*,#11710,.T.);
#11757 = ORIENTED_EDGE('',*,*,#11758,.F.);
#11758 = EDGE_CURVE('',#11759,#11685,#11761,.T.);
#11759 = VERTEX_POINT('',#11760);
#11760 = CARTESIAN_POINT('',(22.901613323034,13.4,-16.));
#11761 = SURFACE_CURVE('',#11762,(#11766,#11773),.PCURVE_S1.);
#11762 = LINE('',#11763,#11764);
#11763 = CARTESIAN_POINT('',(-10.5,13.4,-16.));
#11764 = VECTOR('',#11765,1.);
#11765 = DIRECTION('',(-1.,-0.,0.));
#11766 = PCURVE('',#11588,#11767);
#11767 = DEFINITIONAL_REPRESENTATION('',(#11768),#11772);
#11768 = LINE('',#11769,#11770);
#11769 = CARTESIAN_POINT('',(3.01,-28.5));
#11770 = VECTOR('',#11771,1.);
#11771 = DIRECTION('',(0.,-1.));
#11772 = ( GEOMETRIC_REPRESENTATION_CONTEXT(2) 
PARAMETRIC_REPRESENTATION_CONTEXT() REPRESENTATION_CONTEXT('2D SPACE',''
  ) );
#11773 = PCURVE('',#9572,#11774);
#11774 = DEFINITIONAL_REPRESENTATION('',(#11775),#11779);
#11775 = LINE('',#11776,#11777);
#11776 = CARTESIAN_POINT('',(28.5,43.4));
#11777 = VECTOR('',#11778,1.);
#11778 = DIRECTION('',(-1.,0.));
#11779 = ( GEOMETRIC_REPRESENTATION_CONTEXT(2) 
PARAMETRIC_REPRESENTATION_CONTEXT() REPRESENTATION_CONTEXT('2D SPACE',''
  ) );
#11780 = ORIENTED_EDGE('',*,*,#11781,.F.);
#11781 = EDGE_CURVE('',#11489,#11759,#11782,.T.);
#11782 = SURFACE_CURVE('',#11783,(#11787,#11794),.PCURVE_S1.);
#11783 = LINE('',#11784,#11785);
#11784 = CARTESIAN_POINT('',(22.901613323034,13.4,-19.01));
#11785 = VECTOR('',#11786,1.);
#11786 = DIRECTION('',(0.,0.,1.));
#11787 = PCURVE('',#11588,#11788);
#11788 = DEFINITIONAL_REPRESENTATION('',(#11789),#11793);
#11789 = LINE('',#11790,#11791);
#11790 = CARTESIAN_POINT('',(0.,4.901613323034));
#11791 = VECTOR('',#11792,1.);
#11792 = DIRECTION('',(1.,0.));
#11793 = ( GEOMETRIC_REPRESENTATION_CONTEXT(2) 
PARAMETRIC_REPRESENTATION_CONTEXT() REPRESENTATION_CONTEXT('2D SPACE',''
  ) );
#11794 = PCURVE('',#11505,#11795);
#11795 = DEFINITIONAL_REPRESENTATION('',(#11796),#11799);
#11796 = B_SPLINE_CURVE_WITH_KNOTS('',1,(#11797,#11798),.UNSPECIFIED.,
  .F.,.F.,(2,2),(1.E-02,3.01),.PIECEWISE_BEZIER_KNOTS.);
#11797 = CARTESIAN_POINT('',(8.592999512988,1.E-02));
#11798 = CARTESIAN_POINT('',(8.592999512988,3.01));
#11799 = ( GEOMETRIC_REPRESENTATION_CONTEXT(2) 
PARAMETRIC_REPRESENTATION_CONTEXT() REPRESENTATION_CONTEXT('2D SPACE',''
  ) );
#11800 = ADVANCED_FACE('',(#11801),#11533,.T.);
#11801 = FACE_BOUND('',#11802,.T.);
#11802 = EDGE_LOOP('',(#11803,#11804,#11805,#11828));
#11803 = ORIENTED_EDGE('',*,*,#11517,.T.);
#11804 = ORIENTED_EDGE('',*,*,#11732,.T.);
#11805 = ORIENTED_EDGE('',*,*,#11806,.F.);
#11806 = EDGE_CURVE('',#11807,#11687,#11809,.T.);
#11807 = VERTEX_POINT('',#11808);
#11808 = CARTESIAN_POINT('',(22.901613323034,6.6,-16.));
#11809 = SURFACE_CURVE('',#11810,(#11814,#11821),.PCURVE_S1.);
#11810 = LINE('',#11811,#11812);
#11811 = CARTESIAN_POINT('',(-10.5,6.6,-16.));
#11812 = VECTOR('',#11813,1.);
#11813 = DIRECTION('',(-1.,-0.,0.));
#11814 = PCURVE('',#11533,#11815);
#11815 = DEFINITIONAL_REPRESENTATION('',(#11816),#11820);
#11816 = LINE('',#11817,#11818);
#11817 = CARTESIAN_POINT('',(3.01,-28.5));
#11818 = VECTOR('',#11819,1.);
#11819 = DIRECTION('',(0.,-1.));
#11820 = ( GEOMETRIC_REPRESENTATION_CONTEXT(2) 
PARAMETRIC_REPRESENTATION_CONTEXT() REPRESENTATION_CONTEXT('2D SPACE',''
  ) );
#11821 = PCURVE('',#9572,#11822);
#11822 = DEFINITIONAL_REPRESENTATION('',(#11823),#11827);
#11823 = LINE('',#11824,#11825);
#11824 = CARTESIAN_POINT('',(28.5,36.6));
#11825 = VECTOR('',#11826,1.);
#11826 = DIRECTION('',(-1.,0.));
#11827 = ( GEOMETRIC_REPRESENTATION_CONTEXT(2) 
PARAMETRIC_REPRESENTATION_CONTEXT() REPRESENTATION_CONTEXT('2D SPACE',''
  ) );
#11828 = ORIENTED_EDGE('',*,*,#11829,.F.);
#11829 = EDGE_CURVE('',#11487,#11807,#11830,.T.);
#11830 = SURFACE_CURVE('',#11831,(#11835,#11842),.PCURVE_S1.);
#11831 = LINE('',#11832,#11833);
#11832 = CARTESIAN_POINT('',(22.901613323034,6.6,-19.01));
#11833 = VECTOR('',#11834,1.);
#11834 = DIRECTION('',(0.,0.,1.));
#11835 = PCURVE('',#11533,#11836);
#11836 = DEFINITIONAL_REPRESENTATION('',(#11837),#11841);
#11837 = LINE('',#11838,#11839);
#11838 = CARTESIAN_POINT('',(0.,4.901613323034));
#11839 = VECTOR('',#11840,1.);
#11840 = DIRECTION('',(1.,0.));
#11841 = ( GEOMETRIC_REPRESENTATION_CONTEXT(2) 
PARAMETRIC_REPRESENTATION_CONTEXT() REPRESENTATION_CONTEXT('2D SPACE',''
  ) );
#11842 = PCURVE('',#11505,#11843);
#11843 = DEFINITIONAL_REPRESENTATION('',(#11844),#11847);
#11844 = B_SPLINE_CURVE_WITH_KNOTS('',1,(#11845,#11846),.UNSPECIFIED.,
  .F.,.F.,(2,2),(1.E-02,3.01),.PIECEWISE_BEZIER_KNOTS.);
#11845 = CARTESIAN_POINT('',(3.973371101371,1.E-02));
#11846 = CARTESIAN_POINT('',(3.973371101371,3.01));
#11847 = ( GEOMETRIC_REPRESENTATION_CONTEXT(2) 
PARAMETRIC_REPRESENTATION_CONTEXT() REPRESENTATION_CONTEXT('2D SPACE',''
  ) );
#11848 = ADVANCED_FACE('',(#11849),#11505,.F.);
#11849 = FACE_BOUND('',#11850,.F.);
#11850 = EDGE_LOOP('',(#11851,#11852,#11853,#11879));
#11851 = ORIENTED_EDGE('',*,*,#11486,.T.);
#11852 = ORIENTED_EDGE('',*,*,#11781,.T.);
#11853 = ORIENTED_EDGE('',*,*,#11854,.T.);
#11854 = EDGE_CURVE('',#11759,#11807,#11855,.T.);
#11855 = SURFACE_CURVE('',#11856,(#11861,#11868),.PCURVE_S1.);
#11856 = CIRCLE('',#11857,4.6);
#11857 = AXIS2_PLACEMENT_3D('',#11858,#11859,#11860);
#11858 = CARTESIAN_POINT('',(26.,10.,-16.));
#11859 = DIRECTION('',(0.,0.,-1.));
#11860 = DIRECTION('',(-0.67356232108,0.739130434783,0.));
#11861 = PCURVE('',#11505,#11862);
#11862 = DEFINITIONAL_REPRESENTATION('',(#11863),#11867);
#11863 = LINE('',#11864,#11865);
#11864 = CARTESIAN_POINT('',(8.592999512988,3.01));
#11865 = VECTOR('',#11866,1.);
#11866 = DIRECTION('',(-1.,-0.));
#11867 = ( GEOMETRIC_REPRESENTATION_CONTEXT(2) 
PARAMETRIC_REPRESENTATION_CONTEXT() REPRESENTATION_CONTEXT('2D SPACE',''
  ) );
#11868 = PCURVE('',#9572,#11869);
#11869 = DEFINITIONAL_REPRESENTATION('',(#11870),#11878);
#11870 = ( BOUNDED_CURVE() B_SPLINE_CURVE(2,(#11871,#11872,#11873,#11874
    ,#11875,#11876,#11877),.UNSPECIFIED.,.T.,.F.) 
B_SPLINE_CURVE_WITH_KNOTS((1,2,2,2,2,1),(-2.094395102393,0.,
    2.094395102393,4.188790204786,6.28318530718,8.377580409573),
.UNSPECIFIED.) CURVE() GEOMETRIC_REPRESENTATION_ITEM() 
RATIONAL_B_SPLINE_CURVE((1.,0.5,1.,0.5,1.,0.5,1.)) REPRESENTATION_ITEM(
  '') );
#11871 = CARTESIAN_POINT('',(61.901613323034,43.4));
#11872 = CARTESIAN_POINT('',(67.790586068768,48.766563146));
#11873 = CARTESIAN_POINT('',(69.49367971135,40.983281573));
#11874 = CARTESIAN_POINT('',(71.196773353932,33.2));
#11875 = CARTESIAN_POINT('',(63.604706965616,35.616718427));
#11876 = CARTESIAN_POINT('',(56.0126405773,38.033436854));
#11877 = CARTESIAN_POINT('',(61.901613323034,43.4));
#11878 = ( GEOMETRIC_REPRESENTATION_CONTEXT(2) 
PARAMETRIC_REPRESENTATION_CONTEXT() REPRESENTATION_CONTEXT('2D SPACE',''
  ) );
#11879 = ORIENTED_EDGE('',*,*,#11829,.F.);
#11880 = ADVANCED_FACE('',(#11881),#11446,.F.);
#11881 = FACE_BOUND('',#11882,.F.);
#11882 = EDGE_LOOP('',(#11883,#11909,#11930,#11931));
#11883 = ORIENTED_EDGE('',*,*,#11884,.F.);
#11884 = EDGE_CURVE('',#11885,#11887,#11889,.T.);
#11885 = VERTEX_POINT('',#11886);
#11886 = CARTESIAN_POINT('',(-16.,13.4,-16.));
#11887 = VERTEX_POINT('',#11888);
#11888 = CARTESIAN_POINT('',(-16.,6.6,-16.));
#11889 = SURFACE_CURVE('',#11890,(#11895,#11902),.PCURVE_S1.);
#11890 = CIRCLE('',#11891,3.4);
#11891 = AXIS2_PLACEMENT_3D('',#11892,#11893,#11894);
#11892 = CARTESIAN_POINT('',(-16.,10.,-16.));
#11893 = DIRECTION('',(0.,0.,1.));
#11894 = DIRECTION('',(1.,0.,-0.));
#11895 = PCURVE('',#11446,#11896);
#11896 = DEFINITIONAL_REPRESENTATION('',(#11897),#11901);
#11897 = LINE('',#11898,#11899);
#11898 = CARTESIAN_POINT('',(0.,3.01));
#11899 = VECTOR('',#11900,1.);
#11900 = DIRECTION('',(1.,0.));
#11901 = ( GEOMETRIC_REPRESENTATION_CONTEXT(2) 
PARAMETRIC_REPRESENTATION_CONTEXT() REPRESENTATION_CONTEXT('2D SPACE',''
  ) );
#11902 = PCURVE('',#9572,#11903);
#11903 = DEFINITIONAL_REPRESENTATION('',(#11904),#11908);
#11904 = CIRCLE('',#11905,3.4);
#11905 = AXIS2_PLACEMENT_2D('',#11906,#11907);
#11906 = CARTESIAN_POINT('',(23.,40.));
#11907 = DIRECTION('',(1.,0.));
#11908 = ( GEOMETRIC_REPRESENTATION_CONTEXT(2) 
PARAMETRIC_REPRESENTATION_CONTEXT() REPRESENTATION_CONTEXT('2D SPACE',''
  ) );
#11909 = ORIENTED_EDGE('',*,*,#11910,.F.);
#11910 = EDGE_CURVE('',#11430,#11885,#11911,.T.);
#11911 = SURFACE_CURVE('',#11912,(#11916,#11923),.PCURVE_S1.);
#11912 = LINE('',#11913,#11914);
#11913 = CARTESIAN_POINT('',(-16.,13.4,-19.01));
#11914 = VECTOR('',#11915,1.);
#11915 = DIRECTION('',(0.,0.,1.));
#11916 = PCURVE('',#11446,#11917);
#11917 = DEFINITIONAL_REPRESENTATION('',(#11918),#11922);
#11918 = LINE('',#11919,#11920);
#11919 = CARTESIAN_POINT('',(1.570796326795,0.));
#11920 = VECTOR('',#11921,1.);
#11921 = DIRECTION('',(0.,1.));
#11922 = ( GEOMETRIC_REPRESENTATION_CONTEXT(2) 
PARAMETRIC_REPRESENTATION_CONTEXT() REPRESENTATION_CONTEXT('2D SPACE',''
  ) );
#11923 = PCURVE('',#11472,#11924);
#11924 = DEFINITIONAL_REPRESENTATION('',(#11925),#11929);
#11925 = LINE('',#11926,#11927);
#11926 = CARTESIAN_POINT('',(0.,0.));
#11927 = VECTOR('',#11928,1.);
#11928 = DIRECTION('',(1.,0.));
#11929 = ( GEOMETRIC_REPRESENTATION_CONTEXT(2) 
PARAMETRIC_REPRESENTATION_CONTEXT() REPRESENTATION_CONTEXT('2D SPACE',''
  ) );
#11930 = ORIENTED_EDGE('',*,*,#11429,.T.);
#11931 = ORIENTED_EDGE('',*,*,#11932,.T.);
#11932 = EDGE_CURVE('',#11402,#11887,#11933,.T.);
#11933 = SURFACE_CURVE('',#11934,(#11938,#11945),.PCURVE_S1.);
#11934 = LINE('',#11935,#11936);
#11935 = CARTESIAN_POINT('',(-16.,6.6,-19.01));
#11936 = VECTOR('',#11937,1.);
#11937 = DIRECTION('',(0.,0.,1.));
#11938 = PCURVE('',#11446,#11939);
#11939 = DEFINITIONAL_REPRESENTATION('',(#11940),#11944);
#11940 = LINE('',#11941,#11942);
#11941 = CARTESIAN_POINT('',(4.712388980385,0.));
#11942 = VECTOR('',#11943,1.);
#11943 = DIRECTION('',(0.,1.));
#11944 = ( GEOMETRIC_REPRESENTATION_CONTEXT(2) 
PARAMETRIC_REPRESENTATION_CONTEXT() REPRESENTATION_CONTEXT('2D SPACE',''
  ) );
#11945 = PCURVE('',#11417,#11946);
#11946 = DEFINITIONAL_REPRESENTATION('',(#11947),#11951);
#11947 = LINE('',#11948,#11949);
#11948 = CARTESIAN_POINT('',(0.,0.));
#11949 = VECTOR('',#11950,1.);
#11950 = DIRECTION('',(1.,0.));
#11951 = ( GEOMETRIC_REPRESENTATION_CONTEXT(2) 
PARAMETRIC_REPRESENTATION_CONTEXT() REPRESENTATION_CONTEXT('2D SPACE',''
  ) );
#11952 = ADVANCED_FACE('',(#11953),#11472,.F.);
#11953 = FACE_BOUND('',#11954,.F.);
#11954 = EDGE_LOOP('',(#11955,#11956,#11957,#11980));
#11955 = ORIENTED_EDGE('',*,*,#11458,.T.);
#11956 = ORIENTED_EDGE('',*,*,#11910,.T.);
#11957 = ORIENTED_EDGE('',*,*,#11958,.F.);
#11958 = EDGE_CURVE('',#11959,#11885,#11961,.T.);
#11959 = VERTEX_POINT('',#11960);
#11960 = CARTESIAN_POINT('',(-11.09838667696,13.4,-16.));
#11961 = SURFACE_CURVE('',#11962,(#11966,#11973),.PCURVE_S1.);
#11962 = LINE('',#11963,#11964);
#11963 = CARTESIAN_POINT('',(-27.5,13.4,-16.));
#11964 = VECTOR('',#11965,1.);
#11965 = DIRECTION('',(-1.,-0.,0.));
#11966 = PCURVE('',#11472,#11967);
#11967 = DEFINITIONAL_REPRESENTATION('',(#11968),#11972);
#11968 = LINE('',#11969,#11970);
#11969 = CARTESIAN_POINT('',(3.01,-11.5));
#11970 = VECTOR('',#11971,1.);
#11971 = DIRECTION('',(0.,-1.));
#11972 = ( GEOMETRIC_REPRESENTATION_CONTEXT(2) 
PARAMETRIC_REPRESENTATION_CONTEXT() REPRESENTATION_CONTEXT('2D SPACE',''
  ) );
#11973 = PCURVE('',#9572,#11974);
#11974 = DEFINITIONAL_REPRESENTATION('',(#11975),#11979);
#11975 = LINE('',#11976,#11977);
#11976 = CARTESIAN_POINT('',(11.5,43.4));
#11977 = VECTOR('',#11978,1.);
#11978 = DIRECTION('',(-1.,0.));
#11979 = ( GEOMETRIC_REPRESENTATION_CONTEXT(2) 
PARAMETRIC_REPRESENTATION_CONTEXT() REPRESENTATION_CONTEXT('2D SPACE',''
  ) );
#11980 = ORIENTED_EDGE('',*,*,#11981,.F.);
#11981 = EDGE_CURVE('',#11373,#11959,#11982,.T.);
#11982 = SURFACE_CURVE('',#11983,(#11987,#11994),.PCURVE_S1.);
#11983 = LINE('',#11984,#11985);
#11984 = CARTESIAN_POINT('',(-11.09838667696,13.4,-19.01));
#11985 = VECTOR('',#11986,1.);
#11986 = DIRECTION('',(0.,0.,1.));
#11987 = PCURVE('',#11472,#11988);
#11988 = DEFINITIONAL_REPRESENTATION('',(#11989),#11993);
#11989 = LINE('',#11990,#11991);
#11990 = CARTESIAN_POINT('',(0.,4.90161332304));
#11991 = VECTOR('',#11992,1.);
#11992 = DIRECTION('',(1.,0.));
#11993 = ( GEOMETRIC_REPRESENTATION_CONTEXT(2) 
PARAMETRIC_REPRESENTATION_CONTEXT() REPRESENTATION_CONTEXT('2D SPACE',''
  ) );
#11994 = PCURVE('',#11389,#11995);
#11995 = DEFINITIONAL_REPRESENTATION('',(#11996),#11999);
#11996 = B_SPLINE_CURVE_WITH_KNOTS('',1,(#11997,#11998),.UNSPECIFIED.,
  .F.,.F.,(2,2),(1.E-02,3.01),.PIECEWISE_BEZIER_KNOTS.);
#11997 = CARTESIAN_POINT('',(8.592999512988,1.E-02));
#11998 = CARTESIAN_POINT('',(8.592999512988,3.01));
#11999 = ( GEOMETRIC_REPRESENTATION_CONTEXT(2) 
PARAMETRIC_REPRESENTATION_CONTEXT() REPRESENTATION_CONTEXT('2D SPACE',''
  ) );
#12000 = ADVANCED_FACE('',(#12001),#11417,.T.);
#12001 = FACE_BOUND('',#12002,.T.);
#12002 = EDGE_LOOP('',(#12003,#12004,#12005,#12028));
#12003 = ORIENTED_EDGE('',*,*,#11401,.T.);
#12004 = ORIENTED_EDGE('',*,*,#11932,.T.);
#12005 = ORIENTED_EDGE('',*,*,#12006,.F.);
#12006 = EDGE_CURVE('',#12007,#11887,#12009,.T.);
#12007 = VERTEX_POINT('',#12008);
#12008 = CARTESIAN_POINT('',(-11.09838667696,6.6,-16.));
#12009 = SURFACE_CURVE('',#12010,(#12014,#12021),.PCURVE_S1.);
#12010 = LINE('',#12011,#12012);
#12011 = CARTESIAN_POINT('',(-27.5,6.6,-16.));
#12012 = VECTOR('',#12013,1.);
#12013 = DIRECTION('',(-1.,-0.,0.));
#12014 = PCURVE('',#11417,#12015);
#12015 = DEFINITIONAL_REPRESENTATION('',(#12016),#12020);
#12016 = LINE('',#12017,#12018);
#12017 = CARTESIAN_POINT('',(3.01,-11.5));
#12018 = VECTOR('',#12019,1.);
#12019 = DIRECTION('',(0.,-1.));
#12020 = ( GEOMETRIC_REPRESENTATION_CONTEXT(2) 
PARAMETRIC_REPRESENTATION_CONTEXT() REPRESENTATION_CONTEXT('2D SPACE',''
  ) );
#12021 = PCURVE('',#9572,#12022);
#12022 = DEFINITIONAL_REPRESENTATION('',(#12023),#12027);
#12023 = LINE('',#12024,#12025);
#12024 = CARTESIAN_POINT('',(11.5,36.6));
#12025 = VECTOR('',#12026,1.);
#12026 = DIRECTION('',(-1.,0.));
#12027 = ( GEOMETRIC_REPRESENTATION_CONTEXT(2) 
PARAMETRIC_REPRESENTATION_CONTEXT() REPRESENTATION_CONTEXT('2D SPACE',''
  ) );
#12028 = ORIENTED_EDGE('',*,*,#12029,.F.);
#12029 = EDGE_CURVE('',#11371,#12007,#12030,.T.);
#12030 = SURFACE_CURVE('',#12031,(#12035,#12042),.PCURVE_S1.);
#12031 = LINE('',#12032,#12033);
#12032 = CARTESIAN_POINT('',(-11.09838667696,6.6,-19.01));
#12033 = VECTOR('',#12034,1.);
#12034 = DIRECTION('',(0.,0.,1.));
#12035 = PCURVE('',#11417,#12036);
#12036 = DEFINITIONAL_REPRESENTATION('',(#12037),#12041);
#12037 = LINE('',#12038,#12039);
#12038 = CARTESIAN_POINT('',(0.,4.90161332304));
#12039 = VECTOR('',#12040,1.);
#12040 = DIRECTION('',(1.,0.));
#12041 = ( GEOMETRIC_REPRESENTATION_CONTEXT(2) 
PARAMETRIC_REPRESENTATION_CONTEXT() REPRESENTATION_CONTEXT('2D SPACE',''
  ) );
#12042 = PCURVE('',#11389,#12043);
#12043 = DEFINITIONAL_REPRESENTATION('',(#12044),#12047);
#12044 = B_SPLINE_CURVE_WITH_KNOTS('',1,(#12045,#12046),.UNSPECIFIED.,
  .F.,.F.,(2,2),(1.E-02,3.01),.PIECEWISE_BEZIER_KNOTS.);
#12045 = CARTESIAN_POINT('',(3.973371101371,1.E-02));
#12046 = CARTESIAN_POINT('',(3.973371101371,3.01));
#12047 = ( GEOMETRIC_REPRESENTATION_CONTEXT(2) 
PARAMETRIC_REPRESENTATION_CONTEXT() REPRESENTATION_CONTEXT('2D SPACE',''
  ) );
#12048 = ADVANCED_FACE('',(#12049),#11389,.F.);
#12049 = FACE_BOUND('',#12050,.F.);
#12050 = EDGE_LOOP('',(#12051,#12052,#12053,#12079));
#12051 = ORIENTED_EDGE('',*,*,#11370,.T.);
#12052 = ORIENTED_EDGE('',*,*,#11981,.T.);
#12053 = ORIENTED_EDGE('',*,*,#12054,.T.);
#12054 = EDGE_CURVE('',#11959,#12007,#12055,.T.);
#12055 = SURFACE_CURVE('',#12056,(#12061,#12068),.PCURVE_S1.);
#12056 = CIRCLE('',#12057,4.6);
#12057 = AXIS2_PLACEMENT_3D('',#12058,#12059,#12060);
#12058 = CARTESIAN_POINT('',(-8.,10.,-16.));
#12059 = DIRECTION('',(0.,0.,-1.));
#12060 = DIRECTION('',(-0.67356232108,0.739130434783,0.));
#12061 = PCURVE('',#11389,#12062);
#12062 = DEFINITIONAL_REPRESENTATION('',(#12063),#12067);
#12063 = LINE('',#12064,#12065);
#12064 = CARTESIAN_POINT('',(8.592999512988,3.01));
#12065 = VECTOR('',#12066,1.);
#12066 = DIRECTION('',(-1.,-0.));
#12067 = ( GEOMETRIC_REPRESENTATION_CONTEXT(2) 
PARAMETRIC_REPRESENTATION_CONTEXT() REPRESENTATION_CONTEXT('2D SPACE',''
  ) );
#12068 = PCURVE('',#9572,#12069);
#12069 = DEFINITIONAL_REPRESENTATION('',(#12070),#12078);
#12070 = ( BOUNDED_CURVE() B_SPLINE_CURVE(2,(#12071,#12072,#12073,#12074
    ,#12075,#12076,#12077),.UNSPECIFIED.,.T.,.F.) 
B_SPLINE_CURVE_WITH_KNOTS((1,2,2,2,2,1),(-2.094395102393,0.,
    2.094395102393,4.188790204786,6.28318530718,8.377580409573),
.UNSPECIFIED.) CURVE() GEOMETRIC_REPRESENTATION_ITEM() 
RATIONAL_B_SPLINE_CURVE((1.,0.5,1.,0.5,1.,0.5,1.)) REPRESENTATION_ITEM(
  '') );
#12071 = CARTESIAN_POINT('',(27.901613323034,43.4));
#12072 = CARTESIAN_POINT('',(33.790586068768,48.766563146));
#12073 = CARTESIAN_POINT('',(35.49367971135,40.983281573));
#12074 = CARTESIAN_POINT('',(37.196773353932,33.2));
#12075 = CARTESIAN_POINT('',(29.604706965616,35.616718427));
#12076 = CARTESIAN_POINT('',(22.0126405773,38.033436854));
#12077 = CARTESIAN_POINT('',(27.901613323034,43.4));
#12078 = ( GEOMETRIC_REPRESENTATION_CONTEXT(2) 
PARAMETRIC_REPRESENTATION_CONTEXT() REPRESENTATION_CONTEXT('2D SPACE',''
  ) );
#12079 = ORIENTED_EDGE('',*,*,#12029,.F.);
#12080 = ADVANCED_FACE('',(#12081),#11356,.F.);
#12081 = FACE_BOUND('',#12082,.F.);
#12082 = EDGE_LOOP('',(#12083,#12107,#12128,#12129));
#12083 = ORIENTED_EDGE('',*,*,#12084,.F.);
#12084 = EDGE_CURVE('',#12085,#12085,#12087,.T.);
#12085 = VERTEX_POINT('',#12086);
#12086 = CARTESIAN_POINT('',(-32.85,14.5,-16.));
#12087 = SURFACE_CURVE('',#12088,(#12093,#12100),.PCURVE_S1.);
#12088 = CIRCLE('',#12089,1.15);
#12089 = AXIS2_PLACEMENT_3D('',#12090,#12091,#12092);
#12090 = CARTESIAN_POINT('',(-34.,14.5,-16.));
#12091 = DIRECTION('',(0.,0.,1.));
#12092 = DIRECTION('',(1.,0.,-0.));
#12093 = PCURVE('',#11356,#12094);
#12094 = DEFINITIONAL_REPRESENTATION('',(#12095),#12099);
#12095 = LINE('',#12096,#12097);
#12096 = CARTESIAN_POINT('',(0.,3.5));
#12097 = VECTOR('',#12098,1.);
#12098 = DIRECTION('',(1.,0.));
#12099 = ( GEOMETRIC_REPRESENTATION_CONTEXT(2) 
PARAMETRIC_REPRESENTATION_CONTEXT() REPRESENTATION_CONTEXT('2D SPACE',''
  ) );
#12100 = PCURVE('',#9572,#12101);
#12101 = DEFINITIONAL_REPRESENTATION('',(#12102),#12106);
#12102 = CIRCLE('',#12103,1.15);
#12103 = AXIS2_PLACEMENT_2D('',#12104,#12105);
#12104 = CARTESIAN_POINT('',(5.,44.5));
#12105 = DIRECTION('',(1.,0.));
#12106 = ( GEOMETRIC_REPRESENTATION_CONTEXT(2) 
PARAMETRIC_REPRESENTATION_CONTEXT() REPRESENTATION_CONTEXT('2D SPACE',''
  ) );
#12107 = ORIENTED_EDGE('',*,*,#12108,.F.);
#12108 = EDGE_CURVE('',#11340,#12085,#12109,.T.);
#12109 = SEAM_CURVE('',#12110,(#12114,#12121),.PCURVE_S1.);
#12110 = LINE('',#12111,#12112);
#12111 = CARTESIAN_POINT('',(-32.85,14.5,-19.5));
#12112 = VECTOR('',#12113,1.);
#12113 = DIRECTION('',(0.,0.,1.));
#12114 = PCURVE('',#11356,#12115);
#12115 = DEFINITIONAL_REPRESENTATION('',(#12116),#12120);
#12116 = LINE('',#12117,#12118);
#12117 = CARTESIAN_POINT('',(0.,-0.));
#12118 = VECTOR('',#12119,1.);
#12119 = DIRECTION('',(0.,1.));
#12120 = ( GEOMETRIC_REPRESENTATION_CONTEXT(2) 
PARAMETRIC_REPRESENTATION_CONTEXT() REPRESENTATION_CONTEXT('2D SPACE',''
  ) );
#12121 = PCURVE('',#11356,#12122);
#12122 = DEFINITIONAL_REPRESENTATION('',(#12123),#12127);
#12123 = LINE('',#12124,#12125);
#12124 = CARTESIAN_POINT('',(6.28318530718,-0.));
#12125 = VECTOR('',#12126,1.);
#12126 = DIRECTION('',(0.,1.));
#12127 = ( GEOMETRIC_REPRESENTATION_CONTEXT(2) 
PARAMETRIC_REPRESENTATION_CONTEXT() REPRESENTATION_CONTEXT('2D SPACE',''
  ) );
#12128 = ORIENTED_EDGE('',*,*,#11339,.T.);
#12129 = ORIENTED_EDGE('',*,*,#12108,.T.);
#12130 = ADVANCED_FACE('',(#12131),#11299,.F.);
#12131 = FACE_BOUND('',#12132,.F.);
#12132 = EDGE_LOOP('',(#12133,#12159,#12180,#12181));
#12133 = ORIENTED_EDGE('',*,*,#12134,.F.);
#12134 = EDGE_CURVE('',#12135,#12137,#12139,.T.);
#12135 = VERTEX_POINT('',#12136);
#12136 = CARTESIAN_POINT('',(18.,-18.6,-16.));
#12137 = VERTEX_POINT('',#12138);
#12138 = CARTESIAN_POINT('',(18.,-25.4,-16.));
#12139 = SURFACE_CURVE('',#12140,(#12145,#12152),.PCURVE_S1.);
#12140 = CIRCLE('',#12141,3.4);
#12141 = AXIS2_PLACEMENT_3D('',#12142,#12143,#12144);
#12142 = CARTESIAN_POINT('',(18.,-22.,-16.));
#12143 = DIRECTION('',(0.,0.,1.));
#12144 = DIRECTION('',(1.,0.,-0.));
#12145 = PCURVE('',#11299,#12146);
#12146 = DEFINITIONAL_REPRESENTATION('',(#12147),#12151);
#12147 = LINE('',#12148,#12149);
#12148 = CARTESIAN_POINT('',(0.,3.01));
#12149 = VECTOR('',#12150,1.);
#12150 = DIRECTION('',(1.,0.));
#12151 = ( GEOMETRIC_REPRESENTATION_CONTEXT(2) 
PARAMETRIC_REPRESENTATION_CONTEXT() REPRESENTATION_CONTEXT('2D SPACE',''
  ) );
#12152 = PCURVE('',#9572,#12153);
#12153 = DEFINITIONAL_REPRESENTATION('',(#12154),#12158);
#12154 = CIRCLE('',#12155,3.4);
#12155 = AXIS2_PLACEMENT_2D('',#12156,#12157);
#12156 = CARTESIAN_POINT('',(57.,8.));
#12157 = DIRECTION('',(1.,0.));
#12158 = ( GEOMETRIC_REPRESENTATION_CONTEXT(2) 
PARAMETRIC_REPRESENTATION_CONTEXT() REPRESENTATION_CONTEXT('2D SPACE',''
  ) );
#12159 = ORIENTED_EDGE('',*,*,#12160,.F.);
#12160 = EDGE_CURVE('',#11283,#12135,#12161,.T.);
#12161 = SURFACE_CURVE('',#12162,(#12166,#12173),.PCURVE_S1.);
#12162 = LINE('',#12163,#12164);
#12163 = CARTESIAN_POINT('',(18.,-18.6,-19.01));
#12164 = VECTOR('',#12165,1.);
#12165 = DIRECTION('',(0.,0.,1.));
#12166 = PCURVE('',#11299,#12167);
#12167 = DEFINITIONAL_REPRESENTATION('',(#12168),#12172);
#12168 = LINE('',#12169,#12170);
#12169 = CARTESIAN_POINT('',(1.570796326795,0.));
#12170 = VECTOR('',#12171,1.);
#12171 = DIRECTION('',(0.,1.));
#12172 = ( GEOMETRIC_REPRESENTATION_CONTEXT(2) 
PARAMETRIC_REPRESENTATION_CONTEXT() REPRESENTATION_CONTEXT('2D SPACE',''
  ) );
#12173 = PCURVE('',#11325,#12174);
#12174 = DEFINITIONAL_REPRESENTATION('',(#12175),#12179);
#12175 = LINE('',#12176,#12177);
#12176 = CARTESIAN_POINT('',(0.,0.));
#12177 = VECTOR('',#12178,1.);
#12178 = DIRECTION('',(1.,0.));
#12179 = ( GEOMETRIC_REPRESENTATION_CONTEXT(2) 
PARAMETRIC_REPRESENTATION_CONTEXT() REPRESENTATION_CONTEXT('2D SPACE',''
  ) );
#12180 = ORIENTED_EDGE('',*,*,#11282,.T.);
#12181 = ORIENTED_EDGE('',*,*,#12182,.T.);
#12182 = EDGE_CURVE('',#11255,#12137,#12183,.T.);
#12183 = SURFACE_CURVE('',#12184,(#12188,#12195),.PCURVE_S1.);
#12184 = LINE('',#12185,#12186);
#12185 = CARTESIAN_POINT('',(18.,-25.4,-19.01));
#12186 = VECTOR('',#12187,1.);
#12187 = DIRECTION('',(0.,0.,1.));
#12188 = PCURVE('',#11299,#12189);
#12189 = DEFINITIONAL_REPRESENTATION('',(#12190),#12194);
#12190 = LINE('',#12191,#12192);
#12191 = CARTESIAN_POINT('',(4.712388980385,0.));
#12192 = VECTOR('',#12193,1.);
#12193 = DIRECTION('',(0.,1.));
#12194 = ( GEOMETRIC_REPRESENTATION_CONTEXT(2) 
PARAMETRIC_REPRESENTATION_CONTEXT() REPRESENTATION_CONTEXT('2D SPACE',''
  ) );
#12195 = PCURVE('',#11270,#12196);
#12196 = DEFINITIONAL_REPRESENTATION('',(#12197),#12201);
#12197 = LINE('',#12198,#12199);
#12198 = CARTESIAN_POINT('',(0.,0.));
#12199 = VECTOR('',#12200,1.);
#12200 = DIRECTION('',(1.,0.));
#12201 = ( GEOMETRIC_REPRESENTATION_CONTEXT(2) 
PARAMETRIC_REPRESENTATION_CONTEXT() REPRESENTATION_CONTEXT('2D SPACE',''
  ) );
#12202 = ADVANCED_FACE('',(#12203),#11325,.F.);
#12203 = FACE_BOUND('',#12204,.F.);
#12204 = EDGE_LOOP('',(#12205,#12206,#12207,#12230));
#12205 = ORIENTED_EDGE('',*,*,#11311,.T.);
#12206 = ORIENTED_EDGE('',*,*,#12160,.T.);
#12207 = ORIENTED_EDGE('',*,*,#12208,.F.);
#12208 = EDGE_CURVE('',#12209,#12135,#12211,.T.);
#12209 = VERTEX_POINT('',#12210);
#12210 = CARTESIAN_POINT('',(22.901613323034,-18.6,-16.));
#12211 = SURFACE_CURVE('',#12212,(#12216,#12223),.PCURVE_S1.);
#12212 = LINE('',#12213,#12214);
#12213 = CARTESIAN_POINT('',(-10.5,-18.6,-16.));
#12214 = VECTOR('',#12215,1.);
#12215 = DIRECTION('',(-1.,-0.,0.));
#12216 = PCURVE('',#11325,#12217);
#12217 = DEFINITIONAL_REPRESENTATION('',(#12218),#12222);
#12218 = LINE('',#12219,#12220);
#12219 = CARTESIAN_POINT('',(3.01,-28.5));
#12220 = VECTOR('',#12221,1.);
#12221 = DIRECTION('',(0.,-1.));
#12222 = ( GEOMETRIC_REPRESENTATION_CONTEXT(2) 
PARAMETRIC_REPRESENTATION_CONTEXT() REPRESENTATION_CONTEXT('2D SPACE',''
  ) );
#12223 = PCURVE('',#9572,#12224);
#12224 = DEFINITIONAL_REPRESENTATION('',(#12225),#12229);
#12225 = LINE('',#12226,#12227);
#12226 = CARTESIAN_POINT('',(28.5,11.4));
#12227 = VECTOR('',#12228,1.);
#12228 = DIRECTION('',(-1.,0.));
#12229 = ( GEOMETRIC_REPRESENTATION_CONTEXT(2) 
PARAMETRIC_REPRESENTATION_CONTEXT() REPRESENTATION_CONTEXT('2D SPACE',''
  ) );
#12230 = ORIENTED_EDGE('',*,*,#12231,.F.);
#12231 = EDGE_CURVE('',#11226,#12209,#12232,.T.);
#12232 = SURFACE_CURVE('',#12233,(#12237,#12244),.PCURVE_S1.);
#12233 = LINE('',#12234,#12235);
#12234 = CARTESIAN_POINT('',(22.901613323034,-18.6,-19.01));
#12235 = VECTOR('',#12236,1.);
#12236 = DIRECTION('',(0.,0.,1.));
#12237 = PCURVE('',#11325,#12238);
#12238 = DEFINITIONAL_REPRESENTATION('',(#12239),#12243);
#12239 = LINE('',#12240,#12241);
#12240 = CARTESIAN_POINT('',(0.,4.901613323034));
#12241 = VECTOR('',#12242,1.);
#12242 = DIRECTION('',(1.,0.));
#12243 = ( GEOMETRIC_REPRESENTATION_CONTEXT(2) 
PARAMETRIC_REPRESENTATION_CONTEXT() REPRESENTATION_CONTEXT('2D SPACE',''
  ) );
#12244 = PCURVE('',#11242,#12245);
#12245 = DEFINITIONAL_REPRESENTATION('',(#12246),#12249);
#12246 = B_SPLINE_CURVE_WITH_KNOTS('',1,(#12247,#12248),.UNSPECIFIED.,
  .F.,.F.,(2,2),(1.E-02,3.01),.PIECEWISE_BEZIER_KNOTS.);
#12247 = CARTESIAN_POINT('',(8.592999512988,1.E-02));
#12248 = CARTESIAN_POINT('',(8.592999512988,3.01));
#12249 = ( GEOMETRIC_REPRESENTATION_CONTEXT(2) 
PARAMETRIC_REPRESENTATION_CONTEXT() REPRESENTATION_CONTEXT('2D SPACE',''
  ) );
#12250 = ADVANCED_FACE('',(#12251),#11270,.T.);
#12251 = FACE_BOUND('',#12252,.T.);
#12252 = EDGE_LOOP('',(#12253,#12254,#12255,#12278));
#12253 = ORIENTED_EDGE('',*,*,#11254,.T.);
#12254 = ORIENTED_EDGE('',*,*,#12182,.T.);
#12255 = ORIENTED_EDGE('',*,*,#12256,.F.);
#12256 = EDGE_CURVE('',#12257,#12137,#12259,.T.);
#12257 = VERTEX_POINT('',#12258);
#12258 = CARTESIAN_POINT('',(22.901613323034,-25.4,-16.));
#12259 = SURFACE_CURVE('',#12260,(#12264,#12271),.PCURVE_S1.);
#12260 = LINE('',#12261,#12262);
#12261 = CARTESIAN_POINT('',(-10.5,-25.4,-16.));
#12262 = VECTOR('',#12263,1.);
#12263 = DIRECTION('',(-1.,-0.,0.));
#12264 = PCURVE('',#11270,#12265);
#12265 = DEFINITIONAL_REPRESENTATION('',(#12266),#12270);
#12266 = LINE('',#12267,#12268);
#12267 = CARTESIAN_POINT('',(3.01,-28.5));
#12268 = VECTOR('',#12269,1.);
#12269 = DIRECTION('',(0.,-1.));
#12270 = ( GEOMETRIC_REPRESENTATION_CONTEXT(2) 
PARAMETRIC_REPRESENTATION_CONTEXT() REPRESENTATION_CONTEXT('2D SPACE',''
  ) );
#12271 = PCURVE('',#9572,#12272);
#12272 = DEFINITIONAL_REPRESENTATION('',(#12273),#12277);
#12273 = LINE('',#12274,#12275);
#12274 = CARTESIAN_POINT('',(28.5,4.6));
#12275 = VECTOR('',#12276,1.);
#12276 = DIRECTION('',(-1.,0.));
#12277 = ( GEOMETRIC_REPRESENTATION_CONTEXT(2) 
PARAMETRIC_REPRESENTATION_CONTEXT() REPRESENTATION_CONTEXT('2D SPACE',''
  ) );
#12278 = ORIENTED_EDGE('',*,*,#12279,.F.);
#12279 = EDGE_CURVE('',#11224,#12257,#12280,.T.);
#12280 = SURFACE_CURVE('',#12281,(#12285,#12292),.PCURVE_S1.);
#12281 = LINE('',#12282,#12283);
#12282 = CARTESIAN_POINT('',(22.901613323034,-25.4,-19.01));
#12283 = VECTOR('',#12284,1.);
#12284 = DIRECTION('',(0.,0.,1.));
#12285 = PCURVE('',#11270,#12286);
#12286 = DEFINITIONAL_REPRESENTATION('',(#12287),#12291);
#12287 = LINE('',#12288,#12289);
#12288 = CARTESIAN_POINT('',(0.,4.901613323034));
#12289 = VECTOR('',#12290,1.);
#12290 = DIRECTION('',(1.,0.));
#12291 = ( GEOMETRIC_REPRESENTATION_CONTEXT(2) 
PARAMETRIC_REPRESENTATION_CONTEXT() REPRESENTATION_CONTEXT('2D SPACE',''
  ) );
#12292 = PCURVE('',#11242,#12293);
#12293 = DEFINITIONAL_REPRESENTATION('',(#12294),#12297);
#12294 = B_SPLINE_CURVE_WITH_KNOTS('',1,(#12295,#12296),.UNSPECIFIED.,
  .F.,.F.,(2,2),(1.E-02,3.01),.PIECEWISE_BEZIER_KNOTS.);
#12295 = CARTESIAN_POINT('',(3.973371101371,1.E-02));
#12296 = CARTESIAN_POINT('',(3.973371101371,3.01));
#12297 = ( GEOMETRIC_REPRESENTATION_CONTEXT(2) 
PARAMETRIC_REPRESENTATION_CONTEXT() REPRESENTATION_CONTEXT('2D SPACE',''
  ) );
#12298 = ADVANCED_FACE('',(#12299),#11242,.F.);
#12299 = FACE_BOUND('',#12300,.F.);
#12300 = EDGE_LOOP('',(#12301,#12302,#12303,#12329));
#12301 = ORIENTED_EDGE('',*,*,#11223,.T.);
#12302 = ORIENTED_EDGE('',*,*,#12231,.T.);
#12303 = ORIENTED_EDGE('',*,*,#12304,.T.);
#12304 = EDGE_CURVE('',#12209,#12257,#12305,.T.);
#12305 = SURFACE_CURVE('',#12306,(#12311,#12318),.PCURVE_S1.);
#12306 = CIRCLE('',#12307,4.6);
#12307 = AXIS2_PLACEMENT_3D('',#12308,#12309,#12310);
#12308 = CARTESIAN_POINT('',(26.,-22.,-16.));
#12309 = DIRECTION('',(0.,0.,-1.));
#12310 = DIRECTION('',(-0.67356232108,0.739130434783,0.));
#12311 = PCURVE('',#11242,#12312);
#12312 = DEFINITIONAL_REPRESENTATION('',(#12313),#12317);
#12313 = LINE('',#12314,#12315);
#12314 = CARTESIAN_POINT('',(8.592999512988,3.01));
#12315 = VECTOR('',#12316,1.);
#12316 = DIRECTION('',(-1.,-0.));
#12317 = ( GEOMETRIC_REPRESENTATION_CONTEXT(2) 
PARAMETRIC_REPRESENTATION_CONTEXT() REPRESENTATION_CONTEXT('2D SPACE',''
  ) );
#12318 = PCURVE('',#9572,#12319);
#12319 = DEFINITIONAL_REPRESENTATION('',(#12320),#12328);
#12320 = ( BOUNDED_CURVE() B_SPLINE_CURVE(2,(#12321,#12322,#12323,#12324
    ,#12325,#12326,#12327),.UNSPECIFIED.,.T.,.F.) 
B_SPLINE_CURVE_WITH_KNOTS((1,2,2,2,2,1),(-2.094395102393,0.,
    2.094395102393,4.188790204786,6.28318530718,8.377580409573),
.UNSPECIFIED.) CURVE() GEOMETRIC_REPRESENTATION_ITEM() 
RATIONAL_B_SPLINE_CURVE((1.,0.5,1.,0.5,1.,0.5,1.)) REPRESENTATION_ITEM(
  '') );
#12321 = CARTESIAN_POINT('',(61.901613323034,11.4));
#12322 = CARTESIAN_POINT('',(67.790586068768,16.766563146));
#12323 = CARTESIAN_POINT('',(69.49367971135,8.983281573));
#12324 = CARTESIAN_POINT('',(71.196773353932,1.2));
#12325 = CARTESIAN_POINT('',(63.604706965616,3.616718427));
#12326 = CARTESIAN_POINT('',(56.0126405773,6.033436854));
#12327 = CARTESIAN_POINT('',(61.901613323034,11.4));
#12328 = ( GEOMETRIC_REPRESENTATION_CONTEXT(2) 
PARAMETRIC_REPRESENTATION_CONTEXT() REPRESENTATION_CONTEXT('2D SPACE',''
  ) );
#12329 = ORIENTED_EDGE('',*,*,#12279,.F.);
#12330 = ADVANCED_FACE('',(#12331),#11209,.F.);
#12331 = FACE_BOUND('',#12332,.F.);
#12332 = EDGE_LOOP('',(#12333,#12357,#12378,#12379));
#12333 = ORIENTED_EDGE('',*,*,#12334,.F.);
#12334 = EDGE_CURVE('',#12335,#12335,#12337,.T.);
#12335 = VERTEX_POINT('',#12336);
#12336 = CARTESIAN_POINT('',(37.15,-26.5,-16.));
#12337 = SURFACE_CURVE('',#12338,(#12343,#12350),.PCURVE_S1.);
#12338 = CIRCLE('',#12339,1.15);
#12339 = AXIS2_PLACEMENT_3D('',#12340,#12341,#12342);
#12340 = CARTESIAN_POINT('',(36.,-26.5,-16.));
#12341 = DIRECTION('',(0.,0.,1.));
#12342 = DIRECTION('',(1.,0.,-0.));
#12343 = PCURVE('',#11209,#12344);
#12344 = DEFINITIONAL_REPRESENTATION('',(#12345),#12349);
#12345 = LINE('',#12346,#12347);
#12346 = CARTESIAN_POINT('',(0.,3.5));
#12347 = VECTOR('',#12348,1.);
#12348 = DIRECTION('',(1.,0.));
#12349 = ( GEOMETRIC_REPRESENTATION_CONTEXT(2) 
PARAMETRIC_REPRESENTATION_CONTEXT() REPRESENTATION_CONTEXT('2D SPACE',''
  ) );
#12350 = PCURVE('',#9572,#12351);
#12351 = DEFINITIONAL_REPRESENTATION('',(#12352),#12356);
#12352 = CIRCLE('',#12353,1.15);
#12353 = AXIS2_PLACEMENT_2D('',#12354,#12355);
#12354 = CARTESIAN_POINT('',(75.,3.5));
#12355 = DIRECTION('',(1.,0.));
#12356 = ( GEOMETRIC_REPRESENTATION_CONTEXT(2) 
PARAMETRIC_REPRESENTATION_CONTEXT() REPRESENTATION_CONTEXT('2D SPACE',''
  ) );
#12357 = ORIENTED_EDGE('',*,*,#12358,.F.);
#12358 = EDGE_CURVE('',#11193,#12335,#12359,.T.);
#12359 = SEAM_CURVE('',#12360,(#12364,#12371),.PCURVE_S1.);
#12360 = LINE('',#12361,#12362);
#12361 = CARTESIAN_POINT('',(37.15,-26.5,-19.5));
#12362 = VECTOR('',#12363,1.);
#12363 = DIRECTION('',(0.,0.,1.));
#12364 = PCURVE('',#11209,#12365);
#12365 = DEFINITIONAL_REPRESENTATION('',(#12366),#12370);
#12366 = LINE('',#12367,#12368);
#12367 = CARTESIAN_POINT('',(0.,-0.));
#12368 = VECTOR('',#12369,1.);
#12369 = DIRECTION('',(0.,1.));
#12370 = ( GEOMETRIC_REPRESENTATION_CONTEXT(2) 
PARAMETRIC_REPRESENTATION_CONTEXT() REPRESENTATION_CONTEXT('2D SPACE',''
  ) );
#12371 = PCURVE('',#11209,#12372);
#12372 = DEFINITIONAL_REPRESENTATION('',(#12373),#12377);
#12373 = LINE('',#12374,#12375);
#12374 = CARTESIAN_POINT('',(6.28318530718,-0.));
#12375 = VECTOR('',#12376,1.);
#12376 = DIRECTION('',(0.,1.));
#12377 = ( GEOMETRIC_REPRESENTATION_CONTEXT(2) 
PARAMETRIC_REPRESENTATION_CONTEXT() REPRESENTATION_CONTEXT('2D SPACE',''
  ) );
#12378 = ORIENTED_EDGE('',*,*,#11192,.T.);
#12379 = ORIENTED_EDGE('',*,*,#12358,.T.);
#12380 = ADVANCED_FACE('',(#12381),#11152,.F.);
#12381 = FACE_BOUND('',#12382,.F.);
#12382 = EDGE_LOOP('',(#12383,#12409,#12430,#12431));
#12383 = ORIENTED_EDGE('',*,*,#12384,.F.);
#12384 = EDGE_CURVE('',#12385,#12387,#12389,.T.);
#12385 = VERTEX_POINT('',#12386);
#12386 = CARTESIAN_POINT('',(-16.,-18.6,-16.));
#12387 = VERTEX_POINT('',#12388);
#12388 = CARTESIAN_POINT('',(-16.,-25.4,-16.));
#12389 = SURFACE_CURVE('',#12390,(#12395,#12402),.PCURVE_S1.);
#12390 = CIRCLE('',#12391,3.4);
#12391 = AXIS2_PLACEMENT_3D('',#12392,#12393,#12394);
#12392 = CARTESIAN_POINT('',(-16.,-22.,-16.));
#12393 = DIRECTION('',(0.,0.,1.));
#12394 = DIRECTION('',(1.,0.,-0.));
#12395 = PCURVE('',#11152,#12396);
#12396 = DEFINITIONAL_REPRESENTATION('',(#12397),#12401);
#12397 = LINE('',#12398,#12399);
#12398 = CARTESIAN_POINT('',(0.,3.01));
#12399 = VECTOR('',#12400,1.);
#12400 = DIRECTION('',(1.,0.));
#12401 = ( GEOMETRIC_REPRESENTATION_CONTEXT(2) 
PARAMETRIC_REPRESENTATION_CONTEXT() REPRESENTATION_CONTEXT('2D SPACE',''
  ) );
#12402 = PCURVE('',#9572,#12403);
#12403 = DEFINITIONAL_REPRESENTATION('',(#12404),#12408);
#12404 = CIRCLE('',#12405,3.4);
#12405 = AXIS2_PLACEMENT_2D('',#12406,#12407);
#12406 = CARTESIAN_POINT('',(23.,8.));
#12407 = DIRECTION('',(1.,0.));
#12408 = ( GEOMETRIC_REPRESENTATION_CONTEXT(2) 
PARAMETRIC_REPRESENTATION_CONTEXT() REPRESENTATION_CONTEXT('2D SPACE',''
  ) );
#12409 = ORIENTED_EDGE('',*,*,#12410,.F.);
#12410 = EDGE_CURVE('',#11136,#12385,#12411,.T.);
#12411 = SURFACE_CURVE('',#12412,(#12416,#12423),.PCURVE_S1.);
#12412 = LINE('',#12413,#12414);
#12413 = CARTESIAN_POINT('',(-16.,-18.6,-19.01));
#12414 = VECTOR('',#12415,1.);
#12415 = DIRECTION('',(0.,0.,1.));
#12416 = PCURVE('',#11152,#12417);
#12417 = DEFINITIONAL_REPRESENTATION('',(#12418),#12422);
#12418 = LINE('',#12419,#12420);
#12419 = CARTESIAN_POINT('',(1.570796326795,0.));
#12420 = VECTOR('',#12421,1.);
#12421 = DIRECTION('',(0.,1.));
#12422 = ( GEOMETRIC_REPRESENTATION_CONTEXT(2) 
PARAMETRIC_REPRESENTATION_CONTEXT() REPRESENTATION_CONTEXT('2D SPACE',''
  ) );
#12423 = PCURVE('',#11178,#12424);
#12424 = DEFINITIONAL_REPRESENTATION('',(#12425),#12429);
#12425 = LINE('',#12426,#12427);
#12426 = CARTESIAN_POINT('',(0.,0.));
#12427 = VECTOR('',#12428,1.);
#12428 = DIRECTION('',(1.,0.));
#12429 = ( GEOMETRIC_REPRESENTATION_CONTEXT(2) 
PARAMETRIC_REPRESENTATION_CONTEXT() REPRESENTATION_CONTEXT('2D SPACE',''
  ) );
#12430 = ORIENTED_EDGE('',*,*,#11135,.T.);
#12431 = ORIENTED_EDGE('',*,*,#12432,.T.);
#12432 = EDGE_CURVE('',#11108,#12387,#12433,.T.);
#12433 = SURFACE_CURVE('',#12434,(#12438,#12445),.PCURVE_S1.);
#12434 = LINE('',#12435,#12436);
#12435 = CARTESIAN_POINT('',(-16.,-25.4,-19.01));
#12436 = VECTOR('',#12437,1.);
#12437 = DIRECTION('',(0.,0.,1.));
#12438 = PCURVE('',#11152,#12439);
#12439 = DEFINITIONAL_REPRESENTATION('',(#12440),#12444);
#12440 = LINE('',#12441,#12442);
#12441 = CARTESIAN_POINT('',(4.712388980385,0.));
#12442 = VECTOR('',#12443,1.);
#12443 = DIRECTION('',(0.,1.));
#12444 = ( GEOMETRIC_REPRESENTATION_CONTEXT(2) 
PARAMETRIC_REPRESENTATION_CONTEXT() REPRESENTATION_CONTEXT('2D SPACE',''
  ) );
#12445 = PCURVE('',#11123,#12446);
#12446 = DEFINITIONAL_REPRESENTATION('',(#12447),#12451);
#12447 = LINE('',#12448,#12449);
#12448 = CARTESIAN_POINT('',(0.,0.));
#12449 = VECTOR('',#12450,1.);
#12450 = DIRECTION('',(1.,0.));
#12451 = ( GEOMETRIC_REPRESENTATION_CONTEXT(2) 
PARAMETRIC_REPRESENTATION_CONTEXT() REPRESENTATION_CONTEXT('2D SPACE',''
  ) );
#12452 = ADVANCED_FACE('',(#12453),#11178,.F.);
#12453 = FACE_BOUND('',#12454,.F.);
#12454 = EDGE_LOOP('',(#12455,#12456,#12457,#12480));
#12455 = ORIENTED_EDGE('',*,*,#11164,.T.);
#12456 = ORIENTED_EDGE('',*,*,#12410,.T.);
#12457 = ORIENTED_EDGE('',*,*,#12458,.F.);
#12458 = EDGE_CURVE('',#12459,#12385,#12461,.T.);
#12459 = VERTEX_POINT('',#12460);
#12460 = CARTESIAN_POINT('',(-11.09838667696,-18.6,-16.));
#12461 = SURFACE_CURVE('',#12462,(#12466,#12473),.PCURVE_S1.);
#12462 = LINE('',#12463,#12464);
#12463 = CARTESIAN_POINT('',(-27.5,-18.6,-16.));
#12464 = VECTOR('',#12465,1.);
#12465 = DIRECTION('',(-1.,-0.,0.));
#12466 = PCURVE('',#11178,#12467);
#12467 = DEFINITIONAL_REPRESENTATION('',(#12468),#12472);
#12468 = LINE('',#12469,#12470);
#12469 = CARTESIAN_POINT('',(3.01,-11.5));
#12470 = VECTOR('',#12471,1.);
#12471 = DIRECTION('',(0.,-1.));
#12472 = ( GEOMETRIC_REPRESENTATION_CONTEXT(2) 
PARAMETRIC_REPRESENTATION_CONTEXT() REPRESENTATION_CONTEXT('2D SPACE',''
  ) );
#12473 = PCURVE('',#9572,#12474);
#12474 = DEFINITIONAL_REPRESENTATION('',(#12475),#12479);
#12475 = LINE('',#12476,#12477);
#12476 = CARTESIAN_POINT('',(11.5,11.4));
#12477 = VECTOR('',#12478,1.);
#12478 = DIRECTION('',(-1.,0.));
#12479 = ( GEOMETRIC_REPRESENTATION_CONTEXT(2) 
PARAMETRIC_REPRESENTATION_CONTEXT() REPRESENTATION_CONTEXT('2D SPACE',''
  ) );
#12480 = ORIENTED_EDGE('',*,*,#12481,.F.);
#12481 = EDGE_CURVE('',#11079,#12459,#12482,.T.);
#12482 = SURFACE_CURVE('',#12483,(#12487,#12494),.PCURVE_S1.);
#12483 = LINE('',#12484,#12485);
#12484 = CARTESIAN_POINT('',(-11.09838667696,-18.6,-19.01));
#12485 = VECTOR('',#12486,1.);
#12486 = DIRECTION('',(0.,0.,1.));
#12487 = PCURVE('',#11178,#12488);
#12488 = DEFINITIONAL_REPRESENTATION('',(#12489),#12493);
#12489 = LINE('',#12490,#12491);
#12490 = CARTESIAN_POINT('',(0.,4.90161332304));
#12491 = VECTOR('',#12492,1.);
#12492 = DIRECTION('',(1.,0.));
#12493 = ( GEOMETRIC_REPRESENTATION_CONTEXT(2) 
PARAMETRIC_REPRESENTATION_CONTEXT() REPRESENTATION_CONTEXT('2D SPACE',''
  ) );
#12494 = PCURVE('',#11095,#12495);
#12495 = DEFINITIONAL_REPRESENTATION('',(#12496),#12499);
#12496 = B_SPLINE_CURVE_WITH_KNOTS('',1,(#12497,#12498),.UNSPECIFIED.,
  .F.,.F.,(2,2),(1.E-02,3.01),.PIECEWISE_BEZIER_KNOTS.);
#12497 = CARTESIAN_POINT('',(8.592999512988,1.E-02));
#12498 = CARTESIAN_POINT('',(8.592999512988,3.01));
#12499 = ( GEOMETRIC_REPRESENTATION_CONTEXT(2) 
PARAMETRIC_REPRESENTATION_CONTEXT() REPRESENTATION_CONTEXT('2D SPACE',''
  ) );
#12500 = ADVANCED_FACE('',(#12501),#11123,.T.);
#12501 = FACE_BOUND('',#12502,.T.);
#12502 = EDGE_LOOP('',(#12503,#12504,#12505,#12528));
#12503 = ORIENTED_EDGE('',*,*,#11107,.T.);
#12504 = ORIENTED_EDGE('',*,*,#12432,.T.);
#12505 = ORIENTED_EDGE('',*,*,#12506,.F.);
#12506 = EDGE_CURVE('',#12507,#12387,#12509,.T.);
#12507 = VERTEX_POINT('',#12508);
#12508 = CARTESIAN_POINT('',(-11.09838667696,-25.4,-16.));
#12509 = SURFACE_CURVE('',#12510,(#12514,#12521),.PCURVE_S1.);
#12510 = LINE('',#12511,#12512);
#12511 = CARTESIAN_POINT('',(-27.5,-25.4,-16.));
#12512 = VECTOR('',#12513,1.);
#12513 = DIRECTION('',(-1.,-0.,0.));
#12514 = PCURVE('',#11123,#12515);
#12515 = DEFINITIONAL_REPRESENTATION('',(#12516),#12520);
#12516 = LINE('',#12517,#12518);
#12517 = CARTESIAN_POINT('',(3.01,-11.5));
#12518 = VECTOR('',#12519,1.);
#12519 = DIRECTION('',(0.,-1.));
#12520 = ( GEOMETRIC_REPRESENTATION_CONTEXT(2) 
PARAMETRIC_REPRESENTATION_CONTEXT() REPRESENTATION_CONTEXT('2D SPACE',''
  ) );
#12521 = PCURVE('',#9572,#12522);
#12522 = DEFINITIONAL_REPRESENTATION('',(#12523),#12527);
#12523 = LINE('',#12524,#12525);
#12524 = CARTESIAN_POINT('',(11.5,4.6));
#12525 = VECTOR('',#12526,1.);
#12526 = DIRECTION('',(-1.,0.));
#12527 = ( GEOMETRIC_REPRESENTATION_CONTEXT(2) 
PARAMETRIC_REPRESENTATION_CONTEXT() REPRESENTATION_CONTEXT('2D SPACE',''
  ) );
#12528 = ORIENTED_EDGE('',*,*,#12529,.F.);
#12529 = EDGE_CURVE('',#11077,#12507,#12530,.T.);
#12530 = SURFACE_CURVE('',#12531,(#12535,#12542),.PCURVE_S1.);
#12531 = LINE('',#12532,#12533);
#12532 = CARTESIAN_POINT('',(-11.09838667696,-25.4,-19.01));
#12533 = VECTOR('',#12534,1.);
#12534 = DIRECTION('',(0.,0.,1.));
#12535 = PCURVE('',#11123,#12536);
#12536 = DEFINITIONAL_REPRESENTATION('',(#12537),#12541);
#12537 = LINE('',#12538,#12539);
#12538 = CARTESIAN_POINT('',(0.,4.90161332304));
#12539 = VECTOR('',#12540,1.);
#12540 = DIRECTION('',(1.,0.));
#12541 = ( GEOMETRIC_REPRESENTATION_CONTEXT(2) 
PARAMETRIC_REPRESENTATION_CONTEXT() REPRESENTATION_CONTEXT('2D SPACE',''
  ) );
#12542 = PCURVE('',#11095,#12543);
#12543 = DEFINITIONAL_REPRESENTATION('',(#12544),#12547);
#12544 = B_SPLINE_CURVE_WITH_KNOTS('',1,(#12545,#12546),.UNSPECIFIED.,
  .F.,.F.,(2,2),(1.E-02,3.01),.PIECEWISE_BEZIER_KNOTS.);
#12545 = CARTESIAN_POINT('',(3.973371101371,1.E-02));
#12546 = CARTESIAN_POINT('',(3.973371101371,3.01));
#12547 = ( GEOMETRIC_REPRESENTATION_CONTEXT(2) 
PARAMETRIC_REPRESENTATION_CONTEXT() REPRESENTATION_CONTEXT('2D SPACE',''
  ) );
#12548 = ADVANCED_FACE('',(#12549),#11095,.F.);
#12549 = FACE_BOUND('',#12550,.F.);
#12550 = EDGE_LOOP('',(#12551,#12552,#12553,#12579));
#12551 = ORIENTED_EDGE('',*,*,#11076,.T.);
#12552 = ORIENTED_EDGE('',*,*,#12481,.T.);
#12553 = ORIENTED_EDGE('',*,*,#12554,.T.);
#12554 = EDGE_CURVE('',#12459,#12507,#12555,.T.);
#12555 = SURFACE_CURVE('',#12556,(#12561,#12568),.PCURVE_S1.);
#12556 = CIRCLE('',#12557,4.6);
#12557 = AXIS2_PLACEMENT_3D('',#12558,#12559,#12560);
#12558 = CARTESIAN_POINT('',(-8.,-22.,-16.));
#12559 = DIRECTION('',(0.,0.,-1.));
#12560 = DIRECTION('',(-0.67356232108,0.739130434783,0.));
#12561 = PCURVE('',#11095,#12562);
#12562 = DEFINITIONAL_REPRESENTATION('',(#12563),#12567);
#12563 = LINE('',#12564,#12565);
#12564 = CARTESIAN_POINT('',(8.592999512988,3.01));
#12565 = VECTOR('',#12566,1.);
#12566 = DIRECTION('',(-1.,-0.));
#12567 = ( GEOMETRIC_REPRESENTATION_CONTEXT(2) 
PARAMETRIC_REPRESENTATION_CONTEXT() REPRESENTATION_CONTEXT('2D SPACE',''
  ) );
#12568 = PCURVE('',#9572,#12569);
#12569 = DEFINITIONAL_REPRESENTATION('',(#12570),#12578);
#12570 = ( BOUNDED_CURVE() B_SPLINE_CURVE(2,(#12571,#12572,#12573,#12574
    ,#12575,#12576,#12577),.UNSPECIFIED.,.T.,.F.) 
B_SPLINE_CURVE_WITH_KNOTS((1,2,2,2,2,1),(-2.094395102393,0.,
    2.094395102393,4.188790204786,6.28318530718,8.377580409573),
.UNSPECIFIED.) CURVE() GEOMETRIC_REPRESENTATION_ITEM() 
RATIONAL_B_SPLINE_CURVE((1.,0.5,1.,0.5,1.,0.5,1.)) REPRESENTATION_ITEM(
  '') );
#12571 = CARTESIAN_POINT('',(27.901613323034,11.4));
#12572 = CARTESIAN_POINT('',(33.790586068768,16.766563146));
#12573 = CARTESIAN_POINT('',(35.49367971135,8.983281573));
#12574 = CARTESIAN_POINT('',(37.196773353932,1.2));
#12575 = CARTESIAN_POINT('',(29.604706965616,3.616718427));
#12576 = CARTESIAN_POINT('',(22.0126405773,6.033436854));
#12577 = CARTESIAN_POINT('',(27.901613323034,11.4));
#12578 = ( GEOMETRIC_REPRESENTATION_CONTEXT(2) 
PARAMETRIC_REPRESENTATION_CONTEXT() REPRESENTATION_CONTEXT('2D SPACE',''
  ) );
#12579 = ORIENTED_EDGE('',*,*,#12529,.F.);
#12580 = ADVANCED_FACE('',(#12581),#11062,.F.);
#12581 = FACE_BOUND('',#12582,.F.);
#12582 = EDGE_LOOP('',(#12583,#12607,#12628,#12629));
#12583 = ORIENTED_EDGE('',*,*,#12584,.F.);
#12584 = EDGE_CURVE('',#12585,#12585,#12587,.T.);
#12585 = VERTEX_POINT('',#12586);
#12586 = CARTESIAN_POINT('',(-32.85,-26.5,-16.));
#12587 = SURFACE_CURVE('',#12588,(#12593,#12600),.PCURVE_S1.);
#12588 = CIRCLE('',#12589,1.15);
#12589 = AXIS2_PLACEMENT_3D('',#12590,#12591,#12592);
#12590 = CARTESIAN_POINT('',(-34.,-26.5,-16.));
#12591 = DIRECTION('',(0.,0.,1.));
#12592 = DIRECTION('',(1.,0.,-0.));
#12593 = PCURVE('',#11062,#12594);
#12594 = DEFINITIONAL_REPRESENTATION('',(#12595),#12599);
#12595 = LINE('',#12596,#12597);
#12596 = CARTESIAN_POINT('',(0.,3.5));
#12597 = VECTOR('',#12598,1.);
#12598 = DIRECTION('',(1.,0.));
#12599 = ( GEOMETRIC_REPRESENTATION_CONTEXT(2) 
PARAMETRIC_REPRESENTATION_CONTEXT() REPRESENTATION_CONTEXT('2D SPACE',''
  ) );
#12600 = PCURVE('',#9572,#12601);
#12601 = DEFINITIONAL_REPRESENTATION('',(#12602),#12606);
#12602 = CIRCLE('',#12603,1.15);
#12603 = AXIS2_PLACEMENT_2D('',#12604,#12605);
#12604 = CARTESIAN_POINT('',(5.,3.5));
#12605 = DIRECTION('',(1.,0.));
#12606 = ( GEOMETRIC_REPRESENTATION_CONTEXT(2) 
PARAMETRIC_REPRESENTATION_CONTEXT() REPRESENTATION_CONTEXT('2D SPACE',''
  ) );
#12607 = ORIENTED_EDGE('',*,*,#12608,.F.);
#12608 = EDGE_CURVE('',#11046,#12585,#12609,.T.);
#12609 = SEAM_CURVE('',#12610,(#12614,#12621),.PCURVE_S1.);
#12610 = LINE('',#12611,#12612);
#12611 = CARTESIAN_POINT('',(-32.85,-26.5,-19.5));
#12612 = VECTOR('',#12613,1.);
#12613 = DIRECTION('',(0.,0.,1.));
#12614 = PCURVE('',#11062,#12615);
#12615 = DEFINITIONAL_REPRESENTATION('',(#12616),#12620);
#12616 = LINE('',#12617,#12618);
#12617 = CARTESIAN_POINT('',(0.,-0.));
#12618 = VECTOR('',#12619,1.);
#12619 = DIRECTION('',(0.,1.));
#12620 = ( GEOMETRIC_REPRESENTATION_CONTEXT(2) 
PARAMETRIC_REPRESENTATION_CONTEXT() REPRESENTATION_CONTEXT('2D SPACE',''
  ) );
#12621 = PCURVE('',#11062,#12622);
#12622 = DEFINITIONAL_REPRESENTATION('',(#12623),#12627);
#12623 = LINE('',#12624,#12625);
#12624 = CARTESIAN_POINT('',(6.28318530718,-0.));
#12625 = VECTOR('',#12626,1.);
#12626 = DIRECTION('',(0.,1.));
#12627 = ( GEOMETRIC_REPRESENTATION_CONTEXT(2) 
PARAMETRIC_REPRESENTATION_CONTEXT() REPRESENTATION_CONTEXT('2D SPACE',''
  ) );
#12628 = ORIENTED_EDGE('',*,*,#11045,.T.);
#12629 = ORIENTED_EDGE('',*,*,#12608,.T.);
#12630 = ADVANCED_FACE('',(#12631),#9600,.T.);
#12631 = FACE_BOUND('',#12632,.T.);
#12632 = EDGE_LOOP('',(#12633,#12634,#12635,#12657));
#12633 = ORIENTED_EDGE('',*,*,#11009,.T.);
#12634 = ORIENTED_EDGE('',*,*,#10199,.T.);
#12635 = ORIENTED_EDGE('',*,*,#12636,.F.);
#12636 = EDGE_CURVE('',#9550,#10200,#12637,.T.);
#12637 = SURFACE_CURVE('',#12638,(#12643,#12650),.PCURVE_S1.);
#12638 = CIRCLE('',#12639,3.);
#12639 = AXIS2_PLACEMENT_3D('',#12640,#12641,#12642);
#12640 = CARTESIAN_POINT('',(-36.,-27.,-16.));
#12641 = DIRECTION('',(0.,0.,1.));
#12642 = DIRECTION('',(0.,-1.,0.));
#12643 = PCURVE('',#9600,#12644);
#12644 = DEFINITIONAL_REPRESENTATION('',(#12645),#12649);
#12645 = LINE('',#12646,#12647);
#12646 = CARTESIAN_POINT('',(-4.712388980385,3.));
#12647 = VECTOR('',#12648,1.);
#12648 = DIRECTION('',(1.,0.));
#12649 = ( GEOMETRIC_REPRESENTATION_CONTEXT(2) 
PARAMETRIC_REPRESENTATION_CONTEXT() REPRESENTATION_CONTEXT('2D SPACE',''
  ) );
#12650 = PCURVE('',#9572,#12651);
#12651 = DEFINITIONAL_REPRESENTATION('',(#12652),#12656);
#12652 = CIRCLE('',#12653,3.);
#12653 = AXIS2_PLACEMENT_2D('',#12654,#12655);
#12654 = CARTESIAN_POINT('',(3.,3.));
#12655 = DIRECTION('',(0.,-1.));
#12656 = ( GEOMETRIC_REPRESENTATION_CONTEXT(2) 
PARAMETRIC_REPRESENTATION_CONTEXT() REPRESENTATION_CONTEXT('2D SPACE',''
  ) );
#12657 = ORIENTED_EDGE('',*,*,#9584,.F.);
#12658 = ADVANCED_FACE('',(#12659,#12669,#12672,#12678,#12681,#12687,
    #12801,#12804,#12810,#12924,#12930,#12936),#9572,.T.);
#12659 = FACE_BOUND('',#12660,.T.);
#12660 = EDGE_LOOP('',(#12661,#12662,#12663,#12664,#12665,#12666,#12667,
    #12668));
#12661 = ORIENTED_EDGE('',*,*,#9549,.F.);
#12662 = ORIENTED_EDGE('',*,*,#12636,.T.);
#12663 = ORIENTED_EDGE('',*,*,#10222,.T.);
#12664 = ORIENTED_EDGE('',*,*,#10091,.F.);
#12665 = ORIENTED_EDGE('',*,*,#9909,.T.);
#12666 = ORIENTED_EDGE('',*,*,#9856,.T.);
#12667 = ORIENTED_EDGE('',*,*,#9779,.F.);
#12668 = ORIENTED_EDGE('',*,*,#9670,.F.);
#12669 = FACE_BOUND('',#12670,.T.);
#12670 = EDGE_LOOP('',(#12671));
#12671 = ORIENTED_EDGE('',*,*,#12584,.F.);
#12672 = FACE_BOUND('',#12673,.T.);
#12673 = EDGE_LOOP('',(#12674,#12675,#12676,#12677));
#12674 = ORIENTED_EDGE('',*,*,#12506,.T.);
#12675 = ORIENTED_EDGE('',*,*,#12384,.F.);
#12676 = ORIENTED_EDGE('',*,*,#12458,.F.);
#12677 = ORIENTED_EDGE('',*,*,#12554,.T.);
#12678 = FACE_BOUND('',#12679,.T.);
#12679 = EDGE_LOOP('',(#12680));
#12680 = ORIENTED_EDGE('',*,*,#12334,.F.);
#12681 = FACE_BOUND('',#12682,.T.);
#12682 = EDGE_LOOP('',(#12683,#12684,#12685,#12686));
#12683 = ORIENTED_EDGE('',*,*,#12256,.T.);
#12684 = ORIENTED_EDGE('',*,*,#12134,.F.);
#12685 = ORIENTED_EDGE('',*,*,#12208,.F.);
#12686 = ORIENTED_EDGE('',*,*,#12304,.T.);
#12687 = FACE_BOUND('',#12688,.T.);
#12688 = EDGE_LOOP('',(#12689,#12719,#12747,#12775));
#12689 = ORIENTED_EDGE('',*,*,#12690,.F.);
#12690 = EDGE_CURVE('',#12691,#12693,#12695,.T.);
#12691 = VERTEX_POINT('',#12692);
#12692 = CARTESIAN_POINT('',(-26.,9.,-16.));
#12693 = VERTEX_POINT('',#12694);
#12694 = CARTESIAN_POINT('',(-29.,9.,-16.));
#12695 = SURFACE_CURVE('',#12696,(#12700,#12707),.PCURVE_S1.);
#12696 = LINE('',#12697,#12698);
#12697 = CARTESIAN_POINT('',(-34.,9.,-16.));
#12698 = VECTOR('',#12699,1.);
#12699 = DIRECTION('',(-1.,0.,0.));
#12700 = PCURVE('',#9572,#12701);
#12701 = DEFINITIONAL_REPRESENTATION('',(#12702),#12706);
#12702 = LINE('',#12703,#12704);
#12703 = CARTESIAN_POINT('',(5.,39.));
#12704 = VECTOR('',#12705,1.);
#12705 = DIRECTION('',(-1.,0.));
#12706 = ( GEOMETRIC_REPRESENTATION_CONTEXT(2) 
PARAMETRIC_REPRESENTATION_CONTEXT() REPRESENTATION_CONTEXT('2D SPACE',''
  ) );
#12707 = PCURVE('',#12708,#12713);
#12708 = PLANE('',#12709);
#12709 = AXIS2_PLACEMENT_3D('',#12710,#12711,#12712);
#12710 = CARTESIAN_POINT('',(-29.,9.,-17.));
#12711 = DIRECTION('',(0.,1.,0.));
#12712 = DIRECTION('',(0.,-0.,1.));
#12713 = DEFINITIONAL_REPRESENTATION('',(#12714),#12718);
#12714 = LINE('',#12715,#12716);
#12715 = CARTESIAN_POINT('',(1.,-5.));
#12716 = VECTOR('',#12717,1.);
#12717 = DIRECTION('',(0.,-1.));
#12718 = ( GEOMETRIC_REPRESENTATION_CONTEXT(2) 
PARAMETRIC_REPRESENTATION_CONTEXT() REPRESENTATION_CONTEXT('2D SPACE',''
  ) );
#12719 = ORIENTED_EDGE('',*,*,#12720,.F.);
#12720 = EDGE_CURVE('',#12721,#12691,#12723,.T.);
#12721 = VERTEX_POINT('',#12722);
#12722 = CARTESIAN_POINT('',(-26.,-9.,-16.));
#12723 = SURFACE_CURVE('',#12724,(#12728,#12735),.PCURVE_S1.);
#12724 = LINE('',#12725,#12726);
#12725 = CARTESIAN_POINT('',(-26.,-19.5,-16.));
#12726 = VECTOR('',#12727,1.);
#12727 = DIRECTION('',(0.,1.,0.));
#12728 = PCURVE('',#9572,#12729);
#12729 = DEFINITIONAL_REPRESENTATION('',(#12730),#12734);
#12730 = LINE('',#12731,#12732);
#12731 = CARTESIAN_POINT('',(13.,10.5));
#12732 = VECTOR('',#12733,1.);
#12733 = DIRECTION('',(0.,1.));
#12734 = ( GEOMETRIC_REPRESENTATION_CONTEXT(2) 
PARAMETRIC_REPRESENTATION_CONTEXT() REPRESENTATION_CONTEXT('2D SPACE',''
  ) );
#12735 = PCURVE('',#12736,#12741);
#12736 = PLANE('',#12737);
#12737 = AXIS2_PLACEMENT_3D('',#12738,#12739,#12740);
#12738 = CARTESIAN_POINT('',(-26.,-9.,-17.));
#12739 = DIRECTION('',(1.,0.,0.));
#12740 = DIRECTION('',(0.,0.,1.));
#12741 = DEFINITIONAL_REPRESENTATION('',(#12742),#12746);
#12742 = LINE('',#12743,#12744);
#12743 = CARTESIAN_POINT('',(1.,10.5));
#12744 = VECTOR('',#12745,1.);
#12745 = DIRECTION('',(0.,-1.));
#12746 = ( GEOMETRIC_REPRESENTATION_CONTEXT(2) 
PARAMETRIC_REPRESENTATION_CONTEXT() REPRESENTATION_CONTEXT('2D SPACE',''
  ) );
#12747 = ORIENTED_EDGE('',*,*,#12748,.T.);
#12748 = EDGE_CURVE('',#12721,#12749,#12751,.T.);
#12749 = VERTEX_POINT('',#12750);
#12750 = CARTESIAN_POINT('',(-29.,-9.,-16.));
#12751 = SURFACE_CURVE('',#12752,(#12756,#12763),.PCURVE_S1.);
#12752 = LINE('',#12753,#12754);
#12753 = CARTESIAN_POINT('',(-34.,-9.,-16.));
#12754 = VECTOR('',#12755,1.);
#12755 = DIRECTION('',(-1.,0.,0.));
#12756 = PCURVE('',#9572,#12757);
#12757 = DEFINITIONAL_REPRESENTATION('',(#12758),#12762);
#12758 = LINE('',#12759,#12760);
#12759 = CARTESIAN_POINT('',(5.,21.));
#12760 = VECTOR('',#12761,1.);
#12761 = DIRECTION('',(-1.,0.));
#12762 = ( GEOMETRIC_REPRESENTATION_CONTEXT(2) 
PARAMETRIC_REPRESENTATION_CONTEXT() REPRESENTATION_CONTEXT('2D SPACE',''
  ) );
#12763 = PCURVE('',#12764,#12769);
#12764 = PLANE('',#12765);
#12765 = AXIS2_PLACEMENT_3D('',#12766,#12767,#12768);
#12766 = CARTESIAN_POINT('',(-29.,-9.,-17.));
#12767 = DIRECTION('',(0.,1.,0.));
#12768 = DIRECTION('',(0.,-0.,1.));
#12769 = DEFINITIONAL_REPRESENTATION('',(#12770),#12774);
#12770 = LINE('',#12771,#12772);
#12771 = CARTESIAN_POINT('',(1.,-5.));
#12772 = VECTOR('',#12773,1.);
#12773 = DIRECTION('',(0.,-1.));
#12774 = ( GEOMETRIC_REPRESENTATION_CONTEXT(2) 
PARAMETRIC_REPRESENTATION_CONTEXT() REPRESENTATION_CONTEXT('2D SPACE',''
  ) );
#12775 = ORIENTED_EDGE('',*,*,#12776,.T.);
#12776 = EDGE_CURVE('',#12749,#12693,#12777,.T.);
#12777 = SURFACE_CURVE('',#12778,(#12782,#12789),.PCURVE_S1.);
#12778 = LINE('',#12779,#12780);
#12779 = CARTESIAN_POINT('',(-29.,-19.5,-16.));
#12780 = VECTOR('',#12781,1.);
#12781 = DIRECTION('',(0.,1.,0.));
#12782 = PCURVE('',#9572,#12783);
#12783 = DEFINITIONAL_REPRESENTATION('',(#12784),#12788);
#12784 = LINE('',#12785,#12786);
#12785 = CARTESIAN_POINT('',(10.,10.5));
#12786 = VECTOR('',#12787,1.);
#12787 = DIRECTION('',(0.,1.));
#12788 = ( GEOMETRIC_REPRESENTATION_CONTEXT(2) 
PARAMETRIC_REPRESENTATION_CONTEXT() REPRESENTATION_CONTEXT('2D SPACE',''
  ) );
#12789 = PCURVE('',#12790,#12795);
#12790 = PLANE('',#12791);
#12791 = AXIS2_PLACEMENT_3D('',#12792,#12793,#12794);
#12792 = CARTESIAN_POINT('',(-29.,-9.,-17.));
#12793 = DIRECTION('',(1.,0.,0.));
#12794 = DIRECTION('',(0.,0.,1.));
#12795 = DEFINITIONAL_REPRESENTATION('',(#12796),#12800);
#12796 = LINE('',#12797,#12798);
#12797 = CARTESIAN_POINT('',(1.,10.5));
#12798 = VECTOR('',#12799,1.);
#12799 = DIRECTION('',(0.,-1.));
#12800 = ( GEOMETRIC_REPRESENTATION_CONTEXT(2) 
PARAMETRIC_REPRESENTATION_CONTEXT() REPRESENTATION_CONTEXT('2D SPACE',''
  ) );
#12801 = FACE_BOUND('',#12802,.T.);
#12802 = EDGE_LOOP('',(#12803));
#12803 = ORIENTED_EDGE('',*,*,#12084,.F.);
#12804 = FACE_BOUND('',#12805,.T.);
#12805 = EDGE_LOOP('',(#12806,#12807,#12808,#12809));
#12806 = ORIENTED_EDGE('',*,*,#12006,.T.);
#12807 = ORIENTED_EDGE('',*,*,#11884,.F.);
#12808 = ORIENTED_EDGE('',*,*,#11958,.F.);
#12809 = ORIENTED_EDGE('',*,*,#12054,.T.);
#12810 = FACE_BOUND('',#12811,.T.);
#12811 = EDGE_LOOP('',(#12812,#12842,#12870,#12898));
#12812 = ORIENTED_EDGE('',*,*,#12813,.T.);
#12813 = EDGE_CURVE('',#12814,#12816,#12818,.T.);
#12814 = VERTEX_POINT('',#12815);
#12815 = CARTESIAN_POINT('',(6.,-9.,-16.));
#12816 = VERTEX_POINT('',#12817);
#12817 = CARTESIAN_POINT('',(3.,-9.,-16.));
#12818 = SURFACE_CURVE('',#12819,(#12823,#12830),.PCURVE_S1.);
#12819 = LINE('',#12820,#12821);
#12820 = CARTESIAN_POINT('',(6.,-9.,-16.));
#12821 = VECTOR('',#12822,1.);
#12822 = DIRECTION('',(-1.,0.,0.));
#12823 = PCURVE('',#9572,#12824);
#12824 = DEFINITIONAL_REPRESENTATION('',(#12825),#12829);
#12825 = LINE('',#12826,#12827);
#12826 = CARTESIAN_POINT('',(45.,21.));
#12827 = VECTOR('',#12828,1.);
#12828 = DIRECTION('',(-1.,0.));
#12829 = ( GEOMETRIC_REPRESENTATION_CONTEXT(2) 
PARAMETRIC_REPRESENTATION_CONTEXT() REPRESENTATION_CONTEXT('2D SPACE',''
  ) );
#12830 = PCURVE('',#12831,#12836);
#12831 = PLANE('',#12832);
#12832 = AXIS2_PLACEMENT_3D('',#12833,#12834,#12835);
#12833 = CARTESIAN_POINT('',(3.,-9.,-17.));
#12834 = DIRECTION('',(0.,1.,0.));
#12835 = DIRECTION('',(0.,-0.,1.));
#12836 = DEFINITIONAL_REPRESENTATION('',(#12837),#12841);
#12837 = LINE('',#12838,#12839);
#12838 = CARTESIAN_POINT('',(1.,3.));
#12839 = VECTOR('',#12840,1.);
#12840 = DIRECTION('',(0.,-1.));
#12841 = ( GEOMETRIC_REPRESENTATION_CONTEXT(2) 
PARAMETRIC_REPRESENTATION_CONTEXT() REPRESENTATION_CONTEXT('2D SPACE',''
  ) );
#12842 = ORIENTED_EDGE('',*,*,#12843,.T.);
#12843 = EDGE_CURVE('',#12816,#12844,#12846,.T.);
#12844 = VERTEX_POINT('',#12845);
#12845 = CARTESIAN_POINT('',(3.,9.,-16.));
#12846 = SURFACE_CURVE('',#12847,(#12851,#12858),.PCURVE_S1.);
#12847 = LINE('',#12848,#12849);
#12848 = CARTESIAN_POINT('',(3.,-19.5,-16.));
#12849 = VECTOR('',#12850,1.);
#12850 = DIRECTION('',(0.,1.,0.));
#12851 = PCURVE('',#9572,#12852);
#12852 = DEFINITIONAL_REPRESENTATION('',(#12853),#12857);
#12853 = LINE('',#12854,#12855);
#12854 = CARTESIAN_POINT('',(42.,10.5));
#12855 = VECTOR('',#12856,1.);
#12856 = DIRECTION('',(0.,1.));
#12857 = ( GEOMETRIC_REPRESENTATION_CONTEXT(2) 
PARAMETRIC_REPRESENTATION_CONTEXT() REPRESENTATION_CONTEXT('2D SPACE',''
  ) );
#12858 = PCURVE('',#12859,#12864);
#12859 = PLANE('',#12860);
#12860 = AXIS2_PLACEMENT_3D('',#12861,#12862,#12863);
#12861 = CARTESIAN_POINT('',(3.,-9.,-17.));
#12862 = DIRECTION('',(1.,0.,0.));
#12863 = DIRECTION('',(0.,0.,1.));
#12864 = DEFINITIONAL_REPRESENTATION('',(#12865),#12869);
#12865 = LINE('',#12866,#12867);
#12866 = CARTESIAN_POINT('',(1.,10.5));
#12867 = VECTOR('',#12868,1.);
#12868 = DIRECTION('',(0.,-1.));
#12869 = ( GEOMETRIC_REPRESENTATION_CONTEXT(2) 
PARAMETRIC_REPRESENTATION_CONTEXT() REPRESENTATION_CONTEXT('2D SPACE',''
  ) );
#12870 = ORIENTED_EDGE('',*,*,#12871,.T.);
#12871 = EDGE_CURVE('',#12844,#12872,#12874,.T.);
#12872 = VERTEX_POINT('',#12873);
#12873 = CARTESIAN_POINT('',(6.,9.,-16.));
#12874 = SURFACE_CURVE('',#12875,(#12879,#12886),.PCURVE_S1.);
#12875 = LINE('',#12876,#12877);
#12876 = CARTESIAN_POINT('',(3.,9.,-16.));
#12877 = VECTOR('',#12878,1.);
#12878 = DIRECTION('',(1.,0.,0.));
#12879 = PCURVE('',#9572,#12880);
#12880 = DEFINITIONAL_REPRESENTATION('',(#12881),#12885);
#12881 = LINE('',#12882,#12883);
#12882 = CARTESIAN_POINT('',(42.,39.));
#12883 = VECTOR('',#12884,1.);
#12884 = DIRECTION('',(1.,0.));
#12885 = ( GEOMETRIC_REPRESENTATION_CONTEXT(2) 
PARAMETRIC_REPRESENTATION_CONTEXT() REPRESENTATION_CONTEXT('2D SPACE',''
  ) );
#12886 = PCURVE('',#12887,#12892);
#12887 = PLANE('',#12888);
#12888 = AXIS2_PLACEMENT_3D('',#12889,#12890,#12891);
#12889 = CARTESIAN_POINT('',(3.,9.,-17.));
#12890 = DIRECTION('',(0.,1.,0.));
#12891 = DIRECTION('',(0.,-0.,1.));
#12892 = DEFINITIONAL_REPRESENTATION('',(#12893),#12897);
#12893 = LINE('',#12894,#12895);
#12894 = CARTESIAN_POINT('',(1.,0.));
#12895 = VECTOR('',#12896,1.);
#12896 = DIRECTION('',(0.,1.));
#12897 = ( GEOMETRIC_REPRESENTATION_CONTEXT(2) 
PARAMETRIC_REPRESENTATION_CONTEXT() REPRESENTATION_CONTEXT('2D SPACE',''
  ) );
#12898 = ORIENTED_EDGE('',*,*,#12899,.F.);
#12899 = EDGE_CURVE('',#12814,#12872,#12900,.T.);
#12900 = SURFACE_CURVE('',#12901,(#12905,#12912),.PCURVE_S1.);
#12901 = LINE('',#12902,#12903);
#12902 = CARTESIAN_POINT('',(6.,-54.5,-16.));
#12903 = VECTOR('',#12904,1.);
#12904 = DIRECTION('',(0.,1.,0.));
#12905 = PCURVE('',#9572,#12906);
#12906 = DEFINITIONAL_REPRESENTATION('',(#12907),#12911);
#12907 = LINE('',#12908,#12909);
#12908 = CARTESIAN_POINT('',(45.,-24.5));
#12909 = VECTOR('',#12910,1.);
#12910 = DIRECTION('',(0.,1.));
#12911 = ( GEOMETRIC_REPRESENTATION_CONTEXT(2) 
PARAMETRIC_REPRESENTATION_CONTEXT() REPRESENTATION_CONTEXT('2D SPACE',''
  ) );
#12912 = PCURVE('',#12913,#12918);
#12913 = PLANE('',#12914);
#12914 = AXIS2_PLACEMENT_3D('',#12915,#12916,#12917);
#12915 = CARTESIAN_POINT('',(6.,-9.,-17.));
#12916 = DIRECTION('',(1.,0.,0.));
#12917 = DIRECTION('',(0.,0.,1.));
#12918 = DEFINITIONAL_REPRESENTATION('',(#12919),#12923);
#12919 = LINE('',#12920,#12921);
#12920 = CARTESIAN_POINT('',(1.,45.5));
#12921 = VECTOR('',#12922,1.);
#12922 = DIRECTION('',(0.,-1.));
#12923 = ( GEOMETRIC_REPRESENTATION_CONTEXT(2) 
PARAMETRIC_REPRESENTATION_CONTEXT() REPRESENTATION_CONTEXT('2D SPACE',''
  ) );
#12924 = FACE_BOUND('',#12925,.T.);
#12925 = EDGE_LOOP('',(#12926,#12927,#12928,#12929));
#12926 = ORIENTED_EDGE('',*,*,#10905,.T.);
#12927 = ORIENTED_EDGE('',*,*,#10954,.T.);
#12928 = ORIENTED_EDGE('',*,*,#10807,.F.);
#12929 = ORIENTED_EDGE('',*,*,#10878,.F.);
#12930 = FACE_BOUND('',#12931,.T.);
#12931 = EDGE_LOOP('',(#12932,#12933,#12934,#12935));
#12932 = ORIENTED_EDGE('',*,*,#11854,.T.);
#12933 = ORIENTED_EDGE('',*,*,#11806,.T.);
#12934 = ORIENTED_EDGE('',*,*,#11684,.F.);
#12935 = ORIENTED_EDGE('',*,*,#11758,.F.);
#12936 = FACE_BOUND('',#12937,.T.);
#12937 = EDGE_LOOP('',(#12938));
#12938 = ORIENTED_EDGE('',*,*,#11634,.F.);
#12939 = ADVANCED_FACE('',(#12940,#13016,#13051,#13086,#13121,#13152),
  #12913,.T.);
#12940 = FACE_BOUND('',#12941,.T.);
#12941 = EDGE_LOOP('',(#12942,#12965,#12966,#12989));
#12942 = ORIENTED_EDGE('',*,*,#12943,.F.);
#12943 = EDGE_CURVE('',#12814,#12944,#12946,.T.);
#12944 = VERTEX_POINT('',#12945);
#12945 = CARTESIAN_POINT('',(6.,-9.,-4.8));
#12946 = SURFACE_CURVE('',#12947,(#12951,#12958),.PCURVE_S1.);
#12947 = LINE('',#12948,#12949);
#12948 = CARTESIAN_POINT('',(6.,-9.,-17.));
#12949 = VECTOR('',#12950,1.);
#12950 = DIRECTION('',(0.,0.,1.));
#12951 = PCURVE('',#12913,#12952);
#12952 = DEFINITIONAL_REPRESENTATION('',(#12953),#12957);
#12953 = LINE('',#12954,#12955);
#12954 = CARTESIAN_POINT('',(0.,0.));
#12955 = VECTOR('',#12956,1.);
#12956 = DIRECTION('',(1.,0.));
#12957 = ( GEOMETRIC_REPRESENTATION_CONTEXT(2) 
PARAMETRIC_REPRESENTATION_CONTEXT() REPRESENTATION_CONTEXT('2D SPACE',''
  ) );
#12958 = PCURVE('',#12831,#12959);
#12959 = DEFINITIONAL_REPRESENTATION('',(#12960),#12964);
#12960 = LINE('',#12961,#12962);
#12961 = CARTESIAN_POINT('',(0.,3.));
#12962 = VECTOR('',#12963,1.);
#12963 = DIRECTION('',(1.,0.));
#12964 = ( GEOMETRIC_REPRESENTATION_CONTEXT(2) 
PARAMETRIC_REPRESENTATION_CONTEXT() REPRESENTATION_CONTEXT('2D SPACE',''
  ) );
#12965 = ORIENTED_EDGE('',*,*,#12899,.T.);
#12966 = ORIENTED_EDGE('',*,*,#12967,.T.);
#12967 = EDGE_CURVE('',#12872,#12968,#12970,.T.);
#12968 = VERTEX_POINT('',#12969);
#12969 = CARTESIAN_POINT('',(6.,9.,-4.8));
#12970 = SURFACE_CURVE('',#12971,(#12975,#12982),.PCURVE_S1.);
#12971 = LINE('',#12972,#12973);
#12972 = CARTESIAN_POINT('',(6.,9.,-17.));
#12973 = VECTOR('',#12974,1.);
#12974 = DIRECTION('',(0.,0.,1.));
#12975 = PCURVE('',#12913,#12976);
#12976 = DEFINITIONAL_REPRESENTATION('',(#12977),#12981);
#12977 = LINE('',#12978,#12979);
#12978 = CARTESIAN_POINT('',(0.,-18.));
#12979 = VECTOR('',#12980,1.);
#12980 = DIRECTION('',(1.,0.));
#12981 = ( GEOMETRIC_REPRESENTATION_CONTEXT(2) 
PARAMETRIC_REPRESENTATION_CONTEXT() REPRESENTATION_CONTEXT('2D SPACE',''
  ) );
#12982 = PCURVE('',#12887,#12983);
#12983 = DEFINITIONAL_REPRESENTATION('',(#12984),#12988);
#12984 = LINE('',#12985,#12986);
#12985 = CARTESIAN_POINT('',(0.,3.));
#12986 = VECTOR('',#12987,1.);
#12987 = DIRECTION('',(1.,0.));
#12988 = ( GEOMETRIC_REPRESENTATION_CONTEXT(2) 
PARAMETRIC_REPRESENTATION_CONTEXT() REPRESENTATION_CONTEXT('2D SPACE',''
  ) );
#12989 = ORIENTED_EDGE('',*,*,#12990,.T.);
#12990 = EDGE_CURVE('',#12968,#12944,#12991,.T.);
#12991 = SURFACE_CURVE('',#12992,(#12997,#13004),.PCURVE_S1.);
#12992 = CIRCLE('',#12993,10.2);
#12993 = AXIS2_PLACEMENT_3D('',#12994,#12995,#12996);
#12994 = CARTESIAN_POINT('',(6.,0.,0.));
#12995 = DIRECTION('',(1.,-0.,0.));
#12996 = DIRECTION('',(0.,0.882352941176,-0.470588235294));
#12997 = PCURVE('',#12913,#12998);
#12998 = DEFINITIONAL_REPRESENTATION('',(#12999),#13003);
#12999 = CIRCLE('',#13000,10.2);
#13000 = AXIS2_PLACEMENT_2D('',#13001,#13002);
#13001 = CARTESIAN_POINT('',(17.,-9.));
#13002 = DIRECTION('',(-0.470588235294,-0.882352941176));
#13003 = ( GEOMETRIC_REPRESENTATION_CONTEXT(2) 
PARAMETRIC_REPRESENTATION_CONTEXT() REPRESENTATION_CONTEXT('2D SPACE',''
  ) );
#13004 = PCURVE('',#13005,#13010);
#13005 = CYLINDRICAL_SURFACE('',#13006,10.2);
#13006 = AXIS2_PLACEMENT_3D('',#13007,#13008,#13009);
#13007 = CARTESIAN_POINT('',(3.,0.,0.));
#13008 = DIRECTION('',(1.,0.,0.));
#13009 = DIRECTION('',(-0.,0.,1.));
#13010 = DEFINITIONAL_REPRESENTATION('',(#13011),#13015);
#13011 = LINE('',#13012,#13013);
#13012 = CARTESIAN_POINT('',(4.222431654131,3.));
#13013 = VECTOR('',#13014,1.);
#13014 = DIRECTION('',(1.,0.));
#13015 = ( GEOMETRIC_REPRESENTATION_CONTEXT(2) 
PARAMETRIC_REPRESENTATION_CONTEXT() REPRESENTATION_CONTEXT('2D SPACE',''
  ) );
#13016 = FACE_BOUND('',#13017,.T.);
#13017 = EDGE_LOOP('',(#13018));
#13018 = ORIENTED_EDGE('',*,*,#13019,.T.);
#13019 = EDGE_CURVE('',#13020,#13020,#13022,.T.);
#13020 = VERTEX_POINT('',#13021);
#13021 = CARTESIAN_POINT('',(6.,-6.,1.1));
#13022 = SURFACE_CURVE('',#13023,(#13028,#13039),.PCURVE_S1.);
#13023 = CIRCLE('',#13024,1.1);
#13024 = AXIS2_PLACEMENT_3D('',#13025,#13026,#13027);
#13025 = CARTESIAN_POINT('',(6.,-6.,7.771561172376E-16));
#13026 = DIRECTION('',(-1.,0.,0.));
#13027 = DIRECTION('',(0.,0.,1.));
#13028 = PCURVE('',#12913,#13029);
#13029 = DEFINITIONAL_REPRESENTATION('',(#13030),#13038);
#13030 = ( BOUNDED_CURVE() B_SPLINE_CURVE(2,(#13031,#13032,#13033,#13034
    ,#13035,#13036,#13037),.UNSPECIFIED.,.T.,.F.) 
B_SPLINE_CURVE_WITH_KNOTS((1,2,2,2,2,1),(-2.094395102393,0.,
    2.094395102393,4.188790204786,6.28318530718,8.377580409573),
.UNSPECIFIED.) CURVE() GEOMETRIC_REPRESENTATION_ITEM() 
RATIONAL_B_SPLINE_CURVE((1.,0.5,1.,0.5,1.,0.5,1.)) REPRESENTATION_ITEM(
  '') );
#13031 = CARTESIAN_POINT('',(18.1,-3.));
#13032 = CARTESIAN_POINT('',(18.1,-4.905255888326));
#13033 = CARTESIAN_POINT('',(16.45,-3.952627944163));
#13034 = CARTESIAN_POINT('',(14.8,-3.));
#13035 = CARTESIAN_POINT('',(16.45,-2.047372055837));
#13036 = CARTESIAN_POINT('',(18.1,-1.094744111674));
#13037 = CARTESIAN_POINT('',(18.1,-3.));
#13038 = ( GEOMETRIC_REPRESENTATION_CONTEXT(2) 
PARAMETRIC_REPRESENTATION_CONTEXT() REPRESENTATION_CONTEXT('2D SPACE',''
  ) );
#13039 = PCURVE('',#13040,#13045);
#13040 = CYLINDRICAL_SURFACE('',#13041,1.1);
#13041 = AXIS2_PLACEMENT_3D('',#13042,#13043,#13044);
#13042 = CARTESIAN_POINT('',(2.9,-6.,0.));
#13043 = DIRECTION('',(1.,0.,0.));
#13044 = DIRECTION('',(-0.,0.,1.));
#13045 = DEFINITIONAL_REPRESENTATION('',(#13046),#13050);
#13046 = LINE('',#13047,#13048);
#13047 = CARTESIAN_POINT('',(6.28318530718,3.1));
#13048 = VECTOR('',#13049,1.);
#13049 = DIRECTION('',(-1.,-0.));
#13050 = ( GEOMETRIC_REPRESENTATION_CONTEXT(2) 
PARAMETRIC_REPRESENTATION_CONTEXT() REPRESENTATION_CONTEXT('2D SPACE',''
  ) );
#13051 = FACE_BOUND('',#13052,.T.);
#13052 = EDGE_LOOP('',(#13053));
#13053 = ORIENTED_EDGE('',*,*,#13054,.T.);
#13054 = EDGE_CURVE('',#13055,#13055,#13057,.T.);
#13055 = VERTEX_POINT('',#13056);
#13056 = CARTESIAN_POINT('',(6.,7.592810154714E-16,3.1));
#13057 = SURFACE_CURVE('',#13058,(#13063,#13074),.PCURVE_S1.);
#13058 = CIRCLE('',#13059,3.1);
#13059 = AXIS2_PLACEMENT_3D('',#13060,#13061,#13062);
#13060 = CARTESIAN_POINT('',(6.,-3.330669073875E-16,-2.22044604925E-16)
  );
#13061 = DIRECTION('',(-1.,0.,0.));
#13062 = DIRECTION('',(0.,3.523702976964E-16,1.));
#13063 = PCURVE('',#12913,#13064);
#13064 = DEFINITIONAL_REPRESENTATION('',(#13065),#13073);
#13065 = ( BOUNDED_CURVE() B_SPLINE_CURVE(2,(#13066,#13067,#13068,#13069
    ,#13070,#13071,#13072),.UNSPECIFIED.,.T.,.F.) 
B_SPLINE_CURVE_WITH_KNOTS((1,2,2,2,2,1),(-2.094395102393,0.,
    2.094395102393,4.188790204786,6.28318530718,8.377580409573),
.UNSPECIFIED.) CURVE() GEOMETRIC_REPRESENTATION_ITEM() 
RATIONAL_B_SPLINE_CURVE((1.,0.5,1.,0.5,1.,0.5,1.)) REPRESENTATION_ITEM(
  '') );
#13066 = CARTESIAN_POINT('',(20.1,-9.));
#13067 = CARTESIAN_POINT('',(20.1,-14.36935750346));
#13068 = CARTESIAN_POINT('',(15.45,-11.68467875173));
#13069 = CARTESIAN_POINT('',(10.8,-9.));
#13070 = CARTESIAN_POINT('',(15.45,-6.315321248268));
#13071 = CARTESIAN_POINT('',(20.1,-3.630642496536));
#13072 = CARTESIAN_POINT('',(20.1,-9.));
#13073 = ( GEOMETRIC_REPRESENTATION_CONTEXT(2) 
PARAMETRIC_REPRESENTATION_CONTEXT() REPRESENTATION_CONTEXT('2D SPACE',''
  ) );
#13074 = PCURVE('',#13075,#13080);
#13075 = CYLINDRICAL_SURFACE('',#13076,3.1);
#13076 = AXIS2_PLACEMENT_3D('',#13077,#13078,#13079);
#13077 = CARTESIAN_POINT('',(2.9,0.,0.));
#13078 = DIRECTION('',(1.,0.,0.));
#13079 = DIRECTION('',(-0.,0.,1.));
#13080 = DEFINITIONAL_REPRESENTATION('',(#13081),#13085);
#13081 = LINE('',#13082,#13083);
#13082 = CARTESIAN_POINT('',(6.28318530718,3.1));
#13083 = VECTOR('',#13084,1.);
#13084 = DIRECTION('',(-1.,-0.));
#13085 = ( GEOMETRIC_REPRESENTATION_CONTEXT(2) 
PARAMETRIC_REPRESENTATION_CONTEXT() REPRESENTATION_CONTEXT('2D SPACE',''
  ) );
#13086 = FACE_BOUND('',#13087,.T.);
#13087 = EDGE_LOOP('',(#13088));
#13088 = ORIENTED_EDGE('',*,*,#13089,.T.);
#13089 = EDGE_CURVE('',#13090,#13090,#13092,.T.);
#13090 = VERTEX_POINT('',#13091);
#13091 = CARTESIAN_POINT('',(6.,6.,1.1));
#13092 = SURFACE_CURVE('',#13093,(#13098,#13109),.PCURVE_S1.);
#13093 = CIRCLE('',#13094,1.1);
#13094 = AXIS2_PLACEMENT_3D('',#13095,#13096,#13097);
#13095 = CARTESIAN_POINT('',(6.,6.,7.771561172376E-16));
#13096 = DIRECTION('',(-1.,0.,0.));
#13097 = DIRECTION('',(0.,0.,1.));
#13098 = PCURVE('',#12913,#13099);
#13099 = DEFINITIONAL_REPRESENTATION('',(#13100),#13108);
#13100 = ( BOUNDED_CURVE() B_SPLINE_CURVE(2,(#13101,#13102,#13103,#13104
    ,#13105,#13106,#13107),.UNSPECIFIED.,.T.,.F.) 
B_SPLINE_CURVE_WITH_KNOTS((1,2,2,2,2,1),(-2.094395102393,0.,
    2.094395102393,4.188790204786,6.28318530718,8.377580409573),
.UNSPECIFIED.) CURVE() GEOMETRIC_REPRESENTATION_ITEM() 
RATIONAL_B_SPLINE_CURVE((1.,0.5,1.,0.5,1.,0.5,1.)) REPRESENTATION_ITEM(
  '') );
#13101 = CARTESIAN_POINT('',(18.1,-15.));
#13102 = CARTESIAN_POINT('',(18.1,-16.90525588832));
#13103 = CARTESIAN_POINT('',(16.45,-15.95262794416));
#13104 = CARTESIAN_POINT('',(14.8,-15.));
#13105 = CARTESIAN_POINT('',(16.45,-14.04737205583));
#13106 = CARTESIAN_POINT('',(18.1,-13.09474411167));
#13107 = CARTESIAN_POINT('',(18.1,-15.));
#13108 = ( GEOMETRIC_REPRESENTATION_CONTEXT(2) 
PARAMETRIC_REPRESENTATION_CONTEXT() REPRESENTATION_CONTEXT('2D SPACE',''
  ) );
#13109 = PCURVE('',#13110,#13115);
#13110 = CYLINDRICAL_SURFACE('',#13111,1.1);
#13111 = AXIS2_PLACEMENT_3D('',#13112,#13113,#13114);
#13112 = CARTESIAN_POINT('',(2.9,6.,0.));
#13113 = DIRECTION('',(1.,0.,0.));
#13114 = DIRECTION('',(-0.,0.,1.));
#13115 = DEFINITIONAL_REPRESENTATION('',(#13116),#13120);
#13116 = LINE('',#13117,#13118);
#13117 = CARTESIAN_POINT('',(6.28318530718,3.1));
#13118 = VECTOR('',#13119,1.);
#13119 = DIRECTION('',(-1.,-0.));
#13120 = ( GEOMETRIC_REPRESENTATION_CONTEXT(2) 
PARAMETRIC_REPRESENTATION_CONTEXT() REPRESENTATION_CONTEXT('2D SPACE',''
  ) );
#13121 = FACE_BOUND('',#13122,.T.);
#13122 = EDGE_LOOP('',(#13123));
#13123 = ORIENTED_EDGE('',*,*,#13124,.F.);
#13124 = EDGE_CURVE('',#13125,#13125,#13127,.T.);
#13125 = VERTEX_POINT('',#13126);
#13126 = CARTESIAN_POINT('',(6.,2.694222958124E-16,-4.9));
#13127 = SURFACE_CURVE('',#13128,(#13133,#13140),.PCURVE_S1.);
#13128 = CIRCLE('',#13129,1.1);
#13129 = AXIS2_PLACEMENT_3D('',#13130,#13131,#13132);
#13130 = CARTESIAN_POINT('',(6.,0.,-6.));
#13131 = DIRECTION('',(1.,0.,0.));
#13132 = DIRECTION('',(-0.,0.,1.));
#13133 = PCURVE('',#12913,#13134);
#13134 = DEFINITIONAL_REPRESENTATION('',(#13135),#13139);
#13135 = CIRCLE('',#13136,1.1);
#13136 = AXIS2_PLACEMENT_2D('',#13137,#13138);
#13137 = CARTESIAN_POINT('',(11.,-9.));
#13138 = DIRECTION('',(1.,0.));
#13139 = ( GEOMETRIC_REPRESENTATION_CONTEXT(2) 
PARAMETRIC_REPRESENTATION_CONTEXT() REPRESENTATION_CONTEXT('2D SPACE',''
  ) );
#13140 = PCURVE('',#13141,#13146);
#13141 = CYLINDRICAL_SURFACE('',#13142,1.1);
#13142 = AXIS2_PLACEMENT_3D('',#13143,#13144,#13145);
#13143 = CARTESIAN_POINT('',(2.9,0.,-6.));
#13144 = DIRECTION('',(1.,0.,0.));
#13145 = DIRECTION('',(-0.,0.,1.));
#13146 = DEFINITIONAL_REPRESENTATION('',(#13147),#13151);
#13147 = LINE('',#13148,#13149);
#13148 = CARTESIAN_POINT('',(0.,3.1));
#13149 = VECTOR('',#13150,1.);
#13150 = DIRECTION('',(1.,0.));
#13151 = ( GEOMETRIC_REPRESENTATION_CONTEXT(2) 
PARAMETRIC_REPRESENTATION_CONTEXT() REPRESENTATION_CONTEXT('2D SPACE',''
  ) );
#13152 = FACE_BOUND('',#13153,.T.);
#13153 = EDGE_LOOP('',(#13154));
#13154 = ORIENTED_EDGE('',*,*,#13155,.F.);
#13155 = EDGE_CURVE('',#13156,#13156,#13158,.T.);
#13156 = VERTEX_POINT('',#13157);
#13157 = CARTESIAN_POINT('',(6.,2.694222958124E-16,7.1));
#13158 = SURFACE_CURVE('',#13159,(#13164,#13171),.PCURVE_S1.);
#13159 = CIRCLE('',#13160,1.1);
#13160 = AXIS2_PLACEMENT_3D('',#13161,#13162,#13163);
#13161 = CARTESIAN_POINT('',(6.,0.,6.));
#13162 = DIRECTION('',(1.,0.,0.));
#13163 = DIRECTION('',(-0.,0.,1.));
#13164 = PCURVE('',#12913,#13165);
#13165 = DEFINITIONAL_REPRESENTATION('',(#13166),#13170);
#13166 = CIRCLE('',#13167,1.1);
#13167 = AXIS2_PLACEMENT_2D('',#13168,#13169);
#13168 = CARTESIAN_POINT('',(23.,-9.));
#13169 = DIRECTION('',(1.,0.));
#13170 = ( GEOMETRIC_REPRESENTATION_CONTEXT(2) 
PARAMETRIC_REPRESENTATION_CONTEXT() REPRESENTATION_CONTEXT('2D SPACE',''
  ) );
#13171 = PCURVE('',#13172,#13177);
#13172 = CYLINDRICAL_SURFACE('',#13173,1.1);
#13173 = AXIS2_PLACEMENT_3D('',#13174,#13175,#13176);
#13174 = CARTESIAN_POINT('',(2.9,0.,6.));
#13175 = DIRECTION('',(1.,0.,0.));
#13176 = DIRECTION('',(-0.,0.,1.));
#13177 = DEFINITIONAL_REPRESENTATION('',(#13178),#13182);
#13178 = LINE('',#13179,#13180);
#13179 = CARTESIAN_POINT('',(0.,3.1));
#13180 = VECTOR('',#13181,1.);
#13181 = DIRECTION('',(1.,0.));
#13182 = ( GEOMETRIC_REPRESENTATION_CONTEXT(2) 
PARAMETRIC_REPRESENTATION_CONTEXT() REPRESENTATION_CONTEXT('2D SPACE',''
  ) );
#13183 = ADVANCED_FACE('',(#13184),#13172,.F.);
#13184 = FACE_BOUND('',#13185,.F.);
#13185 = EDGE_LOOP('',(#13186,#13187,#13210,#13232));
#13186 = ORIENTED_EDGE('',*,*,#13155,.F.);
#13187 = ORIENTED_EDGE('',*,*,#13188,.F.);
#13188 = EDGE_CURVE('',#13189,#13156,#13191,.T.);
#13189 = VERTEX_POINT('',#13190);
#13190 = CARTESIAN_POINT('',(3.,2.694222958124E-16,7.1));
#13191 = SEAM_CURVE('',#13192,(#13196,#13203),.PCURVE_S1.);
#13192 = LINE('',#13193,#13194);
#13193 = CARTESIAN_POINT('',(2.9,2.694222958124E-16,7.1));
#13194 = VECTOR('',#13195,1.);
#13195 = DIRECTION('',(1.,0.,0.));
#13196 = PCURVE('',#13172,#13197);
#13197 = DEFINITIONAL_REPRESENTATION('',(#13198),#13202);
#13198 = LINE('',#13199,#13200);
#13199 = CARTESIAN_POINT('',(0.,-0.));
#13200 = VECTOR('',#13201,1.);
#13201 = DIRECTION('',(0.,1.));
#13202 = ( GEOMETRIC_REPRESENTATION_CONTEXT(2) 
PARAMETRIC_REPRESENTATION_CONTEXT() REPRESENTATION_CONTEXT('2D SPACE',''
  ) );
#13203 = PCURVE('',#13172,#13204);
#13204 = DEFINITIONAL_REPRESENTATION('',(#13205),#13209);
#13205 = LINE('',#13206,#13207);
#13206 = CARTESIAN_POINT('',(6.28318530718,-0.));
#13207 = VECTOR('',#13208,1.);
#13208 = DIRECTION('',(0.,1.));
#13209 = ( GEOMETRIC_REPRESENTATION_CONTEXT(2) 
PARAMETRIC_REPRESENTATION_CONTEXT() REPRESENTATION_CONTEXT('2D SPACE',''
  ) );
#13210 = ORIENTED_EDGE('',*,*,#13211,.T.);
#13211 = EDGE_CURVE('',#13189,#13189,#13212,.T.);
#13212 = SURFACE_CURVE('',#13213,(#13218,#13225),.PCURVE_S1.);
#13213 = CIRCLE('',#13214,1.1);
#13214 = AXIS2_PLACEMENT_3D('',#13215,#13216,#13217);
#13215 = CARTESIAN_POINT('',(3.,0.,6.));
#13216 = DIRECTION('',(1.,0.,0.));
#13217 = DIRECTION('',(-0.,0.,1.));
#13218 = PCURVE('',#13172,#13219);
#13219 = DEFINITIONAL_REPRESENTATION('',(#13220),#13224);
#13220 = LINE('',#13221,#13222);
#13221 = CARTESIAN_POINT('',(0.,0.1));
#13222 = VECTOR('',#13223,1.);
#13223 = DIRECTION('',(1.,0.));
#13224 = ( GEOMETRIC_REPRESENTATION_CONTEXT(2) 
PARAMETRIC_REPRESENTATION_CONTEXT() REPRESENTATION_CONTEXT('2D SPACE',''
  ) );
#13225 = PCURVE('',#12859,#13226);
#13226 = DEFINITIONAL_REPRESENTATION('',(#13227),#13231);
#13227 = CIRCLE('',#13228,1.1);
#13228 = AXIS2_PLACEMENT_2D('',#13229,#13230);
#13229 = CARTESIAN_POINT('',(23.,-9.));
#13230 = DIRECTION('',(1.,0.));
#13231 = ( GEOMETRIC_REPRESENTATION_CONTEXT(2) 
PARAMETRIC_REPRESENTATION_CONTEXT() REPRESENTATION_CONTEXT('2D SPACE',''
  ) );
#13232 = ORIENTED_EDGE('',*,*,#13188,.T.);
#13233 = ADVANCED_FACE('',(#13234),#13141,.F.);
#13234 = FACE_BOUND('',#13235,.F.);
#13235 = EDGE_LOOP('',(#13236,#13237,#13260,#13282));
#13236 = ORIENTED_EDGE('',*,*,#13124,.F.);
#13237 = ORIENTED_EDGE('',*,*,#13238,.F.);
#13238 = EDGE_CURVE('',#13239,#13125,#13241,.T.);
#13239 = VERTEX_POINT('',#13240);
#13240 = CARTESIAN_POINT('',(3.,2.694222958124E-16,-4.9));
#13241 = SEAM_CURVE('',#13242,(#13246,#13253),.PCURVE_S1.);
#13242 = LINE('',#13243,#13244);
#13243 = CARTESIAN_POINT('',(2.9,2.694222958124E-16,-4.9));
#13244 = VECTOR('',#13245,1.);
#13245 = DIRECTION('',(1.,0.,0.));
#13246 = PCURVE('',#13141,#13247);
#13247 = DEFINITIONAL_REPRESENTATION('',(#13248),#13252);
#13248 = LINE('',#13249,#13250);
#13249 = CARTESIAN_POINT('',(0.,-0.));
#13250 = VECTOR('',#13251,1.);
#13251 = DIRECTION('',(0.,1.));
#13252 = ( GEOMETRIC_REPRESENTATION_CONTEXT(2) 
PARAMETRIC_REPRESENTATION_CONTEXT() REPRESENTATION_CONTEXT('2D SPACE',''
  ) );
#13253 = PCURVE('',#13141,#13254);
#13254 = DEFINITIONAL_REPRESENTATION('',(#13255),#13259);
#13255 = LINE('',#13256,#13257);
#13256 = CARTESIAN_POINT('',(6.28318530718,-0.));
#13257 = VECTOR('',#13258,1.);
#13258 = DIRECTION('',(0.,1.));
#13259 = ( GEOMETRIC_REPRESENTATION_CONTEXT(2) 
PARAMETRIC_REPRESENTATION_CONTEXT() REPRESENTATION_CONTEXT('2D SPACE',''
  ) );
#13260 = ORIENTED_EDGE('',*,*,#13261,.T.);
#13261 = EDGE_CURVE('',#13239,#13239,#13262,.T.);
#13262 = SURFACE_CURVE('',#13263,(#13268,#13275),.PCURVE_S1.);
#13263 = CIRCLE('',#13264,1.1);
#13264 = AXIS2_PLACEMENT_3D('',#13265,#13266,#13267);
#13265 = CARTESIAN_POINT('',(3.,0.,-6.));
#13266 = DIRECTION('',(1.,0.,0.));
#13267 = DIRECTION('',(-0.,0.,1.));
#13268 = PCURVE('',#13141,#13269);
#13269 = DEFINITIONAL_REPRESENTATION('',(#13270),#13274);
#13270 = LINE('',#13271,#13272);
#13271 = CARTESIAN_POINT('',(0.,0.1));
#13272 = VECTOR('',#13273,1.);
#13273 = DIRECTION('',(1.,0.));
#13274 = ( GEOMETRIC_REPRESENTATION_CONTEXT(2) 
PARAMETRIC_REPRESENTATION_CONTEXT() REPRESENTATION_CONTEXT('2D SPACE',''
  ) );
#13275 = PCURVE('',#12859,#13276);
#13276 = DEFINITIONAL_REPRESENTATION('',(#13277),#13281);
#13277 = CIRCLE('',#13278,1.1);
#13278 = AXIS2_PLACEMENT_2D('',#13279,#13280);
#13279 = CARTESIAN_POINT('',(11.,-9.));
#13280 = DIRECTION('',(1.,0.));
#13281 = ( GEOMETRIC_REPRESENTATION_CONTEXT(2) 
PARAMETRIC_REPRESENTATION_CONTEXT() REPRESENTATION_CONTEXT('2D SPACE',''
  ) );
#13282 = ORIENTED_EDGE('',*,*,#13238,.T.);
#13283 = ADVANCED_FACE('',(#13284),#13110,.F.);
#13284 = FACE_BOUND('',#13285,.F.);
#13285 = EDGE_LOOP('',(#13286,#13287,#13310,#13332));
#13286 = ORIENTED_EDGE('',*,*,#13089,.T.);
#13287 = ORIENTED_EDGE('',*,*,#13288,.F.);
#13288 = EDGE_CURVE('',#13289,#13090,#13291,.T.);
#13289 = VERTEX_POINT('',#13290);
#13290 = CARTESIAN_POINT('',(3.,6.,1.1));
#13291 = SEAM_CURVE('',#13292,(#13296,#13303),.PCURVE_S1.);
#13292 = LINE('',#13293,#13294);
#13293 = CARTESIAN_POINT('',(2.9,6.,1.1));
#13294 = VECTOR('',#13295,1.);
#13295 = DIRECTION('',(1.,0.,0.));
#13296 = PCURVE('',#13110,#13297);
#13297 = DEFINITIONAL_REPRESENTATION('',(#13298),#13302);
#13298 = LINE('',#13299,#13300);
#13299 = CARTESIAN_POINT('',(0.,-0.));
#13300 = VECTOR('',#13301,1.);
#13301 = DIRECTION('',(0.,1.));
#13302 = ( GEOMETRIC_REPRESENTATION_CONTEXT(2) 
PARAMETRIC_REPRESENTATION_CONTEXT() REPRESENTATION_CONTEXT('2D SPACE',''
  ) );
#13303 = PCURVE('',#13110,#13304);
#13304 = DEFINITIONAL_REPRESENTATION('',(#13305),#13309);
#13305 = LINE('',#13306,#13307);
#13306 = CARTESIAN_POINT('',(6.28318530718,-0.));
#13307 = VECTOR('',#13308,1.);
#13308 = DIRECTION('',(0.,1.));
#13309 = ( GEOMETRIC_REPRESENTATION_CONTEXT(2) 
PARAMETRIC_REPRESENTATION_CONTEXT() REPRESENTATION_CONTEXT('2D SPACE',''
  ) );
#13310 = ORIENTED_EDGE('',*,*,#13311,.T.);
#13311 = EDGE_CURVE('',#13289,#13289,#13312,.T.);
#13312 = SURFACE_CURVE('',#13313,(#13318,#13325),.PCURVE_S1.);
#13313 = CIRCLE('',#13314,1.1);
#13314 = AXIS2_PLACEMENT_3D('',#13315,#13316,#13317);
#13315 = CARTESIAN_POINT('',(3.,6.,0.));
#13316 = DIRECTION('',(1.,0.,0.));
#13317 = DIRECTION('',(-0.,0.,1.));
#13318 = PCURVE('',#13110,#13319);
#13319 = DEFINITIONAL_REPRESENTATION('',(#13320),#13324);
#13320 = LINE('',#13321,#13322);
#13321 = CARTESIAN_POINT('',(0.,0.1));
#13322 = VECTOR('',#13323,1.);
#13323 = DIRECTION('',(1.,0.));
#13324 = ( GEOMETRIC_REPRESENTATION_CONTEXT(2) 
PARAMETRIC_REPRESENTATION_CONTEXT() REPRESENTATION_CONTEXT('2D SPACE',''
  ) );
#13325 = PCURVE('',#12859,#13326);
#13326 = DEFINITIONAL_REPRESENTATION('',(#13327),#13331);
#13327 = CIRCLE('',#13328,1.1);
#13328 = AXIS2_PLACEMENT_2D('',#13329,#13330);
#13329 = CARTESIAN_POINT('',(17.,-15.));
#13330 = DIRECTION('',(1.,0.));
#13331 = ( GEOMETRIC_REPRESENTATION_CONTEXT(2) 
PARAMETRIC_REPRESENTATION_CONTEXT() REPRESENTATION_CONTEXT('2D SPACE',''
  ) );
#13332 = ORIENTED_EDGE('',*,*,#13288,.T.);
#13333 = ADVANCED_FACE('',(#13334),#13075,.F.);
#13334 = FACE_BOUND('',#13335,.F.);
#13335 = EDGE_LOOP('',(#13336,#13337,#13360,#13382));
#13336 = ORIENTED_EDGE('',*,*,#13054,.T.);
#13337 = ORIENTED_EDGE('',*,*,#13338,.F.);
#13338 = EDGE_CURVE('',#13339,#13055,#13341,.T.);
#13339 = VERTEX_POINT('',#13340);
#13340 = CARTESIAN_POINT('',(3.,7.592810154714E-16,3.1));
#13341 = SEAM_CURVE('',#13342,(#13346,#13353),.PCURVE_S1.);
#13342 = LINE('',#13343,#13344);
#13343 = CARTESIAN_POINT('',(2.9,7.592810154714E-16,3.1));
#13344 = VECTOR('',#13345,1.);
#13345 = DIRECTION('',(1.,0.,0.));
#13346 = PCURVE('',#13075,#13347);
#13347 = DEFINITIONAL_REPRESENTATION('',(#13348),#13352);
#13348 = LINE('',#13349,#13350);
#13349 = CARTESIAN_POINT('',(0.,-0.));
#13350 = VECTOR('',#13351,1.);
#13351 = DIRECTION('',(0.,1.));
#13352 = ( GEOMETRIC_REPRESENTATION_CONTEXT(2) 
PARAMETRIC_REPRESENTATION_CONTEXT() REPRESENTATION_CONTEXT('2D SPACE',''
  ) );
#13353 = PCURVE('',#13075,#13354);
#13354 = DEFINITIONAL_REPRESENTATION('',(#13355),#13359);
#13355 = LINE('',#13356,#13357);
#13356 = CARTESIAN_POINT('',(6.28318530718,-0.));
#13357 = VECTOR('',#13358,1.);
#13358 = DIRECTION('',(0.,1.));
#13359 = ( GEOMETRIC_REPRESENTATION_CONTEXT(2) 
PARAMETRIC_REPRESENTATION_CONTEXT() REPRESENTATION_CONTEXT('2D SPACE',''
  ) );
#13360 = ORIENTED_EDGE('',*,*,#13361,.T.);
#13361 = EDGE_CURVE('',#13339,#13339,#13362,.T.);
#13362 = SURFACE_CURVE('',#13363,(#13368,#13375),.PCURVE_S1.);
#13363 = CIRCLE('',#13364,3.1);
#13364 = AXIS2_PLACEMENT_3D('',#13365,#13366,#13367);
#13365 = CARTESIAN_POINT('',(3.,0.,0.));
#13366 = DIRECTION('',(1.,0.,0.));
#13367 = DIRECTION('',(-0.,0.,1.));
#13368 = PCURVE('',#13075,#13369);
#13369 = DEFINITIONAL_REPRESENTATION('',(#13370),#13374);
#13370 = LINE('',#13371,#13372);
#13371 = CARTESIAN_POINT('',(0.,0.1));
#13372 = VECTOR('',#13373,1.);
#13373 = DIRECTION('',(1.,0.));
#13374 = ( GEOMETRIC_REPRESENTATION_CONTEXT(2) 
PARAMETRIC_REPRESENTATION_CONTEXT() REPRESENTATION_CONTEXT('2D SPACE',''
  ) );
#13375 = PCURVE('',#12859,#13376);
#13376 = DEFINITIONAL_REPRESENTATION('',(#13377),#13381);
#13377 = CIRCLE('',#13378,3.1);
#13378 = AXIS2_PLACEMENT_2D('',#13379,#13380);
#13379 = CARTESIAN_POINT('',(17.,-9.));
#13380 = DIRECTION('',(1.,0.));
#13381 = ( GEOMETRIC_REPRESENTATION_CONTEXT(2) 
PARAMETRIC_REPRESENTATION_CONTEXT() REPRESENTATION_CONTEXT('2D SPACE',''
  ) );
#13382 = ORIENTED_EDGE('',*,*,#13338,.T.);
#13383 = ADVANCED_FACE('',(#13384),#13040,.F.);
#13384 = FACE_BOUND('',#13385,.F.);
#13385 = EDGE_LOOP('',(#13386,#13387,#13410,#13432));
#13386 = ORIENTED_EDGE('',*,*,#13019,.T.);
#13387 = ORIENTED_EDGE('',*,*,#13388,.F.);
#13388 = EDGE_CURVE('',#13389,#13020,#13391,.T.);
#13389 = VERTEX_POINT('',#13390);
#13390 = CARTESIAN_POINT('',(3.,-6.,1.1));
#13391 = SEAM_CURVE('',#13392,(#13396,#13403),.PCURVE_S1.);
#13392 = LINE('',#13393,#13394);
#13393 = CARTESIAN_POINT('',(2.9,-6.,1.1));
#13394 = VECTOR('',#13395,1.);
#13395 = DIRECTION('',(1.,0.,0.));
#13396 = PCURVE('',#13040,#13397);
#13397 = DEFINITIONAL_REPRESENTATION('',(#13398),#13402);
#13398 = LINE('',#13399,#13400);
#13399 = CARTESIAN_POINT('',(0.,-0.));
#13400 = VECTOR('',#13401,1.);
#13401 = DIRECTION('',(0.,1.));
#13402 = ( GEOMETRIC_REPRESENTATION_CONTEXT(2) 
PARAMETRIC_REPRESENTATION_CONTEXT() REPRESENTATION_CONTEXT('2D SPACE',''
  ) );
#13403 = PCURVE('',#13040,#13404);
#13404 = DEFINITIONAL_REPRESENTATION('',(#13405),#13409);
#13405 = LINE('',#13406,#13407);
#13406 = CARTESIAN_POINT('',(6.28318530718,-0.));
#13407 = VECTOR('',#13408,1.);
#13408 = DIRECTION('',(0.,1.));
#13409 = ( GEOMETRIC_REPRESENTATION_CONTEXT(2) 
PARAMETRIC_REPRESENTATION_CONTEXT() REPRESENTATION_CONTEXT('2D SPACE',''
  ) );
#13410 = ORIENTED_EDGE('',*,*,#13411,.T.);
#13411 = EDGE_CURVE('',#13389,#13389,#13412,.T.);
#13412 = SURFACE_CURVE('',#13413,(#13418,#13425),.PCURVE_S1.);
#13413 = CIRCLE('',#13414,1.1);
#13414 = AXIS2_PLACEMENT_3D('',#13415,#13416,#13417);
#13415 = CARTESIAN_POINT('',(3.,-6.,0.));
#13416 = DIRECTION('',(1.,0.,0.));
#13417 = DIRECTION('',(-0.,0.,1.));
#13418 = PCURVE('',#13040,#13419);
#13419 = DEFINITIONAL_REPRESENTATION('',(#13420),#13424);
#13420 = LINE('',#13421,#13422);
#13421 = CARTESIAN_POINT('',(0.,0.1));
#13422 = VECTOR('',#13423,1.);
#13423 = DIRECTION('',(1.,0.));
#13424 = ( GEOMETRIC_REPRESENTATION_CONTEXT(2) 
PARAMETRIC_REPRESENTATION_CONTEXT() REPRESENTATION_CONTEXT('2D SPACE',''
  ) );
#13425 = PCURVE('',#12859,#13426);
#13426 = DEFINITIONAL_REPRESENTATION('',(#13427),#13431);
#13427 = CIRCLE('',#13428,1.1);
#13428 = AXIS2_PLACEMENT_2D('',#13429,#13430);
#13429 = CARTESIAN_POINT('',(17.,-3.));
#13430 = DIRECTION('',(1.,0.));
#13431 = ( GEOMETRIC_REPRESENTATION_CONTEXT(2) 
PARAMETRIC_REPRESENTATION_CONTEXT() REPRESENTATION_CONTEXT('2D SPACE',''
  ) );
#13432 = ORIENTED_EDGE('',*,*,#13388,.T.);
#13433 = ADVANCED_FACE('',(#13434),#13005,.T.);
#13434 = FACE_BOUND('',#13435,.T.);
#13435 = EDGE_LOOP('',(#13436,#13437,#13459,#13487));
#13436 = ORIENTED_EDGE('',*,*,#12990,.F.);
#13437 = ORIENTED_EDGE('',*,*,#13438,.F.);
#13438 = EDGE_CURVE('',#13439,#12968,#13441,.T.);
#13439 = VERTEX_POINT('',#13440);
#13440 = CARTESIAN_POINT('',(3.,9.,-4.8));
#13441 = SURFACE_CURVE('',#13442,(#13446,#13452),.PCURVE_S1.);
#13442 = LINE('',#13443,#13444);
#13443 = CARTESIAN_POINT('',(3.,9.,-4.8));
#13444 = VECTOR('',#13445,1.);
#13445 = DIRECTION('',(1.,0.,0.));
#13446 = PCURVE('',#13005,#13447);
#13447 = DEFINITIONAL_REPRESENTATION('',(#13448),#13451);
#13448 = B_SPLINE_CURVE_WITH_KNOTS('',1,(#13449,#13450),.UNSPECIFIED.,
  .F.,.F.,(2,2),(0.,3.),.PIECEWISE_BEZIER_KNOTS.);
#13449 = CARTESIAN_POINT('',(4.222431654131,0.));
#13450 = CARTESIAN_POINT('',(4.222431654131,3.));
#13451 = ( GEOMETRIC_REPRESENTATION_CONTEXT(2) 
PARAMETRIC_REPRESENTATION_CONTEXT() REPRESENTATION_CONTEXT('2D SPACE',''
  ) );
#13452 = PCURVE('',#12887,#13453);
#13453 = DEFINITIONAL_REPRESENTATION('',(#13454),#13458);
#13454 = LINE('',#13455,#13456);
#13455 = CARTESIAN_POINT('',(12.2,0.));
#13456 = VECTOR('',#13457,1.);
#13457 = DIRECTION('',(0.,1.));
#13458 = ( GEOMETRIC_REPRESENTATION_CONTEXT(2) 
PARAMETRIC_REPRESENTATION_CONTEXT() REPRESENTATION_CONTEXT('2D SPACE',''
  ) );
#13459 = ORIENTED_EDGE('',*,*,#13460,.F.);
#13460 = EDGE_CURVE('',#13461,#13439,#13463,.T.);
#13461 = VERTEX_POINT('',#13462);
#13462 = CARTESIAN_POINT('',(3.,-9.,-4.8));
#13463 = SURFACE_CURVE('',#13464,(#13469,#13476),.PCURVE_S1.);
#13464 = CIRCLE('',#13465,10.2);
#13465 = AXIS2_PLACEMENT_3D('',#13466,#13467,#13468);
#13466 = CARTESIAN_POINT('',(3.,0.,0.));
#13467 = DIRECTION('',(-1.,-0.,0.));
#13468 = DIRECTION('',(0.,-0.882352941176,-0.470588235294));
#13469 = PCURVE('',#13005,#13470);
#13470 = DEFINITIONAL_REPRESENTATION('',(#13471),#13475);
#13471 = LINE('',#13472,#13473);
#13472 = CARTESIAN_POINT('',(8.343938960228,0.));
#13473 = VECTOR('',#13474,1.);
#13474 = DIRECTION('',(-1.,-0.));
#13475 = ( GEOMETRIC_REPRESENTATION_CONTEXT(2) 
PARAMETRIC_REPRESENTATION_CONTEXT() REPRESENTATION_CONTEXT('2D SPACE',''
  ) );
#13476 = PCURVE('',#12859,#13477);
#13477 = DEFINITIONAL_REPRESENTATION('',(#13478),#13486);
#13478 = ( BOUNDED_CURVE() B_SPLINE_CURVE(2,(#13479,#13480,#13481,#13482
    ,#13483,#13484,#13485),.UNSPECIFIED.,.T.,.F.) 
B_SPLINE_CURVE_WITH_KNOTS((1,2,2,2,2,1),(-2.094395102393,0.,
    2.094395102393,4.188790204786,6.28318530718,8.377580409573),
.UNSPECIFIED.) CURVE() GEOMETRIC_REPRESENTATION_ITEM() 
RATIONAL_B_SPLINE_CURVE((1.,0.5,1.,0.5,1.,0.5,1.)) REPRESENTATION_ITEM(
  '') );
#13479 = CARTESIAN_POINT('',(12.199999999999,-5.631051180899E-13));
#13480 = CARTESIAN_POINT('',(27.788457268118,8.313843876332));
#13481 = CARTESIAN_POINT('',(27.19422863406,-9.343078061833));
#13482 = CARTESIAN_POINT('',(26.600000000002,-26.99999999999));
#13483 = CARTESIAN_POINT('',(11.605771365941,-17.65692193816));
#13484 = CARTESIAN_POINT('',(-3.38845726812,-8.313843876333));
#13485 = CARTESIAN_POINT('',(12.199999999999,-5.631051180899E-13));
#13486 = ( GEOMETRIC_REPRESENTATION_CONTEXT(2) 
PARAMETRIC_REPRESENTATION_CONTEXT() REPRESENTATION_CONTEXT('2D SPACE',''
  ) );
#13487 = ORIENTED_EDGE('',*,*,#13488,.T.);
#13488 = EDGE_CURVE('',#13461,#12944,#13489,.T.);
#13489 = SURFACE_CURVE('',#13490,(#13494,#13500),.PCURVE_S1.);
#13490 = LINE('',#13491,#13492);
#13491 = CARTESIAN_POINT('',(3.,-9.,-4.8));
#13492 = VECTOR('',#13493,1.);
#13493 = DIRECTION('',(1.,0.,0.));
#13494 = PCURVE('',#13005,#13495);
#13495 = DEFINITIONAL_REPRESENTATION('',(#13496),#13499);
#13496 = B_SPLINE_CURVE_WITH_KNOTS('',1,(#13497,#13498),.UNSPECIFIED.,
  .F.,.F.,(2,2),(0.,3.),.PIECEWISE_BEZIER_KNOTS.);
#13497 = CARTESIAN_POINT('',(8.343938960228,0.));
#13498 = CARTESIAN_POINT('',(8.343938960228,3.));
#13499 = ( GEOMETRIC_REPRESENTATION_CONTEXT(2) 
PARAMETRIC_REPRESENTATION_CONTEXT() REPRESENTATION_CONTEXT('2D SPACE',''
  ) );
#13500 = PCURVE('',#12831,#13501);
#13501 = DEFINITIONAL_REPRESENTATION('',(#13502),#13506);
#13502 = LINE('',#13503,#13504);
#13503 = CARTESIAN_POINT('',(12.2,0.));
#13504 = VECTOR('',#13505,1.);
#13505 = DIRECTION('',(0.,1.));
#13506 = ( GEOMETRIC_REPRESENTATION_CONTEXT(2) 
PARAMETRIC_REPRESENTATION_CONTEXT() REPRESENTATION_CONTEXT('2D SPACE',''
  ) );
#13507 = ADVANCED_FACE('',(#13508),#12887,.T.);
#13508 = FACE_BOUND('',#13509,.T.);
#13509 = EDGE_LOOP('',(#13510,#13511,#13512,#13533));
#13510 = ORIENTED_EDGE('',*,*,#12967,.F.);
#13511 = ORIENTED_EDGE('',*,*,#12871,.F.);
#13512 = ORIENTED_EDGE('',*,*,#13513,.T.);
#13513 = EDGE_CURVE('',#12844,#13439,#13514,.T.);
#13514 = SURFACE_CURVE('',#13515,(#13519,#13526),.PCURVE_S1.);
#13515 = LINE('',#13516,#13517);
#13516 = CARTESIAN_POINT('',(3.,9.,-17.));
#13517 = VECTOR('',#13518,1.);
#13518 = DIRECTION('',(0.,0.,1.));
#13519 = PCURVE('',#12887,#13520);
#13520 = DEFINITIONAL_REPRESENTATION('',(#13521),#13525);
#13521 = LINE('',#13522,#13523);
#13522 = CARTESIAN_POINT('',(0.,0.));
#13523 = VECTOR('',#13524,1.);
#13524 = DIRECTION('',(1.,0.));
#13525 = ( GEOMETRIC_REPRESENTATION_CONTEXT(2) 
PARAMETRIC_REPRESENTATION_CONTEXT() REPRESENTATION_CONTEXT('2D SPACE',''
  ) );
#13526 = PCURVE('',#12859,#13527);
#13527 = DEFINITIONAL_REPRESENTATION('',(#13528),#13532);
#13528 = LINE('',#13529,#13530);
#13529 = CARTESIAN_POINT('',(0.,-18.));
#13530 = VECTOR('',#13531,1.);
#13531 = DIRECTION('',(1.,0.));
#13532 = ( GEOMETRIC_REPRESENTATION_CONTEXT(2) 
PARAMETRIC_REPRESENTATION_CONTEXT() REPRESENTATION_CONTEXT('2D SPACE',''
  ) );
#13533 = ORIENTED_EDGE('',*,*,#13438,.T.);
#13534 = ADVANCED_FACE('',(#13535,#13561,#13564,#13567,#13570,#13573),
  #12859,.F.);
#13535 = FACE_BOUND('',#13536,.F.);
#13536 = EDGE_LOOP('',(#13537,#13558,#13559,#13560));
#13537 = ORIENTED_EDGE('',*,*,#13538,.F.);
#13538 = EDGE_CURVE('',#12816,#13461,#13539,.T.);
#13539 = SURFACE_CURVE('',#13540,(#13544,#13551),.PCURVE_S1.);
#13540 = LINE('',#13541,#13542);
#13541 = CARTESIAN_POINT('',(3.,-9.,-17.));
#13542 = VECTOR('',#13543,1.);
#13543 = DIRECTION('',(0.,0.,1.));
#13544 = PCURVE('',#12859,#13545);
#13545 = DEFINITIONAL_REPRESENTATION('',(#13546),#13550);
#13546 = LINE('',#13547,#13548);
#13547 = CARTESIAN_POINT('',(0.,0.));
#13548 = VECTOR('',#13549,1.);
#13549 = DIRECTION('',(1.,0.));
#13550 = ( GEOMETRIC_REPRESENTATION_CONTEXT(2) 
PARAMETRIC_REPRESENTATION_CONTEXT() REPRESENTATION_CONTEXT('2D SPACE',''
  ) );
#13551 = PCURVE('',#12831,#13552);
#13552 = DEFINITIONAL_REPRESENTATION('',(#13553),#13557);
#13553 = LINE('',#13554,#13555);
#13554 = CARTESIAN_POINT('',(0.,0.));
#13555 = VECTOR('',#13556,1.);
#13556 = DIRECTION('',(1.,0.));
#13557 = ( GEOMETRIC_REPRESENTATION_CONTEXT(2) 
PARAMETRIC_REPRESENTATION_CONTEXT() REPRESENTATION_CONTEXT('2D SPACE',''
  ) );
#13558 = ORIENTED_EDGE('',*,*,#12843,.T.);
#13559 = ORIENTED_EDGE('',*,*,#13513,.T.);
#13560 = ORIENTED_EDGE('',*,*,#13460,.F.);
#13561 = FACE_BOUND('',#13562,.F.);
#13562 = EDGE_LOOP('',(#13563));
#13563 = ORIENTED_EDGE('',*,*,#13411,.F.);
#13564 = FACE_BOUND('',#13565,.F.);
#13565 = EDGE_LOOP('',(#13566));
#13566 = ORIENTED_EDGE('',*,*,#13361,.F.);
#13567 = FACE_BOUND('',#13568,.F.);
#13568 = EDGE_LOOP('',(#13569));
#13569 = ORIENTED_EDGE('',*,*,#13311,.F.);
#13570 = FACE_BOUND('',#13571,.F.);
#13571 = EDGE_LOOP('',(#13572));
#13572 = ORIENTED_EDGE('',*,*,#13261,.F.);
#13573 = FACE_BOUND('',#13574,.F.);
#13574 = EDGE_LOOP('',(#13575));
#13575 = ORIENTED_EDGE('',*,*,#13211,.F.);
#13576 = ADVANCED_FACE('',(#13577),#12831,.F.);
#13577 = FACE_BOUND('',#13578,.F.);
#13578 = EDGE_LOOP('',(#13579,#13580,#13581,#13582));
#13579 = ORIENTED_EDGE('',*,*,#12943,.F.);
#13580 = ORIENTED_EDGE('',*,*,#12813,.T.);
#13581 = ORIENTED_EDGE('',*,*,#13538,.T.);
#13582 = ORIENTED_EDGE('',*,*,#13488,.T.);
#13583 = ADVANCED_FACE('',(#13584,#13664,#13695,#13726,#13757,#13788),
  #12790,.F.);
#13584 = FACE_BOUND('',#13585,.F.);
#13585 = EDGE_LOOP('',(#13586,#13609,#13610,#13633));
#13586 = ORIENTED_EDGE('',*,*,#13587,.F.);
#13587 = EDGE_CURVE('',#12749,#13588,#13590,.T.);
#13588 = VERTEX_POINT('',#13589);
#13589 = CARTESIAN_POINT('',(-29.,-9.,-4.8));
#13590 = SURFACE_CURVE('',#13591,(#13595,#13602),.PCURVE_S1.);
#13591 = LINE('',#13592,#13593);
#13592 = CARTESIAN_POINT('',(-29.,-9.,-17.));
#13593 = VECTOR('',#13594,1.);
#13594 = DIRECTION('',(0.,0.,1.));
#13595 = PCURVE('',#12790,#13596);
#13596 = DEFINITIONAL_REPRESENTATION('',(#13597),#13601);
#13597 = LINE('',#13598,#13599);
#13598 = CARTESIAN_POINT('',(0.,0.));
#13599 = VECTOR('',#13600,1.);
#13600 = DIRECTION('',(1.,0.));
#13601 = ( GEOMETRIC_REPRESENTATION_CONTEXT(2) 
PARAMETRIC_REPRESENTATION_CONTEXT() REPRESENTATION_CONTEXT('2D SPACE',''
  ) );
#13602 = PCURVE('',#12764,#13603);
#13603 = DEFINITIONAL_REPRESENTATION('',(#13604),#13608);
#13604 = LINE('',#13605,#13606);
#13605 = CARTESIAN_POINT('',(0.,0.));
#13606 = VECTOR('',#13607,1.);
#13607 = DIRECTION('',(1.,0.));
#13608 = ( GEOMETRIC_REPRESENTATION_CONTEXT(2) 
PARAMETRIC_REPRESENTATION_CONTEXT() REPRESENTATION_CONTEXT('2D SPACE',''
  ) );
#13609 = ORIENTED_EDGE('',*,*,#12776,.T.);
#13610 = ORIENTED_EDGE('',*,*,#13611,.T.);
#13611 = EDGE_CURVE('',#12693,#13612,#13614,.T.);
#13612 = VERTEX_POINT('',#13613);
#13613 = CARTESIAN_POINT('',(-29.,9.,-4.8));
#13614 = SURFACE_CURVE('',#13615,(#13619,#13626),.PCURVE_S1.);
#13615 = LINE('',#13616,#13617);
#13616 = CARTESIAN_POINT('',(-29.,9.,-17.));
#13617 = VECTOR('',#13618,1.);
#13618 = DIRECTION('',(0.,0.,1.));
#13619 = PCURVE('',#12790,#13620);
#13620 = DEFINITIONAL_REPRESENTATION('',(#13621),#13625);
#13621 = LINE('',#13622,#13623);
#13622 = CARTESIAN_POINT('',(0.,-18.));
#13623 = VECTOR('',#13624,1.);
#13624 = DIRECTION('',(1.,0.));
#13625 = ( GEOMETRIC_REPRESENTATION_CONTEXT(2) 
PARAMETRIC_REPRESENTATION_CONTEXT() REPRESENTATION_CONTEXT('2D SPACE',''
  ) );
#13626 = PCURVE('',#12708,#13627);
#13627 = DEFINITIONAL_REPRESENTATION('',(#13628),#13632);
#13628 = LINE('',#13629,#13630);
#13629 = CARTESIAN_POINT('',(0.,0.));
#13630 = VECTOR('',#13631,1.);
#13631 = DIRECTION('',(1.,0.));
#13632 = ( GEOMETRIC_REPRESENTATION_CONTEXT(2) 
PARAMETRIC_REPRESENTATION_CONTEXT() REPRESENTATION_CONTEXT('2D SPACE',''
  ) );
#13633 = ORIENTED_EDGE('',*,*,#13634,.F.);
#13634 = EDGE_CURVE('',#13588,#13612,#13635,.T.);
#13635 = SURFACE_CURVE('',#13636,(#13641,#13652),.PCURVE_S1.);
#13636 = CIRCLE('',#13637,10.2);
#13637 = AXIS2_PLACEMENT_3D('',#13638,#13639,#13640);
#13638 = CARTESIAN_POINT('',(-29.,0.,0.));
#13639 = DIRECTION('',(-1.,-0.,0.));
#13640 = DIRECTION('',(0.,-0.882352941176,-0.470588235294));
#13641 = PCURVE('',#12790,#13642);
#13642 = DEFINITIONAL_REPRESENTATION('',(#13643),#13651);
#13643 = ( BOUNDED_CURVE() B_SPLINE_CURVE(2,(#13644,#13645,#13646,#13647
    ,#13648,#13649,#13650),.UNSPECIFIED.,.T.,.F.) 
B_SPLINE_CURVE_WITH_KNOTS((1,2,2,2,2,1),(-2.094395102393,0.,
    2.094395102393,4.188790204786,6.28318530718,8.377580409573),
.UNSPECIFIED.) CURVE() GEOMETRIC_REPRESENTATION_ITEM() 
RATIONAL_B_SPLINE_CURVE((1.,0.5,1.,0.5,1.,0.5,1.)) REPRESENTATION_ITEM(
  '') );
#13644 = CARTESIAN_POINT('',(12.199999999999,-5.631051180899E-13));
#13645 = CARTESIAN_POINT('',(27.788457268118,8.313843876332));
#13646 = CARTESIAN_POINT('',(27.19422863406,-9.343078061833));
#13647 = CARTESIAN_POINT('',(26.600000000002,-26.99999999999));
#13648 = CARTESIAN_POINT('',(11.605771365941,-17.65692193816));
#13649 = CARTESIAN_POINT('',(-3.38845726812,-8.313843876333));
#13650 = CARTESIAN_POINT('',(12.199999999999,-5.631051180899E-13));
#13651 = ( GEOMETRIC_REPRESENTATION_CONTEXT(2) 
PARAMETRIC_REPRESENTATION_CONTEXT() REPRESENTATION_CONTEXT('2D SPACE',''
  ) );
#13652 = PCURVE('',#13653,#13658);
#13653 = CYLINDRICAL_SURFACE('',#13654,10.2);
#13654 = AXIS2_PLACEMENT_3D('',#13655,#13656,#13657);
#13655 = CARTESIAN_POINT('',(-29.,0.,0.));
#13656 = DIRECTION('',(1.,0.,0.));
#13657 = DIRECTION('',(-0.,0.,1.));
#13658 = DEFINITIONAL_REPRESENTATION('',(#13659),#13663);
#13659 = LINE('',#13660,#13661);
#13660 = CARTESIAN_POINT('',(8.343938960228,0.));
#13661 = VECTOR('',#13662,1.);
#13662 = DIRECTION('',(-1.,-0.));
#13663 = ( GEOMETRIC_REPRESENTATION_CONTEXT(2) 
PARAMETRIC_REPRESENTATION_CONTEXT() REPRESENTATION_CONTEXT('2D SPACE',''
  ) );
#13664 = FACE_BOUND('',#13665,.F.);
#13665 = EDGE_LOOP('',(#13666));
#13666 = ORIENTED_EDGE('',*,*,#13667,.F.);
#13667 = EDGE_CURVE('',#13668,#13668,#13670,.T.);
#13668 = VERTEX_POINT('',#13669);
#13669 = CARTESIAN_POINT('',(-29.,-6.,1.1));
#13670 = SURFACE_CURVE('',#13671,(#13676,#13683),.PCURVE_S1.);
#13671 = CIRCLE('',#13672,1.1);
#13672 = AXIS2_PLACEMENT_3D('',#13673,#13674,#13675);
#13673 = CARTESIAN_POINT('',(-29.,-6.,0.));
#13674 = DIRECTION('',(1.,0.,0.));
#13675 = DIRECTION('',(-0.,0.,1.));
#13676 = PCURVE('',#12790,#13677);
#13677 = DEFINITIONAL_REPRESENTATION('',(#13678),#13682);
#13678 = CIRCLE('',#13679,1.1);
#13679 = AXIS2_PLACEMENT_2D('',#13680,#13681);
#13680 = CARTESIAN_POINT('',(17.,-3.));
#13681 = DIRECTION('',(1.,0.));
#13682 = ( GEOMETRIC_REPRESENTATION_CONTEXT(2) 
PARAMETRIC_REPRESENTATION_CONTEXT() REPRESENTATION_CONTEXT('2D SPACE',''
  ) );
#13683 = PCURVE('',#13684,#13689);
#13684 = CYLINDRICAL_SURFACE('',#13685,1.1);
#13685 = AXIS2_PLACEMENT_3D('',#13686,#13687,#13688);
#13686 = CARTESIAN_POINT('',(-29.1,-6.,0.));
#13687 = DIRECTION('',(1.,0.,0.));
#13688 = DIRECTION('',(-0.,0.,1.));
#13689 = DEFINITIONAL_REPRESENTATION('',(#13690),#13694);
#13690 = LINE('',#13691,#13692);
#13691 = CARTESIAN_POINT('',(0.,0.1));
#13692 = VECTOR('',#13693,1.);
#13693 = DIRECTION('',(1.,0.));
#13694 = ( GEOMETRIC_REPRESENTATION_CONTEXT(2) 
PARAMETRIC_REPRESENTATION_CONTEXT() REPRESENTATION_CONTEXT('2D SPACE',''
  ) );
#13695 = FACE_BOUND('',#13696,.F.);
#13696 = EDGE_LOOP('',(#13697));
#13697 = ORIENTED_EDGE('',*,*,#13698,.F.);
#13698 = EDGE_CURVE('',#13699,#13699,#13701,.T.);
#13699 = VERTEX_POINT('',#13700);
#13700 = CARTESIAN_POINT('',(-29.,9.797174393179E-16,4.));
#13701 = SURFACE_CURVE('',#13702,(#13707,#13714),.PCURVE_S1.);
#13702 = CIRCLE('',#13703,4.);
#13703 = AXIS2_PLACEMENT_3D('',#13704,#13705,#13706);
#13704 = CARTESIAN_POINT('',(-29.,0.,0.));
#13705 = DIRECTION('',(1.,0.,0.));
#13706 = DIRECTION('',(-0.,0.,1.));
#13707 = PCURVE('',#12790,#13708);
#13708 = DEFINITIONAL_REPRESENTATION('',(#13709),#13713);
#13709 = CIRCLE('',#13710,4.);
#13710 = AXIS2_PLACEMENT_2D('',#13711,#13712);
#13711 = CARTESIAN_POINT('',(17.,-9.));
#13712 = DIRECTION('',(1.,0.));
#13713 = ( GEOMETRIC_REPRESENTATION_CONTEXT(2) 
PARAMETRIC_REPRESENTATION_CONTEXT() REPRESENTATION_CONTEXT('2D SPACE',''
  ) );
#13714 = PCURVE('',#13715,#13720);
#13715 = CYLINDRICAL_SURFACE('',#13716,4.);
#13716 = AXIS2_PLACEMENT_3D('',#13717,#13718,#13719);
#13717 = CARTESIAN_POINT('',(-29.1,0.,0.));
#13718 = DIRECTION('',(1.,0.,0.));
#13719 = DIRECTION('',(-0.,0.,1.));
#13720 = DEFINITIONAL_REPRESENTATION('',(#13721),#13725);
#13721 = LINE('',#13722,#13723);
#13722 = CARTESIAN_POINT('',(0.,0.1));
#13723 = VECTOR('',#13724,1.);
#13724 = DIRECTION('',(1.,0.));
#13725 = ( GEOMETRIC_REPRESENTATION_CONTEXT(2) 
PARAMETRIC_REPRESENTATION_CONTEXT() REPRESENTATION_CONTEXT('2D SPACE',''
  ) );
#13726 = FACE_BOUND('',#13727,.F.);
#13727 = EDGE_LOOP('',(#13728));
#13728 = ORIENTED_EDGE('',*,*,#13729,.F.);
#13729 = EDGE_CURVE('',#13730,#13730,#13732,.T.);
#13730 = VERTEX_POINT('',#13731);
#13731 = CARTESIAN_POINT('',(-29.,6.,1.1));
#13732 = SURFACE_CURVE('',#13733,(#13738,#13745),.PCURVE_S1.);
#13733 = CIRCLE('',#13734,1.1);
#13734 = AXIS2_PLACEMENT_3D('',#13735,#13736,#13737);
#13735 = CARTESIAN_POINT('',(-29.,6.,0.));
#13736 = DIRECTION('',(1.,0.,0.));
#13737 = DIRECTION('',(-0.,0.,1.));
#13738 = PCURVE('',#12790,#13739);
#13739 = DEFINITIONAL_REPRESENTATION('',(#13740),#13744);
#13740 = CIRCLE('',#13741,1.1);
#13741 = AXIS2_PLACEMENT_2D('',#13742,#13743);
#13742 = CARTESIAN_POINT('',(17.,-15.));
#13743 = DIRECTION('',(1.,0.));
#13744 = ( GEOMETRIC_REPRESENTATION_CONTEXT(2) 
PARAMETRIC_REPRESENTATION_CONTEXT() REPRESENTATION_CONTEXT('2D SPACE',''
  ) );
#13745 = PCURVE('',#13746,#13751);
#13746 = CYLINDRICAL_SURFACE('',#13747,1.1);
#13747 = AXIS2_PLACEMENT_3D('',#13748,#13749,#13750);
#13748 = CARTESIAN_POINT('',(-29.1,6.,0.));
#13749 = DIRECTION('',(1.,0.,0.));
#13750 = DIRECTION('',(-0.,0.,1.));
#13751 = DEFINITIONAL_REPRESENTATION('',(#13752),#13756);
#13752 = LINE('',#13753,#13754);
#13753 = CARTESIAN_POINT('',(0.,0.1));
#13754 = VECTOR('',#13755,1.);
#13755 = DIRECTION('',(1.,0.));
#13756 = ( GEOMETRIC_REPRESENTATION_CONTEXT(2) 
PARAMETRIC_REPRESENTATION_CONTEXT() REPRESENTATION_CONTEXT('2D SPACE',''
  ) );
#13757 = FACE_BOUND('',#13758,.F.);
#13758 = EDGE_LOOP('',(#13759));
#13759 = ORIENTED_EDGE('',*,*,#13760,.F.);
#13760 = EDGE_CURVE('',#13761,#13761,#13763,.T.);
#13761 = VERTEX_POINT('',#13762);
#13762 = CARTESIAN_POINT('',(-29.,2.694222958124E-16,-4.9));
#13763 = SURFACE_CURVE('',#13764,(#13769,#13776),.PCURVE_S1.);
#13764 = CIRCLE('',#13765,1.1);
#13765 = AXIS2_PLACEMENT_3D('',#13766,#13767,#13768);
#13766 = CARTESIAN_POINT('',(-29.,0.,-6.));
#13767 = DIRECTION('',(1.,0.,0.));
#13768 = DIRECTION('',(-0.,0.,1.));
#13769 = PCURVE('',#12790,#13770);
#13770 = DEFINITIONAL_REPRESENTATION('',(#13771),#13775);
#13771 = CIRCLE('',#13772,1.1);
#13772 = AXIS2_PLACEMENT_2D('',#13773,#13774);
#13773 = CARTESIAN_POINT('',(11.,-9.));
#13774 = DIRECTION('',(1.,0.));
#13775 = ( GEOMETRIC_REPRESENTATION_CONTEXT(2) 
PARAMETRIC_REPRESENTATION_CONTEXT() REPRESENTATION_CONTEXT('2D SPACE',''
  ) );
#13776 = PCURVE('',#13777,#13782);
#13777 = CYLINDRICAL_SURFACE('',#13778,1.1);
#13778 = AXIS2_PLACEMENT_3D('',#13779,#13780,#13781);
#13779 = CARTESIAN_POINT('',(-29.1,0.,-6.));
#13780 = DIRECTION('',(1.,0.,0.));
#13781 = DIRECTION('',(-0.,0.,1.));
#13782 = DEFINITIONAL_REPRESENTATION('',(#13783),#13787);
#13783 = LINE('',#13784,#13785);
#13784 = CARTESIAN_POINT('',(0.,0.1));
#13785 = VECTOR('',#13786,1.);
#13786 = DIRECTION('',(1.,0.));
#13787 = ( GEOMETRIC_REPRESENTATION_CONTEXT(2) 
PARAMETRIC_REPRESENTATION_CONTEXT() REPRESENTATION_CONTEXT('2D SPACE',''
  ) );
#13788 = FACE_BOUND('',#13789,.F.);
#13789 = EDGE_LOOP('',(#13790));
#13790 = ORIENTED_EDGE('',*,*,#13791,.F.);
#13791 = EDGE_CURVE('',#13792,#13792,#13794,.T.);
#13792 = VERTEX_POINT('',#13793);
#13793 = CARTESIAN_POINT('',(-29.,2.694222958124E-16,7.1));
#13794 = SURFACE_CURVE('',#13795,(#13800,#13807),.PCURVE_S1.);
#13795 = CIRCLE('',#13796,1.1);
#13796 = AXIS2_PLACEMENT_3D('',#13797,#13798,#13799);
#13797 = CARTESIAN_POINT('',(-29.,0.,6.));
#13798 = DIRECTION('',(1.,0.,0.));
#13799 = DIRECTION('',(-0.,0.,1.));
#13800 = PCURVE('',#12790,#13801);
#13801 = DEFINITIONAL_REPRESENTATION('',(#13802),#13806);
#13802 = CIRCLE('',#13803,1.1);
#13803 = AXIS2_PLACEMENT_2D('',#13804,#13805);
#13804 = CARTESIAN_POINT('',(23.,-9.));
#13805 = DIRECTION('',(1.,0.));
#13806 = ( GEOMETRIC_REPRESENTATION_CONTEXT(2) 
PARAMETRIC_REPRESENTATION_CONTEXT() REPRESENTATION_CONTEXT('2D SPACE',''
  ) );
#13807 = PCURVE('',#13808,#13813);
#13808 = CYLINDRICAL_SURFACE('',#13809,1.1);
#13809 = AXIS2_PLACEMENT_3D('',#13810,#13811,#13812);
#13810 = CARTESIAN_POINT('',(-29.1,0.,6.));
#13811 = DIRECTION('',(1.,0.,0.));
#13812 = DIRECTION('',(-0.,0.,1.));
#13813 = DEFINITIONAL_REPRESENTATION('',(#13814),#13818);
#13814 = LINE('',#13815,#13816);
#13815 = CARTESIAN_POINT('',(0.,0.1));
#13816 = VECTOR('',#13817,1.);
#13817 = DIRECTION('',(1.,0.));
#13818 = ( GEOMETRIC_REPRESENTATION_CONTEXT(2) 
PARAMETRIC_REPRESENTATION_CONTEXT() REPRESENTATION_CONTEXT('2D SPACE',''
  ) );
#13819 = ADVANCED_FACE('',(#13820),#13808,.F.);
#13820 = FACE_BOUND('',#13821,.F.);
#13821 = EDGE_LOOP('',(#13822,#13846,#13867,#13868));
#13822 = ORIENTED_EDGE('',*,*,#13823,.F.);
#13823 = EDGE_CURVE('',#13824,#13824,#13826,.T.);
#13824 = VERTEX_POINT('',#13825);
#13825 = CARTESIAN_POINT('',(-26.,2.694222958124E-16,7.1));
#13826 = SURFACE_CURVE('',#13827,(#13832,#13839),.PCURVE_S1.);
#13827 = CIRCLE('',#13828,1.1);
#13828 = AXIS2_PLACEMENT_3D('',#13829,#13830,#13831);
#13829 = CARTESIAN_POINT('',(-26.,0.,6.));
#13830 = DIRECTION('',(1.,0.,0.));
#13831 = DIRECTION('',(-0.,0.,1.));
#13832 = PCURVE('',#13808,#13833);
#13833 = DEFINITIONAL_REPRESENTATION('',(#13834),#13838);
#13834 = LINE('',#13835,#13836);
#13835 = CARTESIAN_POINT('',(0.,3.1));
#13836 = VECTOR('',#13837,1.);
#13837 = DIRECTION('',(1.,0.));
#13838 = ( GEOMETRIC_REPRESENTATION_CONTEXT(2) 
PARAMETRIC_REPRESENTATION_CONTEXT() REPRESENTATION_CONTEXT('2D SPACE',''
  ) );
#13839 = PCURVE('',#12736,#13840);
#13840 = DEFINITIONAL_REPRESENTATION('',(#13841),#13845);
#13841 = CIRCLE('',#13842,1.1);
#13842 = AXIS2_PLACEMENT_2D('',#13843,#13844);
#13843 = CARTESIAN_POINT('',(23.,-9.));
#13844 = DIRECTION('',(1.,0.));
#13845 = ( GEOMETRIC_REPRESENTATION_CONTEXT(2) 
PARAMETRIC_REPRESENTATION_CONTEXT() REPRESENTATION_CONTEXT('2D SPACE',''
  ) );
#13846 = ORIENTED_EDGE('',*,*,#13847,.F.);
#13847 = EDGE_CURVE('',#13792,#13824,#13848,.T.);
#13848 = SEAM_CURVE('',#13849,(#13853,#13860),.PCURVE_S1.);
#13849 = LINE('',#13850,#13851);
#13850 = CARTESIAN_POINT('',(-29.1,2.694222958124E-16,7.1));
#13851 = VECTOR('',#13852,1.);
#13852 = DIRECTION('',(1.,0.,0.));
#13853 = PCURVE('',#13808,#13854);
#13854 = DEFINITIONAL_REPRESENTATION('',(#13855),#13859);
#13855 = LINE('',#13856,#13857);
#13856 = CARTESIAN_POINT('',(0.,-0.));
#13857 = VECTOR('',#13858,1.);
#13858 = DIRECTION('',(0.,1.));
#13859 = ( GEOMETRIC_REPRESENTATION_CONTEXT(2) 
PARAMETRIC_REPRESENTATION_CONTEXT() REPRESENTATION_CONTEXT('2D SPACE',''
  ) );
#13860 = PCURVE('',#13808,#13861);
#13861 = DEFINITIONAL_REPRESENTATION('',(#13862),#13866);
#13862 = LINE('',#13863,#13864);
#13863 = CARTESIAN_POINT('',(6.28318530718,-0.));
#13864 = VECTOR('',#13865,1.);
#13865 = DIRECTION('',(0.,1.));
#13866 = ( GEOMETRIC_REPRESENTATION_CONTEXT(2) 
PARAMETRIC_REPRESENTATION_CONTEXT() REPRESENTATION_CONTEXT('2D SPACE',''
  ) );
#13867 = ORIENTED_EDGE('',*,*,#13791,.T.);
#13868 = ORIENTED_EDGE('',*,*,#13847,.T.);
#13869 = ADVANCED_FACE('',(#13870),#13777,.F.);
#13870 = FACE_BOUND('',#13871,.F.);
#13871 = EDGE_LOOP('',(#13872,#13896,#13917,#13918));
#13872 = ORIENTED_EDGE('',*,*,#13873,.F.);
#13873 = EDGE_CURVE('',#13874,#13874,#13876,.T.);
#13874 = VERTEX_POINT('',#13875);
#13875 = CARTESIAN_POINT('',(-26.,2.694222958124E-16,-4.9));
#13876 = SURFACE_CURVE('',#13877,(#13882,#13889),.PCURVE_S1.);
#13877 = CIRCLE('',#13878,1.1);
#13878 = AXIS2_PLACEMENT_3D('',#13879,#13880,#13881);
#13879 = CARTESIAN_POINT('',(-26.,0.,-6.));
#13880 = DIRECTION('',(1.,0.,0.));
#13881 = DIRECTION('',(-0.,0.,1.));
#13882 = PCURVE('',#13777,#13883);
#13883 = DEFINITIONAL_REPRESENTATION('',(#13884),#13888);
#13884 = LINE('',#13885,#13886);
#13885 = CARTESIAN_POINT('',(0.,3.1));
#13886 = VECTOR('',#13887,1.);
#13887 = DIRECTION('',(1.,0.));
#13888 = ( GEOMETRIC_REPRESENTATION_CONTEXT(2) 
PARAMETRIC_REPRESENTATION_CONTEXT() REPRESENTATION_CONTEXT('2D SPACE',''
  ) );
#13889 = PCURVE('',#12736,#13890);
#13890 = DEFINITIONAL_REPRESENTATION('',(#13891),#13895);
#13891 = CIRCLE('',#13892,1.1);
#13892 = AXIS2_PLACEMENT_2D('',#13893,#13894);
#13893 = CARTESIAN_POINT('',(11.,-9.));
#13894 = DIRECTION('',(1.,0.));
#13895 = ( GEOMETRIC_REPRESENTATION_CONTEXT(2) 
PARAMETRIC_REPRESENTATION_CONTEXT() REPRESENTATION_CONTEXT('2D SPACE',''
  ) );
#13896 = ORIENTED_EDGE('',*,*,#13897,.F.);
#13897 = EDGE_CURVE('',#13761,#13874,#13898,.T.);
#13898 = SEAM_CURVE('',#13899,(#13903,#13910),.PCURVE_S1.);
#13899 = LINE('',#13900,#13901);
#13900 = CARTESIAN_POINT('',(-29.1,2.694222958124E-16,-4.9));
#13901 = VECTOR('',#13902,1.);
#13902 = DIRECTION('',(1.,0.,0.));
#13903 = PCURVE('',#13777,#13904);
#13904 = DEFINITIONAL_REPRESENTATION('',(#13905),#13909);
#13905 = LINE('',#13906,#13907);
#13906 = CARTESIAN_POINT('',(0.,-0.));
#13907 = VECTOR('',#13908,1.);
#13908 = DIRECTION('',(0.,1.));
#13909 = ( GEOMETRIC_REPRESENTATION_CONTEXT(2) 
PARAMETRIC_REPRESENTATION_CONTEXT() REPRESENTATION_CONTEXT('2D SPACE',''
  ) );
#13910 = PCURVE('',#13777,#13911);
#13911 = DEFINITIONAL_REPRESENTATION('',(#13912),#13916);
#13912 = LINE('',#13913,#13914);
#13913 = CARTESIAN_POINT('',(6.28318530718,-0.));
#13914 = VECTOR('',#13915,1.);
#13915 = DIRECTION('',(0.,1.));
#13916 = ( GEOMETRIC_REPRESENTATION_CONTEXT(2) 
PARAMETRIC_REPRESENTATION_CONTEXT() REPRESENTATION_CONTEXT('2D SPACE',''
  ) );
#13917 = ORIENTED_EDGE('',*,*,#13760,.T.);
#13918 = ORIENTED_EDGE('',*,*,#13897,.T.);
#13919 = ADVANCED_FACE('',(#13920),#13746,.F.);
#13920 = FACE_BOUND('',#13921,.F.);
#13921 = EDGE_LOOP('',(#13922,#13950,#13971,#13972));
#13922 = ORIENTED_EDGE('',*,*,#13923,.T.);
#13923 = EDGE_CURVE('',#13924,#13924,#13926,.T.);
#13924 = VERTEX_POINT('',#13925);
#13925 = CARTESIAN_POINT('',(-26.,6.,1.1));
#13926 = SURFACE_CURVE('',#13927,(#13932,#13939),.PCURVE_S1.);
#13927 = CIRCLE('',#13928,1.1);
#13928 = AXIS2_PLACEMENT_3D('',#13929,#13930,#13931);
#13929 = CARTESIAN_POINT('',(-26.,6.,7.771561172376E-16));
#13930 = DIRECTION('',(-1.,0.,0.));
#13931 = DIRECTION('',(0.,0.,1.));
#13932 = PCURVE('',#13746,#13933);
#13933 = DEFINITIONAL_REPRESENTATION('',(#13934),#13938);
#13934 = LINE('',#13935,#13936);
#13935 = CARTESIAN_POINT('',(6.28318530718,3.1));
#13936 = VECTOR('',#13937,1.);
#13937 = DIRECTION('',(-1.,-0.));
#13938 = ( GEOMETRIC_REPRESENTATION_CONTEXT(2) 
PARAMETRIC_REPRESENTATION_CONTEXT() REPRESENTATION_CONTEXT('2D SPACE',''
  ) );
#13939 = PCURVE('',#12736,#13940);
#13940 = DEFINITIONAL_REPRESENTATION('',(#13941),#13949);
#13941 = ( BOUNDED_CURVE() B_SPLINE_CURVE(2,(#13942,#13943,#13944,#13945
    ,#13946,#13947,#13948),.UNSPECIFIED.,.T.,.F.) 
B_SPLINE_CURVE_WITH_KNOTS((1,2,2,2,2,1),(-2.094395102393,0.,
    2.094395102393,4.188790204786,6.28318530718,8.377580409573),
.UNSPECIFIED.) CURVE() GEOMETRIC_REPRESENTATION_ITEM() 
RATIONAL_B_SPLINE_CURVE((1.,0.5,1.,0.5,1.,0.5,1.)) REPRESENTATION_ITEM(
  '') );
#13942 = CARTESIAN_POINT('',(18.1,-15.));
#13943 = CARTESIAN_POINT('',(18.1,-16.90525588832));
#13944 = CARTESIAN_POINT('',(16.45,-15.95262794416));
#13945 = CARTESIAN_POINT('',(14.8,-15.));
#13946 = CARTESIAN_POINT('',(16.45,-14.04737205583));
#13947 = CARTESIAN_POINT('',(18.1,-13.09474411167));
#13948 = CARTESIAN_POINT('',(18.1,-15.));
#13949 = ( GEOMETRIC_REPRESENTATION_CONTEXT(2) 
PARAMETRIC_REPRESENTATION_CONTEXT() REPRESENTATION_CONTEXT('2D SPACE',''
  ) );
#13950 = ORIENTED_EDGE('',*,*,#13951,.F.);
#13951 = EDGE_CURVE('',#13730,#13924,#13952,.T.);
#13952 = SEAM_CURVE('',#13953,(#13957,#13964),.PCURVE_S1.);
#13953 = LINE('',#13954,#13955);
#13954 = CARTESIAN_POINT('',(-29.1,6.,1.1));
#13955 = VECTOR('',#13956,1.);
#13956 = DIRECTION('',(1.,0.,0.));
#13957 = PCURVE('',#13746,#13958);
#13958 = DEFINITIONAL_REPRESENTATION('',(#13959),#13963);
#13959 = LINE('',#13960,#13961);
#13960 = CARTESIAN_POINT('',(0.,-0.));
#13961 = VECTOR('',#13962,1.);
#13962 = DIRECTION('',(0.,1.));
#13963 = ( GEOMETRIC_REPRESENTATION_CONTEXT(2) 
PARAMETRIC_REPRESENTATION_CONTEXT() REPRESENTATION_CONTEXT('2D SPACE',''
  ) );
#13964 = PCURVE('',#13746,#13965);
#13965 = DEFINITIONAL_REPRESENTATION('',(#13966),#13970);
#13966 = LINE('',#13967,#13968);
#13967 = CARTESIAN_POINT('',(6.28318530718,-0.));
#13968 = VECTOR('',#13969,1.);
#13969 = DIRECTION('',(0.,1.));
#13970 = ( GEOMETRIC_REPRESENTATION_CONTEXT(2) 
PARAMETRIC_REPRESENTATION_CONTEXT() REPRESENTATION_CONTEXT('2D SPACE',''
  ) );
#13971 = ORIENTED_EDGE('',*,*,#13729,.T.);
#13972 = ORIENTED_EDGE('',*,*,#13951,.T.);
#13973 = ADVANCED_FACE('',(#13974),#13715,.F.);
#13974 = FACE_BOUND('',#13975,.F.);
#13975 = EDGE_LOOP('',(#13976,#14004,#14025,#14026));
#13976 = ORIENTED_EDGE('',*,*,#13977,.T.);
#13977 = EDGE_CURVE('',#13978,#13978,#13980,.T.);
#13978 = VERTEX_POINT('',#13979);
#13979 = CARTESIAN_POINT('',(-26.,9.797174393179E-16,4.));
#13980 = SURFACE_CURVE('',#13981,(#13986,#13993),.PCURVE_S1.);
#13981 = CIRCLE('',#13982,4.);
#13982 = AXIS2_PLACEMENT_3D('',#13983,#13984,#13985);
#13983 = CARTESIAN_POINT('',(-26.,-1.7763568394E-15,-1.887379141863E-15)
  );
#13984 = DIRECTION('',(-1.,0.,0.));
#13985 = DIRECTION('',(0.,6.890185696795E-16,1.));
#13986 = PCURVE('',#13715,#13987);
#13987 = DEFINITIONAL_REPRESENTATION('',(#13988),#13992);
#13988 = LINE('',#13989,#13990);
#13989 = CARTESIAN_POINT('',(6.28318530718,3.1));
#13990 = VECTOR('',#13991,1.);
#13991 = DIRECTION('',(-1.,-0.));
#13992 = ( GEOMETRIC_REPRESENTATION_CONTEXT(2) 
PARAMETRIC_REPRESENTATION_CONTEXT() REPRESENTATION_CONTEXT('2D SPACE',''
  ) );
#13993 = PCURVE('',#12736,#13994);
#13994 = DEFINITIONAL_REPRESENTATION('',(#13995),#14003);
#13995 = ( BOUNDED_CURVE() B_SPLINE_CURVE(2,(#13996,#13997,#13998,#13999
    ,#14000,#14001,#14002),.UNSPECIFIED.,.T.,.F.) 
B_SPLINE_CURVE_WITH_KNOTS((1,2,2,2,2,1),(-2.094395102393,0.,
    2.094395102393,4.188790204786,6.28318530718,8.377580409573),
.UNSPECIFIED.) CURVE() GEOMETRIC_REPRESENTATION_ITEM() 
RATIONAL_B_SPLINE_CURVE((1.,0.5,1.,0.5,1.,0.5,1.)) REPRESENTATION_ITEM(
  '') );
#13996 = CARTESIAN_POINT('',(21.,-9.));
#13997 = CARTESIAN_POINT('',(21.,-15.92820323027));
#13998 = CARTESIAN_POINT('',(15.,-12.46410161513));
#13999 = CARTESIAN_POINT('',(9.,-9.));
#14000 = CARTESIAN_POINT('',(15.,-5.535898384862));
#14001 = CARTESIAN_POINT('',(21.,-2.071796769724));
#14002 = CARTESIAN_POINT('',(21.,-9.));
#14003 = ( GEOMETRIC_REPRESENTATION_CONTEXT(2) 
PARAMETRIC_REPRESENTATION_CONTEXT() REPRESENTATION_CONTEXT('2D SPACE',''
  ) );
#14004 = ORIENTED_EDGE('',*,*,#14005,.F.);
#14005 = EDGE_CURVE('',#13699,#13978,#14006,.T.);
#14006 = SEAM_CURVE('',#14007,(#14011,#14018),.PCURVE_S1.);
#14007 = LINE('',#14008,#14009);
#14008 = CARTESIAN_POINT('',(-29.1,9.797174393179E-16,4.));
#14009 = VECTOR('',#14010,1.);
#14010 = DIRECTION('',(1.,0.,0.));
#14011 = PCURVE('',#13715,#14012);
#14012 = DEFINITIONAL_REPRESENTATION('',(#14013),#14017);
#14013 = LINE('',#14014,#14015);
#14014 = CARTESIAN_POINT('',(0.,-0.));
#14015 = VECTOR('',#14016,1.);
#14016 = DIRECTION('',(0.,1.));
#14017 = ( GEOMETRIC_REPRESENTATION_CONTEXT(2) 
PARAMETRIC_REPRESENTATION_CONTEXT() REPRESENTATION_CONTEXT('2D SPACE',''
  ) );
#14018 = PCURVE('',#13715,#14019);
#14019 = DEFINITIONAL_REPRESENTATION('',(#14020),#14024);
#14020 = LINE('',#14021,#14022);
#14021 = CARTESIAN_POINT('',(6.28318530718,-0.));
#14022 = VECTOR('',#14023,1.);
#14023 = DIRECTION('',(0.,1.));
#14024 = ( GEOMETRIC_REPRESENTATION_CONTEXT(2) 
PARAMETRIC_REPRESENTATION_CONTEXT() REPRESENTATION_CONTEXT('2D SPACE',''
  ) );
#14025 = ORIENTED_EDGE('',*,*,#13698,.T.);
#14026 = ORIENTED_EDGE('',*,*,#14005,.T.);
#14027 = ADVANCED_FACE('',(#14028),#13684,.F.);
#14028 = FACE_BOUND('',#14029,.F.);
#14029 = EDGE_LOOP('',(#14030,#14058,#14079,#14080));
#14030 = ORIENTED_EDGE('',*,*,#14031,.T.);
#14031 = EDGE_CURVE('',#14032,#14032,#14034,.T.);
#14032 = VERTEX_POINT('',#14033);
#14033 = CARTESIAN_POINT('',(-26.,-6.,1.1));
#14034 = SURFACE_CURVE('',#14035,(#14040,#14047),.PCURVE_S1.);
#14035 = CIRCLE('',#14036,1.1);
#14036 = AXIS2_PLACEMENT_3D('',#14037,#14038,#14039);
#14037 = CARTESIAN_POINT('',(-26.,-6.,7.771561172376E-16));
#14038 = DIRECTION('',(-1.,0.,0.));
#14039 = DIRECTION('',(0.,0.,1.));
#14040 = PCURVE('',#13684,#14041);
#14041 = DEFINITIONAL_REPRESENTATION('',(#14042),#14046);
#14042 = LINE('',#14043,#14044);
#14043 = CARTESIAN_POINT('',(6.28318530718,3.1));
#14044 = VECTOR('',#14045,1.);
#14045 = DIRECTION('',(-1.,-0.));
#14046 = ( GEOMETRIC_REPRESENTATION_CONTEXT(2) 
PARAMETRIC_REPRESENTATION_CONTEXT() REPRESENTATION_CONTEXT('2D SPACE',''
  ) );
#14047 = PCURVE('',#12736,#14048);
#14048 = DEFINITIONAL_REPRESENTATION('',(#14049),#14057);
#14049 = ( BOUNDED_CURVE() B_SPLINE_CURVE(2,(#14050,#14051,#14052,#14053
    ,#14054,#14055,#14056),.UNSPECIFIED.,.T.,.F.) 
B_SPLINE_CURVE_WITH_KNOTS((1,2,2,2,2,1),(-2.094395102393,0.,
    2.094395102393,4.188790204786,6.28318530718,8.377580409573),
.UNSPECIFIED.) CURVE() GEOMETRIC_REPRESENTATION_ITEM() 
RATIONAL_B_SPLINE_CURVE((1.,0.5,1.,0.5,1.,0.5,1.)) REPRESENTATION_ITEM(
  '') );
#14050 = CARTESIAN_POINT('',(18.1,-3.));
#14051 = CARTESIAN_POINT('',(18.1,-4.905255888326));
#14052 = CARTESIAN_POINT('',(16.45,-3.952627944163));
#14053 = CARTESIAN_POINT('',(14.8,-3.));
#14054 = CARTESIAN_POINT('',(16.45,-2.047372055837));
#14055 = CARTESIAN_POINT('',(18.1,-1.094744111674));
#14056 = CARTESIAN_POINT('',(18.1,-3.));
#14057 = ( GEOMETRIC_REPRESENTATION_CONTEXT(2) 
PARAMETRIC_REPRESENTATION_CONTEXT() REPRESENTATION_CONTEXT('2D SPACE',''
  ) );
#14058 = ORIENTED_EDGE('',*,*,#14059,.F.);
#14059 = EDGE_CURVE('',#13668,#14032,#14060,.T.);
#14060 = SEAM_CURVE('',#14061,(#14065,#14072),.PCURVE_S1.);
#14061 = LINE('',#14062,#14063);
#14062 = CARTESIAN_POINT('',(-29.1,-6.,1.1));
#14063 = VECTOR('',#14064,1.);
#14064 = DIRECTION('',(1.,0.,0.));
#14065 = PCURVE('',#13684,#14066);
#14066 = DEFINITIONAL_REPRESENTATION('',(#14067),#14071);
#14067 = LINE('',#14068,#14069);
#14068 = CARTESIAN_POINT('',(0.,-0.));
#14069 = VECTOR('',#14070,1.);
#14070 = DIRECTION('',(0.,1.));
#14071 = ( GEOMETRIC_REPRESENTATION_CONTEXT(2) 
PARAMETRIC_REPRESENTATION_CONTEXT() REPRESENTATION_CONTEXT('2D SPACE',''
  ) );
#14072 = PCURVE('',#13684,#14073);
#14073 = DEFINITIONAL_REPRESENTATION('',(#14074),#14078);
#14074 = LINE('',#14075,#14076);
#14075 = CARTESIAN_POINT('',(6.28318530718,-0.));
#14076 = VECTOR('',#14077,1.);
#14077 = DIRECTION('',(0.,1.));
#14078 = ( GEOMETRIC_REPRESENTATION_CONTEXT(2) 
PARAMETRIC_REPRESENTATION_CONTEXT() REPRESENTATION_CONTEXT('2D SPACE',''
  ) );
#14079 = ORIENTED_EDGE('',*,*,#13667,.T.);
#14080 = ORIENTED_EDGE('',*,*,#14059,.T.);
#14081 = ADVANCED_FACE('',(#14082),#13653,.T.);
#14082 = FACE_BOUND('',#14083,.T.);
#14083 = EDGE_LOOP('',(#14084,#14085,#14107,#14131));
#14084 = ORIENTED_EDGE('',*,*,#13634,.F.);
#14085 = ORIENTED_EDGE('',*,*,#14086,.T.);
#14086 = EDGE_CURVE('',#13588,#14087,#14089,.T.);
#14087 = VERTEX_POINT('',#14088);
#14088 = CARTESIAN_POINT('',(-26.,-9.,-4.8));
#14089 = SURFACE_CURVE('',#14090,(#14094,#14100),.PCURVE_S1.);
#14090 = LINE('',#14091,#14092);
#14091 = CARTESIAN_POINT('',(-29.,-9.,-4.8));
#14092 = VECTOR('',#14093,1.);
#14093 = DIRECTION('',(1.,0.,0.));
#14094 = PCURVE('',#13653,#14095);
#14095 = DEFINITIONAL_REPRESENTATION('',(#14096),#14099);
#14096 = B_SPLINE_CURVE_WITH_KNOTS('',1,(#14097,#14098),.UNSPECIFIED.,
  .F.,.F.,(2,2),(0.,3.),.PIECEWISE_BEZIER_KNOTS.);
#14097 = CARTESIAN_POINT('',(8.343938960228,0.));
#14098 = CARTESIAN_POINT('',(8.343938960228,3.));
#14099 = ( GEOMETRIC_REPRESENTATION_CONTEXT(2) 
PARAMETRIC_REPRESENTATION_CONTEXT() REPRESENTATION_CONTEXT('2D SPACE',''
  ) );
#14100 = PCURVE('',#12764,#14101);
#14101 = DEFINITIONAL_REPRESENTATION('',(#14102),#14106);
#14102 = LINE('',#14103,#14104);
#14103 = CARTESIAN_POINT('',(12.2,0.));
#14104 = VECTOR('',#14105,1.);
#14105 = DIRECTION('',(0.,1.));
#14106 = ( GEOMETRIC_REPRESENTATION_CONTEXT(2) 
PARAMETRIC_REPRESENTATION_CONTEXT() REPRESENTATION_CONTEXT('2D SPACE',''
  ) );
#14107 = ORIENTED_EDGE('',*,*,#14108,.F.);
#14108 = EDGE_CURVE('',#14109,#14087,#14111,.T.);
#14109 = VERTEX_POINT('',#14110);
#14110 = CARTESIAN_POINT('',(-26.,9.,-4.8));
#14111 = SURFACE_CURVE('',#14112,(#14117,#14124),.PCURVE_S1.);
#14112 = CIRCLE('',#14113,10.2);
#14113 = AXIS2_PLACEMENT_3D('',#14114,#14115,#14116);
#14114 = CARTESIAN_POINT('',(-26.,0.,0.));
#14115 = DIRECTION('',(1.,-0.,0.));
#14116 = DIRECTION('',(0.,0.882352941176,-0.470588235294));
#14117 = PCURVE('',#13653,#14118);
#14118 = DEFINITIONAL_REPRESENTATION('',(#14119),#14123);
#14119 = LINE('',#14120,#14121);
#14120 = CARTESIAN_POINT('',(4.222431654131,3.));
#14121 = VECTOR('',#14122,1.);
#14122 = DIRECTION('',(1.,0.));
#14123 = ( GEOMETRIC_REPRESENTATION_CONTEXT(2) 
PARAMETRIC_REPRESENTATION_CONTEXT() REPRESENTATION_CONTEXT('2D SPACE',''
  ) );
#14124 = PCURVE('',#12736,#14125);
#14125 = DEFINITIONAL_REPRESENTATION('',(#14126),#14130);
#14126 = CIRCLE('',#14127,10.2);
#14127 = AXIS2_PLACEMENT_2D('',#14128,#14129);
#14128 = CARTESIAN_POINT('',(17.,-9.));
#14129 = DIRECTION('',(-0.470588235294,-0.882352941176));
#14130 = ( GEOMETRIC_REPRESENTATION_CONTEXT(2) 
PARAMETRIC_REPRESENTATION_CONTEXT() REPRESENTATION_CONTEXT('2D SPACE',''
  ) );
#14131 = ORIENTED_EDGE('',*,*,#14132,.F.);
#14132 = EDGE_CURVE('',#13612,#14109,#14133,.T.);
#14133 = SURFACE_CURVE('',#14134,(#14138,#14144),.PCURVE_S1.);
#14134 = LINE('',#14135,#14136);
#14135 = CARTESIAN_POINT('',(-29.,9.,-4.8));
#14136 = VECTOR('',#14137,1.);
#14137 = DIRECTION('',(1.,0.,0.));
#14138 = PCURVE('',#13653,#14139);
#14139 = DEFINITIONAL_REPRESENTATION('',(#14140),#14143);
#14140 = B_SPLINE_CURVE_WITH_KNOTS('',1,(#14141,#14142),.UNSPECIFIED.,
  .F.,.F.,(2,2),(0.,3.),.PIECEWISE_BEZIER_KNOTS.);
#14141 = CARTESIAN_POINT('',(4.222431654131,0.));
#14142 = CARTESIAN_POINT('',(4.222431654131,3.));
#14143 = ( GEOMETRIC_REPRESENTATION_CONTEXT(2) 
PARAMETRIC_REPRESENTATION_CONTEXT() REPRESENTATION_CONTEXT('2D SPACE',''
  ) );
#14144 = PCURVE('',#12708,#14145);
#14145 = DEFINITIONAL_REPRESENTATION('',(#14146),#14150);
#14146 = LINE('',#14147,#14148);
#14147 = CARTESIAN_POINT('',(12.2,0.));
#14148 = VECTOR('',#14149,1.);
#14149 = DIRECTION('',(0.,1.));
#14150 = ( GEOMETRIC_REPRESENTATION_CONTEXT(2) 
PARAMETRIC_REPRESENTATION_CONTEXT() REPRESENTATION_CONTEXT('2D SPACE',''
  ) );
#14151 = ADVANCED_FACE('',(#14152),#12764,.F.);
#14152 = FACE_BOUND('',#14153,.F.);
#14153 = EDGE_LOOP('',(#14154,#14175,#14176,#14177));
#14154 = ORIENTED_EDGE('',*,*,#14155,.F.);
#14155 = EDGE_CURVE('',#12721,#14087,#14156,.T.);
#14156 = SURFACE_CURVE('',#14157,(#14161,#14168),.PCURVE_S1.);
#14157 = LINE('',#14158,#14159);
#14158 = CARTESIAN_POINT('',(-26.,-9.,-17.));
#14159 = VECTOR('',#14160,1.);
#14160 = DIRECTION('',(0.,0.,1.));
#14161 = PCURVE('',#12764,#14162);
#14162 = DEFINITIONAL_REPRESENTATION('',(#14163),#14167);
#14163 = LINE('',#14164,#14165);
#14164 = CARTESIAN_POINT('',(0.,3.));
#14165 = VECTOR('',#14166,1.);
#14166 = DIRECTION('',(1.,0.));
#14167 = ( GEOMETRIC_REPRESENTATION_CONTEXT(2) 
PARAMETRIC_REPRESENTATION_CONTEXT() REPRESENTATION_CONTEXT('2D SPACE',''
  ) );
#14168 = PCURVE('',#12736,#14169);
#14169 = DEFINITIONAL_REPRESENTATION('',(#14170),#14174);
#14170 = LINE('',#14171,#14172);
#14171 = CARTESIAN_POINT('',(0.,0.));
#14172 = VECTOR('',#14173,1.);
#14173 = DIRECTION('',(1.,0.));
#14174 = ( GEOMETRIC_REPRESENTATION_CONTEXT(2) 
PARAMETRIC_REPRESENTATION_CONTEXT() REPRESENTATION_CONTEXT('2D SPACE',''
  ) );
#14175 = ORIENTED_EDGE('',*,*,#12748,.T.);
#14176 = ORIENTED_EDGE('',*,*,#13587,.T.);
#14177 = ORIENTED_EDGE('',*,*,#14086,.T.);
#14178 = ADVANCED_FACE('',(#14179,#14205,#14208,#14211,#14214,#14217),
  #12736,.T.);
#14179 = FACE_BOUND('',#14180,.T.);
#14180 = EDGE_LOOP('',(#14181,#14182,#14183,#14204));
#14181 = ORIENTED_EDGE('',*,*,#14155,.F.);
#14182 = ORIENTED_EDGE('',*,*,#12720,.T.);
#14183 = ORIENTED_EDGE('',*,*,#14184,.T.);
#14184 = EDGE_CURVE('',#12691,#14109,#14185,.T.);
#14185 = SURFACE_CURVE('',#14186,(#14190,#14197),.PCURVE_S1.);
#14186 = LINE('',#14187,#14188);
#14187 = CARTESIAN_POINT('',(-26.,9.,-17.));
#14188 = VECTOR('',#14189,1.);
#14189 = DIRECTION('',(0.,0.,1.));
#14190 = PCURVE('',#12736,#14191);
#14191 = DEFINITIONAL_REPRESENTATION('',(#14192),#14196);
#14192 = LINE('',#14193,#14194);
#14193 = CARTESIAN_POINT('',(0.,-18.));
#14194 = VECTOR('',#14195,1.);
#14195 = DIRECTION('',(1.,0.));
#14196 = ( GEOMETRIC_REPRESENTATION_CONTEXT(2) 
PARAMETRIC_REPRESENTATION_CONTEXT() REPRESENTATION_CONTEXT('2D SPACE',''
  ) );
#14197 = PCURVE('',#12708,#14198);
#14198 = DEFINITIONAL_REPRESENTATION('',(#14199),#14203);
#14199 = LINE('',#14200,#14201);
#14200 = CARTESIAN_POINT('',(0.,3.));
#14201 = VECTOR('',#14202,1.);
#14202 = DIRECTION('',(1.,0.));
#14203 = ( GEOMETRIC_REPRESENTATION_CONTEXT(2) 
PARAMETRIC_REPRESENTATION_CONTEXT() REPRESENTATION_CONTEXT('2D SPACE',''
  ) );
#14204 = ORIENTED_EDGE('',*,*,#14108,.T.);
#14205 = FACE_BOUND('',#14206,.T.);
#14206 = EDGE_LOOP('',(#14207));
#14207 = ORIENTED_EDGE('',*,*,#14031,.T.);
#14208 = FACE_BOUND('',#14209,.T.);
#14209 = EDGE_LOOP('',(#14210));
#14210 = ORIENTED_EDGE('',*,*,#13977,.T.);
#14211 = FACE_BOUND('',#14212,.T.);
#14212 = EDGE_LOOP('',(#14213));
#14213 = ORIENTED_EDGE('',*,*,#13923,.T.);
#14214 = FACE_BOUND('',#14215,.T.);
#14215 = EDGE_LOOP('',(#14216));
#14216 = ORIENTED_EDGE('',*,*,#13873,.F.);
#14217 = FACE_BOUND('',#14218,.T.);
#14218 = EDGE_LOOP('',(#14219));
#14219 = ORIENTED_EDGE('',*,*,#13823,.F.);
#14220 = ADVANCED_FACE('',(#14221),#12708,.T.);
#14221 = FACE_BOUND('',#14222,.T.);
#14222 = EDGE_LOOP('',(#14223,#14224,#14225,#14226));
#14223 = ORIENTED_EDGE('',*,*,#14184,.F.);
#14224 = ORIENTED_EDGE('',*,*,#12690,.T.);
#14225 = ORIENTED_EDGE('',*,*,#13611,.T.);
#14226 = ORIENTED_EDGE('',*,*,#14132,.T.);
#14227 = ( GEOMETRIC_REPRESENTATION_CONTEXT(3) 
GLOBAL_UNCERTAINTY_ASSIGNED_CONTEXT((#14231)) 
GLOBAL_UNIT_ASSIGNED_CONTEXT((#14228,#14229,#14230)) 
REPRESENTATION_CONTEXT('Context #1',
  '3D Context with UNIT and UNCERTAINTY') );
#14228 = ( LENGTH_UNIT() NAMED_UNIT(*) SI_UNIT(.MILLI.,.METRE.) );
#14229 = ( NAMED_UNIT(*) PLANE_ANGLE_UNIT() SI_UNIT($,.RADIAN.) );
#14230 = ( NAMED_UNIT(*) SI_UNIT($,.STERADIAN.) SOLID_ANGLE_UNIT() );
#14231 = UNCERTAINTY_MEASURE_WITH_UNIT(LENGTH_MEASURE(1.E-07),#14228,
  'distance_accuracy_value','confusion accuracy');
#14232 = CONTEXT_DEPENDENT_SHAPE_REPRESENTATION(#14233,#14235);
#14233 = ( REPRESENTATION_RELATIONSHIP('','',#9542,#10) 
REPRESENTATION_RELATIONSHIP_WITH_TRANSFORMATION(#14234) 
SHAPE_REPRESENTATION_RELATIONSHIP() );
#14234 = ITEM_DEFINED_TRANSFORMATION('','',#11,#19);
#14235 = PRODUCT_DEFINITION_SHAPE('Placement','Placement of an item',
  #14236);
#14236 = NEXT_ASSEMBLY_USAGE_OCCURRENCE('9','yoke','',#5,#9537,$);
#14237 = PRODUCT_RELATED_PRODUCT_CATEGORY('part',$,(#9539));
#14238 = SHAPE_DEFINITION_REPRESENTATION(#14239,#14245);
#14239 = PRODUCT_DEFINITION_SHAPE('','',#14240);
#14240 = PRODUCT_DEFINITION('design','',#14241,#14244);
#14241 = PRODUCT_DEFINITION_FORMATION('','',#14242);
#14242 = PRODUCT('holder','holder','',(#14243));
#14243 = PRODUCT_CONTEXT('',#2,'mechanical');
#14244 = PRODUCT_DEFINITION_CONTEXT('part definition',#2,'design');
#14245 = ADVANCED_BREP_SHAPE_REPRESENTATION('',(#11,#14246),#16224);
#14246 = MANIFOLD_SOLID_BREP('',#14247);
#14247 = CLOSED_SHELL('',(#14248,#14368,#14847,#14897,#15176,#15203,
    #15230,#15257,#15284,#15311,#15318,#15345,#15400,#15455,#15482,
    #15509,#15564,#15619,#15674,#15701,#15756,#15791,#15826,#15861,
    #15896,#15931,#15961,#16016,#16071,#16126,#16153,#16208,#16212,
    #16216,#16220));
#14248 = ADVANCED_FACE('',(#14249),#14263,.F.);
#14249 = FACE_BOUND('',#14250,.F.);
#14250 = EDGE_LOOP('',(#14251,#14286,#14314,#14342));
#14251 = ORIENTED_EDGE('',*,*,#14252,.F.);
#14252 = EDGE_CURVE('',#14253,#14255,#14257,.T.);
#14253 = VERTEX_POINT('',#14254);
#14254 = CARTESIAN_POINT('',(-39.,-27.,-19.));
#14255 = VERTEX_POINT('',#14256);
#14256 = CARTESIAN_POINT('',(-39.,15.,-19.));
#14257 = SURFACE_CURVE('',#14258,(#14262,#14274),.PCURVE_S1.);
#14258 = LINE('',#14259,#14260);
#14259 = CARTESIAN_POINT('',(-39.,-30.,-19.));
#14260 = VECTOR('',#14261,1.);
#14261 = DIRECTION('',(0.,1.,0.));
#14262 = PCURVE('',#14263,#14268);
#14263 = PLANE('',#14264);
#14264 = AXIS2_PLACEMENT_3D('',#14265,#14266,#14267);
#14265 = CARTESIAN_POINT('',(-39.,-30.,-22.));
#14266 = DIRECTION('',(1.,0.,0.));
#14267 = DIRECTION('',(0.,0.,1.));
#14268 = DEFINITIONAL_REPRESENTATION('',(#14269),#14273);
#14269 = LINE('',#14270,#14271);
#14270 = CARTESIAN_POINT('',(3.,0.));
#14271 = VECTOR('',#14272,1.);
#14272 = DIRECTION('',(0.,-1.));
#14273 = ( GEOMETRIC_REPRESENTATION_CONTEXT(2) 
PARAMETRIC_REPRESENTATION_CONTEXT() REPRESENTATION_CONTEXT('2D SPACE',''
  ) );
#14274 = PCURVE('',#14275,#14280);
#14275 = PLANE('',#14276);
#14276 = AXIS2_PLACEMENT_3D('',#14277,#14278,#14279);
#14277 = CARTESIAN_POINT('',(-39.,-30.,-19.));
#14278 = DIRECTION('',(0.,0.,1.));
#14279 = DIRECTION('',(1.,0.,-0.));
#14280 = DEFINITIONAL_REPRESENTATION('',(#14281),#14285);
#14281 = LINE('',#14282,#14283);
#14282 = CARTESIAN_POINT('',(0.,0.));
#14283 = VECTOR('',#14284,1.);
#14284 = DIRECTION('',(0.,1.));
#14285 = ( GEOMETRIC_REPRESENTATION_CONTEXT(2) 
PARAMETRIC_REPRESENTATION_CONTEXT() REPRESENTATION_CONTEXT('2D SPACE',''
  ) );
#14286 = ORIENTED_EDGE('',*,*,#14287,.F.);
#14287 = EDGE_CURVE('',#14288,#14253,#14290,.T.);
#14288 = VERTEX_POINT('',#14289);
#14289 = CARTESIAN_POINT('',(-39.,-27.,-21.2));
#14290 = SURFACE_CURVE('',#14291,(#14295,#14302),.PCURVE_S1.);
#14291 = LINE('',#14292,#14293);
#14292 = CARTESIAN_POINT('',(-39.,-27.,-22.));
#14293 = VECTOR('',#14294,1.);
#14294 = DIRECTION('',(0.,0.,1.));
#14295 = PCURVE('',#14263,#14296);
#14296 = DEFINITIONAL_REPRESENTATION('',(#14297),#14301);
#14297 = LINE('',#14298,#14299);
#14298 = CARTESIAN_POINT('',(0.,-3.));
#14299 = VECTOR('',#14300,1.);
#14300 = DIRECTION('',(1.,0.));
#14301 = ( GEOMETRIC_REPRESENTATION_CONTEXT(2) 
PARAMETRIC_REPRESENTATION_CONTEXT() REPRESENTATION_CONTEXT('2D SPACE',''
  ) );
#14302 = PCURVE('',#14303,#14308);
#14303 = CYLINDRICAL_SURFACE('',#14304,3.);
#14304 = AXIS2_PLACEMENT_3D('',#14305,#14306,#14307);
#14305 = CARTESIAN_POINT('',(-36.,-27.,-22.));
#14306 = DIRECTION('',(0.,0.,1.));
#14307 = DIRECTION('',(-1.,-0.,0.));
#14308 = DEFINITIONAL_REPRESENTATION('',(#14309),#14313);
#14309 = LINE('',#14310,#14311);
#14310 = CARTESIAN_POINT('',(0.,0.));
#14311 = VECTOR('',#14312,1.);
#14312 = DIRECTION('',(0.,1.));
#14313 = ( GEOMETRIC_REPRESENTATION_CONTEXT(2) 
PARAMETRIC_REPRESENTATION_CONTEXT() REPRESENTATION_CONTEXT('2D SPACE',''
  ) );
#14314 = ORIENTED_EDGE('',*,*,#14315,.F.);
#14315 = EDGE_CURVE('',#14316,#14288,#14318,.T.);
#14316 = VERTEX_POINT('',#14317);
#14317 = CARTESIAN_POINT('',(-39.,15.,-21.2));
#14318 = SURFACE_CURVE('',#14319,(#14323,#14330),.PCURVE_S1.);
#14319 = LINE('',#14320,#14321);
#14320 = CARTESIAN_POINT('',(-39.,-30.5,-21.2));
#14321 = VECTOR('',#14322,1.);
#14322 = DIRECTION('',(0.,-1.,0.));
#14323 = PCURVE('',#14263,#14324);
#14324 = DEFINITIONAL_REPRESENTATION('',(#14325),#14329);
#14325 = LINE('',#14326,#14327);
#14326 = CARTESIAN_POINT('',(0.8,0.5));
#14327 = VECTOR('',#14328,1.);
#14328 = DIRECTION('',(0.,1.));
#14329 = ( GEOMETRIC_REPRESENTATION_CONTEXT(2) 
PARAMETRIC_REPRESENTATION_CONTEXT() REPRESENTATION_CONTEXT('2D SPACE',''
  ) );
#14330 = PCURVE('',#14331,#14336);
#14331 = PLANE('',#14332);
#14332 = AXIS2_PLACEMENT_3D('',#14333,#14334,#14335);
#14333 = CARTESIAN_POINT('',(-40.,-31.,-21.2));
#14334 = DIRECTION('',(0.,0.,1.));
#14335 = DIRECTION('',(1.,0.,-0.));
#14336 = DEFINITIONAL_REPRESENTATION('',(#14337),#14341);
#14337 = LINE('',#14338,#14339);
#14338 = CARTESIAN_POINT('',(1.,0.5));
#14339 = VECTOR('',#14340,1.);
#14340 = DIRECTION('',(0.,-1.));
#14341 = ( GEOMETRIC_REPRESENTATION_CONTEXT(2) 
PARAMETRIC_REPRESENTATION_CONTEXT() REPRESENTATION_CONTEXT('2D SPACE',''
  ) );
#14342 = ORIENTED_EDGE('',*,*,#14343,.T.);
#14343 = EDGE_CURVE('',#14316,#14255,#14344,.T.);
#14344 = SURFACE_CURVE('',#14345,(#14349,#14356),.PCURVE_S1.);
#14345 = LINE('',#14346,#14347);
#14346 = CARTESIAN_POINT('',(-39.,15.,-22.));
#14347 = VECTOR('',#14348,1.);
#14348 = DIRECTION('',(0.,0.,1.));
#14349 = PCURVE('',#14263,#14350);
#14350 = DEFINITIONAL_REPRESENTATION('',(#14351),#14355);
#14351 = LINE('',#14352,#14353);
#14352 = CARTESIAN_POINT('',(0.,-45.));
#14353 = VECTOR('',#14354,1.);
#14354 = DIRECTION('',(1.,0.));
#14355 = ( GEOMETRIC_REPRESENTATION_CONTEXT(2) 
PARAMETRIC_REPRESENTATION_CONTEXT() REPRESENTATION_CONTEXT('2D SPACE',''
  ) );
#14356 = PCURVE('',#14357,#14362);
#14357 = CYLINDRICAL_SURFACE('',#14358,3.);
#14358 = AXIS2_PLACEMENT_3D('',#14359,#14360,#14361);
#14359 = CARTESIAN_POINT('',(-36.,15.,-22.));
#14360 = DIRECTION('',(0.,0.,1.));
#14361 = DIRECTION('',(-1.,-0.,0.));
#14362 = DEFINITIONAL_REPRESENTATION('',(#14363),#14367);
#14363 = LINE('',#14364,#14365);
#14364 = CARTESIAN_POINT('',(6.28318530718,0.));
#14365 = VECTOR('',#14366,1.);
#14366 = DIRECTION('',(-0.,1.));
#14367 = ( GEOMETRIC_REPRESENTATION_CONTEXT(2) 
PARAMETRIC_REPRESENTATION_CONTEXT() REPRESENTATION_CONTEXT('2D SPACE',''
  ) );
#14368 = ADVANCED_FACE('',(#14369,#14568,#14599,#14630,#14661,#14692,
    #14723,#14754,#14785,#14816),#14275,.T.);
#14369 = FACE_BOUND('',#14370,.T.);
#14370 = EDGE_LOOP('',(#14371,#14372,#14396,#14424,#14457,#14485,#14514,
    #14542));
#14371 = ORIENTED_EDGE('',*,*,#14252,.F.);
#14372 = ORIENTED_EDGE('',*,*,#14373,.T.);
#14373 = EDGE_CURVE('',#14253,#14374,#14376,.T.);
#14374 = VERTEX_POINT('',#14375);
#14375 = CARTESIAN_POINT('',(-36.,-30.,-19.));
#14376 = SURFACE_CURVE('',#14377,(#14382,#14389),.PCURVE_S1.);
#14377 = CIRCLE('',#14378,3.);
#14378 = AXIS2_PLACEMENT_3D('',#14379,#14380,#14381);
#14379 = CARTESIAN_POINT('',(-36.,-27.,-19.));
#14380 = DIRECTION('',(0.,0.,1.));
#14381 = DIRECTION('',(0.,-1.,0.));
#14382 = PCURVE('',#14275,#14383);
#14383 = DEFINITIONAL_REPRESENTATION('',(#14384),#14388);
#14384 = CIRCLE('',#14385,3.);
#14385 = AXIS2_PLACEMENT_2D('',#14386,#14387);
#14386 = CARTESIAN_POINT('',(3.,3.));
#14387 = DIRECTION('',(0.,-1.));
#14388 = ( GEOMETRIC_REPRESENTATION_CONTEXT(2) 
PARAMETRIC_REPRESENTATION_CONTEXT() REPRESENTATION_CONTEXT('2D SPACE',''
  ) );
#14389 = PCURVE('',#14303,#14390);
#14390 = DEFINITIONAL_REPRESENTATION('',(#14391),#14395);
#14391 = LINE('',#14392,#14393);
#14392 = CARTESIAN_POINT('',(-4.712388980385,3.));
#14393 = VECTOR('',#14394,1.);
#14394 = DIRECTION('',(1.,0.));
#14395 = ( GEOMETRIC_REPRESENTATION_CONTEXT(2) 
PARAMETRIC_REPRESENTATION_CONTEXT() REPRESENTATION_CONTEXT('2D SPACE',''
  ) );
#14396 = ORIENTED_EDGE('',*,*,#14397,.T.);
#14397 = EDGE_CURVE('',#14374,#14398,#14400,.T.);
#14398 = VERTEX_POINT('',#14399);
#14399 = CARTESIAN_POINT('',(44.,-30.,-19.));
#14400 = SURFACE_CURVE('',#14401,(#14405,#14412),.PCURVE_S1.);
#14401 = LINE('',#14402,#14403);
#14402 = CARTESIAN_POINT('',(-39.,-30.,-19.));
#14403 = VECTOR('',#14404,1.);
#14404 = DIRECTION('',(1.,0.,0.));
#14405 = PCURVE('',#14275,#14406);
#14406 = DEFINITIONAL_REPRESENTATION('',(#14407),#14411);
#14407 = LINE('',#14408,#14409);
#14408 = CARTESIAN_POINT('',(0.,0.));
#14409 = VECTOR('',#14410,1.);
#14410 = DIRECTION('',(1.,0.));
#14411 = ( GEOMETRIC_REPRESENTATION_CONTEXT(2) 
PARAMETRIC_REPRESENTATION_CONTEXT() REPRESENTATION_CONTEXT('2D SPACE',''
  ) );
#14412 = PCURVE('',#14413,#14418);
#14413 = PLANE('',#14414);
#14414 = AXIS2_PLACEMENT_3D('',#14415,#14416,#14417);
#14415 = CARTESIAN_POINT('',(-39.,-30.,-22.));
#14416 = DIRECTION('',(0.,1.,0.));
#14417 = DIRECTION('',(0.,-0.,1.));
#14418 = DEFINITIONAL_REPRESENTATION('',(#14419),#14423);
#14419 = LINE('',#14420,#14421);
#14420 = CARTESIAN_POINT('',(3.,0.));
#14421 = VECTOR('',#14422,1.);
#14422 = DIRECTION('',(0.,1.));
#14423 = ( GEOMETRIC_REPRESENTATION_CONTEXT(2) 
PARAMETRIC_REPRESENTATION_CONTEXT() REPRESENTATION_CONTEXT('2D SPACE',''
  ) );
#14424 = ORIENTED_EDGE('',*,*,#14425,.F.);
#14425 = EDGE_CURVE('',#14426,#14398,#14428,.T.);
#14426 = VERTEX_POINT('',#14427);
#14427 = CARTESIAN_POINT('',(47.,-27.,-19.));
#14428 = SURFACE_CURVE('',#14429,(#14434,#14445),.PCURVE_S1.);
#14429 = CIRCLE('',#14430,3.);
#14430 = AXIS2_PLACEMENT_3D('',#14431,#14432,#14433);
#14431 = CARTESIAN_POINT('',(44.,-27.,-19.));
#14432 = DIRECTION('',(-0.,-0.,-1.));
#14433 = DIRECTION('',(0.,-1.,0.));
#14434 = PCURVE('',#14275,#14435);
#14435 = DEFINITIONAL_REPRESENTATION('',(#14436),#14444);
#14436 = ( BOUNDED_CURVE() B_SPLINE_CURVE(2,(#14437,#14438,#14439,#14440
    ,#14441,#14442,#14443),.UNSPECIFIED.,.T.,.F.) 
B_SPLINE_CURVE_WITH_KNOTS((1,2,2,2,2,1),(-2.094395102393,0.,
    2.094395102393,4.188790204786,6.28318530718,8.377580409573),
.UNSPECIFIED.) CURVE() GEOMETRIC_REPRESENTATION_ITEM() 
RATIONAL_B_SPLINE_CURVE((1.,0.5,1.,0.5,1.,0.5,1.)) REPRESENTATION_ITEM(
  '') );
#14437 = CARTESIAN_POINT('',(83.,0.));
#14438 = CARTESIAN_POINT('',(77.803847577293,0.));
#14439 = CARTESIAN_POINT('',(80.401923788647,4.5));
#14440 = CARTESIAN_POINT('',(83.,9.));
#14441 = CARTESIAN_POINT('',(85.598076211353,4.5));
#14442 = CARTESIAN_POINT('',(88.196152422707,4.440892098501E-15));
#14443 = CARTESIAN_POINT('',(83.,0.));
#14444 = ( GEOMETRIC_REPRESENTATION_CONTEXT(2) 
PARAMETRIC_REPRESENTATION_CONTEXT() REPRESENTATION_CONTEXT('2D SPACE',''
  ) );
#14445 = PCURVE('',#14446,#14451);
#14446 = CYLINDRICAL_SURFACE('',#14447,3.);
#14447 = AXIS2_PLACEMENT_3D('',#14448,#14449,#14450);
#14448 = CARTESIAN_POINT('',(44.,-27.,-22.));
#14449 = DIRECTION('',(0.,0.,1.));
#14450 = DIRECTION('',(1.,0.,-0.));
#14451 = DEFINITIONAL_REPRESENTATION('',(#14452),#14456);
#14452 = LINE('',#14453,#14454);
#14453 = CARTESIAN_POINT('',(10.995574287565,3.));
#14454 = VECTOR('',#14455,1.);
#14455 = DIRECTION('',(-1.,0.));
#14456 = ( GEOMETRIC_REPRESENTATION_CONTEXT(2) 
PARAMETRIC_REPRESENTATION_CONTEXT() REPRESENTATION_CONTEXT('2D SPACE',''
  ) );
#14457 = ORIENTED_EDGE('',*,*,#14458,.T.);
#14458 = EDGE_CURVE('',#14426,#14459,#14461,.T.);
#14459 = VERTEX_POINT('',#14460);
#14460 = CARTESIAN_POINT('',(47.,15.,-19.));
#14461 = SURFACE_CURVE('',#14462,(#14466,#14473),.PCURVE_S1.);
#14462 = LINE('',#14463,#14464);
#14463 = CARTESIAN_POINT('',(47.,-30.,-19.));
#14464 = VECTOR('',#14465,1.);
#14465 = DIRECTION('',(0.,1.,0.));
#14466 = PCURVE('',#14275,#14467);
#14467 = DEFINITIONAL_REPRESENTATION('',(#14468),#14472);
#14468 = LINE('',#14469,#14470);
#14469 = CARTESIAN_POINT('',(86.,0.));
#14470 = VECTOR('',#14471,1.);
#14471 = DIRECTION('',(0.,1.));
#14472 = ( GEOMETRIC_REPRESENTATION_CONTEXT(2) 
PARAMETRIC_REPRESENTATION_CONTEXT() REPRESENTATION_CONTEXT('2D SPACE',''
  ) );
#14473 = PCURVE('',#14474,#14479);
#14474 = PLANE('',#14475);
#14475 = AXIS2_PLACEMENT_3D('',#14476,#14477,#14478);
#14476 = CARTESIAN_POINT('',(47.,-30.,-22.));
#14477 = DIRECTION('',(1.,0.,0.));
#14478 = DIRECTION('',(0.,0.,1.));
#14479 = DEFINITIONAL_REPRESENTATION('',(#14480),#14484);
#14480 = LINE('',#14481,#14482);
#14481 = CARTESIAN_POINT('',(3.,0.));
#14482 = VECTOR('',#14483,1.);
#14483 = DIRECTION('',(0.,-1.));
#14484 = ( GEOMETRIC_REPRESENTATION_CONTEXT(2) 
PARAMETRIC_REPRESENTATION_CONTEXT() REPRESENTATION_CONTEXT('2D SPACE',''
  ) );
#14485 = ORIENTED_EDGE('',*,*,#14486,.T.);
#14486 = EDGE_CURVE('',#14459,#14487,#14489,.T.);
#14487 = VERTEX_POINT('',#14488);
#14488 = CARTESIAN_POINT('',(44.,18.,-19.));
#14489 = SURFACE_CURVE('',#14490,(#14495,#14502),.PCURVE_S1.);
#14490 = CIRCLE('',#14491,3.);
#14491 = AXIS2_PLACEMENT_3D('',#14492,#14493,#14494);
#14492 = CARTESIAN_POINT('',(44.,15.,-19.));
#14493 = DIRECTION('',(0.,0.,1.));
#14494 = DIRECTION('',(0.,-1.,0.));
#14495 = PCURVE('',#14275,#14496);
#14496 = DEFINITIONAL_REPRESENTATION('',(#14497),#14501);
#14497 = CIRCLE('',#14498,3.);
#14498 = AXIS2_PLACEMENT_2D('',#14499,#14500);
#14499 = CARTESIAN_POINT('',(83.,45.));
#14500 = DIRECTION('',(0.,-1.));
#14501 = ( GEOMETRIC_REPRESENTATION_CONTEXT(2) 
PARAMETRIC_REPRESENTATION_CONTEXT() REPRESENTATION_CONTEXT('2D SPACE',''
  ) );
#14502 = PCURVE('',#14503,#14508);
#14503 = CYLINDRICAL_SURFACE('',#14504,3.);
#14504 = AXIS2_PLACEMENT_3D('',#14505,#14506,#14507);
#14505 = CARTESIAN_POINT('',(44.,15.,-22.));
#14506 = DIRECTION('',(0.,0.,1.));
#14507 = DIRECTION('',(1.,0.,-0.));
#14508 = DEFINITIONAL_REPRESENTATION('',(#14509),#14513);
#14509 = LINE('',#14510,#14511);
#14510 = CARTESIAN_POINT('',(-1.570796326795,3.));
#14511 = VECTOR('',#14512,1.);
#14512 = DIRECTION('',(1.,0.));
#14513 = ( GEOMETRIC_REPRESENTATION_CONTEXT(2) 
PARAMETRIC_REPRESENTATION_CONTEXT() REPRESENTATION_CONTEXT('2D SPACE',''
  ) );
#14514 = ORIENTED_EDGE('',*,*,#14515,.F.);
#14515 = EDGE_CURVE('',#14516,#14487,#14518,.T.);
#14516 = VERTEX_POINT('',#14517);
#14517 = CARTESIAN_POINT('',(-36.,18.,-19.));
#14518 = SURFACE_CURVE('',#14519,(#14523,#14530),.PCURVE_S1.);
#14519 = LINE('',#14520,#14521);
#14520 = CARTESIAN_POINT('',(-39.,18.,-19.));
#14521 = VECTOR('',#14522,1.);
#14522 = DIRECTION('',(1.,0.,0.));
#14523 = PCURVE('',#14275,#14524);
#14524 = DEFINITIONAL_REPRESENTATION('',(#14525),#14529);
#14525 = LINE('',#14526,#14527);
#14526 = CARTESIAN_POINT('',(0.,48.));
#14527 = VECTOR('',#14528,1.);
#14528 = DIRECTION('',(1.,0.));
#14529 = ( GEOMETRIC_REPRESENTATION_CONTEXT(2) 
PARAMETRIC_REPRESENTATION_CONTEXT() REPRESENTATION_CONTEXT('2D SPACE',''
  ) );
#14530 = PCURVE('',#14531,#14536);
#14531 = PLANE('',#14532);
#14532 = AXIS2_PLACEMENT_3D('',#14533,#14534,#14535);
#14533 = CARTESIAN_POINT('',(-39.,18.,-22.));
#14534 = DIRECTION('',(0.,1.,0.));
#14535 = DIRECTION('',(0.,-0.,1.));
#14536 = DEFINITIONAL_REPRESENTATION('',(#14537),#14541);
#14537 = LINE('',#14538,#14539);
#14538 = CARTESIAN_POINT('',(3.,0.));
#14539 = VECTOR('',#14540,1.);
#14540 = DIRECTION('',(0.,1.));
#14541 = ( GEOMETRIC_REPRESENTATION_CONTEXT(2) 
PARAMETRIC_REPRESENTATION_CONTEXT() REPRESENTATION_CONTEXT('2D SPACE',''
  ) );
#14542 = ORIENTED_EDGE('',*,*,#14543,.F.);
#14543 = EDGE_CURVE('',#14255,#14516,#14544,.T.);
#14544 = SURFACE_CURVE('',#14545,(#14550,#14561),.PCURVE_S1.);
#14545 = CIRCLE('',#14546,3.);
#14546 = AXIS2_PLACEMENT_3D('',#14547,#14548,#14549);
#14547 = CARTESIAN_POINT('',(-36.,15.,-19.));
#14548 = DIRECTION('',(-0.,-0.,-1.));
#14549 = DIRECTION('',(0.,-1.,0.));
#14550 = PCURVE('',#14275,#14551);
#14551 = DEFINITIONAL_REPRESENTATION('',(#14552),#14560);
#14552 = ( BOUNDED_CURVE() B_SPLINE_CURVE(2,(#14553,#14554,#14555,#14556
    ,#14557,#14558,#14559),.UNSPECIFIED.,.T.,.F.) 
B_SPLINE_CURVE_WITH_KNOTS((1,2,2,2,2,1),(-2.094395102393,0.,
    2.094395102393,4.188790204786,6.28318530718,8.377580409573),
.UNSPECIFIED.) CURVE() GEOMETRIC_REPRESENTATION_ITEM() 
RATIONAL_B_SPLINE_CURVE((1.,0.5,1.,0.5,1.,0.5,1.)) REPRESENTATION_ITEM(
  '') );
#14553 = CARTESIAN_POINT('',(3.,42.));
#14554 = CARTESIAN_POINT('',(-2.196152422707,42.));
#14555 = CARTESIAN_POINT('',(0.401923788647,46.5));
#14556 = CARTESIAN_POINT('',(3.,51.));
#14557 = CARTESIAN_POINT('',(5.598076211353,46.5));
#14558 = CARTESIAN_POINT('',(8.196152422707,42.));
#14559 = CARTESIAN_POINT('',(3.,42.));
#14560 = ( GEOMETRIC_REPRESENTATION_CONTEXT(2) 
PARAMETRIC_REPRESENTATION_CONTEXT() REPRESENTATION_CONTEXT('2D SPACE',''
  ) );
#14561 = PCURVE('',#14357,#14562);
#14562 = DEFINITIONAL_REPRESENTATION('',(#14563),#14567);
#14563 = LINE('',#14564,#14565);
#14564 = CARTESIAN_POINT('',(7.853981633975,3.));
#14565 = VECTOR('',#14566,1.);
#14566 = DIRECTION('',(-1.,0.));
#14567 = ( GEOMETRIC_REPRESENTATION_CONTEXT(2) 
PARAMETRIC_REPRESENTATION_CONTEXT() REPRESENTATION_CONTEXT('2D SPACE',''
  ) );
#14568 = FACE_BOUND('',#14569,.T.);
#14569 = EDGE_LOOP('',(#14570));
#14570 = ORIENTED_EDGE('',*,*,#14571,.F.);
#14571 = EDGE_CURVE('',#14572,#14572,#14574,.T.);
#14572 = VERTEX_POINT('',#14573);
#14573 = CARTESIAN_POINT('',(-31.6,-26.5,-19.));
#14574 = SURFACE_CURVE('',#14575,(#14580,#14587),.PCURVE_S1.);
#14575 = CIRCLE('',#14576,2.4);
#14576 = AXIS2_PLACEMENT_3D('',#14577,#14578,#14579);
#14577 = CARTESIAN_POINT('',(-34.,-26.5,-19.));
#14578 = DIRECTION('',(0.,0.,1.));
#14579 = DIRECTION('',(1.,0.,-0.));
#14580 = PCURVE('',#14275,#14581);
#14581 = DEFINITIONAL_REPRESENTATION('',(#14582),#14586);
#14582 = CIRCLE('',#14583,2.4);
#14583 = AXIS2_PLACEMENT_2D('',#14584,#14585);
#14584 = CARTESIAN_POINT('',(5.,3.5));
#14585 = DIRECTION('',(1.,0.));
#14586 = ( GEOMETRIC_REPRESENTATION_CONTEXT(2) 
PARAMETRIC_REPRESENTATION_CONTEXT() REPRESENTATION_CONTEXT('2D SPACE',''
  ) );
#14587 = PCURVE('',#14588,#14593);
#14588 = CYLINDRICAL_SURFACE('',#14589,2.4);
#14589 = AXIS2_PLACEMENT_3D('',#14590,#14591,#14592);
#14590 = CARTESIAN_POINT('',(-34.,-26.5,-21.2));
#14591 = DIRECTION('',(0.,0.,1.));
#14592 = DIRECTION('',(1.,0.,-0.));
#14593 = DEFINITIONAL_REPRESENTATION('',(#14594),#14598);
#14594 = LINE('',#14595,#14596);
#14595 = CARTESIAN_POINT('',(0.,2.2));
#14596 = VECTOR('',#14597,1.);
#14597 = DIRECTION('',(1.,0.));
#14598 = ( GEOMETRIC_REPRESENTATION_CONTEXT(2) 
PARAMETRIC_REPRESENTATION_CONTEXT() REPRESENTATION_CONTEXT('2D SPACE',''
  ) );
#14599 = FACE_BOUND('',#14600,.T.);
#14600 = EDGE_LOOP('',(#14601));
#14601 = ORIENTED_EDGE('',*,*,#14602,.F.);
#14602 = EDGE_CURVE('',#14603,#14603,#14605,.T.);
#14603 = VERTEX_POINT('',#14604);
#14604 = CARTESIAN_POINT('',(-13.2,-22.,-19.));
#14605 = SURFACE_CURVE('',#14606,(#14611,#14618),.PCURVE_S1.);
#14606 = CIRCLE('',#14607,2.8);
#14607 = AXIS2_PLACEMENT_3D('',#14608,#14609,#14610);
#14608 = CARTESIAN_POINT('',(-16.,-22.,-19.));
#14609 = DIRECTION('',(0.,0.,1.));
#14610 = DIRECTION('',(1.,0.,-0.));
#14611 = PCURVE('',#14275,#14612);
#14612 = DEFINITIONAL_REPRESENTATION('',(#14613),#14617);
#14613 = CIRCLE('',#14614,2.8);
#14614 = AXIS2_PLACEMENT_2D('',#14615,#14616);
#14615 = CARTESIAN_POINT('',(23.,8.));
#14616 = DIRECTION('',(1.,0.));
#14617 = ( GEOMETRIC_REPRESENTATION_CONTEXT(2) 
PARAMETRIC_REPRESENTATION_CONTEXT() REPRESENTATION_CONTEXT('2D SPACE',''
  ) );
#14618 = PCURVE('',#14619,#14624);
#14619 = CYLINDRICAL_SURFACE('',#14620,2.8);
#14620 = AXIS2_PLACEMENT_3D('',#14621,#14622,#14623);
#14621 = CARTESIAN_POINT('',(-16.,-22.,-19.01));
#14622 = DIRECTION('',(0.,0.,1.));
#14623 = DIRECTION('',(1.,0.,-0.));
#14624 = DEFINITIONAL_REPRESENTATION('',(#14625),#14629);
#14625 = LINE('',#14626,#14627);
#14626 = CARTESIAN_POINT('',(0.,1.E-02));
#14627 = VECTOR('',#14628,1.);
#14628 = DIRECTION('',(1.,0.));
#14629 = ( GEOMETRIC_REPRESENTATION_CONTEXT(2) 
PARAMETRIC_REPRESENTATION_CONTEXT() REPRESENTATION_CONTEXT('2D SPACE',''
  ) );
#14630 = FACE_BOUND('',#14631,.T.);
#14631 = EDGE_LOOP('',(#14632));
#14632 = ORIENTED_EDGE('',*,*,#14633,.F.);
#14633 = EDGE_CURVE('',#14634,#14634,#14636,.T.);
#14634 = VERTEX_POINT('',#14635);
#14635 = CARTESIAN_POINT('',(20.8,-22.,-19.));
#14636 = SURFACE_CURVE('',#14637,(#14642,#14649),.PCURVE_S1.);
#14637 = CIRCLE('',#14638,2.8);
#14638 = AXIS2_PLACEMENT_3D('',#14639,#14640,#14641);
#14639 = CARTESIAN_POINT('',(18.,-22.,-19.));
#14640 = DIRECTION('',(0.,0.,1.));
#14641 = DIRECTION('',(1.,0.,-0.));
#14642 = PCURVE('',#14275,#14643);
#14643 = DEFINITIONAL_REPRESENTATION('',(#14644),#14648);
#14644 = CIRCLE('',#14645,2.8);
#14645 = AXIS2_PLACEMENT_2D('',#14646,#14647);
#14646 = CARTESIAN_POINT('',(57.,8.));
#14647 = DIRECTION('',(1.,0.));
#14648 = ( GEOMETRIC_REPRESENTATION_CONTEXT(2) 
PARAMETRIC_REPRESENTATION_CONTEXT() REPRESENTATION_CONTEXT('2D SPACE',''
  ) );
#14649 = PCURVE('',#14650,#14655);
#14650 = CYLINDRICAL_SURFACE('',#14651,2.8);
#14651 = AXIS2_PLACEMENT_3D('',#14652,#14653,#14654);
#14652 = CARTESIAN_POINT('',(18.,-22.,-19.01));
#14653 = DIRECTION('',(0.,0.,1.));
#14654 = DIRECTION('',(1.,0.,-0.));
#14655 = DEFINITIONAL_REPRESENTATION('',(#14656),#14660);
#14656 = LINE('',#14657,#14658);
#14657 = CARTESIAN_POINT('',(0.,1.E-02));
#14658 = VECTOR('',#14659,1.);
#14659 = DIRECTION('',(1.,0.));
#14660 = ( GEOMETRIC_REPRESENTATION_CONTEXT(2) 
PARAMETRIC_REPRESENTATION_CONTEXT() REPRESENTATION_CONTEXT('2D SPACE',''
  ) );
#14661 = FACE_BOUND('',#14662,.T.);
#14662 = EDGE_LOOP('',(#14663));
#14663 = ORIENTED_EDGE('',*,*,#14664,.F.);
#14664 = EDGE_CURVE('',#14665,#14665,#14667,.T.);
#14665 = VERTEX_POINT('',#14666);
#14666 = CARTESIAN_POINT('',(38.4,-26.5,-19.));
#14667 = SURFACE_CURVE('',#14668,(#14673,#14680),.PCURVE_S1.);
#14668 = CIRCLE('',#14669,2.4);
#14669 = AXIS2_PLACEMENT_3D('',#14670,#14671,#14672);
#14670 = CARTESIAN_POINT('',(36.,-26.5,-19.));
#14671 = DIRECTION('',(0.,0.,1.));
#14672 = DIRECTION('',(1.,0.,-0.));
#14673 = PCURVE('',#14275,#14674);
#14674 = DEFINITIONAL_REPRESENTATION('',(#14675),#14679);
#14675 = CIRCLE('',#14676,2.4);
#14676 = AXIS2_PLACEMENT_2D('',#14677,#14678);
#14677 = CARTESIAN_POINT('',(75.,3.5));
#14678 = DIRECTION('',(1.,0.));
#14679 = ( GEOMETRIC_REPRESENTATION_CONTEXT(2) 
PARAMETRIC_REPRESENTATION_CONTEXT() REPRESENTATION_CONTEXT('2D SPACE',''
  ) );
#14680 = PCURVE('',#14681,#14686);
#14681 = CYLINDRICAL_SURFACE('',#14682,2.4);
#14682 = AXIS2_PLACEMENT_3D('',#14683,#14684,#14685);
#14683 = CARTESIAN_POINT('',(36.,-26.5,-21.2));
#14684 = DIRECTION('',(0.,0.,1.));
#14685 = DIRECTION('',(1.,0.,-0.));
#14686 = DEFINITIONAL_REPRESENTATION('',(#14687),#14691);
#14687 = LINE('',#14688,#14689);
#14688 = CARTESIAN_POINT('',(0.,2.2));
#14689 = VECTOR('',#14690,1.);
#14690 = DIRECTION('',(1.,0.));
#14691 = ( GEOMETRIC_REPRESENTATION_CONTEXT(2) 
PARAMETRIC_REPRESENTATION_CONTEXT() REPRESENTATION_CONTEXT('2D SPACE',''
  ) );
#14692 = FACE_BOUND('',#14693,.T.);
#14693 = EDGE_LOOP('',(#14694));
#14694 = ORIENTED_EDGE('',*,*,#14695,.F.);
#14695 = EDGE_CURVE('',#14696,#14696,#14698,.T.);
#14696 = VERTEX_POINT('',#14697);
#14697 = CARTESIAN_POINT('',(-31.6,14.5,-19.));
#14698 = SURFACE_CURVE('',#14699,(#14704,#14711),.PCURVE_S1.);
#14699 = CIRCLE('',#14700,2.4);
#14700 = AXIS2_PLACEMENT_3D('',#14701,#14702,#14703);
#14701 = CARTESIAN_POINT('',(-34.,14.5,-19.));
#14702 = DIRECTION('',(0.,0.,1.));
#14703 = DIRECTION('',(1.,0.,-0.));
#14704 = PCURVE('',#14275,#14705);
#14705 = DEFINITIONAL_REPRESENTATION('',(#14706),#14710);
#14706 = CIRCLE('',#14707,2.4);
#14707 = AXIS2_PLACEMENT_2D('',#14708,#14709);
#14708 = CARTESIAN_POINT('',(5.,44.5));
#14709 = DIRECTION('',(1.,0.));
#14710 = ( GEOMETRIC_REPRESENTATION_CONTEXT(2) 
PARAMETRIC_REPRESENTATION_CONTEXT() REPRESENTATION_CONTEXT('2D SPACE',''
  ) );
#14711 = PCURVE('',#14712,#14717);
#14712 = CYLINDRICAL_SURFACE('',#14713,2.4);
#14713 = AXIS2_PLACEMENT_3D('',#14714,#14715,#14716);
#14714 = CARTESIAN_POINT('',(-34.,14.5,-21.2));
#14715 = DIRECTION('',(0.,0.,1.));
#14716 = DIRECTION('',(1.,0.,-0.));
#14717 = DEFINITIONAL_REPRESENTATION('',(#14718),#14722);
#14718 = LINE('',#14719,#14720);
#14719 = CARTESIAN_POINT('',(0.,2.2));
#14720 = VECTOR('',#14721,1.);
#14721 = DIRECTION('',(1.,0.));
#14722 = ( GEOMETRIC_REPRESENTATION_CONTEXT(2) 
PARAMETRIC_REPRESENTATION_CONTEXT() REPRESENTATION_CONTEXT('2D SPACE',''
  ) );
#14723 = FACE_BOUND('',#14724,.T.);
#14724 = EDGE_LOOP('',(#14725));
#14725 = ORIENTED_EDGE('',*,*,#14726,.F.);
#14726 = EDGE_CURVE('',#14727,#14727,#14729,.T.);
#14727 = VERTEX_POINT('',#14728);
#14728 = CARTESIAN_POINT('',(-13.2,10.,-19.));
#14729 = SURFACE_CURVE('',#14730,(#14735,#14742),.PCURVE_S1.);
#14730 = CIRCLE('',#14731,2.8);
#14731 = AXIS2_PLACEMENT_3D('',#14732,#14733,#14734);
#14732 = CARTESIAN_POINT('',(-16.,10.,-19.));
#14733 = DIRECTION('',(0.,0.,1.));
#14734 = DIRECTION('',(1.,0.,-0.));
#14735 = PCURVE('',#14275,#14736);
#14736 = DEFINITIONAL_REPRESENTATION('',(#14737),#14741);
#14737 = CIRCLE('',#14738,2.8);
#14738 = AXIS2_PLACEMENT_2D('',#14739,#14740);
#14739 = CARTESIAN_POINT('',(23.,40.));
#14740 = DIRECTION('',(1.,0.));
#14741 = ( GEOMETRIC_REPRESENTATION_CONTEXT(2) 
PARAMETRIC_REPRESENTATION_CONTEXT() REPRESENTATION_CONTEXT('2D SPACE',''
  ) );
#14742 = PCURVE('',#14743,#14748);
#14743 = CYLINDRICAL_SURFACE('',#14744,2.8);
#14744 = AXIS2_PLACEMENT_3D('',#14745,#14746,#14747);
#14745 = CARTESIAN_POINT('',(-16.,10.,-19.01));
#14746 = DIRECTION('',(0.,0.,1.));
#14747 = DIRECTION('',(1.,0.,-0.));
#14748 = DEFINITIONAL_REPRESENTATION('',(#14749),#14753);
#14749 = LINE('',#14750,#14751);
#14750 = CARTESIAN_POINT('',(0.,1.E-02));
#14751 = VECTOR('',#14752,1.);
#14752 = DIRECTION('',(1.,0.));
#14753 = ( GEOMETRIC_REPRESENTATION_CONTEXT(2) 
PARAMETRIC_REPRESENTATION_CONTEXT() REPRESENTATION_CONTEXT('2D SPACE',''
  ) );
#14754 = FACE_BOUND('',#14755,.T.);
#14755 = EDGE_LOOP('',(#14756));
#14756 = ORIENTED_EDGE('',*,*,#14757,.F.);
#14757 = EDGE_CURVE('',#14758,#14758,#14760,.T.);
#14758 = VERTEX_POINT('',#14759);
#14759 = CARTESIAN_POINT('',(38.21,-6.,-19.));
#14760 = SURFACE_CURVE('',#14761,(#14766,#14773),.PCURVE_S1.);
#14761 = CIRCLE('',#14762,3.21);
#14762 = AXIS2_PLACEMENT_3D('',#14763,#14764,#14765);
#14763 = CARTESIAN_POINT('',(35.,-6.,-19.));
#14764 = DIRECTION('',(0.,0.,1.));
#14765 = DIRECTION('',(1.,0.,-0.));
#14766 = PCURVE('',#14275,#14767);
#14767 = DEFINITIONAL_REPRESENTATION('',(#14768),#14772);
#14768 = CIRCLE('',#14769,3.21);
#14769 = AXIS2_PLACEMENT_2D('',#14770,#14771);
#14770 = CARTESIAN_POINT('',(74.,24.));
#14771 = DIRECTION('',(1.,0.));
#14772 = ( GEOMETRIC_REPRESENTATION_CONTEXT(2) 
PARAMETRIC_REPRESENTATION_CONTEXT() REPRESENTATION_CONTEXT('2D SPACE',''
  ) );
#14773 = PCURVE('',#14774,#14779);
#14774 = CYLINDRICAL_SURFACE('',#14775,3.21);
#14775 = AXIS2_PLACEMENT_3D('',#14776,#14777,#14778);
#14776 = CARTESIAN_POINT('',(35.,-6.,-19.6));
#14777 = DIRECTION('',(0.,0.,1.));
#14778 = DIRECTION('',(1.,0.,-0.));
#14779 = DEFINITIONAL_REPRESENTATION('',(#14780),#14784);
#14780 = LINE('',#14781,#14782);
#14781 = CARTESIAN_POINT('',(0.,0.6));
#14782 = VECTOR('',#14783,1.);
#14783 = DIRECTION('',(1.,0.));
#14784 = ( GEOMETRIC_REPRESENTATION_CONTEXT(2) 
PARAMETRIC_REPRESENTATION_CONTEXT() REPRESENTATION_CONTEXT('2D SPACE',''
  ) );
#14785 = FACE_BOUND('',#14786,.T.);
#14786 = EDGE_LOOP('',(#14787));
#14787 = ORIENTED_EDGE('',*,*,#14788,.F.);
#14788 = EDGE_CURVE('',#14789,#14789,#14791,.T.);
#14789 = VERTEX_POINT('',#14790);
#14790 = CARTESIAN_POINT('',(20.8,10.,-19.));
#14791 = SURFACE_CURVE('',#14792,(#14797,#14804),.PCURVE_S1.);
#14792 = CIRCLE('',#14793,2.8);
#14793 = AXIS2_PLACEMENT_3D('',#14794,#14795,#14796);
#14794 = CARTESIAN_POINT('',(18.,10.,-19.));
#14795 = DIRECTION('',(0.,0.,1.));
#14796 = DIRECTION('',(1.,0.,-0.));
#14797 = PCURVE('',#14275,#14798);
#14798 = DEFINITIONAL_REPRESENTATION('',(#14799),#14803);
#14799 = CIRCLE('',#14800,2.8);
#14800 = AXIS2_PLACEMENT_2D('',#14801,#14802);
#14801 = CARTESIAN_POINT('',(57.,40.));
#14802 = DIRECTION('',(1.,0.));
#14803 = ( GEOMETRIC_REPRESENTATION_CONTEXT(2) 
PARAMETRIC_REPRESENTATION_CONTEXT() REPRESENTATION_CONTEXT('2D SPACE',''
  ) );
#14804 = PCURVE('',#14805,#14810);
#14805 = CYLINDRICAL_SURFACE('',#14806,2.8);
#14806 = AXIS2_PLACEMENT_3D('',#14807,#14808,#14809);
#14807 = CARTESIAN_POINT('',(18.,10.,-19.01));
#14808 = DIRECTION('',(0.,0.,1.));
#14809 = DIRECTION('',(1.,0.,-0.));
#14810 = DEFINITIONAL_REPRESENTATION('',(#14811),#14815);
#14811 = LINE('',#14812,#14813);
#14812 = CARTESIAN_POINT('',(0.,1.E-02));
#14813 = VECTOR('',#14814,1.);
#14814 = DIRECTION('',(1.,0.));
#14815 = ( GEOMETRIC_REPRESENTATION_CONTEXT(2) 
PARAMETRIC_REPRESENTATION_CONTEXT() REPRESENTATION_CONTEXT('2D SPACE',''
  ) );
#14816 = FACE_BOUND('',#14817,.T.);
#14817 = EDGE_LOOP('',(#14818));
#14818 = ORIENTED_EDGE('',*,*,#14819,.F.);
#14819 = EDGE_CURVE('',#14820,#14820,#14822,.T.);
#14820 = VERTEX_POINT('',#14821);
#14821 = CARTESIAN_POINT('',(38.4,14.5,-19.));
#14822 = SURFACE_CURVE('',#14823,(#14828,#14835),.PCURVE_S1.);
#14823 = CIRCLE('',#14824,2.4);
#14824 = AXIS2_PLACEMENT_3D('',#14825,#14826,#14827);
#14825 = CARTESIAN_POINT('',(36.,14.5,-19.));
#14826 = DIRECTION('',(0.,0.,1.));
#14827 = DIRECTION('',(1.,0.,-0.));
#14828 = PCURVE('',#14275,#14829);
#14829 = DEFINITIONAL_REPRESENTATION('',(#14830),#14834);
#14830 = CIRCLE('',#14831,2.4);
#14831 = AXIS2_PLACEMENT_2D('',#14832,#14833);
#14832 = CARTESIAN_POINT('',(75.,44.5));
#14833 = DIRECTION('',(1.,0.));
#14834 = ( GEOMETRIC_REPRESENTATION_CONTEXT(2) 
PARAMETRIC_REPRESENTATION_CONTEXT() REPRESENTATION_CONTEXT('2D SPACE',''
  ) );
#14835 = PCURVE('',#14836,#14841);
#14836 = CYLINDRICAL_SURFACE('',#14837,2.4);
#14837 = AXIS2_PLACEMENT_3D('',#14838,#14839,#14840);
#14838 = CARTESIAN_POINT('',(36.,14.5,-21.2));
#14839 = DIRECTION('',(0.,0.,1.));
#14840 = DIRECTION('',(1.,0.,-0.));
#14841 = DEFINITIONAL_REPRESENTATION('',(#14842),#14846);
#14842 = LINE('',#14843,#14844);
#14843 = CARTESIAN_POINT('',(0.,2.2));
#14844 = VECTOR('',#14845,1.);
#14845 = DIRECTION('',(1.,0.));
#14846 = ( GEOMETRIC_REPRESENTATION_CONTEXT(2) 
PARAMETRIC_REPRESENTATION_CONTEXT() REPRESENTATION_CONTEXT('2D SPACE',''
  ) );
#14847 = ADVANCED_FACE('',(#14848),#14303,.T.);
#14848 = FACE_BOUND('',#14849,.T.);
#14849 = EDGE_LOOP('',(#14850,#14851,#14875,#14896));
#14850 = ORIENTED_EDGE('',*,*,#14287,.F.);
#14851 = ORIENTED_EDGE('',*,*,#14852,.T.);
#14852 = EDGE_CURVE('',#14288,#14853,#14855,.T.);
#14853 = VERTEX_POINT('',#14854);
#14854 = CARTESIAN_POINT('',(-36.,-30.,-21.2));
#14855 = SURFACE_CURVE('',#14856,(#14861,#14868),.PCURVE_S1.);
#14856 = CIRCLE('',#14857,3.);
#14857 = AXIS2_PLACEMENT_3D('',#14858,#14859,#14860);
#14858 = CARTESIAN_POINT('',(-36.,-27.,-21.2));
#14859 = DIRECTION('',(0.,0.,1.));
#14860 = DIRECTION('',(-1.,-0.,0.));
#14861 = PCURVE('',#14303,#14862);
#14862 = DEFINITIONAL_REPRESENTATION('',(#14863),#14867);
#14863 = LINE('',#14864,#14865);
#14864 = CARTESIAN_POINT('',(0.,0.8));
#14865 = VECTOR('',#14866,1.);
#14866 = DIRECTION('',(1.,0.));
#14867 = ( GEOMETRIC_REPRESENTATION_CONTEXT(2) 
PARAMETRIC_REPRESENTATION_CONTEXT() REPRESENTATION_CONTEXT('2D SPACE',''
  ) );
#14868 = PCURVE('',#14331,#14869);
#14869 = DEFINITIONAL_REPRESENTATION('',(#14870),#14874);
#14870 = CIRCLE('',#14871,3.);
#14871 = AXIS2_PLACEMENT_2D('',#14872,#14873);
#14872 = CARTESIAN_POINT('',(4.,4.));
#14873 = DIRECTION('',(-1.,0.));
#14874 = ( GEOMETRIC_REPRESENTATION_CONTEXT(2) 
PARAMETRIC_REPRESENTATION_CONTEXT() REPRESENTATION_CONTEXT('2D SPACE',''
  ) );
#14875 = ORIENTED_EDGE('',*,*,#14876,.T.);
#14876 = EDGE_CURVE('',#14853,#14374,#14877,.T.);
#14877 = SURFACE_CURVE('',#14878,(#14882,#14889),.PCURVE_S1.);
#14878 = LINE('',#14879,#14880);
#14879 = CARTESIAN_POINT('',(-36.,-30.,-22.));
#14880 = VECTOR('',#14881,1.);
#14881 = DIRECTION('',(0.,0.,1.));
#14882 = PCURVE('',#14303,#14883);
#14883 = DEFINITIONAL_REPRESENTATION('',(#14884),#14888);
#14884 = LINE('',#14885,#14886);
#14885 = CARTESIAN_POINT('',(1.570796326795,0.));
#14886 = VECTOR('',#14887,1.);
#14887 = DIRECTION('',(0.,1.));
#14888 = ( GEOMETRIC_REPRESENTATION_CONTEXT(2) 
PARAMETRIC_REPRESENTATION_CONTEXT() REPRESENTATION_CONTEXT('2D SPACE',''
  ) );
#14889 = PCURVE('',#14413,#14890);
#14890 = DEFINITIONAL_REPRESENTATION('',(#14891),#14895);
#14891 = LINE('',#14892,#14893);
#14892 = CARTESIAN_POINT('',(0.,3.));
#14893 = VECTOR('',#14894,1.);
#14894 = DIRECTION('',(1.,0.));
#14895 = ( GEOMETRIC_REPRESENTATION_CONTEXT(2) 
PARAMETRIC_REPRESENTATION_CONTEXT() REPRESENTATION_CONTEXT('2D SPACE',''
  ) );
#14896 = ORIENTED_EDGE('',*,*,#14373,.F.);
#14897 = ADVANCED_FACE('',(#14898,#15041,#15067,#15093,#15119,#15150),
  #14331,.F.);
#14898 = FACE_BOUND('',#14899,.F.);
#14899 = EDGE_LOOP('',(#14900,#14924,#14925,#14926,#14949,#14973,#14996,
    #15020));
#14900 = ORIENTED_EDGE('',*,*,#14901,.T.);
#14901 = EDGE_CURVE('',#14902,#14316,#14904,.T.);
#14902 = VERTEX_POINT('',#14903);
#14903 = CARTESIAN_POINT('',(-36.,18.,-21.2));
#14904 = SURFACE_CURVE('',#14905,(#14910,#14917),.PCURVE_S1.);
#14905 = CIRCLE('',#14906,3.);
#14906 = AXIS2_PLACEMENT_3D('',#14907,#14908,#14909);
#14907 = CARTESIAN_POINT('',(-36.,15.,-21.2));
#14908 = DIRECTION('',(0.,0.,1.));
#14909 = DIRECTION('',(-1.,-0.,0.));
#14910 = PCURVE('',#14331,#14911);
#14911 = DEFINITIONAL_REPRESENTATION('',(#14912),#14916);
#14912 = CIRCLE('',#14913,3.);
#14913 = AXIS2_PLACEMENT_2D('',#14914,#14915);
#14914 = CARTESIAN_POINT('',(4.,46.));
#14915 = DIRECTION('',(-1.,0.));
#14916 = ( GEOMETRIC_REPRESENTATION_CONTEXT(2) 
PARAMETRIC_REPRESENTATION_CONTEXT() REPRESENTATION_CONTEXT('2D SPACE',''
  ) );
#14917 = PCURVE('',#14357,#14918);
#14918 = DEFINITIONAL_REPRESENTATION('',(#14919),#14923);
#14919 = LINE('',#14920,#14921);
#14920 = CARTESIAN_POINT('',(0.,0.8));
#14921 = VECTOR('',#14922,1.);
#14922 = DIRECTION('',(1.,0.));
#14923 = ( GEOMETRIC_REPRESENTATION_CONTEXT(2) 
PARAMETRIC_REPRESENTATION_CONTEXT() REPRESENTATION_CONTEXT('2D SPACE',''
  ) );
#14924 = ORIENTED_EDGE('',*,*,#14315,.T.);
#14925 = ORIENTED_EDGE('',*,*,#14852,.T.);
#14926 = ORIENTED_EDGE('',*,*,#14927,.T.);
#14927 = EDGE_CURVE('',#14853,#14928,#14930,.T.);
#14928 = VERTEX_POINT('',#14929);
#14929 = CARTESIAN_POINT('',(44.,-30.,-21.2));
#14930 = SURFACE_CURVE('',#14931,(#14935,#14942),.PCURVE_S1.);
#14931 = LINE('',#14932,#14933);
#14932 = CARTESIAN_POINT('',(-39.5,-30.,-21.2));
#14933 = VECTOR('',#14934,1.);
#14934 = DIRECTION('',(1.,0.,0.));
#14935 = PCURVE('',#14331,#14936);
#14936 = DEFINITIONAL_REPRESENTATION('',(#14937),#14941);
#14937 = LINE('',#14938,#14939);
#14938 = CARTESIAN_POINT('',(0.5,1.));
#14939 = VECTOR('',#14940,1.);
#14940 = DIRECTION('',(1.,0.));
#14941 = ( GEOMETRIC_REPRESENTATION_CONTEXT(2) 
PARAMETRIC_REPRESENTATION_CONTEXT() REPRESENTATION_CONTEXT('2D SPACE',''
  ) );
#14942 = PCURVE('',#14413,#14943);
#14943 = DEFINITIONAL_REPRESENTATION('',(#14944),#14948);
#14944 = LINE('',#14945,#14946);
#14945 = CARTESIAN_POINT('',(0.8,-0.5));
#14946 = VECTOR('',#14947,1.);
#14947 = DIRECTION('',(0.,1.));
#14948 = ( GEOMETRIC_REPRESENTATION_CONTEXT(2) 
PARAMETRIC_REPRESENTATION_CONTEXT() REPRESENTATION_CONTEXT('2D SPACE',''
  ) );
#14949 = ORIENTED_EDGE('',*,*,#14950,.T.);
#14950 = EDGE_CURVE('',#14928,#14951,#14953,.T.);
#14951 = VERTEX_POINT('',#14952);
#14952 = CARTESIAN_POINT('',(47.,-27.,-21.2));
#14953 = SURFACE_CURVE('',#14954,(#14959,#14966),.PCURVE_S1.);
#14954 = CIRCLE('',#14955,3.);
#14955 = AXIS2_PLACEMENT_3D('',#14956,#14957,#14958);
#14956 = CARTESIAN_POINT('',(44.,-27.,-21.2));
#14957 = DIRECTION('',(0.,0.,1.));
#14958 = DIRECTION('',(1.,0.,-0.));
#14959 = PCURVE('',#14331,#14960);
#14960 = DEFINITIONAL_REPRESENTATION('',(#14961),#14965);
#14961 = CIRCLE('',#14962,3.);
#14962 = AXIS2_PLACEMENT_2D('',#14963,#14964);
#14963 = CARTESIAN_POINT('',(84.,4.));
#14964 = DIRECTION('',(1.,0.));
#14965 = ( GEOMETRIC_REPRESENTATION_CONTEXT(2) 
PARAMETRIC_REPRESENTATION_CONTEXT() REPRESENTATION_CONTEXT('2D SPACE',''
  ) );
#14966 = PCURVE('',#14446,#14967);
#14967 = DEFINITIONAL_REPRESENTATION('',(#14968),#14972);
#14968 = LINE('',#14969,#14970);
#14969 = CARTESIAN_POINT('',(0.,0.8));
#14970 = VECTOR('',#14971,1.);
#14971 = DIRECTION('',(1.,0.));
#14972 = ( GEOMETRIC_REPRESENTATION_CONTEXT(2) 
PARAMETRIC_REPRESENTATION_CONTEXT() REPRESENTATION_CONTEXT('2D SPACE',''
  ) );
#14973 = ORIENTED_EDGE('',*,*,#14974,.F.);
#14974 = EDGE_CURVE('',#14975,#14951,#14977,.T.);
#14975 = VERTEX_POINT('',#14976);
#14976 = CARTESIAN_POINT('',(47.,15.,-21.2));
#14977 = SURFACE_CURVE('',#14978,(#14982,#14989),.PCURVE_S1.);
#14978 = LINE('',#14979,#14980);
#14979 = CARTESIAN_POINT('',(47.,-30.5,-21.2));
#14980 = VECTOR('',#14981,1.);
#14981 = DIRECTION('',(0.,-1.,0.));
#14982 = PCURVE('',#14331,#14983);
#14983 = DEFINITIONAL_REPRESENTATION('',(#14984),#14988);
#14984 = LINE('',#14985,#14986);
#14985 = CARTESIAN_POINT('',(87.,0.5));
#14986 = VECTOR('',#14987,1.);
#14987 = DIRECTION('',(0.,-1.));
#14988 = ( GEOMETRIC_REPRESENTATION_CONTEXT(2) 
PARAMETRIC_REPRESENTATION_CONTEXT() REPRESENTATION_CONTEXT('2D SPACE',''
  ) );
#14989 = PCURVE('',#14474,#14990);
#14990 = DEFINITIONAL_REPRESENTATION('',(#14991),#14995);
#14991 = LINE('',#14992,#14993);
#14992 = CARTESIAN_POINT('',(0.8,0.5));
#14993 = VECTOR('',#14994,1.);
#14994 = DIRECTION('',(0.,1.));
#14995 = ( GEOMETRIC_REPRESENTATION_CONTEXT(2) 
PARAMETRIC_REPRESENTATION_CONTEXT() REPRESENTATION_CONTEXT('2D SPACE',''
  ) );
#14996 = ORIENTED_EDGE('',*,*,#14997,.T.);
#14997 = EDGE_CURVE('',#14975,#14998,#15000,.T.);
#14998 = VERTEX_POINT('',#14999);
#14999 = CARTESIAN_POINT('',(44.,18.,-21.2));
#15000 = SURFACE_CURVE('',#15001,(#15006,#15013),.PCURVE_S1.);
#15001 = CIRCLE('',#15002,3.);
#15002 = AXIS2_PLACEMENT_3D('',#15003,#15004,#15005);
#15003 = CARTESIAN_POINT('',(44.,15.,-21.2));
#15004 = DIRECTION('',(0.,0.,1.));
#15005 = DIRECTION('',(1.,0.,-0.));
#15006 = PCURVE('',#14331,#15007);
#15007 = DEFINITIONAL_REPRESENTATION('',(#15008),#15012);
#15008 = CIRCLE('',#15009,3.);
#15009 = AXIS2_PLACEMENT_2D('',#15010,#15011);
#15010 = CARTESIAN_POINT('',(84.,46.));
#15011 = DIRECTION('',(1.,0.));
#15012 = ( GEOMETRIC_REPRESENTATION_CONTEXT(2) 
PARAMETRIC_REPRESENTATION_CONTEXT() REPRESENTATION_CONTEXT('2D SPACE',''
  ) );
#15013 = PCURVE('',#14503,#15014);
#15014 = DEFINITIONAL_REPRESENTATION('',(#15015),#15019);
#15015 = LINE('',#15016,#15017);
#15016 = CARTESIAN_POINT('',(0.,0.8));
#15017 = VECTOR('',#15018,1.);
#15018 = DIRECTION('',(1.,0.));
#15019 = ( GEOMETRIC_REPRESENTATION_CONTEXT(2) 
PARAMETRIC_REPRESENTATION_CONTEXT() REPRESENTATION_CONTEXT('2D SPACE',''
  ) );
#15020 = ORIENTED_EDGE('',*,*,#15021,.F.);
#15021 = EDGE_CURVE('',#14902,#14998,#15022,.T.);
#15022 = SURFACE_CURVE('',#15023,(#15027,#15034),.PCURVE_S1.);
#15023 = LINE('',#15024,#15025);
#15024 = CARTESIAN_POINT('',(-39.5,18.,-21.2));
#15025 = VECTOR('',#15026,1.);
#15026 = DIRECTION('',(1.,0.,0.));
#15027 = PCURVE('',#14331,#15028);
#15028 = DEFINITIONAL_REPRESENTATION('',(#15029),#15033);
#15029 = LINE('',#15030,#15031);
#15030 = CARTESIAN_POINT('',(0.5,49.));
#15031 = VECTOR('',#15032,1.);
#15032 = DIRECTION('',(1.,0.));
#15033 = ( GEOMETRIC_REPRESENTATION_CONTEXT(2) 
PARAMETRIC_REPRESENTATION_CONTEXT() REPRESENTATION_CONTEXT('2D SPACE',''
  ) );
#15034 = PCURVE('',#14531,#15035);
#15035 = DEFINITIONAL_REPRESENTATION('',(#15036),#15040);
#15036 = LINE('',#15037,#15038);
#15037 = CARTESIAN_POINT('',(0.8,-0.5));
#15038 = VECTOR('',#15039,1.);
#15039 = DIRECTION('',(0.,1.));
#15040 = ( GEOMETRIC_REPRESENTATION_CONTEXT(2) 
PARAMETRIC_REPRESENTATION_CONTEXT() REPRESENTATION_CONTEXT('2D SPACE',''
  ) );
#15041 = FACE_BOUND('',#15042,.F.);
#15042 = EDGE_LOOP('',(#15043));
#15043 = ORIENTED_EDGE('',*,*,#15044,.F.);
#15044 = EDGE_CURVE('',#15045,#15045,#15047,.T.);
#15045 = VERTEX_POINT('',#15046);
#15046 = CARTESIAN_POINT('',(-31.6,-26.5,-21.2));
#15047 = SURFACE_CURVE('',#15048,(#15053,#15060),.PCURVE_S1.);
#15048 = CIRCLE('',#15049,2.4);
#15049 = AXIS2_PLACEMENT_3D('',#15050,#15051,#15052);
#15050 = CARTESIAN_POINT('',(-34.,-26.5,-21.2));
#15051 = DIRECTION('',(0.,0.,1.));
#15052 = DIRECTION('',(1.,0.,-0.));
#15053 = PCURVE('',#14331,#15054);
#15054 = DEFINITIONAL_REPRESENTATION('',(#15055),#15059);
#15055 = CIRCLE('',#15056,2.4);
#15056 = AXIS2_PLACEMENT_2D('',#15057,#15058);
#15057 = CARTESIAN_POINT('',(6.,4.5));
#15058 = DIRECTION('',(1.,0.));
#15059 = ( GEOMETRIC_REPRESENTATION_CONTEXT(2) 
PARAMETRIC_REPRESENTATION_CONTEXT() REPRESENTATION_CONTEXT('2D SPACE',''
  ) );
#15060 = PCURVE('',#14588,#15061);
#15061 = DEFINITIONAL_REPRESENTATION('',(#15062),#15066);
#15062 = LINE('',#15063,#15064);
#15063 = CARTESIAN_POINT('',(0.,0.));
#15064 = VECTOR('',#15065,1.);
#15065 = DIRECTION('',(1.,0.));
#15066 = ( GEOMETRIC_REPRESENTATION_CONTEXT(2) 
PARAMETRIC_REPRESENTATION_CONTEXT() REPRESENTATION_CONTEXT('2D SPACE',''
  ) );
#15067 = FACE_BOUND('',#15068,.F.);
#15068 = EDGE_LOOP('',(#15069));
#15069 = ORIENTED_EDGE('',*,*,#15070,.F.);
#15070 = EDGE_CURVE('',#15071,#15071,#15073,.T.);
#15071 = VERTEX_POINT('',#15072);
#15072 = CARTESIAN_POINT('',(38.4,-26.5,-21.2));
#15073 = SURFACE_CURVE('',#15074,(#15079,#15086),.PCURVE_S1.);
#15074 = CIRCLE('',#15075,2.4);
#15075 = AXIS2_PLACEMENT_3D('',#15076,#15077,#15078);
#15076 = CARTESIAN_POINT('',(36.,-26.5,-21.2));
#15077 = DIRECTION('',(0.,0.,1.));
#15078 = DIRECTION('',(1.,0.,-0.));
#15079 = PCURVE('',#14331,#15080);
#15080 = DEFINITIONAL_REPRESENTATION('',(#15081),#15085);
#15081 = CIRCLE('',#15082,2.4);
#15082 = AXIS2_PLACEMENT_2D('',#15083,#15084);
#15083 = CARTESIAN_POINT('',(76.,4.5));
#15084 = DIRECTION('',(1.,0.));
#15085 = ( GEOMETRIC_REPRESENTATION_CONTEXT(2) 
PARAMETRIC_REPRESENTATION_CONTEXT() REPRESENTATION_CONTEXT('2D SPACE',''
  ) );
#15086 = PCURVE('',#14681,#15087);
#15087 = DEFINITIONAL_REPRESENTATION('',(#15088),#15092);
#15088 = LINE('',#15089,#15090);
#15089 = CARTESIAN_POINT('',(0.,0.));
#15090 = VECTOR('',#15091,1.);
#15091 = DIRECTION('',(1.,0.));
#15092 = ( GEOMETRIC_REPRESENTATION_CONTEXT(2) 
PARAMETRIC_REPRESENTATION_CONTEXT() REPRESENTATION_CONTEXT('2D SPACE',''
  ) );
#15093 = FACE_BOUND('',#15094,.F.);
#15094 = EDGE_LOOP('',(#15095));
#15095 = ORIENTED_EDGE('',*,*,#15096,.F.);
#15096 = EDGE_CURVE('',#15097,#15097,#15099,.T.);
#15097 = VERTEX_POINT('',#15098);
#15098 = CARTESIAN_POINT('',(-31.6,14.5,-21.2));
#15099 = SURFACE_CURVE('',#15100,(#15105,#15112),.PCURVE_S1.);
#15100 = CIRCLE('',#15101,2.4);
#15101 = AXIS2_PLACEMENT_3D('',#15102,#15103,#15104);
#15102 = CARTESIAN_POINT('',(-34.,14.5,-21.2));
#15103 = DIRECTION('',(0.,0.,1.));
#15104 = DIRECTION('',(1.,0.,-0.));
#15105 = PCURVE('',#14331,#15106);
#15106 = DEFINITIONAL_REPRESENTATION('',(#15107),#15111);
#15107 = CIRCLE('',#15108,2.4);
#15108 = AXIS2_PLACEMENT_2D('',#15109,#15110);
#15109 = CARTESIAN_POINT('',(6.,45.5));
#15110 = DIRECTION('',(1.,0.));
#15111 = ( GEOMETRIC_REPRESENTATION_CONTEXT(2) 
PARAMETRIC_REPRESENTATION_CONTEXT() REPRESENTATION_CONTEXT('2D SPACE',''
  ) );
#15112 = PCURVE('',#14712,#15113);
#15113 = DEFINITIONAL_REPRESENTATION('',(#15114),#15118);
#15114 = LINE('',#15115,#15116);
#15115 = CARTESIAN_POINT('',(0.,0.));
#15116 = VECTOR('',#15117,1.);
#15117 = DIRECTION('',(1.,0.));
#15118 = ( GEOMETRIC_REPRESENTATION_CONTEXT(2) 
PARAMETRIC_REPRESENTATION_CONTEXT() REPRESENTATION_CONTEXT('2D SPACE',''
  ) );
#15119 = FACE_BOUND('',#15120,.F.);
#15120 = EDGE_LOOP('',(#15121));
#15121 = ORIENTED_EDGE('',*,*,#15122,.F.);
#15122 = EDGE_CURVE('',#15123,#15123,#15125,.T.);
#15123 = VERTEX_POINT('',#15124);
#15124 = CARTESIAN_POINT('',(38.2,-6.,-21.2));
#15125 = SURFACE_CURVE('',#15126,(#15131,#15138),.PCURVE_S1.);
#15126 = CIRCLE('',#15127,3.2);
#15127 = AXIS2_PLACEMENT_3D('',#15128,#15129,#15130);
#15128 = CARTESIAN_POINT('',(35.,-6.,-21.2));
#15129 = DIRECTION('',(0.,0.,1.));
#15130 = DIRECTION('',(1.,0.,-0.));
#15131 = PCURVE('',#14331,#15132);
#15132 = DEFINITIONAL_REPRESENTATION('',(#15133),#15137);
#15133 = CIRCLE('',#15134,3.2);
#15134 = AXIS2_PLACEMENT_2D('',#15135,#15136);
#15135 = CARTESIAN_POINT('',(75.,25.));
#15136 = DIRECTION('',(1.,0.));
#15137 = ( GEOMETRIC_REPRESENTATION_CONTEXT(2) 
PARAMETRIC_REPRESENTATION_CONTEXT() REPRESENTATION_CONTEXT('2D SPACE',''
  ) );
#15138 = PCURVE('',#15139,#15144);
#15139 = CYLINDRICAL_SURFACE('',#15140,3.2);
#15140 = AXIS2_PLACEMENT_3D('',#15141,#15142,#15143);
#15141 = CARTESIAN_POINT('',(35.,-6.,-22.01));
#15142 = DIRECTION('',(0.,0.,1.));
#15143 = DIRECTION('',(1.,0.,-0.));
#15144 = DEFINITIONAL_REPRESENTATION('',(#15145),#15149);
#15145 = LINE('',#15146,#15147);
#15146 = CARTESIAN_POINT('',(0.,0.81));
#15147 = VECTOR('',#15148,1.);
#15148 = DIRECTION('',(1.,0.));
#15149 = ( GEOMETRIC_REPRESENTATION_CONTEXT(2) 
PARAMETRIC_REPRESENTATION_CONTEXT() REPRESENTATION_CONTEXT('2D SPACE',''
  ) );
#15150 = FACE_BOUND('',#15151,.F.);
#15151 = EDGE_LOOP('',(#15152));
#15152 = ORIENTED_EDGE('',*,*,#15153,.F.);
#15153 = EDGE_CURVE('',#15154,#15154,#15156,.T.);
#15154 = VERTEX_POINT('',#15155);
#15155 = CARTESIAN_POINT('',(38.4,14.5,-21.2));
#15156 = SURFACE_CURVE('',#15157,(#15162,#15169),.PCURVE_S1.);
#15157 = CIRCLE('',#15158,2.4);
#15158 = AXIS2_PLACEMENT_3D('',#15159,#15160,#15161);
#15159 = CARTESIAN_POINT('',(36.,14.5,-21.2));
#15160 = DIRECTION('',(0.,0.,1.));
#15161 = DIRECTION('',(1.,0.,-0.));
#15162 = PCURVE('',#14331,#15163);
#15163 = DEFINITIONAL_REPRESENTATION('',(#15164),#15168);
#15164 = CIRCLE('',#15165,2.4);
#15165 = AXIS2_PLACEMENT_2D('',#15166,#15167);
#15166 = CARTESIAN_POINT('',(76.,45.5));
#15167 = DIRECTION('',(1.,0.));
#15168 = ( GEOMETRIC_REPRESENTATION_CONTEXT(2) 
PARAMETRIC_REPRESENTATION_CONTEXT() REPRESENTATION_CONTEXT('2D SPACE',''
  ) );
#15169 = PCURVE('',#14836,#15170);
#15170 = DEFINITIONAL_REPRESENTATION('',(#15171),#15175);
#15171 = LINE('',#15172,#15173);
#15172 = CARTESIAN_POINT('',(0.,0.));
#15173 = VECTOR('',#15174,1.);
#15174 = DIRECTION('',(1.,0.));
#15175 = ( GEOMETRIC_REPRESENTATION_CONTEXT(2) 
PARAMETRIC_REPRESENTATION_CONTEXT() REPRESENTATION_CONTEXT('2D SPACE',''
  ) );
#15176 = ADVANCED_FACE('',(#15177),#14357,.T.);
#15177 = FACE_BOUND('',#15178,.T.);
#15178 = EDGE_LOOP('',(#15179,#15180,#15181,#15182));
#15179 = ORIENTED_EDGE('',*,*,#14901,.T.);
#15180 = ORIENTED_EDGE('',*,*,#14343,.T.);
#15181 = ORIENTED_EDGE('',*,*,#14543,.T.);
#15182 = ORIENTED_EDGE('',*,*,#15183,.F.);
#15183 = EDGE_CURVE('',#14902,#14516,#15184,.T.);
#15184 = SURFACE_CURVE('',#15185,(#15189,#15196),.PCURVE_S1.);
#15185 = LINE('',#15186,#15187);
#15186 = CARTESIAN_POINT('',(-36.,18.,-22.));
#15187 = VECTOR('',#15188,1.);
#15188 = DIRECTION('',(0.,0.,1.));
#15189 = PCURVE('',#14357,#15190);
#15190 = DEFINITIONAL_REPRESENTATION('',(#15191),#15195);
#15191 = LINE('',#15192,#15193);
#15192 = CARTESIAN_POINT('',(4.712388980385,0.));
#15193 = VECTOR('',#15194,1.);
#15194 = DIRECTION('',(-0.,1.));
#15195 = ( GEOMETRIC_REPRESENTATION_CONTEXT(2) 
PARAMETRIC_REPRESENTATION_CONTEXT() REPRESENTATION_CONTEXT('2D SPACE',''
  ) );
#15196 = PCURVE('',#14531,#15197);
#15197 = DEFINITIONAL_REPRESENTATION('',(#15198),#15202);
#15198 = LINE('',#15199,#15200);
#15199 = CARTESIAN_POINT('',(0.,3.));
#15200 = VECTOR('',#15201,1.);
#15201 = DIRECTION('',(1.,0.));
#15202 = ( GEOMETRIC_REPRESENTATION_CONTEXT(2) 
PARAMETRIC_REPRESENTATION_CONTEXT() REPRESENTATION_CONTEXT('2D SPACE',''
  ) );
#15203 = ADVANCED_FACE('',(#15204),#14413,.F.);
#15204 = FACE_BOUND('',#15205,.F.);
#15205 = EDGE_LOOP('',(#15206,#15207,#15208,#15209));
#15206 = ORIENTED_EDGE('',*,*,#14927,.F.);
#15207 = ORIENTED_EDGE('',*,*,#14876,.T.);
#15208 = ORIENTED_EDGE('',*,*,#14397,.T.);
#15209 = ORIENTED_EDGE('',*,*,#15210,.F.);
#15210 = EDGE_CURVE('',#14928,#14398,#15211,.T.);
#15211 = SURFACE_CURVE('',#15212,(#15216,#15223),.PCURVE_S1.);
#15212 = LINE('',#15213,#15214);
#15213 = CARTESIAN_POINT('',(44.,-30.,-22.));
#15214 = VECTOR('',#15215,1.);
#15215 = DIRECTION('',(0.,0.,1.));
#15216 = PCURVE('',#14413,#15217);
#15217 = DEFINITIONAL_REPRESENTATION('',(#15218),#15222);
#15218 = LINE('',#15219,#15220);
#15219 = CARTESIAN_POINT('',(0.,83.));
#15220 = VECTOR('',#15221,1.);
#15221 = DIRECTION('',(1.,0.));
#15222 = ( GEOMETRIC_REPRESENTATION_CONTEXT(2) 
PARAMETRIC_REPRESENTATION_CONTEXT() REPRESENTATION_CONTEXT('2D SPACE',''
  ) );
#15223 = PCURVE('',#14446,#15224);
#15224 = DEFINITIONAL_REPRESENTATION('',(#15225),#15229);
#15225 = LINE('',#15226,#15227);
#15226 = CARTESIAN_POINT('',(4.712388980385,0.));
#15227 = VECTOR('',#15228,1.);
#15228 = DIRECTION('',(-0.,1.));
#15229 = ( GEOMETRIC_REPRESENTATION_CONTEXT(2) 
PARAMETRIC_REPRESENTATION_CONTEXT() REPRESENTATION_CONTEXT('2D SPACE',''
  ) );
#15230 = ADVANCED_FACE('',(#15231),#14531,.T.);
#15231 = FACE_BOUND('',#15232,.T.);
#15232 = EDGE_LOOP('',(#15233,#15234,#15235,#15236));
#15233 = ORIENTED_EDGE('',*,*,#15021,.F.);
#15234 = ORIENTED_EDGE('',*,*,#15183,.T.);
#15235 = ORIENTED_EDGE('',*,*,#14515,.T.);
#15236 = ORIENTED_EDGE('',*,*,#15237,.F.);
#15237 = EDGE_CURVE('',#14998,#14487,#15238,.T.);
#15238 = SURFACE_CURVE('',#15239,(#15243,#15250),.PCURVE_S1.);
#15239 = LINE('',#15240,#15241);
#15240 = CARTESIAN_POINT('',(44.,18.,-22.));
#15241 = VECTOR('',#15242,1.);
#15242 = DIRECTION('',(0.,0.,1.));
#15243 = PCURVE('',#14531,#15244);
#15244 = DEFINITIONAL_REPRESENTATION('',(#15245),#15249);
#15245 = LINE('',#15246,#15247);
#15246 = CARTESIAN_POINT('',(0.,83.));
#15247 = VECTOR('',#15248,1.);
#15248 = DIRECTION('',(1.,0.));
#15249 = ( GEOMETRIC_REPRESENTATION_CONTEXT(2) 
PARAMETRIC_REPRESENTATION_CONTEXT() REPRESENTATION_CONTEXT('2D SPACE',''
  ) );
#15250 = PCURVE('',#14503,#15251);
#15251 = DEFINITIONAL_REPRESENTATION('',(#15252),#15256);
#15252 = LINE('',#15253,#15254);
#15253 = CARTESIAN_POINT('',(1.570796326795,0.));
#15254 = VECTOR('',#15255,1.);
#15255 = DIRECTION('',(0.,1.));
#15256 = ( GEOMETRIC_REPRESENTATION_CONTEXT(2) 
PARAMETRIC_REPRESENTATION_CONTEXT() REPRESENTATION_CONTEXT('2D SPACE',''
  ) );
#15257 = ADVANCED_FACE('',(#15258),#14446,.T.);
#15258 = FACE_BOUND('',#15259,.T.);
#15259 = EDGE_LOOP('',(#15260,#15261,#15282,#15283));
#15260 = ORIENTED_EDGE('',*,*,#14950,.T.);
#15261 = ORIENTED_EDGE('',*,*,#15262,.T.);
#15262 = EDGE_CURVE('',#14951,#14426,#15263,.T.);
#15263 = SURFACE_CURVE('',#15264,(#15268,#15275),.PCURVE_S1.);
#15264 = LINE('',#15265,#15266);
#15265 = CARTESIAN_POINT('',(47.,-27.,-22.));
#15266 = VECTOR('',#15267,1.);
#15267 = DIRECTION('',(0.,0.,1.));
#15268 = PCURVE('',#14446,#15269);
#15269 = DEFINITIONAL_REPRESENTATION('',(#15270),#15274);
#15270 = LINE('',#15271,#15272);
#15271 = CARTESIAN_POINT('',(6.28318530718,0.));
#15272 = VECTOR('',#15273,1.);
#15273 = DIRECTION('',(-0.,1.));
#15274 = ( GEOMETRIC_REPRESENTATION_CONTEXT(2) 
PARAMETRIC_REPRESENTATION_CONTEXT() REPRESENTATION_CONTEXT('2D SPACE',''
  ) );
#15275 = PCURVE('',#14474,#15276);
#15276 = DEFINITIONAL_REPRESENTATION('',(#15277),#15281);
#15277 = LINE('',#15278,#15279);
#15278 = CARTESIAN_POINT('',(0.,-3.));
#15279 = VECTOR('',#15280,1.);
#15280 = DIRECTION('',(1.,0.));
#15281 = ( GEOMETRIC_REPRESENTATION_CONTEXT(2) 
PARAMETRIC_REPRESENTATION_CONTEXT() REPRESENTATION_CONTEXT('2D SPACE',''
  ) );
#15282 = ORIENTED_EDGE('',*,*,#14425,.T.);
#15283 = ORIENTED_EDGE('',*,*,#15210,.F.);
#15284 = ADVANCED_FACE('',(#15285),#14503,.T.);
#15285 = FACE_BOUND('',#15286,.T.);
#15286 = EDGE_LOOP('',(#15287,#15308,#15309,#15310));
#15287 = ORIENTED_EDGE('',*,*,#15288,.F.);
#15288 = EDGE_CURVE('',#14975,#14459,#15289,.T.);
#15289 = SURFACE_CURVE('',#15290,(#15294,#15301),.PCURVE_S1.);
#15290 = LINE('',#15291,#15292);
#15291 = CARTESIAN_POINT('',(47.,15.,-22.));
#15292 = VECTOR('',#15293,1.);
#15293 = DIRECTION('',(0.,0.,1.));
#15294 = PCURVE('',#14503,#15295);
#15295 = DEFINITIONAL_REPRESENTATION('',(#15296),#15300);
#15296 = LINE('',#15297,#15298);
#15297 = CARTESIAN_POINT('',(0.,0.));
#15298 = VECTOR('',#15299,1.);
#15299 = DIRECTION('',(0.,1.));
#15300 = ( GEOMETRIC_REPRESENTATION_CONTEXT(2) 
PARAMETRIC_REPRESENTATION_CONTEXT() REPRESENTATION_CONTEXT('2D SPACE',''
  ) );
#15301 = PCURVE('',#14474,#15302);
#15302 = DEFINITIONAL_REPRESENTATION('',(#15303),#15307);
#15303 = LINE('',#15304,#15305);
#15304 = CARTESIAN_POINT('',(0.,-45.));
#15305 = VECTOR('',#15306,1.);
#15306 = DIRECTION('',(1.,0.));
#15307 = ( GEOMETRIC_REPRESENTATION_CONTEXT(2) 
PARAMETRIC_REPRESENTATION_CONTEXT() REPRESENTATION_CONTEXT('2D SPACE',''
  ) );
#15308 = ORIENTED_EDGE('',*,*,#14997,.T.);
#15309 = ORIENTED_EDGE('',*,*,#15237,.T.);
#15310 = ORIENTED_EDGE('',*,*,#14486,.F.);
#15311 = ADVANCED_FACE('',(#15312),#14474,.T.);
#15312 = FACE_BOUND('',#15313,.T.);
#15313 = EDGE_LOOP('',(#15314,#15315,#15316,#15317));
#15314 = ORIENTED_EDGE('',*,*,#14458,.F.);
#15315 = ORIENTED_EDGE('',*,*,#15262,.F.);
#15316 = ORIENTED_EDGE('',*,*,#14974,.F.);
#15317 = ORIENTED_EDGE('',*,*,#15288,.T.);
#15318 = ADVANCED_FACE('',(#15319),#14588,.F.);
#15319 = FACE_BOUND('',#15320,.F.);
#15320 = EDGE_LOOP('',(#15321,#15322,#15343,#15344));
#15321 = ORIENTED_EDGE('',*,*,#14571,.F.);
#15322 = ORIENTED_EDGE('',*,*,#15323,.F.);
#15323 = EDGE_CURVE('',#15045,#14572,#15324,.T.);
#15324 = SEAM_CURVE('',#15325,(#15329,#15336),.PCURVE_S1.);
#15325 = LINE('',#15326,#15327);
#15326 = CARTESIAN_POINT('',(-31.6,-26.5,-21.2));
#15327 = VECTOR('',#15328,1.);
#15328 = DIRECTION('',(0.,0.,1.));
#15329 = PCURVE('',#14588,#15330);
#15330 = DEFINITIONAL_REPRESENTATION('',(#15331),#15335);
#15331 = LINE('',#15332,#15333);
#15332 = CARTESIAN_POINT('',(0.,-0.));
#15333 = VECTOR('',#15334,1.);
#15334 = DIRECTION('',(0.,1.));
#15335 = ( GEOMETRIC_REPRESENTATION_CONTEXT(2) 
PARAMETRIC_REPRESENTATION_CONTEXT() REPRESENTATION_CONTEXT('2D SPACE',''
  ) );
#15336 = PCURVE('',#14588,#15337);
#15337 = DEFINITIONAL_REPRESENTATION('',(#15338),#15342);
#15338 = LINE('',#15339,#15340);
#15339 = CARTESIAN_POINT('',(6.28318530718,-0.));
#15340 = VECTOR('',#15341,1.);
#15341 = DIRECTION('',(0.,1.));
#15342 = ( GEOMETRIC_REPRESENTATION_CONTEXT(2) 
PARAMETRIC_REPRESENTATION_CONTEXT() REPRESENTATION_CONTEXT('2D SPACE',''
  ) );
#15343 = ORIENTED_EDGE('',*,*,#15044,.T.);
#15344 = ORIENTED_EDGE('',*,*,#15323,.T.);
#15345 = ADVANCED_FACE('',(#15346),#14619,.T.);
#15346 = FACE_BOUND('',#15347,.T.);
#15347 = EDGE_LOOP('',(#15348,#15349,#15372,#15399));
#15348 = ORIENTED_EDGE('',*,*,#14602,.T.);
#15349 = ORIENTED_EDGE('',*,*,#15350,.T.);
#15350 = EDGE_CURVE('',#14603,#15351,#15353,.T.);
#15351 = VERTEX_POINT('',#15352);
#15352 = CARTESIAN_POINT('',(-13.2,-22.,-15.4));
#15353 = SEAM_CURVE('',#15354,(#15358,#15365),.PCURVE_S1.);
#15354 = LINE('',#15355,#15356);
#15355 = CARTESIAN_POINT('',(-13.2,-22.,-19.));
#15356 = VECTOR('',#15357,1.);
#15357 = DIRECTION('',(4.93432455389E-16,0.,1.));
#15358 = PCURVE('',#14619,#15359);
#15359 = DEFINITIONAL_REPRESENTATION('',(#15360),#15364);
#15360 = LINE('',#15361,#15362);
#15361 = CARTESIAN_POINT('',(6.28318530718,1.E-02));
#15362 = VECTOR('',#15363,1.);
#15363 = DIRECTION('',(0.,1.));
#15364 = ( GEOMETRIC_REPRESENTATION_CONTEXT(2) 
PARAMETRIC_REPRESENTATION_CONTEXT() REPRESENTATION_CONTEXT('2D SPACE',''
  ) );
#15365 = PCURVE('',#14619,#15366);
#15366 = DEFINITIONAL_REPRESENTATION('',(#15367),#15371);
#15367 = LINE('',#15368,#15369);
#15368 = CARTESIAN_POINT('',(4.138911435803E-13,1.E-02));
#15369 = VECTOR('',#15370,1.);
#15370 = DIRECTION('',(0.,1.));
#15371 = ( GEOMETRIC_REPRESENTATION_CONTEXT(2) 
PARAMETRIC_REPRESENTATION_CONTEXT() REPRESENTATION_CONTEXT('2D SPACE',''
  ) );
#15372 = ORIENTED_EDGE('',*,*,#15373,.F.);
#15373 = EDGE_CURVE('',#15351,#15351,#15374,.T.);
#15374 = SURFACE_CURVE('',#15375,(#15380,#15387),.PCURVE_S1.);
#15375 = CIRCLE('',#15376,2.8);
#15376 = AXIS2_PLACEMENT_3D('',#15377,#15378,#15379);
#15377 = CARTESIAN_POINT('',(-16.,-22.,-15.4));
#15378 = DIRECTION('',(0.,0.,1.));
#15379 = DIRECTION('',(1.,0.,-0.));
#15380 = PCURVE('',#14619,#15381);
#15381 = DEFINITIONAL_REPRESENTATION('',(#15382),#15386);
#15382 = LINE('',#15383,#15384);
#15383 = CARTESIAN_POINT('',(0.,3.61));
#15384 = VECTOR('',#15385,1.);
#15385 = DIRECTION('',(1.,0.));
#15386 = ( GEOMETRIC_REPRESENTATION_CONTEXT(2) 
PARAMETRIC_REPRESENTATION_CONTEXT() REPRESENTATION_CONTEXT('2D SPACE',''
  ) );
#15387 = PCURVE('',#15388,#15393);
#15388 = PLANE('',#15389);
#15389 = AXIS2_PLACEMENT_3D('',#15390,#15391,#15392);
#15390 = CARTESIAN_POINT('',(-16.,-22.,-15.4));
#15391 = DIRECTION('',(0.,0.,1.));
#15392 = DIRECTION('',(1.,0.,-0.));
#15393 = DEFINITIONAL_REPRESENTATION('',(#15394),#15398);
#15394 = CIRCLE('',#15395,2.8);
#15395 = AXIS2_PLACEMENT_2D('',#15396,#15397);
#15396 = CARTESIAN_POINT('',(0.,0.));
#15397 = DIRECTION('',(1.,0.));
#15398 = ( GEOMETRIC_REPRESENTATION_CONTEXT(2) 
PARAMETRIC_REPRESENTATION_CONTEXT() REPRESENTATION_CONTEXT('2D SPACE',''
  ) );
#15399 = ORIENTED_EDGE('',*,*,#15350,.F.);
#15400 = ADVANCED_FACE('',(#15401),#14650,.T.);
#15401 = FACE_BOUND('',#15402,.T.);
#15402 = EDGE_LOOP('',(#15403,#15404,#15427,#15454));
#15403 = ORIENTED_EDGE('',*,*,#14633,.T.);
#15404 = ORIENTED_EDGE('',*,*,#15405,.T.);
#15405 = EDGE_CURVE('',#14634,#15406,#15408,.T.);
#15406 = VERTEX_POINT('',#15407);
#15407 = CARTESIAN_POINT('',(20.8,-22.,-15.4));
#15408 = SEAM_CURVE('',#15409,(#15413,#15420),.PCURVE_S1.);
#15409 = LINE('',#15410,#15411);
#15410 = CARTESIAN_POINT('',(20.8,-22.,-19.));
#15411 = VECTOR('',#15412,1.);
#15412 = DIRECTION('',(0.,0.,1.));
#15413 = PCURVE('',#14650,#15414);
#15414 = DEFINITIONAL_REPRESENTATION('',(#15415),#15419);
#15415 = LINE('',#15416,#15417);
#15416 = CARTESIAN_POINT('',(6.28318530718,1.E-02));
#15417 = VECTOR('',#15418,1.);
#15418 = DIRECTION('',(0.,1.));
#15419 = ( GEOMETRIC_REPRESENTATION_CONTEXT(2) 
PARAMETRIC_REPRESENTATION_CONTEXT() REPRESENTATION_CONTEXT('2D SPACE',''
  ) );
#15420 = PCURVE('',#14650,#15421);
#15421 = DEFINITIONAL_REPRESENTATION('',(#15422),#15426);
#15422 = LINE('',#15423,#15424);
#15423 = CARTESIAN_POINT('',(4.138911435803E-13,1.E-02));
#15424 = VECTOR('',#15425,1.);
#15425 = DIRECTION('',(0.,1.));
#15426 = ( GEOMETRIC_REPRESENTATION_CONTEXT(2) 
PARAMETRIC_REPRESENTATION_CONTEXT() REPRESENTATION_CONTEXT('2D SPACE',''
  ) );
#15427 = ORIENTED_EDGE('',*,*,#15428,.F.);
#15428 = EDGE_CURVE('',#15406,#15406,#15429,.T.);
#15429 = SURFACE_CURVE('',#15430,(#15435,#15442),.PCURVE_S1.);
#15430 = CIRCLE('',#15431,2.8);
#15431 = AXIS2_PLACEMENT_3D('',#15432,#15433,#15434);
#15432 = CARTESIAN_POINT('',(18.,-22.,-15.4));
#15433 = DIRECTION('',(0.,0.,1.));
#15434 = DIRECTION('',(1.,0.,-0.));
#15435 = PCURVE('',#14650,#15436);
#15436 = DEFINITIONAL_REPRESENTATION('',(#15437),#15441);
#15437 = LINE('',#15438,#15439);
#15438 = CARTESIAN_POINT('',(0.,3.61));
#15439 = VECTOR('',#15440,1.);
#15440 = DIRECTION('',(1.,0.));
#15441 = ( GEOMETRIC_REPRESENTATION_CONTEXT(2) 
PARAMETRIC_REPRESENTATION_CONTEXT() REPRESENTATION_CONTEXT('2D SPACE',''
  ) );
#15442 = PCURVE('',#15443,#15448);
#15443 = PLANE('',#15444);
#15444 = AXIS2_PLACEMENT_3D('',#15445,#15446,#15447);
#15445 = CARTESIAN_POINT('',(18.,-22.,-15.4));
#15446 = DIRECTION('',(0.,0.,1.));
#15447 = DIRECTION('',(1.,0.,-0.));
#15448 = DEFINITIONAL_REPRESENTATION('',(#15449),#15453);
#15449 = CIRCLE('',#15450,2.8);
#15450 = AXIS2_PLACEMENT_2D('',#15451,#15452);
#15451 = CARTESIAN_POINT('',(0.,0.));
#15452 = DIRECTION('',(1.,0.));
#15453 = ( GEOMETRIC_REPRESENTATION_CONTEXT(2) 
PARAMETRIC_REPRESENTATION_CONTEXT() REPRESENTATION_CONTEXT('2D SPACE',''
  ) );
#15454 = ORIENTED_EDGE('',*,*,#15405,.F.);
#15455 = ADVANCED_FACE('',(#15456),#14681,.F.);
#15456 = FACE_BOUND('',#15457,.F.);
#15457 = EDGE_LOOP('',(#15458,#15459,#15480,#15481));
#15458 = ORIENTED_EDGE('',*,*,#14664,.F.);
#15459 = ORIENTED_EDGE('',*,*,#15460,.F.);
#15460 = EDGE_CURVE('',#15071,#14665,#15461,.T.);
#15461 = SEAM_CURVE('',#15462,(#15466,#15473),.PCURVE_S1.);
#15462 = LINE('',#15463,#15464);
#15463 = CARTESIAN_POINT('',(38.4,-26.5,-21.2));
#15464 = VECTOR('',#15465,1.);
#15465 = DIRECTION('',(0.,0.,1.));
#15466 = PCURVE('',#14681,#15467);
#15467 = DEFINITIONAL_REPRESENTATION('',(#15468),#15472);
#15468 = LINE('',#15469,#15470);
#15469 = CARTESIAN_POINT('',(0.,-0.));
#15470 = VECTOR('',#15471,1.);
#15471 = DIRECTION('',(0.,1.));
#15472 = ( GEOMETRIC_REPRESENTATION_CONTEXT(2) 
PARAMETRIC_REPRESENTATION_CONTEXT() REPRESENTATION_CONTEXT('2D SPACE',''
  ) );
#15473 = PCURVE('',#14681,#15474);
#15474 = DEFINITIONAL_REPRESENTATION('',(#15475),#15479);
#15475 = LINE('',#15476,#15477);
#15476 = CARTESIAN_POINT('',(6.28318530718,-0.));
#15477 = VECTOR('',#15478,1.);
#15478 = DIRECTION('',(0.,1.));
#15479 = ( GEOMETRIC_REPRESENTATION_CONTEXT(2) 
PARAMETRIC_REPRESENTATION_CONTEXT() REPRESENTATION_CONTEXT('2D SPACE',''
  ) );
#15480 = ORIENTED_EDGE('',*,*,#15070,.T.);
#15481 = ORIENTED_EDGE('',*,*,#15460,.T.);
#15482 = ADVANCED_FACE('',(#15483),#14712,.F.);
#15483 = FACE_BOUND('',#15484,.F.);
#15484 = EDGE_LOOP('',(#15485,#15486,#15507,#15508));
#15485 = ORIENTED_EDGE('',*,*,#14695,.F.);
#15486 = ORIENTED_EDGE('',*,*,#15487,.F.);
#15487 = EDGE_CURVE('',#15097,#14696,#15488,.T.);
#15488 = SEAM_CURVE('',#15489,(#15493,#15500),.PCURVE_S1.);
#15489 = LINE('',#15490,#15491);
#15490 = CARTESIAN_POINT('',(-31.6,14.5,-21.2));
#15491 = VECTOR('',#15492,1.);
#15492 = DIRECTION('',(0.,0.,1.));
#15493 = PCURVE('',#14712,#15494);
#15494 = DEFINITIONAL_REPRESENTATION('',(#15495),#15499);
#15495 = LINE('',#15496,#15497);
#15496 = CARTESIAN_POINT('',(0.,-0.));
#15497 = VECTOR('',#15498,1.);
#15498 = DIRECTION('',(0.,1.));
#15499 = ( GEOMETRIC_REPRESENTATION_CONTEXT(2) 
PARAMETRIC_REPRESENTATION_CONTEXT() REPRESENTATION_CONTEXT('2D SPACE',''
  ) );
#15500 = PCURVE('',#14712,#15501);
#15501 = DEFINITIONAL_REPRESENTATION('',(#15502),#15506);
#15502 = LINE('',#15503,#15504);
#15503 = CARTESIAN_POINT('',(6.28318530718,-0.));
#15504 = VECTOR('',#15505,1.);
#15505 = DIRECTION('',(0.,1.));
#15506 = ( GEOMETRIC_REPRESENTATION_CONTEXT(2) 
PARAMETRIC_REPRESENTATION_CONTEXT() REPRESENTATION_CONTEXT('2D SPACE',''
  ) );
#15507 = ORIENTED_EDGE('',*,*,#15096,.T.);
#15508 = ORIENTED_EDGE('',*,*,#15487,.T.);
#15509 = ADVANCED_FACE('',(#15510),#14743,.T.);
#15510 = FACE_BOUND('',#15511,.T.);
#15511 = EDGE_LOOP('',(#15512,#15513,#15536,#15563));
#15512 = ORIENTED_EDGE('',*,*,#14726,.T.);
#15513 = ORIENTED_EDGE('',*,*,#15514,.T.);
#15514 = EDGE_CURVE('',#14727,#15515,#15517,.T.);
#15515 = VERTEX_POINT('',#15516);
#15516 = CARTESIAN_POINT('',(-13.2,10.,-15.4));
#15517 = SEAM_CURVE('',#15518,(#15522,#15529),.PCURVE_S1.);
#15518 = LINE('',#15519,#15520);
#15519 = CARTESIAN_POINT('',(-13.2,10.,-19.));
#15520 = VECTOR('',#15521,1.);
#15521 = DIRECTION('',(0.,0.,1.));
#15522 = PCURVE('',#14743,#15523);
#15523 = DEFINITIONAL_REPRESENTATION('',(#15524),#15528);
#15524 = LINE('',#15525,#15526);
#15525 = CARTESIAN_POINT('',(6.28318530718,1.E-02));
#15526 = VECTOR('',#15527,1.);
#15527 = DIRECTION('',(0.,1.));
#15528 = ( GEOMETRIC_REPRESENTATION_CONTEXT(2) 
PARAMETRIC_REPRESENTATION_CONTEXT() REPRESENTATION_CONTEXT('2D SPACE',''
  ) );
#15529 = PCURVE('',#14743,#15530);
#15530 = DEFINITIONAL_REPRESENTATION('',(#15531),#15535);
#15531 = LINE('',#15532,#15533);
#15532 = CARTESIAN_POINT('',(4.138911435803E-13,1.E-02));
#15533 = VECTOR('',#15534,1.);
#15534 = DIRECTION('',(0.,1.));
#15535 = ( GEOMETRIC_REPRESENTATION_CONTEXT(2) 
PARAMETRIC_REPRESENTATION_CONTEXT() REPRESENTATION_CONTEXT('2D SPACE',''
  ) );
#15536 = ORIENTED_EDGE('',*,*,#15537,.F.);
#15537 = EDGE_CURVE('',#15515,#15515,#15538,.T.);
#15538 = SURFACE_CURVE('',#15539,(#15544,#15551),.PCURVE_S1.);
#15539 = CIRCLE('',#15540,2.8);
#15540 = AXIS2_PLACEMENT_3D('',#15541,#15542,#15543);
#15541 = CARTESIAN_POINT('',(-16.,10.,-15.4));
#15542 = DIRECTION('',(0.,0.,1.));
#15543 = DIRECTION('',(1.,0.,-0.));
#15544 = PCURVE('',#14743,#15545);
#15545 = DEFINITIONAL_REPRESENTATION('',(#15546),#15550);
#15546 = LINE('',#15547,#15548);
#15547 = CARTESIAN_POINT('',(0.,3.61));
#15548 = VECTOR('',#15549,1.);
#15549 = DIRECTION('',(1.,0.));
#15550 = ( GEOMETRIC_REPRESENTATION_CONTEXT(2) 
PARAMETRIC_REPRESENTATION_CONTEXT() REPRESENTATION_CONTEXT('2D SPACE',''
  ) );
#15551 = PCURVE('',#15552,#15557);
#15552 = PLANE('',#15553);
#15553 = AXIS2_PLACEMENT_3D('',#15554,#15555,#15556);
#15554 = CARTESIAN_POINT('',(-16.,10.,-15.4));
#15555 = DIRECTION('',(0.,0.,1.));
#15556 = DIRECTION('',(1.,0.,-0.));
#15557 = DEFINITIONAL_REPRESENTATION('',(#15558),#15562);
#15558 = CIRCLE('',#15559,2.8);
#15559 = AXIS2_PLACEMENT_2D('',#15560,#15561);
#15560 = CARTESIAN_POINT('',(0.,0.));
#15561 = DIRECTION('',(1.,0.));
#15562 = ( GEOMETRIC_REPRESENTATION_CONTEXT(2) 
PARAMETRIC_REPRESENTATION_CONTEXT() REPRESENTATION_CONTEXT('2D SPACE',''
  ) );
#15563 = ORIENTED_EDGE('',*,*,#15514,.F.);
#15564 = ADVANCED_FACE('',(#15565),#14774,.T.);
#15565 = FACE_BOUND('',#15566,.T.);
#15566 = EDGE_LOOP('',(#15567,#15590,#15617,#15618));
#15567 = ORIENTED_EDGE('',*,*,#15568,.T.);
#15568 = EDGE_CURVE('',#14758,#15569,#15571,.T.);
#15569 = VERTEX_POINT('',#15570);
#15570 = CARTESIAN_POINT('',(38.21,-6.,-18.));
#15571 = SEAM_CURVE('',#15572,(#15576,#15583),.PCURVE_S1.);
#15572 = LINE('',#15573,#15574);
#15573 = CARTESIAN_POINT('',(38.21,-6.,-19.6));
#15574 = VECTOR('',#15575,1.);
#15575 = DIRECTION('',(0.,0.,1.));
#15576 = PCURVE('',#14774,#15577);
#15577 = DEFINITIONAL_REPRESENTATION('',(#15578),#15582);
#15578 = LINE('',#15579,#15580);
#15579 = CARTESIAN_POINT('',(6.28318530718,0.));
#15580 = VECTOR('',#15581,1.);
#15581 = DIRECTION('',(0.,1.));
#15582 = ( GEOMETRIC_REPRESENTATION_CONTEXT(2) 
PARAMETRIC_REPRESENTATION_CONTEXT() REPRESENTATION_CONTEXT('2D SPACE',''
  ) );
#15583 = PCURVE('',#14774,#15584);
#15584 = DEFINITIONAL_REPRESENTATION('',(#15585),#15589);
#15585 = LINE('',#15586,#15587);
#15586 = CARTESIAN_POINT('',(4.138911435803E-13,0.));
#15587 = VECTOR('',#15588,1.);
#15588 = DIRECTION('',(0.,1.));
#15589 = ( GEOMETRIC_REPRESENTATION_CONTEXT(2) 
PARAMETRIC_REPRESENTATION_CONTEXT() REPRESENTATION_CONTEXT('2D SPACE',''
  ) );
#15590 = ORIENTED_EDGE('',*,*,#15591,.F.);
#15591 = EDGE_CURVE('',#15569,#15569,#15592,.T.);
#15592 = SURFACE_CURVE('',#15593,(#15598,#15605),.PCURVE_S1.);
#15593 = CIRCLE('',#15594,3.21);
#15594 = AXIS2_PLACEMENT_3D('',#15595,#15596,#15597);
#15595 = CARTESIAN_POINT('',(35.,-6.,-18.));
#15596 = DIRECTION('',(0.,0.,1.));
#15597 = DIRECTION('',(1.,0.,-0.));
#15598 = PCURVE('',#14774,#15599);
#15599 = DEFINITIONAL_REPRESENTATION('',(#15600),#15604);
#15600 = LINE('',#15601,#15602);
#15601 = CARTESIAN_POINT('',(0.,1.6));
#15602 = VECTOR('',#15603,1.);
#15603 = DIRECTION('',(1.,0.));
#15604 = ( GEOMETRIC_REPRESENTATION_CONTEXT(2) 
PARAMETRIC_REPRESENTATION_CONTEXT() REPRESENTATION_CONTEXT('2D SPACE',''
  ) );
#15605 = PCURVE('',#15606,#15611);
#15606 = PLANE('',#15607);
#15607 = AXIS2_PLACEMENT_3D('',#15608,#15609,#15610);
#15608 = CARTESIAN_POINT('',(35.,-6.,-18.));
#15609 = DIRECTION('',(0.,0.,1.));
#15610 = DIRECTION('',(1.,0.,-0.));
#15611 = DEFINITIONAL_REPRESENTATION('',(#15612),#15616);
#15612 = CIRCLE('',#15613,3.21);
#15613 = AXIS2_PLACEMENT_2D('',#15614,#15615);
#15614 = CARTESIAN_POINT('',(0.,0.));
#15615 = DIRECTION('',(1.,0.));
#15616 = ( GEOMETRIC_REPRESENTATION_CONTEXT(2) 
PARAMETRIC_REPRESENTATION_CONTEXT() REPRESENTATION_CONTEXT('2D SPACE',''
  ) );
#15617 = ORIENTED_EDGE('',*,*,#15568,.F.);
#15618 = ORIENTED_EDGE('',*,*,#14757,.T.);
#15619 = ADVANCED_FACE('',(#15620),#14805,.T.);
#15620 = FACE_BOUND('',#15621,.T.);
#15621 = EDGE_LOOP('',(#15622,#15623,#15646,#15673));
#15622 = ORIENTED_EDGE('',*,*,#14788,.T.);
#15623 = ORIENTED_EDGE('',*,*,#15624,.T.);
#15624 = EDGE_CURVE('',#14789,#15625,#15627,.T.);
#15625 = VERTEX_POINT('',#15626);
#15626 = CARTESIAN_POINT('',(20.8,10.,-15.4));
#15627 = SEAM_CURVE('',#15628,(#15632,#15639),.PCURVE_S1.);
#15628 = LINE('',#15629,#15630);
#15629 = CARTESIAN_POINT('',(20.8,10.,-19.));
#15630 = VECTOR('',#15631,1.);
#15631 = DIRECTION('',(0.,-4.93432455389E-16,1.));
#15632 = PCURVE('',#14805,#15633);
#15633 = DEFINITIONAL_REPRESENTATION('',(#15634),#15638);
#15634 = LINE('',#15635,#15636);
#15635 = CARTESIAN_POINT('',(6.28318530718,1.E-02));
#15636 = VECTOR('',#15637,1.);
#15637 = DIRECTION('',(0.,1.));
#15638 = ( GEOMETRIC_REPRESENTATION_CONTEXT(2) 
PARAMETRIC_REPRESENTATION_CONTEXT() REPRESENTATION_CONTEXT('2D SPACE',''
  ) );
#15639 = PCURVE('',#14805,#15640);
#15640 = DEFINITIONAL_REPRESENTATION('',(#15641),#15645);
#15641 = LINE('',#15642,#15643);
#15642 = CARTESIAN_POINT('',(4.138911435803E-13,1.E-02));
#15643 = VECTOR('',#15644,1.);
#15644 = DIRECTION('',(0.,1.));
#15645 = ( GEOMETRIC_REPRESENTATION_CONTEXT(2) 
PARAMETRIC_REPRESENTATION_CONTEXT() REPRESENTATION_CONTEXT('2D SPACE',''
  ) );
#15646 = ORIENTED_EDGE('',*,*,#15647,.F.);
#15647 = EDGE_CURVE('',#15625,#15625,#15648,.T.);
#15648 = SURFACE_CURVE('',#15649,(#15654,#15661),.PCURVE_S1.);
#15649 = CIRCLE('',#15650,2.8);
#15650 = AXIS2_PLACEMENT_3D('',#15651,#15652,#15653);
#15651 = CARTESIAN_POINT('',(18.,10.,-15.4));
#15652 = DIRECTION('',(0.,0.,1.));
#15653 = DIRECTION('',(1.,0.,-0.));
#15654 = PCURVE('',#14805,#15655);
#15655 = DEFINITIONAL_REPRESENTATION('',(#15656),#15660);
#15656 = LINE('',#15657,#15658);
#15657 = CARTESIAN_POINT('',(0.,3.61));
#15658 = VECTOR('',#15659,1.);
#15659 = DIRECTION('',(1.,0.));
#15660 = ( GEOMETRIC_REPRESENTATION_CONTEXT(2) 
PARAMETRIC_REPRESENTATION_CONTEXT() REPRESENTATION_CONTEXT('2D SPACE',''
  ) );
#15661 = PCURVE('',#15662,#15667);
#15662 = PLANE('',#15663);
#15663 = AXIS2_PLACEMENT_3D('',#15664,#15665,#15666);
#15664 = CARTESIAN_POINT('',(18.,10.,-15.4));
#15665 = DIRECTION('',(0.,0.,1.));
#15666 = DIRECTION('',(1.,0.,-0.));
#15667 = DEFINITIONAL_REPRESENTATION('',(#15668),#15672);
#15668 = CIRCLE('',#15669,2.8);
#15669 = AXIS2_PLACEMENT_2D('',#15670,#15671);
#15670 = CARTESIAN_POINT('',(0.,0.));
#15671 = DIRECTION('',(1.,0.));
#15672 = ( GEOMETRIC_REPRESENTATION_CONTEXT(2) 
PARAMETRIC_REPRESENTATION_CONTEXT() REPRESENTATION_CONTEXT('2D SPACE',''
  ) );
#15673 = ORIENTED_EDGE('',*,*,#15624,.F.);
#15674 = ADVANCED_FACE('',(#15675),#14836,.F.);
#15675 = FACE_BOUND('',#15676,.F.);
#15676 = EDGE_LOOP('',(#15677,#15678,#15699,#15700));
#15677 = ORIENTED_EDGE('',*,*,#14819,.F.);
#15678 = ORIENTED_EDGE('',*,*,#15679,.F.);
#15679 = EDGE_CURVE('',#15154,#14820,#15680,.T.);
#15680 = SEAM_CURVE('',#15681,(#15685,#15692),.PCURVE_S1.);
#15681 = LINE('',#15682,#15683);
#15682 = CARTESIAN_POINT('',(38.4,14.5,-21.2));
#15683 = VECTOR('',#15684,1.);
#15684 = DIRECTION('',(0.,0.,1.));
#15685 = PCURVE('',#14836,#15686);
#15686 = DEFINITIONAL_REPRESENTATION('',(#15687),#15691);
#15687 = LINE('',#15688,#15689);
#15688 = CARTESIAN_POINT('',(0.,-0.));
#15689 = VECTOR('',#15690,1.);
#15690 = DIRECTION('',(0.,1.));
#15691 = ( GEOMETRIC_REPRESENTATION_CONTEXT(2) 
PARAMETRIC_REPRESENTATION_CONTEXT() REPRESENTATION_CONTEXT('2D SPACE',''
  ) );
#15692 = PCURVE('',#14836,#15693);
#15693 = DEFINITIONAL_REPRESENTATION('',(#15694),#15698);
#15694 = LINE('',#15695,#15696);
#15695 = CARTESIAN_POINT('',(6.28318530718,-0.));
#15696 = VECTOR('',#15697,1.);
#15697 = DIRECTION('',(0.,1.));
#15698 = ( GEOMETRIC_REPRESENTATION_CONTEXT(2) 
PARAMETRIC_REPRESENTATION_CONTEXT() REPRESENTATION_CONTEXT('2D SPACE',''
  ) );
#15699 = ORIENTED_EDGE('',*,*,#15153,.T.);
#15700 = ORIENTED_EDGE('',*,*,#15679,.T.);
#15701 = ADVANCED_FACE('',(#15702),#15139,.F.);
#15702 = FACE_BOUND('',#15703,.F.);
#15703 = EDGE_LOOP('',(#15704,#15705,#15728,#15755));
#15704 = ORIENTED_EDGE('',*,*,#15122,.T.);
#15705 = ORIENTED_EDGE('',*,*,#15706,.T.);
#15706 = EDGE_CURVE('',#15123,#15707,#15709,.T.);
#15707 = VERTEX_POINT('',#15708);
#15708 = CARTESIAN_POINT('',(38.2,-6.,-19.6));
#15709 = SEAM_CURVE('',#15710,(#15714,#15721),.PCURVE_S1.);
#15710 = LINE('',#15711,#15712);
#15711 = CARTESIAN_POINT('',(38.2,-6.,-22.01));
#15712 = VECTOR('',#15713,1.);
#15713 = DIRECTION('',(0.,0.,1.));
#15714 = PCURVE('',#15139,#15715);
#15715 = DEFINITIONAL_REPRESENTATION('',(#15716),#15720);
#15716 = LINE('',#15717,#15718);
#15717 = CARTESIAN_POINT('',(6.28318530718,0.));
#15718 = VECTOR('',#15719,1.);
#15719 = DIRECTION('',(0.,1.));
#15720 = ( GEOMETRIC_REPRESENTATION_CONTEXT(2) 
PARAMETRIC_REPRESENTATION_CONTEXT() REPRESENTATION_CONTEXT('2D SPACE',''
  ) );
#15721 = PCURVE('',#15139,#15722);
#15722 = DEFINITIONAL_REPRESENTATION('',(#15723),#15727);
#15723 = LINE('',#15724,#15725);
#15724 = CARTESIAN_POINT('',(4.138911435803E-13,0.));
#15725 = VECTOR('',#15726,1.);
#15726 = DIRECTION('',(0.,1.));
#15727 = ( GEOMETRIC_REPRESENTATION_CONTEXT(2) 
PARAMETRIC_REPRESENTATION_CONTEXT() REPRESENTATION_CONTEXT('2D SPACE',''
  ) );
#15728 = ORIENTED_EDGE('',*,*,#15729,.F.);
#15729 = EDGE_CURVE('',#15707,#15707,#15730,.T.);
#15730 = SURFACE_CURVE('',#15731,(#15736,#15743),.PCURVE_S1.);
#15731 = CIRCLE('',#15732,3.2);
#15732 = AXIS2_PLACEMENT_3D('',#15733,#15734,#15735);
#15733 = CARTESIAN_POINT('',(35.,-6.,-19.6));
#15734 = DIRECTION('',(0.,0.,1.));
#15735 = DIRECTION('',(1.,0.,-0.));
#15736 = PCURVE('',#15139,#15737);
#15737 = DEFINITIONAL_REPRESENTATION('',(#15738),#15742);
#15738 = LINE('',#15739,#15740);
#15739 = CARTESIAN_POINT('',(0.,2.41));
#15740 = VECTOR('',#15741,1.);
#15741 = DIRECTION('',(1.,0.));
#15742 = ( GEOMETRIC_REPRESENTATION_CONTEXT(2) 
PARAMETRIC_REPRESENTATION_CONTEXT() REPRESENTATION_CONTEXT('2D SPACE',''
  ) );
#15743 = PCURVE('',#15744,#15749);
#15744 = PLANE('',#15745);
#15745 = AXIS2_PLACEMENT_3D('',#15746,#15747,#15748);
#15746 = CARTESIAN_POINT('',(35.,-6.,-19.6));
#15747 = DIRECTION('',(0.,0.,1.));
#15748 = DIRECTION('',(1.,0.,-0.));
#15749 = DEFINITIONAL_REPRESENTATION('',(#15750),#15754);
#15750 = CIRCLE('',#15751,3.2);
#15751 = AXIS2_PLACEMENT_2D('',#15752,#15753);
#15752 = CARTESIAN_POINT('',(0.,0.));
#15753 = DIRECTION('',(1.,0.));
#15754 = ( GEOMETRIC_REPRESENTATION_CONTEXT(2) 
PARAMETRIC_REPRESENTATION_CONTEXT() REPRESENTATION_CONTEXT('2D SPACE',''
  ) );
#15755 = ORIENTED_EDGE('',*,*,#15706,.F.);
#15756 = ADVANCED_FACE('',(#15757,#15788),#15388,.F.);
#15757 = FACE_BOUND('',#15758,.F.);
#15758 = EDGE_LOOP('',(#15759));
#15759 = ORIENTED_EDGE('',*,*,#15760,.T.);
#15760 = EDGE_CURVE('',#15761,#15761,#15763,.T.);
#15761 = VERTEX_POINT('',#15762);
#15762 = CARTESIAN_POINT('',(-12.,-22.,-15.4));
#15763 = SURFACE_CURVE('',#15764,(#15769,#15776),.PCURVE_S1.);
#15764 = CIRCLE('',#15765,4.);
#15765 = AXIS2_PLACEMENT_3D('',#15766,#15767,#15768);
#15766 = CARTESIAN_POINT('',(-16.,-22.,-15.4));
#15767 = DIRECTION('',(0.,0.,1.));
#15768 = DIRECTION('',(1.,0.,-0.));
#15769 = PCURVE('',#15388,#15770);
#15770 = DEFINITIONAL_REPRESENTATION('',(#15771),#15775);
#15771 = CIRCLE('',#15772,4.);
#15772 = AXIS2_PLACEMENT_2D('',#15773,#15774);
#15773 = CARTESIAN_POINT('',(0.,0.));
#15774 = DIRECTION('',(1.,0.));
#15775 = ( GEOMETRIC_REPRESENTATION_CONTEXT(2) 
PARAMETRIC_REPRESENTATION_CONTEXT() REPRESENTATION_CONTEXT('2D SPACE',''
  ) );
#15776 = PCURVE('',#15777,#15782);
#15777 = CYLINDRICAL_SURFACE('',#15778,4.);
#15778 = AXIS2_PLACEMENT_3D('',#15779,#15780,#15781);
#15779 = CARTESIAN_POINT('',(-16.,-22.,-15.4));
#15780 = DIRECTION('',(0.,0.,1.));
#15781 = DIRECTION('',(1.,0.,-0.));
#15782 = DEFINITIONAL_REPRESENTATION('',(#15783),#15787);
#15783 = LINE('',#15784,#15785);
#15784 = CARTESIAN_POINT('',(0.,0.));
#15785 = VECTOR('',#15786,1.);
#15786 = DIRECTION('',(1.,0.));
#15787 = ( GEOMETRIC_REPRESENTATION_CONTEXT(2) 
PARAMETRIC_REPRESENTATION_CONTEXT() REPRESENTATION_CONTEXT('2D SPACE',''
  ) );
#15788 = FACE_BOUND('',#15789,.F.);
#15789 = EDGE_LOOP('',(#15790));
#15790 = ORIENTED_EDGE('',*,*,#15373,.F.);
#15791 = ADVANCED_FACE('',(#15792,#15823),#15443,.F.);
#15792 = FACE_BOUND('',#15793,.F.);
#15793 = EDGE_LOOP('',(#15794));
#15794 = ORIENTED_EDGE('',*,*,#15795,.T.);
#15795 = EDGE_CURVE('',#15796,#15796,#15798,.T.);
#15796 = VERTEX_POINT('',#15797);
#15797 = CARTESIAN_POINT('',(22.,-22.,-15.4));
#15798 = SURFACE_CURVE('',#15799,(#15804,#15811),.PCURVE_S1.);
#15799 = CIRCLE('',#15800,4.);
#15800 = AXIS2_PLACEMENT_3D('',#15801,#15802,#15803);
#15801 = CARTESIAN_POINT('',(18.,-22.,-15.4));
#15802 = DIRECTION('',(0.,0.,1.));
#15803 = DIRECTION('',(1.,0.,-0.));
#15804 = PCURVE('',#15443,#15805);
#15805 = DEFINITIONAL_REPRESENTATION('',(#15806),#15810);
#15806 = CIRCLE('',#15807,4.);
#15807 = AXIS2_PLACEMENT_2D('',#15808,#15809);
#15808 = CARTESIAN_POINT('',(0.,0.));
#15809 = DIRECTION('',(1.,0.));
#15810 = ( GEOMETRIC_REPRESENTATION_CONTEXT(2) 
PARAMETRIC_REPRESENTATION_CONTEXT() REPRESENTATION_CONTEXT('2D SPACE',''
  ) );
#15811 = PCURVE('',#15812,#15817);
#15812 = CYLINDRICAL_SURFACE('',#15813,4.);
#15813 = AXIS2_PLACEMENT_3D('',#15814,#15815,#15816);
#15814 = CARTESIAN_POINT('',(18.,-22.,-15.4));
#15815 = DIRECTION('',(0.,0.,1.));
#15816 = DIRECTION('',(1.,0.,-0.));
#15817 = DEFINITIONAL_REPRESENTATION('',(#15818),#15822);
#15818 = LINE('',#15819,#15820);
#15819 = CARTESIAN_POINT('',(0.,0.));
#15820 = VECTOR('',#15821,1.);
#15821 = DIRECTION('',(1.,0.));
#15822 = ( GEOMETRIC_REPRESENTATION_CONTEXT(2) 
PARAMETRIC_REPRESENTATION_CONTEXT() REPRESENTATION_CONTEXT('2D SPACE',''
  ) );
#15823 = FACE_BOUND('',#15824,.F.);
#15824 = EDGE_LOOP('',(#15825));
#15825 = ORIENTED_EDGE('',*,*,#15428,.F.);
#15826 = ADVANCED_FACE('',(#15827,#15858),#15552,.F.);
#15827 = FACE_BOUND('',#15828,.F.);
#15828 = EDGE_LOOP('',(#15829));
#15829 = ORIENTED_EDGE('',*,*,#15830,.T.);
#15830 = EDGE_CURVE('',#15831,#15831,#15833,.T.);
#15831 = VERTEX_POINT('',#15832);
#15832 = CARTESIAN_POINT('',(-12.,10.,-15.4));
#15833 = SURFACE_CURVE('',#15834,(#15839,#15846),.PCURVE_S1.);
#15834 = CIRCLE('',#15835,4.);
#15835 = AXIS2_PLACEMENT_3D('',#15836,#15837,#15838);
#15836 = CARTESIAN_POINT('',(-16.,10.,-15.4));
#15837 = DIRECTION('',(0.,0.,1.));
#15838 = DIRECTION('',(1.,0.,-0.));
#15839 = PCURVE('',#15552,#15840);
#15840 = DEFINITIONAL_REPRESENTATION('',(#15841),#15845);
#15841 = CIRCLE('',#15842,4.);
#15842 = AXIS2_PLACEMENT_2D('',#15843,#15844);
#15843 = CARTESIAN_POINT('',(0.,0.));
#15844 = DIRECTION('',(1.,0.));
#15845 = ( GEOMETRIC_REPRESENTATION_CONTEXT(2) 
PARAMETRIC_REPRESENTATION_CONTEXT() REPRESENTATION_CONTEXT('2D SPACE',''
  ) );
#15846 = PCURVE('',#15847,#15852);
#15847 = CYLINDRICAL_SURFACE('',#15848,4.);
#15848 = AXIS2_PLACEMENT_3D('',#15849,#15850,#15851);
#15849 = CARTESIAN_POINT('',(-16.,10.,-15.4));
#15850 = DIRECTION('',(0.,0.,1.));
#15851 = DIRECTION('',(1.,0.,-0.));
#15852 = DEFINITIONAL_REPRESENTATION('',(#15853),#15857);
#15853 = LINE('',#15854,#15855);
#15854 = CARTESIAN_POINT('',(0.,0.));
#15855 = VECTOR('',#15856,1.);
#15856 = DIRECTION('',(1.,0.));
#15857 = ( GEOMETRIC_REPRESENTATION_CONTEXT(2) 
PARAMETRIC_REPRESENTATION_CONTEXT() REPRESENTATION_CONTEXT('2D SPACE',''
  ) );
#15858 = FACE_BOUND('',#15859,.F.);
#15859 = EDGE_LOOP('',(#15860));
#15860 = ORIENTED_EDGE('',*,*,#15537,.F.);
#15861 = ADVANCED_FACE('',(#15862,#15865),#15606,.T.);
#15862 = FACE_BOUND('',#15863,.T.);
#15863 = EDGE_LOOP('',(#15864));
#15864 = ORIENTED_EDGE('',*,*,#15591,.T.);
#15865 = FACE_BOUND('',#15866,.T.);
#15866 = EDGE_LOOP('',(#15867));
#15867 = ORIENTED_EDGE('',*,*,#15868,.F.);
#15868 = EDGE_CURVE('',#15869,#15869,#15871,.T.);
#15869 = VERTEX_POINT('',#15870);
#15870 = CARTESIAN_POINT('',(36.15,-6.,-18.));
#15871 = SURFACE_CURVE('',#15872,(#15877,#15884),.PCURVE_S1.);
#15872 = CIRCLE('',#15873,1.15);
#15873 = AXIS2_PLACEMENT_3D('',#15874,#15875,#15876);
#15874 = CARTESIAN_POINT('',(35.,-6.,-18.));
#15875 = DIRECTION('',(0.,0.,1.));
#15876 = DIRECTION('',(1.,0.,-0.));
#15877 = PCURVE('',#15606,#15878);
#15878 = DEFINITIONAL_REPRESENTATION('',(#15879),#15883);
#15879 = CIRCLE('',#15880,1.15);
#15880 = AXIS2_PLACEMENT_2D('',#15881,#15882);
#15881 = CARTESIAN_POINT('',(0.,0.));
#15882 = DIRECTION('',(1.,0.));
#15883 = ( GEOMETRIC_REPRESENTATION_CONTEXT(2) 
PARAMETRIC_REPRESENTATION_CONTEXT() REPRESENTATION_CONTEXT('2D SPACE',''
  ) );
#15884 = PCURVE('',#15885,#15890);
#15885 = CYLINDRICAL_SURFACE('',#15886,1.15);
#15886 = AXIS2_PLACEMENT_3D('',#15887,#15888,#15889);
#15887 = CARTESIAN_POINT('',(35.,-6.,-19.61));
#15888 = DIRECTION('',(0.,0.,1.));
#15889 = DIRECTION('',(1.,0.,-0.));
#15890 = DEFINITIONAL_REPRESENTATION('',(#15891),#15895);
#15891 = LINE('',#15892,#15893);
#15892 = CARTESIAN_POINT('',(0.,1.61));
#15893 = VECTOR('',#15894,1.);
#15894 = DIRECTION('',(1.,0.));
#15895 = ( GEOMETRIC_REPRESENTATION_CONTEXT(2) 
PARAMETRIC_REPRESENTATION_CONTEXT() REPRESENTATION_CONTEXT('2D SPACE',''
  ) );
#15896 = ADVANCED_FACE('',(#15897,#15928),#15662,.F.);
#15897 = FACE_BOUND('',#15898,.F.);
#15898 = EDGE_LOOP('',(#15899));
#15899 = ORIENTED_EDGE('',*,*,#15900,.T.);
#15900 = EDGE_CURVE('',#15901,#15901,#15903,.T.);
#15901 = VERTEX_POINT('',#15902);
#15902 = CARTESIAN_POINT('',(22.,10.,-15.4));
#15903 = SURFACE_CURVE('',#15904,(#15909,#15916),.PCURVE_S1.);
#15904 = CIRCLE('',#15905,4.);
#15905 = AXIS2_PLACEMENT_3D('',#15906,#15907,#15908);
#15906 = CARTESIAN_POINT('',(18.,10.,-15.4));
#15907 = DIRECTION('',(0.,0.,1.));
#15908 = DIRECTION('',(1.,0.,-0.));
#15909 = PCURVE('',#15662,#15910);
#15910 = DEFINITIONAL_REPRESENTATION('',(#15911),#15915);
#15911 = CIRCLE('',#15912,4.);
#15912 = AXIS2_PLACEMENT_2D('',#15913,#15914);
#15913 = CARTESIAN_POINT('',(0.,0.));
#15914 = DIRECTION('',(1.,0.));
#15915 = ( GEOMETRIC_REPRESENTATION_CONTEXT(2) 
PARAMETRIC_REPRESENTATION_CONTEXT() REPRESENTATION_CONTEXT('2D SPACE',''
  ) );
#15916 = PCURVE('',#15917,#15922);
#15917 = CYLINDRICAL_SURFACE('',#15918,4.);
#15918 = AXIS2_PLACEMENT_3D('',#15919,#15920,#15921);
#15919 = CARTESIAN_POINT('',(18.,10.,-15.4));
#15920 = DIRECTION('',(0.,0.,1.));
#15921 = DIRECTION('',(1.,0.,-0.));
#15922 = DEFINITIONAL_REPRESENTATION('',(#15923),#15927);
#15923 = LINE('',#15924,#15925);
#15924 = CARTESIAN_POINT('',(0.,0.));
#15925 = VECTOR('',#15926,1.);
#15926 = DIRECTION('',(1.,0.));
#15927 = ( GEOMETRIC_REPRESENTATION_CONTEXT(2) 
PARAMETRIC_REPRESENTATION_CONTEXT() REPRESENTATION_CONTEXT('2D SPACE',''
  ) );
#15928 = FACE_BOUND('',#15929,.F.);
#15929 = EDGE_LOOP('',(#15930));
#15930 = ORIENTED_EDGE('',*,*,#15647,.F.);
#15931 = ADVANCED_FACE('',(#15932,#15935),#15744,.F.);
#15932 = FACE_BOUND('',#15933,.F.);
#15933 = EDGE_LOOP('',(#15934));
#15934 = ORIENTED_EDGE('',*,*,#15729,.T.);
#15935 = FACE_BOUND('',#15936,.F.);
#15936 = EDGE_LOOP('',(#15937));
#15937 = ORIENTED_EDGE('',*,*,#15938,.F.);
#15938 = EDGE_CURVE('',#15939,#15939,#15941,.T.);
#15939 = VERTEX_POINT('',#15940);
#15940 = CARTESIAN_POINT('',(36.15,-6.,-19.6));
#15941 = SURFACE_CURVE('',#15942,(#15947,#15954),.PCURVE_S1.);
#15942 = CIRCLE('',#15943,1.15);
#15943 = AXIS2_PLACEMENT_3D('',#15944,#15945,#15946);
#15944 = CARTESIAN_POINT('',(35.,-6.,-19.6));
#15945 = DIRECTION('',(0.,0.,1.));
#15946 = DIRECTION('',(1.,0.,-0.));
#15947 = PCURVE('',#15744,#15948);
#15948 = DEFINITIONAL_REPRESENTATION('',(#15949),#15953);
#15949 = CIRCLE('',#15950,1.15);
#15950 = AXIS2_PLACEMENT_2D('',#15951,#15952);
#15951 = CARTESIAN_POINT('',(0.,0.));
#15952 = DIRECTION('',(1.,0.));
#15953 = ( GEOMETRIC_REPRESENTATION_CONTEXT(2) 
PARAMETRIC_REPRESENTATION_CONTEXT() REPRESENTATION_CONTEXT('2D SPACE',''
  ) );
#15954 = PCURVE('',#15885,#15955);
#15955 = DEFINITIONAL_REPRESENTATION('',(#15956),#15960);
#15956 = LINE('',#15957,#15958);
#15957 = CARTESIAN_POINT('',(0.,9.999999999998E-03));
#15958 = VECTOR('',#15959,1.);
#15959 = DIRECTION('',(1.,0.));
#15960 = ( GEOMETRIC_REPRESENTATION_CONTEXT(2) 
PARAMETRIC_REPRESENTATION_CONTEXT() REPRESENTATION_CONTEXT('2D SPACE',''
  ) );
#15961 = ADVANCED_FACE('',(#15962),#15777,.T.);
#15962 = FACE_BOUND('',#15963,.T.);
#15963 = EDGE_LOOP('',(#15964,#15993,#16014,#16015));
#15964 = ORIENTED_EDGE('',*,*,#15965,.F.);
#15965 = EDGE_CURVE('',#15966,#15966,#15968,.T.);
#15966 = VERTEX_POINT('',#15967);
#15967 = CARTESIAN_POINT('',(-12.,-22.,-13.9));
#15968 = SURFACE_CURVE('',#15969,(#15974,#15981),.PCURVE_S1.);
#15969 = CIRCLE('',#15970,4.);
#15970 = AXIS2_PLACEMENT_3D('',#15971,#15972,#15973);
#15971 = CARTESIAN_POINT('',(-16.,-22.,-13.9));
#15972 = DIRECTION('',(0.,0.,1.));
#15973 = DIRECTION('',(1.,0.,-0.));
#15974 = PCURVE('',#15777,#15975);
#15975 = DEFINITIONAL_REPRESENTATION('',(#15976),#15980);
#15976 = LINE('',#15977,#15978);
#15977 = CARTESIAN_POINT('',(0.,1.5));
#15978 = VECTOR('',#15979,1.);
#15979 = DIRECTION('',(1.,0.));
#15980 = ( GEOMETRIC_REPRESENTATION_CONTEXT(2) 
PARAMETRIC_REPRESENTATION_CONTEXT() REPRESENTATION_CONTEXT('2D SPACE',''
  ) );
#15981 = PCURVE('',#15982,#15987);
#15982 = PLANE('',#15983);
#15983 = AXIS2_PLACEMENT_3D('',#15984,#15985,#15986);
#15984 = CARTESIAN_POINT('',(-16.,-22.,-13.9));
#15985 = DIRECTION('',(0.,0.,1.));
#15986 = DIRECTION('',(1.,0.,-0.));
#15987 = DEFINITIONAL_REPRESENTATION('',(#15988),#15992);
#15988 = CIRCLE('',#15989,4.);
#15989 = AXIS2_PLACEMENT_2D('',#15990,#15991);
#15990 = CARTESIAN_POINT('',(0.,0.));
#15991 = DIRECTION('',(1.,0.));
#15992 = ( GEOMETRIC_REPRESENTATION_CONTEXT(2) 
PARAMETRIC_REPRESENTATION_CONTEXT() REPRESENTATION_CONTEXT('2D SPACE',''
  ) );
#15993 = ORIENTED_EDGE('',*,*,#15994,.F.);
#15994 = EDGE_CURVE('',#15761,#15966,#15995,.T.);
#15995 = SEAM_CURVE('',#15996,(#16000,#16007),.PCURVE_S1.);
#15996 = LINE('',#15997,#15998);
#15997 = CARTESIAN_POINT('',(-12.,-22.,-15.4));
#15998 = VECTOR('',#15999,1.);
#15999 = DIRECTION('',(0.,0.,1.));
#16000 = PCURVE('',#15777,#16001);
#16001 = DEFINITIONAL_REPRESENTATION('',(#16002),#16006);
#16002 = LINE('',#16003,#16004);
#16003 = CARTESIAN_POINT('',(0.,-0.));
#16004 = VECTOR('',#16005,1.);
#16005 = DIRECTION('',(0.,1.));
#16006 = ( GEOMETRIC_REPRESENTATION_CONTEXT(2) 
PARAMETRIC_REPRESENTATION_CONTEXT() REPRESENTATION_CONTEXT('2D SPACE',''
  ) );
#16007 = PCURVE('',#15777,#16008);
#16008 = DEFINITIONAL_REPRESENTATION('',(#16009),#16013);
#16009 = LINE('',#16010,#16011);
#16010 = CARTESIAN_POINT('',(6.28318530718,-0.));
#16011 = VECTOR('',#16012,1.);
#16012 = DIRECTION('',(0.,1.));
#16013 = ( GEOMETRIC_REPRESENTATION_CONTEXT(2) 
PARAMETRIC_REPRESENTATION_CONTEXT() REPRESENTATION_CONTEXT('2D SPACE',''
  ) );
#16014 = ORIENTED_EDGE('',*,*,#15760,.T.);
#16015 = ORIENTED_EDGE('',*,*,#15994,.T.);
#16016 = ADVANCED_FACE('',(#16017),#15812,.T.);
#16017 = FACE_BOUND('',#16018,.T.);
#16018 = EDGE_LOOP('',(#16019,#16048,#16069,#16070));
#16019 = ORIENTED_EDGE('',*,*,#16020,.F.);
#16020 = EDGE_CURVE('',#16021,#16021,#16023,.T.);
#16021 = VERTEX_POINT('',#16022);
#16022 = CARTESIAN_POINT('',(22.,-22.,-13.9));
#16023 = SURFACE_CURVE('',#16024,(#16029,#16036),.PCURVE_S1.);
#16024 = CIRCLE('',#16025,4.);
#16025 = AXIS2_PLACEMENT_3D('',#16026,#16027,#16028);
#16026 = CARTESIAN_POINT('',(18.,-22.,-13.9));
#16027 = DIRECTION('',(0.,0.,1.));
#16028 = DIRECTION('',(1.,0.,-0.));
#16029 = PCURVE('',#15812,#16030);
#16030 = DEFINITIONAL_REPRESENTATION('',(#16031),#16035);
#16031 = LINE('',#16032,#16033);
#16032 = CARTESIAN_POINT('',(0.,1.5));
#16033 = VECTOR('',#16034,1.);
#16034 = DIRECTION('',(1.,0.));
#16035 = ( GEOMETRIC_REPRESENTATION_CONTEXT(2) 
PARAMETRIC_REPRESENTATION_CONTEXT() REPRESENTATION_CONTEXT('2D SPACE',''
  ) );
#16036 = PCURVE('',#16037,#16042);
#16037 = PLANE('',#16038);
#16038 = AXIS2_PLACEMENT_3D('',#16039,#16040,#16041);
#16039 = CARTESIAN_POINT('',(18.,-22.,-13.9));
#16040 = DIRECTION('',(0.,0.,1.));
#16041 = DIRECTION('',(1.,0.,-0.));
#16042 = DEFINITIONAL_REPRESENTATION('',(#16043),#16047);
#16043 = CIRCLE('',#16044,4.);
#16044 = AXIS2_PLACEMENT_2D('',#16045,#16046);
#16045 = CARTESIAN_POINT('',(0.,0.));
#16046 = DIRECTION('',(1.,0.));
#16047 = ( GEOMETRIC_REPRESENTATION_CONTEXT(2) 
PARAMETRIC_REPRESENTATION_CONTEXT() REPRESENTATION_CONTEXT('2D SPACE',''
  ) );
#16048 = ORIENTED_EDGE('',*,*,#16049,.F.);
#16049 = EDGE_CURVE('',#15796,#16021,#16050,.T.);
#16050 = SEAM_CURVE('',#16051,(#16055,#16062),.PCURVE_S1.);
#16051 = LINE('',#16052,#16053);
#16052 = CARTESIAN_POINT('',(22.,-22.,-15.4));
#16053 = VECTOR('',#16054,1.);
#16054 = DIRECTION('',(0.,0.,1.));
#16055 = PCURVE('',#15812,#16056);
#16056 = DEFINITIONAL_REPRESENTATION('',(#16057),#16061);
#16057 = LINE('',#16058,#16059);
#16058 = CARTESIAN_POINT('',(0.,-0.));
#16059 = VECTOR('',#16060,1.);
#16060 = DIRECTION('',(0.,1.));
#16061 = ( GEOMETRIC_REPRESENTATION_CONTEXT(2) 
PARAMETRIC_REPRESENTATION_CONTEXT() REPRESENTATION_CONTEXT('2D SPACE',''
  ) );
#16062 = PCURVE('',#15812,#16063);
#16063 = DEFINITIONAL_REPRESENTATION('',(#16064),#16068);
#16064 = LINE('',#16065,#16066);
#16065 = CARTESIAN_POINT('',(6.28318530718,-0.));
#16066 = VECTOR('',#16067,1.);
#16067 = DIRECTION('',(0.,1.));
#16068 = ( GEOMETRIC_REPRESENTATION_CONTEXT(2) 
PARAMETRIC_REPRESENTATION_CONTEXT() REPRESENTATION_CONTEXT('2D SPACE',''
  ) );
#16069 = ORIENTED_EDGE('',*,*,#15795,.T.);
#16070 = ORIENTED_EDGE('',*,*,#16049,.T.);
#16071 = ADVANCED_FACE('',(#16072),#15847,.T.);
#16072 = FACE_BOUND('',#16073,.T.);
#16073 = EDGE_LOOP('',(#16074,#16103,#16124,#16125));
#16074 = ORIENTED_EDGE('',*,*,#16075,.F.);
#16075 = EDGE_CURVE('',#16076,#16076,#16078,.T.);
#16076 = VERTEX_POINT('',#16077);
#16077 = CARTESIAN_POINT('',(-12.,10.,-13.9));
#16078 = SURFACE_CURVE('',#16079,(#16084,#16091),.PCURVE_S1.);
#16079 = CIRCLE('',#16080,4.);
#16080 = AXIS2_PLACEMENT_3D('',#16081,#16082,#16083);
#16081 = CARTESIAN_POINT('',(-16.,10.,-13.9));
#16082 = DIRECTION('',(0.,0.,1.));
#16083 = DIRECTION('',(1.,0.,-0.));
#16084 = PCURVE('',#15847,#16085);
#16085 = DEFINITIONAL_REPRESENTATION('',(#16086),#16090);
#16086 = LINE('',#16087,#16088);
#16087 = CARTESIAN_POINT('',(0.,1.5));
#16088 = VECTOR('',#16089,1.);
#16089 = DIRECTION('',(1.,0.));
#16090 = ( GEOMETRIC_REPRESENTATION_CONTEXT(2) 
PARAMETRIC_REPRESENTATION_CONTEXT() REPRESENTATION_CONTEXT('2D SPACE',''
  ) );
#16091 = PCURVE('',#16092,#16097);
#16092 = PLANE('',#16093);
#16093 = AXIS2_PLACEMENT_3D('',#16094,#16095,#16096);
#16094 = CARTESIAN_POINT('',(-16.,10.,-13.9));
#16095 = DIRECTION('',(0.,0.,1.));
#16096 = DIRECTION('',(1.,0.,-0.));
#16097 = DEFINITIONAL_REPRESENTATION('',(#16098),#16102);
#16098 = CIRCLE('',#16099,4.);
#16099 = AXIS2_PLACEMENT_2D('',#16100,#16101);
#16100 = CARTESIAN_POINT('',(0.,0.));
#16101 = DIRECTION('',(1.,0.));
#16102 = ( GEOMETRIC_REPRESENTATION_CONTEXT(2) 
PARAMETRIC_REPRESENTATION_CONTEXT() REPRESENTATION_CONTEXT('2D SPACE',''
  ) );
#16103 = ORIENTED_EDGE('',*,*,#16104,.F.);
#16104 = EDGE_CURVE('',#15831,#16076,#16105,.T.);
#16105 = SEAM_CURVE('',#16106,(#16110,#16117),.PCURVE_S1.);
#16106 = LINE('',#16107,#16108);
#16107 = CARTESIAN_POINT('',(-12.,10.,-15.4));
#16108 = VECTOR('',#16109,1.);
#16109 = DIRECTION('',(0.,0.,1.));
#16110 = PCURVE('',#15847,#16111);
#16111 = DEFINITIONAL_REPRESENTATION('',(#16112),#16116);
#16112 = LINE('',#16113,#16114);
#16113 = CARTESIAN_POINT('',(0.,-0.));
#16114 = VECTOR('',#16115,1.);
#16115 = DIRECTION('',(0.,1.));
#16116 = ( GEOMETRIC_REPRESENTATION_CONTEXT(2) 
PARAMETRIC_REPRESENTATION_CONTEXT() REPRESENTATION_CONTEXT('2D SPACE',''
  ) );
#16117 = PCURVE('',#15847,#16118);
#16118 = DEFINITIONAL_REPRESENTATION('',(#16119),#16123);
#16119 = LINE('',#16120,#16121);
#16120 = CARTESIAN_POINT('',(6.28318530718,-0.));
#16121 = VECTOR('',#16122,1.);
#16122 = DIRECTION('',(0.,1.));
#16123 = ( GEOMETRIC_REPRESENTATION_CONTEXT(2) 
PARAMETRIC_REPRESENTATION_CONTEXT() REPRESENTATION_CONTEXT('2D SPACE',''
  ) );
#16124 = ORIENTED_EDGE('',*,*,#15830,.T.);
#16125 = ORIENTED_EDGE('',*,*,#16104,.T.);
#16126 = ADVANCED_FACE('',(#16127),#15885,.F.);
#16127 = FACE_BOUND('',#16128,.F.);
#16128 = EDGE_LOOP('',(#16129,#16130,#16151,#16152));
#16129 = ORIENTED_EDGE('',*,*,#15868,.F.);
#16130 = ORIENTED_EDGE('',*,*,#16131,.F.);
#16131 = EDGE_CURVE('',#15939,#15869,#16132,.T.);
#16132 = SEAM_CURVE('',#16133,(#16137,#16144),.PCURVE_S1.);
#16133 = LINE('',#16134,#16135);
#16134 = CARTESIAN_POINT('',(36.15,-6.,-19.61));
#16135 = VECTOR('',#16136,1.);
#16136 = DIRECTION('',(0.,0.,1.));
#16137 = PCURVE('',#15885,#16138);
#16138 = DEFINITIONAL_REPRESENTATION('',(#16139),#16143);
#16139 = LINE('',#16140,#16141);
#16140 = CARTESIAN_POINT('',(0.,-0.));
#16141 = VECTOR('',#16142,1.);
#16142 = DIRECTION('',(0.,1.));
#16143 = ( GEOMETRIC_REPRESENTATION_CONTEXT(2) 
PARAMETRIC_REPRESENTATION_CONTEXT() REPRESENTATION_CONTEXT('2D SPACE',''
  ) );
#16144 = PCURVE('',#15885,#16145);
#16145 = DEFINITIONAL_REPRESENTATION('',(#16146),#16150);
#16146 = LINE('',#16147,#16148);
#16147 = CARTESIAN_POINT('',(6.28318530718,-0.));
#16148 = VECTOR('',#16149,1.);
#16149 = DIRECTION('',(0.,1.));
#16150 = ( GEOMETRIC_REPRESENTATION_CONTEXT(2) 
PARAMETRIC_REPRESENTATION_CONTEXT() REPRESENTATION_CONTEXT('2D SPACE',''
  ) );
#16151 = ORIENTED_EDGE('',*,*,#15938,.T.);
#16152 = ORIENTED_EDGE('',*,*,#16131,.T.);
#16153 = ADVANCED_FACE('',(#16154),#15917,.T.);
#16154 = FACE_BOUND('',#16155,.T.);
#16155 = EDGE_LOOP('',(#16156,#16185,#16206,#16207));
#16156 = ORIENTED_EDGE('',*,*,#16157,.F.);
#16157 = EDGE_CURVE('',#16158,#16158,#16160,.T.);
#16158 = VERTEX_POINT('',#16159);
#16159 = CARTESIAN_POINT('',(22.,10.,-13.9));
#16160 = SURFACE_CURVE('',#16161,(#16166,#16173),.PCURVE_S1.);
#16161 = CIRCLE('',#16162,4.);
#16162 = AXIS2_PLACEMENT_3D('',#16163,#16164,#16165);
#16163 = CARTESIAN_POINT('',(18.,10.,-13.9));
#16164 = DIRECTION('',(0.,0.,1.));
#16165 = DIRECTION('',(1.,0.,-0.));
#16166 = PCURVE('',#15917,#16167);
#16167 = DEFINITIONAL_REPRESENTATION('',(#16168),#16172);
#16168 = LINE('',#16169,#16170);
#16169 = CARTESIAN_POINT('',(0.,1.5));
#16170 = VECTOR('',#16171,1.);
#16171 = DIRECTION('',(1.,0.));
#16172 = ( GEOMETRIC_REPRESENTATION_CONTEXT(2) 
PARAMETRIC_REPRESENTATION_CONTEXT() REPRESENTATION_CONTEXT('2D SPACE',''
  ) );
#16173 = PCURVE('',#16174,#16179);
#16174 = PLANE('',#16175);
#16175 = AXIS2_PLACEMENT_3D('',#16176,#16177,#16178);
#16176 = CARTESIAN_POINT('',(18.,10.,-13.9));
#16177 = DIRECTION('',(0.,0.,1.));
#16178 = DIRECTION('',(1.,0.,-0.));
#16179 = DEFINITIONAL_REPRESENTATION('',(#16180),#16184);
#16180 = CIRCLE('',#16181,4.);
#16181 = AXIS2_PLACEMENT_2D('',#16182,#16183);
#16182 = CARTESIAN_POINT('',(0.,0.));
#16183 = DIRECTION('',(1.,0.));
#16184 = ( GEOMETRIC_REPRESENTATION_CONTEXT(2) 
PARAMETRIC_REPRESENTATION_CONTEXT() REPRESENTATION_CONTEXT('2D SPACE',''
  ) );
#16185 = ORIENTED_EDGE('',*,*,#16186,.F.);
#16186 = EDGE_CURVE('',#15901,#16158,#16187,.T.);
#16187 = SEAM_CURVE('',#16188,(#16192,#16199),.PCURVE_S1.);
#16188 = LINE('',#16189,#16190);
#16189 = CARTESIAN_POINT('',(22.,10.,-15.4));
#16190 = VECTOR('',#16191,1.);
#16191 = DIRECTION('',(0.,0.,1.));
#16192 = PCURVE('',#15917,#16193);
#16193 = DEFINITIONAL_REPRESENTATION('',(#16194),#16198);
#16194 = LINE('',#16195,#16196);
#16195 = CARTESIAN_POINT('',(0.,-0.));
#16196 = VECTOR('',#16197,1.);
#16197 = DIRECTION('',(0.,1.));
#16198 = ( GEOMETRIC_REPRESENTATION_CONTEXT(2) 
PARAMETRIC_REPRESENTATION_CONTEXT() REPRESENTATION_CONTEXT('2D SPACE',''
  ) );
#16199 = PCURVE('',#15917,#16200);
#16200 = DEFINITIONAL_REPRESENTATION('',(#16201),#16205);
#16201 = LINE('',#16202,#16203);
#16202 = CARTESIAN_POINT('',(6.28318530718,-0.));
#16203 = VECTOR('',#16204,1.);
#16204 = DIRECTION('',(0.,1.));
#16205 = ( GEOMETRIC_REPRESENTATION_CONTEXT(2) 
PARAMETRIC_REPRESENTATION_CONTEXT() REPRESENTATION_CONTEXT('2D SPACE',''
  ) );
#16206 = ORIENTED_EDGE('',*,*,#15900,.T.);
#16207 = ORIENTED_EDGE('',*,*,#16186,.T.);
#16208 = ADVANCED_FACE('',(#16209),#15982,.T.);
#16209 = FACE_BOUND('',#16210,.T.);
#16210 = EDGE_LOOP('',(#16211));
#16211 = ORIENTED_EDGE('',*,*,#15965,.T.);
#16212 = ADVANCED_FACE('',(#16213),#16037,.T.);
#16213 = FACE_BOUND('',#16214,.T.);
#16214 = EDGE_LOOP('',(#16215));
#16215 = ORIENTED_EDGE('',*,*,#16020,.T.);
#16216 = ADVANCED_FACE('',(#16217),#16092,.T.);
#16217 = FACE_BOUND('',#16218,.T.);
#16218 = EDGE_LOOP('',(#16219));
#16219 = ORIENTED_EDGE('',*,*,#16075,.T.);
#16220 = ADVANCED_FACE('',(#16221),#16174,.T.);
#16221 = FACE_BOUND('',#16222,.T.);
#16222 = EDGE_LOOP('',(#16223));
#16223 = ORIENTED_EDGE('',*,*,#16157,.T.);
#16224 = ( GEOMETRIC_REPRESENTATION_CONTEXT(3) 
GLOBAL_UNCERTAINTY_ASSIGNED_CONTEXT((#16228)) 
GLOBAL_UNIT_ASSIGNED_CONTEXT((#16225,#16226,#16227)) 
REPRESENTATION_CONTEXT('Context #1',
  '3D Context with UNIT and UNCERTAINTY') );
#16225 = ( LENGTH_UNIT() NAMED_UNIT(*) SI_UNIT(.MILLI.,.METRE.) );
#16226 = ( NAMED_UNIT(*) PLANE_ANGLE_UNIT() SI_UNIT($,.RADIAN.) );
#16227 = ( NAMED_UNIT(*) SI_UNIT($,.STERADIAN.) SOLID_ANGLE_UNIT() );
#16228 = UNCERTAINTY_MEASURE_WITH_UNIT(LENGTH_MEASURE(1.E-07),#16225,
  'distance_accuracy_value','confusion accuracy');
#16229 = CONTEXT_DEPENDENT_SHAPE_REPRESENTATION(#16230,#16232);
#16230 = ( REPRESENTATION_RELATIONSHIP('','',#14245,#10) 
REPRESENTATION_RELATIONSHIP_WITH_TRANSFORMATION(#16231) 
SHAPE_REPRESENTATION_RELATIONSHIP() );
#16231 = ITEM_DEFINED_TRANSFORMATION('','',#11,#23);
#16232 = PRODUCT_DEFINITION_SHAPE('Placement','Placement of an item',
  #16233);
#16233 = NEXT_ASSEMBLY_USAGE_OCCURRENCE('10','holder','',#5,#14240,$);
#16234 = PRODUCT_RELATED_PRODUCT_CATEGORY('part',$,(#14242));
#16235 = SHAPE_DEFINITION_REPRESENTATION(#16236,#16242);
#16236 = PRODUCT_DEFINITION_SHAPE('','',#16237);
#16237 = PRODUCT_DEFINITION('design','',#16238,#16241);
#16238 = PRODUCT_DEFINITION_FORMATION('','',#16239);
#16239 = PRODUCT('contact_layer','contact_layer','',(#16240));
#16240 = PRODUCT_CONTEXT('',#2,'mechanical');
#16241 = PRODUCT_DEFINITION_CONTEXT('part definition',#2,'design');
#16242 = ADVANCED_BREP_SHAPE_REPRESENTATION('',(#11,#16243),#17125);
#16243 = MANIFOLD_SOLID_BREP('',#16244);
#16244 = CLOSED_SHELL('',(#16245,#16365,#16712,#16766,#16940,#16967,
    #16994,#17021,#17048,#17075,#17082,#17086,#17090,#17094,#17121));
#16245 = ADVANCED_FACE('',(#16246),#16260,.F.);
#16246 = FACE_BOUND('',#16247,.F.);
#16247 = EDGE_LOOP('',(#16248,#16283,#16311,#16339));
#16248 = ORIENTED_EDGE('',*,*,#16249,.T.);
#16249 = EDGE_CURVE('',#16250,#16252,#16254,.T.);
#16250 = VERTEX_POINT('',#16251);
#16251 = CARTESIAN_POINT('',(-39.,15.,-21.2));
#16252 = VERTEX_POINT('',#16253);
#16253 = CARTESIAN_POINT('',(-39.,-27.,-21.2));
#16254 = SURFACE_CURVE('',#16255,(#16259,#16271),.PCURVE_S1.);
#16255 = LINE('',#16256,#16257);
#16256 = CARTESIAN_POINT('',(-39.,-30.5,-21.2));
#16257 = VECTOR('',#16258,1.);
#16258 = DIRECTION('',(0.,-1.,0.));
#16259 = PCURVE('',#16260,#16265);
#16260 = PLANE('',#16261);
#16261 = AXIS2_PLACEMENT_3D('',#16262,#16263,#16264);
#16262 = CARTESIAN_POINT('',(-39.,-30.,-22.));
#16263 = DIRECTION('',(1.,0.,0.));
#16264 = DIRECTION('',(0.,0.,1.));
#16265 = DEFINITIONAL_REPRESENTATION('',(#16266),#16270);
#16266 = LINE('',#16267,#16268);
#16267 = CARTESIAN_POINT('',(0.8,0.5));
#16268 = VECTOR('',#16269,1.);
#16269 = DIRECTION('',(0.,1.));
#16270 = ( GEOMETRIC_REPRESENTATION_CONTEXT(2) 
PARAMETRIC_REPRESENTATION_CONTEXT() REPRESENTATION_CONTEXT('2D SPACE',''
  ) );
#16271 = PCURVE('',#16272,#16277);
#16272 = PLANE('',#16273);
#16273 = AXIS2_PLACEMENT_3D('',#16274,#16275,#16276);
#16274 = CARTESIAN_POINT('',(-40.,-31.,-21.2));
#16275 = DIRECTION('',(0.,0.,1.));
#16276 = DIRECTION('',(1.,0.,-0.));
#16277 = DEFINITIONAL_REPRESENTATION('',(#16278),#16282);
#16278 = LINE('',#16279,#16280);
#16279 = CARTESIAN_POINT('',(1.,0.5));
#16280 = VECTOR('',#16281,1.);
#16281 = DIRECTION('',(0.,-1.));
#16282 = ( GEOMETRIC_REPRESENTATION_CONTEXT(2) 
PARAMETRIC_REPRESENTATION_CONTEXT() REPRESENTATION_CONTEXT('2D SPACE',''
  ) );
#16283 = ORIENTED_EDGE('',*,*,#16284,.F.);
#16284 = EDGE_CURVE('',#16285,#16252,#16287,.T.);
#16285 = VERTEX_POINT('',#16286);
#16286 = CARTESIAN_POINT('',(-39.,-27.,-22.));
#16287 = SURFACE_CURVE('',#16288,(#16292,#16299),.PCURVE_S1.);
#16288 = LINE('',#16289,#16290);
#16289 = CARTESIAN_POINT('',(-39.,-27.,-22.));
#16290 = VECTOR('',#16291,1.);
#16291 = DIRECTION('',(0.,0.,1.));
#16292 = PCURVE('',#16260,#16293);
#16293 = DEFINITIONAL_REPRESENTATION('',(#16294),#16298);
#16294 = LINE('',#16295,#16296);
#16295 = CARTESIAN_POINT('',(0.,-3.));
#16296 = VECTOR('',#16297,1.);
#16297 = DIRECTION('',(1.,0.));
#16298 = ( GEOMETRIC_REPRESENTATION_CONTEXT(2) 
PARAMETRIC_REPRESENTATION_CONTEXT() REPRESENTATION_CONTEXT('2D SPACE',''
  ) );
#16299 = PCURVE('',#16300,#16305);
#16300 = CYLINDRICAL_SURFACE('',#16301,3.);
#16301 = AXIS2_PLACEMENT_3D('',#16302,#16303,#16304);
#16302 = CARTESIAN_POINT('',(-36.,-27.,-22.));
#16303 = DIRECTION('',(0.,0.,1.));
#16304 = DIRECTION('',(-1.,-0.,0.));
#16305 = DEFINITIONAL_REPRESENTATION('',(#16306),#16310);
#16306 = LINE('',#16307,#16308);
#16307 = CARTESIAN_POINT('',(0.,0.));
#16308 = VECTOR('',#16309,1.);
#16309 = DIRECTION('',(0.,1.));
#16310 = ( GEOMETRIC_REPRESENTATION_CONTEXT(2) 
PARAMETRIC_REPRESENTATION_CONTEXT() REPRESENTATION_CONTEXT('2D SPACE',''
  ) );
#16311 = ORIENTED_EDGE('',*,*,#16312,.T.);
#16312 = EDGE_CURVE('',#16285,#16313,#16315,.T.);
#16313 = VERTEX_POINT('',#16314);
#16314 = CARTESIAN_POINT('',(-39.,15.,-22.));
#16315 = SURFACE_CURVE('',#16316,(#16320,#16327),.PCURVE_S1.);
#16316 = LINE('',#16317,#16318);
#16317 = CARTESIAN_POINT('',(-39.,-30.,-22.));
#16318 = VECTOR('',#16319,1.);
#16319 = DIRECTION('',(0.,1.,0.));
#16320 = PCURVE('',#16260,#16321);
#16321 = DEFINITIONAL_REPRESENTATION('',(#16322),#16326);
#16322 = LINE('',#16323,#16324);
#16323 = CARTESIAN_POINT('',(0.,0.));
#16324 = VECTOR('',#16325,1.);
#16325 = DIRECTION('',(0.,-1.));
#16326 = ( GEOMETRIC_REPRESENTATION_CONTEXT(2) 
PARAMETRIC_REPRESENTATION_CONTEXT() REPRESENTATION_CONTEXT('2D SPACE',''
  ) );
#16327 = PCURVE('',#16328,#16333);
#16328 = PLANE('',#16329);
#16329 = AXIS2_PLACEMENT_3D('',#16330,#16331,#16332);
#16330 = CARTESIAN_POINT('',(-39.,-30.,-22.));
#16331 = DIRECTION('',(0.,0.,1.));
#16332 = DIRECTION('',(1.,0.,-0.));
#16333 = DEFINITIONAL_REPRESENTATION('',(#16334),#16338);
#16334 = LINE('',#16335,#16336);
#16335 = CARTESIAN_POINT('',(0.,0.));
#16336 = VECTOR('',#16337,1.);
#16337 = DIRECTION('',(0.,1.));
#16338 = ( GEOMETRIC_REPRESENTATION_CONTEXT(2) 
PARAMETRIC_REPRESENTATION_CONTEXT() REPRESENTATION_CONTEXT('2D SPACE',''
  ) );
#16339 = ORIENTED_EDGE('',*,*,#16340,.T.);
#16340 = EDGE_CURVE('',#16313,#16250,#16341,.T.);
#16341 = SURFACE_CURVE('',#16342,(#16346,#16353),.PCURVE_S1.);
#16342 = LINE('',#16343,#16344);
#16343 = CARTESIAN_POINT('',(-39.,15.,-22.));
#16344 = VECTOR('',#16345,1.);
#16345 = DIRECTION('',(0.,0.,1.));
#16346 = PCURVE('',#16260,#16347);
#16347 = DEFINITIONAL_REPRESENTATION('',(#16348),#16352);
#16348 = LINE('',#16349,#16350);
#16349 = CARTESIAN_POINT('',(0.,-45.));
#16350 = VECTOR('',#16351,1.);
#16351 = DIRECTION('',(1.,0.));
#16352 = ( GEOMETRIC_REPRESENTATION_CONTEXT(2) 
PARAMETRIC_REPRESENTATION_CONTEXT() REPRESENTATION_CONTEXT('2D SPACE',''
  ) );
#16353 = PCURVE('',#16354,#16359);
#16354 = CYLINDRICAL_SURFACE('',#16355,3.);
#16355 = AXIS2_PLACEMENT_3D('',#16356,#16357,#16358);
#16356 = CARTESIAN_POINT('',(-36.,15.,-22.));
#16357 = DIRECTION('',(0.,0.,1.));
#16358 = DIRECTION('',(-1.,-0.,0.));
#16359 = DEFINITIONAL_REPRESENTATION('',(#16360),#16364);
#16360 = LINE('',#16361,#16362);
#16361 = CARTESIAN_POINT('',(6.28318530718,0.));
#16362 = VECTOR('',#16363,1.);
#16363 = DIRECTION('',(-0.,1.));
#16364 = ( GEOMETRIC_REPRESENTATION_CONTEXT(2) 
PARAMETRIC_REPRESENTATION_CONTEXT() REPRESENTATION_CONTEXT('2D SPACE',''
  ) );
#16365 = ADVANCED_FACE('',(#16366,#16557,#16588,#16619,#16650,#16681),
  #16272,.T.);
#16366 = FACE_BOUND('',#16367,.T.);
#16367 = EDGE_LOOP('',(#16368,#16392,#16393,#16417,#16445,#16474,#16502,
    #16531));
#16368 = ORIENTED_EDGE('',*,*,#16369,.T.);
#16369 = EDGE_CURVE('',#16370,#16250,#16372,.T.);
#16370 = VERTEX_POINT('',#16371);
#16371 = CARTESIAN_POINT('',(-36.,18.,-21.2));
#16372 = SURFACE_CURVE('',#16373,(#16378,#16385),.PCURVE_S1.);
#16373 = CIRCLE('',#16374,3.);
#16374 = AXIS2_PLACEMENT_3D('',#16375,#16376,#16377);
#16375 = CARTESIAN_POINT('',(-36.,15.,-21.2));
#16376 = DIRECTION('',(0.,0.,1.));
#16377 = DIRECTION('',(-1.,-0.,0.));
#16378 = PCURVE('',#16272,#16379);
#16379 = DEFINITIONAL_REPRESENTATION('',(#16380),#16384);
#16380 = CIRCLE('',#16381,3.);
#16381 = AXIS2_PLACEMENT_2D('',#16382,#16383);
#16382 = CARTESIAN_POINT('',(4.,46.));
#16383 = DIRECTION('',(-1.,0.));
#16384 = ( GEOMETRIC_REPRESENTATION_CONTEXT(2) 
PARAMETRIC_REPRESENTATION_CONTEXT() REPRESENTATION_CONTEXT('2D SPACE',''
  ) );
#16385 = PCURVE('',#16354,#16386);
#16386 = DEFINITIONAL_REPRESENTATION('',(#16387),#16391);
#16387 = LINE('',#16388,#16389);
#16388 = CARTESIAN_POINT('',(0.,0.8));
#16389 = VECTOR('',#16390,1.);
#16390 = DIRECTION('',(1.,0.));
#16391 = ( GEOMETRIC_REPRESENTATION_CONTEXT(2) 
PARAMETRIC_REPRESENTATION_CONTEXT() REPRESENTATION_CONTEXT('2D SPACE',''
  ) );
#16392 = ORIENTED_EDGE('',*,*,#16249,.T.);
#16393 = ORIENTED_EDGE('',*,*,#16394,.T.);
#16394 = EDGE_CURVE('',#16252,#16395,#16397,.T.);
#16395 = VERTEX_POINT('',#16396);
#16396 = CARTESIAN_POINT('',(-36.,-30.,-21.2));
#16397 = SURFACE_CURVE('',#16398,(#16403,#16410),.PCURVE_S1.);
#16398 = CIRCLE('',#16399,3.);
#16399 = AXIS2_PLACEMENT_3D('',#16400,#16401,#16402);
#16400 = CARTESIAN_POINT('',(-36.,-27.,-21.2));
#16401 = DIRECTION('',(0.,0.,1.));
#16402 = DIRECTION('',(-1.,-0.,0.));
#16403 = PCURVE('',#16272,#16404);
#16404 = DEFINITIONAL_REPRESENTATION('',(#16405),#16409);
#16405 = CIRCLE('',#16406,3.);
#16406 = AXIS2_PLACEMENT_2D('',#16407,#16408);
#16407 = CARTESIAN_POINT('',(4.,4.));
#16408 = DIRECTION('',(-1.,0.));
#16409 = ( GEOMETRIC_REPRESENTATION_CONTEXT(2) 
PARAMETRIC_REPRESENTATION_CONTEXT() REPRESENTATION_CONTEXT('2D SPACE',''
  ) );
#16410 = PCURVE('',#16300,#16411);
#16411 = DEFINITIONAL_REPRESENTATION('',(#16412),#16416);
#16412 = LINE('',#16413,#16414);
#16413 = CARTESIAN_POINT('',(0.,0.8));
#16414 = VECTOR('',#16415,1.);
#16415 = DIRECTION('',(1.,0.));
#16416 = ( GEOMETRIC_REPRESENTATION_CONTEXT(2) 
PARAMETRIC_REPRESENTATION_CONTEXT() REPRESENTATION_CONTEXT('2D SPACE',''
  ) );
#16417 = ORIENTED_EDGE('',*,*,#16418,.T.);
#16418 = EDGE_CURVE('',#16395,#16419,#16421,.T.);
#16419 = VERTEX_POINT('',#16420);
#16420 = CARTESIAN_POINT('',(44.,-30.,-21.2));
#16421 = SURFACE_CURVE('',#16422,(#16426,#16433),.PCURVE_S1.);
#16422 = LINE('',#16423,#16424);
#16423 = CARTESIAN_POINT('',(-39.5,-30.,-21.2));
#16424 = VECTOR('',#16425,1.);
#16425 = DIRECTION('',(1.,0.,0.));
#16426 = PCURVE('',#16272,#16427);
#16427 = DEFINITIONAL_REPRESENTATION('',(#16428),#16432);
#16428 = LINE('',#16429,#16430);
#16429 = CARTESIAN_POINT('',(0.5,1.));
#16430 = VECTOR('',#16431,1.);
#16431 = DIRECTION('',(1.,0.));
#16432 = ( GEOMETRIC_REPRESENTATION_CONTEXT(2) 
PARAMETRIC_REPRESENTATION_CONTEXT() REPRESENTATION_CONTEXT('2D SPACE',''
  ) );
#16433 = PCURVE('',#16434,#16439);
#16434 = PLANE('',#16435);
#16435 = AXIS2_PLACEMENT_3D('',#16436,#16437,#16438);
#16436 = CARTESIAN_POINT('',(-39.,-30.,-22.));
#16437 = DIRECTION('',(0.,1.,0.));
#16438 = DIRECTION('',(0.,-0.,1.));
#16439 = DEFINITIONAL_REPRESENTATION('',(#16440),#16444);
#16440 = LINE('',#16441,#16442);
#16441 = CARTESIAN_POINT('',(0.8,-0.5));
#16442 = VECTOR('',#16443,1.);
#16443 = DIRECTION('',(0.,1.));
#16444 = ( GEOMETRIC_REPRESENTATION_CONTEXT(2) 
PARAMETRIC_REPRESENTATION_CONTEXT() REPRESENTATION_CONTEXT('2D SPACE',''
  ) );
#16445 = ORIENTED_EDGE('',*,*,#16446,.T.);
#16446 = EDGE_CURVE('',#16419,#16447,#16449,.T.);
#16447 = VERTEX_POINT('',#16448);
#16448 = CARTESIAN_POINT('',(47.,-27.,-21.2));
#16449 = SURFACE_CURVE('',#16450,(#16455,#16462),.PCURVE_S1.);
#16450 = CIRCLE('',#16451,3.);
#16451 = AXIS2_PLACEMENT_3D('',#16452,#16453,#16454);
#16452 = CARTESIAN_POINT('',(44.,-27.,-21.2));
#16453 = DIRECTION('',(0.,0.,1.));
#16454 = DIRECTION('',(1.,0.,-0.));
#16455 = PCURVE('',#16272,#16456);
#16456 = DEFINITIONAL_REPRESENTATION('',(#16457),#16461);
#16457 = CIRCLE('',#16458,3.);
#16458 = AXIS2_PLACEMENT_2D('',#16459,#16460);
#16459 = CARTESIAN_POINT('',(84.,4.));
#16460 = DIRECTION('',(1.,0.));
#16461 = ( GEOMETRIC_REPRESENTATION_CONTEXT(2) 
PARAMETRIC_REPRESENTATION_CONTEXT() REPRESENTATION_CONTEXT('2D SPACE',''
  ) );
#16462 = PCURVE('',#16463,#16468);
#16463 = CYLINDRICAL_SURFACE('',#16464,3.);
#16464 = AXIS2_PLACEMENT_3D('',#16465,#16466,#16467);
#16465 = CARTESIAN_POINT('',(44.,-27.,-22.));
#16466 = DIRECTION('',(0.,0.,1.));
#16467 = DIRECTION('',(1.,0.,-0.));
#16468 = DEFINITIONAL_REPRESENTATION('',(#16469),#16473);
#16469 = LINE('',#16470,#16471);
#16470 = CARTESIAN_POINT('',(0.,0.8));
#16471 = VECTOR('',#16472,1.);
#16472 = DIRECTION('',(1.,0.));
#16473 = ( GEOMETRIC_REPRESENTATION_CONTEXT(2) 
PARAMETRIC_REPRESENTATION_CONTEXT() REPRESENTATION_CONTEXT('2D SPACE',''
  ) );
#16474 = ORIENTED_EDGE('',*,*,#16475,.F.);
#16475 = EDGE_CURVE('',#16476,#16447,#16478,.T.);
#16476 = VERTEX_POINT('',#16477);
#16477 = CARTESIAN_POINT('',(47.,15.,-21.2));
#16478 = SURFACE_CURVE('',#16479,(#16483,#16490),.PCURVE_S1.);
#16479 = LINE('',#16480,#16481);
#16480 = CARTESIAN_POINT('',(47.,-30.5,-21.2));
#16481 = VECTOR('',#16482,1.);
#16482 = DIRECTION('',(0.,-1.,0.));
#16483 = PCURVE('',#16272,#16484);
#16484 = DEFINITIONAL_REPRESENTATION('',(#16485),#16489);
#16485 = LINE('',#16486,#16487);
#16486 = CARTESIAN_POINT('',(87.,0.5));
#16487 = VECTOR('',#16488,1.);
#16488 = DIRECTION('',(0.,-1.));
#16489 = ( GEOMETRIC_REPRESENTATION_CONTEXT(2) 
PARAMETRIC_REPRESENTATION_CONTEXT() REPRESENTATION_CONTEXT('2D SPACE',''
  ) );
#16490 = PCURVE('',#16491,#16496);
#16491 = PLANE('',#16492);
#16492 = AXIS2_PLACEMENT_3D('',#16493,#16494,#16495);
#16493 = CARTESIAN_POINT('',(47.,-30.,-22.));
#16494 = DIRECTION('',(1.,0.,0.));
#16495 = DIRECTION('',(0.,0.,1.));
#16496 = DEFINITIONAL_REPRESENTATION('',(#16497),#16501);
#16497 = LINE('',#16498,#16499);
#16498 = CARTESIAN_POINT('',(0.8,0.5));
#16499 = VECTOR('',#16500,1.);
#16500 = DIRECTION('',(0.,1.));
#16501 = ( GEOMETRIC_REPRESENTATION_CONTEXT(2) 
PARAMETRIC_REPRESENTATION_CONTEXT() REPRESENTATION_CONTEXT('2D SPACE',''
  ) );
#16502 = ORIENTED_EDGE('',*,*,#16503,.T.);
#16503 = EDGE_CURVE('',#16476,#16504,#16506,.T.);
#16504 = VERTEX_POINT('',#16505);
#16505 = CARTESIAN_POINT('',(44.,18.,-21.2));
#16506 = SURFACE_CURVE('',#16507,(#16512,#16519),.PCURVE_S1.);
#16507 = CIRCLE('',#16508,3.);
#16508 = AXIS2_PLACEMENT_3D('',#16509,#16510,#16511);
#16509 = CARTESIAN_POINT('',(44.,15.,-21.2));
#16510 = DIRECTION('',(0.,0.,1.));
#16511 = DIRECTION('',(1.,0.,-0.));
#16512 = PCURVE('',#16272,#16513);
#16513 = DEFINITIONAL_REPRESENTATION('',(#16514),#16518);
#16514 = CIRCLE('',#16515,3.);
#16515 = AXIS2_PLACEMENT_2D('',#16516,#16517);
#16516 = CARTESIAN_POINT('',(84.,46.));
#16517 = DIRECTION('',(1.,0.));
#16518 = ( GEOMETRIC_REPRESENTATION_CONTEXT(2) 
PARAMETRIC_REPRESENTATION_CONTEXT() REPRESENTATION_CONTEXT('2D SPACE',''
  ) );
#16519 = PCURVE('',#16520,#16525);
#16520 = CYLINDRICAL_SURFACE('',#16521,3.);
#16521 = AXIS2_PLACEMENT_3D('',#16522,#16523,#16524);
#16522 = CARTESIAN_POINT('',(44.,15.,-22.));
#16523 = DIRECTION('',(0.,0.,1.));
#16524 = DIRECTION('',(1.,0.,-0.));
#16525 = DEFINITIONAL_REPRESENTATION('',(#16526),#16530);
#16526 = LINE('',#16527,#16528);
#16527 = CARTESIAN_POINT('',(0.,0.8));
#16528 = VECTOR('',#16529,1.);
#16529 = DIRECTION('',(1.,0.));
#16530 = ( GEOMETRIC_REPRESENTATION_CONTEXT(2) 
PARAMETRIC_REPRESENTATION_CONTEXT() REPRESENTATION_CONTEXT('2D SPACE',''
  ) );
#16531 = ORIENTED_EDGE('',*,*,#16532,.F.);
#16532 = EDGE_CURVE('',#16370,#16504,#16533,.T.);
#16533 = SURFACE_CURVE('',#16534,(#16538,#16545),.PCURVE_S1.);
#16534 = LINE('',#16535,#16536);
#16535 = CARTESIAN_POINT('',(-39.5,18.,-21.2));
#16536 = VECTOR('',#16537,1.);
#16537 = DIRECTION('',(1.,0.,0.));
#16538 = PCURVE('',#16272,#16539);
#16539 = DEFINITIONAL_REPRESENTATION('',(#16540),#16544);
#16540 = LINE('',#16541,#16542);
#16541 = CARTESIAN_POINT('',(0.5,49.));
#16542 = VECTOR('',#16543,1.);
#16543 = DIRECTION('',(1.,0.));
#16544 = ( GEOMETRIC_REPRESENTATION_CONTEXT(2) 
PARAMETRIC_REPRESENTATION_CONTEXT() REPRESENTATION_CONTEXT('2D SPACE',''
  ) );
#16545 = PCURVE('',#16546,#16551);
#16546 = PLANE('',#16547);
#16547 = AXIS2_PLACEMENT_3D('',#16548,#16549,#16550);
#16548 = CARTESIAN_POINT('',(-39.,18.,-22.));
#16549 = DIRECTION('',(0.,1.,0.));
#16550 = DIRECTION('',(0.,-0.,1.));
#16551 = DEFINITIONAL_REPRESENTATION('',(#16552),#16556);
#16552 = LINE('',#16553,#16554);
#16553 = CARTESIAN_POINT('',(0.8,-0.5));
#16554 = VECTOR('',#16555,1.);
#16555 = DIRECTION('',(0.,1.));
#16556 = ( GEOMETRIC_REPRESENTATION_CONTEXT(2) 
PARAMETRIC_REPRESENTATION_CONTEXT() REPRESENTATION_CONTEXT('2D SPACE',''
  ) );
#16557 = FACE_BOUND('',#16558,.T.);
#16558 = EDGE_LOOP('',(#16559));
#16559 = ORIENTED_EDGE('',*,*,#16560,.F.);
#16560 = EDGE_CURVE('',#16561,#16561,#16563,.T.);
#16561 = VERTEX_POINT('',#16562);
#16562 = CARTESIAN_POINT('',(-31.6,-26.5,-21.2));
#16563 = SURFACE_CURVE('',#16564,(#16569,#16576),.PCURVE_S1.);
#16564 = CIRCLE('',#16565,2.4);
#16565 = AXIS2_PLACEMENT_3D('',#16566,#16567,#16568);
#16566 = CARTESIAN_POINT('',(-34.,-26.5,-21.2));
#16567 = DIRECTION('',(0.,0.,1.));
#16568 = DIRECTION('',(1.,0.,-0.));
#16569 = PCURVE('',#16272,#16570);
#16570 = DEFINITIONAL_REPRESENTATION('',(#16571),#16575);
#16571 = CIRCLE('',#16572,2.4);
#16572 = AXIS2_PLACEMENT_2D('',#16573,#16574);
#16573 = CARTESIAN_POINT('',(6.,4.5));
#16574 = DIRECTION('',(1.,0.));
#16575 = ( GEOMETRIC_REPRESENTATION_CONTEXT(2) 
PARAMETRIC_REPRESENTATION_CONTEXT() REPRESENTATION_CONTEXT('2D SPACE',''
  ) );
#16576 = PCURVE('',#16577,#16582);
#16577 = PLANE('',#16578);
#16578 = AXIS2_PLACEMENT_3D('',#16579,#16580,#16581);
#16579 = CARTESIAN_POINT('',(-34.,-26.5,-21.2));
#16580 = DIRECTION('',(0.,0.,1.));
#16581 = DIRECTION('',(1.,0.,-0.));
#16582 = DEFINITIONAL_REPRESENTATION('',(#16583),#16587);
#16583 = CIRCLE('',#16584,2.4);
#16584 = AXIS2_PLACEMENT_2D('',#16585,#16586);
#16585 = CARTESIAN_POINT('',(0.,0.));
#16586 = DIRECTION('',(1.,0.));
#16587 = ( GEOMETRIC_REPRESENTATION_CONTEXT(2) 
PARAMETRIC_REPRESENTATION_CONTEXT() REPRESENTATION_CONTEXT('2D SPACE',''
  ) );
#16588 = FACE_BOUND('',#16589,.T.);
#16589 = EDGE_LOOP('',(#16590));
#16590 = ORIENTED_EDGE('',*,*,#16591,.F.);
#16591 = EDGE_CURVE('',#16592,#16592,#16594,.T.);
#16592 = VERTEX_POINT('',#16593);
#16593 = CARTESIAN_POINT('',(38.4,-26.5,-21.2));
#16594 = SURFACE_CURVE('',#16595,(#16600,#16607),.PCURVE_S1.);
#16595 = CIRCLE('',#16596,2.4);
#16596 = AXIS2_PLACEMENT_3D('',#16597,#16598,#16599);
#16597 = CARTESIAN_POINT('',(36.,-26.5,-21.2));
#16598 = DIRECTION('',(0.,0.,1.));
#16599 = DIRECTION('',(1.,0.,-0.));
#16600 = PCURVE('',#16272,#16601);
#16601 = DEFINITIONAL_REPRESENTATION('',(#16602),#16606);
#16602 = CIRCLE('',#16603,2.4);
#16603 = AXIS2_PLACEMENT_2D('',#16604,#16605);
#16604 = CARTESIAN_POINT('',(76.,4.5));
#16605 = DIRECTION('',(1.,0.));
#16606 = ( GEOMETRIC_REPRESENTATION_CONTEXT(2) 
PARAMETRIC_REPRESENTATION_CONTEXT() REPRESENTATION_CONTEXT('2D SPACE',''
  ) );
#16607 = PCURVE('',#16608,#16613);
#16608 = PLANE('',#16609);
#16609 = AXIS2_PLACEMENT_3D('',#16610,#16611,#16612);
#16610 = CARTESIAN_POINT('',(36.,-26.5,-21.2));
#16611 = DIRECTION('',(0.,0.,1.));
#16612 = DIRECTION('',(1.,0.,-0.));
#16613 = DEFINITIONAL_REPRESENTATION('',(#16614),#16618);
#16614 = CIRCLE('',#16615,2.4);
#16615 = AXIS2_PLACEMENT_2D('',#16616,#16617);
#16616 = CARTESIAN_POINT('',(0.,0.));
#16617 = DIRECTION('',(1.,0.));
#16618 = ( GEOMETRIC_REPRESENTATION_CONTEXT(2) 
PARAMETRIC_REPRESENTATION_CONTEXT() REPRESENTATION_CONTEXT('2D SPACE',''
  ) );
#16619 = FACE_BOUND('',#16620,.T.);
#16620 = EDGE_LOOP('',(#16621));
#16621 = ORIENTED_EDGE('',*,*,#16622,.F.);
#16622 = EDGE_CURVE('',#16623,#16623,#16625,.T.);
#16623 = VERTEX_POINT('',#16624);
#16624 = CARTESIAN_POINT('',(-31.6,14.5,-21.2));
#16625 = SURFACE_CURVE('',#16626,(#16631,#16638),.PCURVE_S1.);
#16626 = CIRCLE('',#16627,2.4);
#16627 = AXIS2_PLACEMENT_3D('',#16628,#16629,#16630);
#16628 = CARTESIAN_POINT('',(-34.,14.5,-21.2));
#16629 = DIRECTION('',(0.,0.,1.));
#16630 = DIRECTION('',(1.,0.,-0.));
#16631 = PCURVE('',#16272,#16632);
#16632 = DEFINITIONAL_REPRESENTATION('',(#16633),#16637);
#16633 = CIRCLE('',#16634,2.4);
#16634 = AXIS2_PLACEMENT_2D('',#16635,#16636);
#16635 = CARTESIAN_POINT('',(6.,45.5));
#16636 = DIRECTION('',(1.,0.));
#16637 = ( GEOMETRIC_REPRESENTATION_CONTEXT(2) 
PARAMETRIC_REPRESENTATION_CONTEXT() REPRESENTATION_CONTEXT('2D SPACE',''
  ) );
#16638 = PCURVE('',#16639,#16644);
#16639 = PLANE('',#16640);
#16640 = AXIS2_PLACEMENT_3D('',#16641,#16642,#16643);
#16641 = CARTESIAN_POINT('',(-34.,14.5,-21.2));
#16642 = DIRECTION('',(0.,0.,1.));
#16643 = DIRECTION('',(1.,0.,-0.));
#16644 = DEFINITIONAL_REPRESENTATION('',(#16645),#16649);
#16645 = CIRCLE('',#16646,2.4);
#16646 = AXIS2_PLACEMENT_2D('',#16647,#16648);
#16647 = CARTESIAN_POINT('',(0.,0.));
#16648 = DIRECTION('',(1.,0.));
#16649 = ( GEOMETRIC_REPRESENTATION_CONTEXT(2) 
PARAMETRIC_REPRESENTATION_CONTEXT() REPRESENTATION_CONTEXT('2D SPACE',''
  ) );
#16650 = FACE_BOUND('',#16651,.T.);
#16651 = EDGE_LOOP('',(#16652));
#16652 = ORIENTED_EDGE('',*,*,#16653,.F.);
#16653 = EDGE_CURVE('',#16654,#16654,#16656,.T.);
#16654 = VERTEX_POINT('',#16655);
#16655 = CARTESIAN_POINT('',(38.2,-6.,-21.2));
#16656 = SURFACE_CURVE('',#16657,(#16662,#16669),.PCURVE_S1.);
#16657 = CIRCLE('',#16658,3.2);
#16658 = AXIS2_PLACEMENT_3D('',#16659,#16660,#16661);
#16659 = CARTESIAN_POINT('',(35.,-6.,-21.2));
#16660 = DIRECTION('',(0.,0.,1.));
#16661 = DIRECTION('',(1.,0.,-0.));
#16662 = PCURVE('',#16272,#16663);
#16663 = DEFINITIONAL_REPRESENTATION('',(#16664),#16668);
#16664 = CIRCLE('',#16665,3.2);
#16665 = AXIS2_PLACEMENT_2D('',#16666,#16667);
#16666 = CARTESIAN_POINT('',(75.,25.));
#16667 = DIRECTION('',(1.,0.));
#16668 = ( GEOMETRIC_REPRESENTATION_CONTEXT(2) 
PARAMETRIC_REPRESENTATION_CONTEXT() REPRESENTATION_CONTEXT('2D SPACE',''
  ) );
#16669 = PCURVE('',#16670,#16675);
#16670 = CYLINDRICAL_SURFACE('',#16671,3.2);
#16671 = AXIS2_PLACEMENT_3D('',#16672,#16673,#16674);
#16672 = CARTESIAN_POINT('',(35.,-6.,-22.01));
#16673 = DIRECTION('',(0.,0.,1.));
#16674 = DIRECTION('',(1.,0.,-0.));
#16675 = DEFINITIONAL_REPRESENTATION('',(#16676),#16680);
#16676 = LINE('',#16677,#16678);
#16677 = CARTESIAN_POINT('',(0.,0.81));
#16678 = VECTOR('',#16679,1.);
#16679 = DIRECTION('',(1.,0.));
#16680 = ( GEOMETRIC_REPRESENTATION_CONTEXT(2) 
PARAMETRIC_REPRESENTATION_CONTEXT() REPRESENTATION_CONTEXT('2D SPACE',''
  ) );
#16681 = FACE_BOUND('',#16682,.T.);
#16682 = EDGE_LOOP('',(#16683));
#16683 = ORIENTED_EDGE('',*,*,#16684,.F.);
#16684 = EDGE_CURVE('',#16685,#16685,#16687,.T.);
#16685 = VERTEX_POINT('',#16686);
#16686 = CARTESIAN_POINT('',(38.4,14.5,-21.2));
#16687 = SURFACE_CURVE('',#16688,(#16693,#16700),.PCURVE_S1.);
#16688 = CIRCLE('',#16689,2.4);
#16689 = AXIS2_PLACEMENT_3D('',#16690,#16691,#16692);
#16690 = CARTESIAN_POINT('',(36.,14.5,-21.2));
#16691 = DIRECTION('',(0.,0.,1.));
#16692 = DIRECTION('',(1.,0.,-0.));
#16693 = PCURVE('',#16272,#16694);
#16694 = DEFINITIONAL_REPRESENTATION('',(#16695),#16699);
#16695 = CIRCLE('',#16696,2.4);
#16696 = AXIS2_PLACEMENT_2D('',#16697,#16698);
#16697 = CARTESIAN_POINT('',(76.,45.5));
#16698 = DIRECTION('',(1.,0.));
#16699 = ( GEOMETRIC_REPRESENTATION_CONTEXT(2) 
PARAMETRIC_REPRESENTATION_CONTEXT() REPRESENTATION_CONTEXT('2D SPACE',''
  ) );
#16700 = PCURVE('',#16701,#16706);
#16701 = PLANE('',#16702);
#16702 = AXIS2_PLACEMENT_3D('',#16703,#16704,#16705);
#16703 = CARTESIAN_POINT('',(36.,14.5,-21.2));
#16704 = DIRECTION('',(0.,0.,1.));
#16705 = DIRECTION('',(1.,0.,-0.));
#16706 = DEFINITIONAL_REPRESENTATION('',(#16707),#16711);
#16707 = CIRCLE('',#16708,2.4);
#16708 = AXIS2_PLACEMENT_2D('',#16709,#16710);
#16709 = CARTESIAN_POINT('',(0.,0.));
#16710 = DIRECTION('',(1.,0.));
#16711 = ( GEOMETRIC_REPRESENTATION_CONTEXT(2) 
PARAMETRIC_REPRESENTATION_CONTEXT() REPRESENTATION_CONTEXT('2D SPACE',''
  ) );
#16712 = ADVANCED_FACE('',(#16713),#16354,.T.);
#16713 = FACE_BOUND('',#16714,.T.);
#16714 = EDGE_LOOP('',(#16715,#16743,#16744,#16745));
#16715 = ORIENTED_EDGE('',*,*,#16716,.F.);
#16716 = EDGE_CURVE('',#16313,#16717,#16719,.T.);
#16717 = VERTEX_POINT('',#16718);
#16718 = CARTESIAN_POINT('',(-36.,18.,-22.));
#16719 = SURFACE_CURVE('',#16720,(#16725,#16732),.PCURVE_S1.);
#16720 = CIRCLE('',#16721,3.);
#16721 = AXIS2_PLACEMENT_3D('',#16722,#16723,#16724);
#16722 = CARTESIAN_POINT('',(-36.,15.,-22.));
#16723 = DIRECTION('',(-0.,-0.,-1.));
#16724 = DIRECTION('',(0.,-1.,0.));
#16725 = PCURVE('',#16354,#16726);
#16726 = DEFINITIONAL_REPRESENTATION('',(#16727),#16731);
#16727 = LINE('',#16728,#16729);
#16728 = CARTESIAN_POINT('',(7.853981633975,0.));
#16729 = VECTOR('',#16730,1.);
#16730 = DIRECTION('',(-1.,0.));
#16731 = ( GEOMETRIC_REPRESENTATION_CONTEXT(2) 
PARAMETRIC_REPRESENTATION_CONTEXT() REPRESENTATION_CONTEXT('2D SPACE',''
  ) );
#16732 = PCURVE('',#16328,#16733);
#16733 = DEFINITIONAL_REPRESENTATION('',(#16734),#16742);
#16734 = ( BOUNDED_CURVE() B_SPLINE_CURVE(2,(#16735,#16736,#16737,#16738
    ,#16739,#16740,#16741),.UNSPECIFIED.,.T.,.F.) 
B_SPLINE_CURVE_WITH_KNOTS((1,2,2,2,2,1),(-2.094395102393,0.,
    2.094395102393,4.188790204786,6.28318530718,8.377580409573),
.UNSPECIFIED.) CURVE() GEOMETRIC_REPRESENTATION_ITEM() 
RATIONAL_B_SPLINE_CURVE((1.,0.5,1.,0.5,1.,0.5,1.)) REPRESENTATION_ITEM(
  '') );
#16735 = CARTESIAN_POINT('',(3.,42.));
#16736 = CARTESIAN_POINT('',(-2.196152422707,42.));
#16737 = CARTESIAN_POINT('',(0.401923788647,46.5));
#16738 = CARTESIAN_POINT('',(3.,51.));
#16739 = CARTESIAN_POINT('',(5.598076211353,46.5));
#16740 = CARTESIAN_POINT('',(8.196152422707,42.));
#16741 = CARTESIAN_POINT('',(3.,42.));
#16742 = ( GEOMETRIC_REPRESENTATION_CONTEXT(2) 
PARAMETRIC_REPRESENTATION_CONTEXT() REPRESENTATION_CONTEXT('2D SPACE',''
  ) );
#16743 = ORIENTED_EDGE('',*,*,#16340,.T.);
#16744 = ORIENTED_EDGE('',*,*,#16369,.F.);
#16745 = ORIENTED_EDGE('',*,*,#16746,.F.);
#16746 = EDGE_CURVE('',#16717,#16370,#16747,.T.);
#16747 = SURFACE_CURVE('',#16748,(#16752,#16759),.PCURVE_S1.);
#16748 = LINE('',#16749,#16750);
#16749 = CARTESIAN_POINT('',(-36.,18.,-22.));
#16750 = VECTOR('',#16751,1.);
#16751 = DIRECTION('',(0.,0.,1.));
#16752 = PCURVE('',#16354,#16753);
#16753 = DEFINITIONAL_REPRESENTATION('',(#16754),#16758);
#16754 = LINE('',#16755,#16756);
#16755 = CARTESIAN_POINT('',(4.712388980385,0.));
#16756 = VECTOR('',#16757,1.);
#16757 = DIRECTION('',(-0.,1.));
#16758 = ( GEOMETRIC_REPRESENTATION_CONTEXT(2) 
PARAMETRIC_REPRESENTATION_CONTEXT() REPRESENTATION_CONTEXT('2D SPACE',''
  ) );
#16759 = PCURVE('',#16546,#16760);
#16760 = DEFINITIONAL_REPRESENTATION('',(#16761),#16765);
#16761 = LINE('',#16762,#16763);
#16762 = CARTESIAN_POINT('',(0.,3.));
#16763 = VECTOR('',#16764,1.);
#16764 = DIRECTION('',(1.,0.));
#16765 = ( GEOMETRIC_REPRESENTATION_CONTEXT(2) 
PARAMETRIC_REPRESENTATION_CONTEXT() REPRESENTATION_CONTEXT('2D SPACE',''
  ) );
#16766 = ADVANCED_FACE('',(#16767,#16914),#16328,.F.);
#16767 = FACE_BOUND('',#16768,.F.);
#16768 = EDGE_LOOP('',(#16769,#16770,#16794,#16817,#16845,#16868,#16892,
    #16913));
#16769 = ORIENTED_EDGE('',*,*,#16312,.F.);
#16770 = ORIENTED_EDGE('',*,*,#16771,.T.);
#16771 = EDGE_CURVE('',#16285,#16772,#16774,.T.);
#16772 = VERTEX_POINT('',#16773);
#16773 = CARTESIAN_POINT('',(-36.,-30.,-22.));
#16774 = SURFACE_CURVE('',#16775,(#16780,#16787),.PCURVE_S1.);
#16775 = CIRCLE('',#16776,3.);
#16776 = AXIS2_PLACEMENT_3D('',#16777,#16778,#16779);
#16777 = CARTESIAN_POINT('',(-36.,-27.,-22.));
#16778 = DIRECTION('',(0.,0.,1.));
#16779 = DIRECTION('',(0.,-1.,0.));
#16780 = PCURVE('',#16328,#16781);
#16781 = DEFINITIONAL_REPRESENTATION('',(#16782),#16786);
#16782 = CIRCLE('',#16783,3.);
#16783 = AXIS2_PLACEMENT_2D('',#16784,#16785);
#16784 = CARTESIAN_POINT('',(3.,3.));
#16785 = DIRECTION('',(0.,-1.));
#16786 = ( GEOMETRIC_REPRESENTATION_CONTEXT(2) 
PARAMETRIC_REPRESENTATION_CONTEXT() REPRESENTATION_CONTEXT('2D SPACE',''
  ) );
#16787 = PCURVE('',#16300,#16788);
#16788 = DEFINITIONAL_REPRESENTATION('',(#16789),#16793);
#16789 = LINE('',#16790,#16791);
#16790 = CARTESIAN_POINT('',(-4.712388980385,0.));
#16791 = VECTOR('',#16792,1.);
#16792 = DIRECTION('',(1.,0.));
#16793 = ( GEOMETRIC_REPRESENTATION_CONTEXT(2) 
PARAMETRIC_REPRESENTATION_CONTEXT() REPRESENTATION_CONTEXT('2D SPACE',''
  ) );
#16794 = ORIENTED_EDGE('',*,*,#16795,.T.);
#16795 = EDGE_CURVE('',#16772,#16796,#16798,.T.);
#16796 = VERTEX_POINT('',#16797);
#16797 = CARTESIAN_POINT('',(44.,-30.,-22.));
#16798 = SURFACE_CURVE('',#16799,(#16803,#16810),.PCURVE_S1.);
#16799 = LINE('',#16800,#16801);
#16800 = CARTESIAN_POINT('',(-39.,-30.,-22.));
#16801 = VECTOR('',#16802,1.);
#16802 = DIRECTION('',(1.,0.,0.));
#16803 = PCURVE('',#16328,#16804);
#16804 = DEFINITIONAL_REPRESENTATION('',(#16805),#16809);
#16805 = LINE('',#16806,#16807);
#16806 = CARTESIAN_POINT('',(0.,0.));
#16807 = VECTOR('',#16808,1.);
#16808 = DIRECTION('',(1.,0.));
#16809 = ( GEOMETRIC_REPRESENTATION_CONTEXT(2) 
PARAMETRIC_REPRESENTATION_CONTEXT() REPRESENTATION_CONTEXT('2D SPACE',''
  ) );
#16810 = PCURVE('',#16434,#16811);
#16811 = DEFINITIONAL_REPRESENTATION('',(#16812),#16816);
#16812 = LINE('',#16813,#16814);
#16813 = CARTESIAN_POINT('',(0.,0.));
#16814 = VECTOR('',#16815,1.);
#16815 = DIRECTION('',(0.,1.));
#16816 = ( GEOMETRIC_REPRESENTATION_CONTEXT(2) 
PARAMETRIC_REPRESENTATION_CONTEXT() REPRESENTATION_CONTEXT('2D SPACE',''
  ) );
#16817 = ORIENTED_EDGE('',*,*,#16818,.F.);
#16818 = EDGE_CURVE('',#16819,#16796,#16821,.T.);
#16819 = VERTEX_POINT('',#16820);
#16820 = CARTESIAN_POINT('',(47.,-27.,-22.));
#16821 = SURFACE_CURVE('',#16822,(#16827,#16838),.PCURVE_S1.);
#16822 = CIRCLE('',#16823,3.);
#16823 = AXIS2_PLACEMENT_3D('',#16824,#16825,#16826);
#16824 = CARTESIAN_POINT('',(44.,-27.,-22.));
#16825 = DIRECTION('',(-0.,-0.,-1.));
#16826 = DIRECTION('',(0.,-1.,0.));
#16827 = PCURVE('',#16328,#16828);
#16828 = DEFINITIONAL_REPRESENTATION('',(#16829),#16837);
#16829 = ( BOUNDED_CURVE() B_SPLINE_CURVE(2,(#16830,#16831,#16832,#16833
    ,#16834,#16835,#16836),.UNSPECIFIED.,.T.,.F.) 
B_SPLINE_CURVE_WITH_KNOTS((1,2,2,2,2,1),(-2.094395102393,0.,
    2.094395102393,4.188790204786,6.28318530718,8.377580409573),
.UNSPECIFIED.) CURVE() GEOMETRIC_REPRESENTATION_ITEM() 
RATIONAL_B_SPLINE_CURVE((1.,0.5,1.,0.5,1.,0.5,1.)) REPRESENTATION_ITEM(
  '') );
#16830 = CARTESIAN_POINT('',(83.,0.));
#16831 = CARTESIAN_POINT('',(77.803847577293,0.));
#16832 = CARTESIAN_POINT('',(80.401923788647,4.5));
#16833 = CARTESIAN_POINT('',(83.,9.));
#16834 = CARTESIAN_POINT('',(85.598076211353,4.5));
#16835 = CARTESIAN_POINT('',(88.196152422707,4.440892098501E-15));
#16836 = CARTESIAN_POINT('',(83.,0.));
#16837 = ( GEOMETRIC_REPRESENTATION_CONTEXT(2) 
PARAMETRIC_REPRESENTATION_CONTEXT() REPRESENTATION_CONTEXT('2D SPACE',''
  ) );
#16838 = PCURVE('',#16463,#16839);
#16839 = DEFINITIONAL_REPRESENTATION('',(#16840),#16844);
#16840 = LINE('',#16841,#16842);
#16841 = CARTESIAN_POINT('',(10.995574287565,0.));
#16842 = VECTOR('',#16843,1.);
#16843 = DIRECTION('',(-1.,0.));
#16844 = ( GEOMETRIC_REPRESENTATION_CONTEXT(2) 
PARAMETRIC_REPRESENTATION_CONTEXT() REPRESENTATION_CONTEXT('2D SPACE',''
  ) );
#16845 = ORIENTED_EDGE('',*,*,#16846,.T.);
#16846 = EDGE_CURVE('',#16819,#16847,#16849,.T.);
#16847 = VERTEX_POINT('',#16848);
#16848 = CARTESIAN_POINT('',(47.,15.,-22.));
#16849 = SURFACE_CURVE('',#16850,(#16854,#16861),.PCURVE_S1.);
#16850 = LINE('',#16851,#16852);
#16851 = CARTESIAN_POINT('',(47.,-30.,-22.));
#16852 = VECTOR('',#16853,1.);
#16853 = DIRECTION('',(0.,1.,0.));
#16854 = PCURVE('',#16328,#16855);
#16855 = DEFINITIONAL_REPRESENTATION('',(#16856),#16860);
#16856 = LINE('',#16857,#16858);
#16857 = CARTESIAN_POINT('',(86.,0.));
#16858 = VECTOR('',#16859,1.);
#16859 = DIRECTION('',(0.,1.));
#16860 = ( GEOMETRIC_REPRESENTATION_CONTEXT(2) 
PARAMETRIC_REPRESENTATION_CONTEXT() REPRESENTATION_CONTEXT('2D SPACE',''
  ) );
#16861 = PCURVE('',#16491,#16862);
#16862 = DEFINITIONAL_REPRESENTATION('',(#16863),#16867);
#16863 = LINE('',#16864,#16865);
#16864 = CARTESIAN_POINT('',(0.,0.));
#16865 = VECTOR('',#16866,1.);
#16866 = DIRECTION('',(0.,-1.));
#16867 = ( GEOMETRIC_REPRESENTATION_CONTEXT(2) 
PARAMETRIC_REPRESENTATION_CONTEXT() REPRESENTATION_CONTEXT('2D SPACE',''
  ) );
#16868 = ORIENTED_EDGE('',*,*,#16869,.T.);
#16869 = EDGE_CURVE('',#16847,#16870,#16872,.T.);
#16870 = VERTEX_POINT('',#16871);
#16871 = CARTESIAN_POINT('',(44.,18.,-22.));
#16872 = SURFACE_CURVE('',#16873,(#16878,#16885),.PCURVE_S1.);
#16873 = CIRCLE('',#16874,3.);
#16874 = AXIS2_PLACEMENT_3D('',#16875,#16876,#16877);
#16875 = CARTESIAN_POINT('',(44.,15.,-22.));
#16876 = DIRECTION('',(0.,0.,1.));
#16877 = DIRECTION('',(0.,-1.,0.));
#16878 = PCURVE('',#16328,#16879);
#16879 = DEFINITIONAL_REPRESENTATION('',(#16880),#16884);
#16880 = CIRCLE('',#16881,3.);
#16881 = AXIS2_PLACEMENT_2D('',#16882,#16883);
#16882 = CARTESIAN_POINT('',(83.,45.));
#16883 = DIRECTION('',(0.,-1.));
#16884 = ( GEOMETRIC_REPRESENTATION_CONTEXT(2) 
PARAMETRIC_REPRESENTATION_CONTEXT() REPRESENTATION_CONTEXT('2D SPACE',''
  ) );
#16885 = PCURVE('',#16520,#16886);
#16886 = DEFINITIONAL_REPRESENTATION('',(#16887),#16891);
#16887 = LINE('',#16888,#16889);
#16888 = CARTESIAN_POINT('',(-1.570796326795,0.));
#16889 = VECTOR('',#16890,1.);
#16890 = DIRECTION('',(1.,0.));
#16891 = ( GEOMETRIC_REPRESENTATION_CONTEXT(2) 
PARAMETRIC_REPRESENTATION_CONTEXT() REPRESENTATION_CONTEXT('2D SPACE',''
  ) );
#16892 = ORIENTED_EDGE('',*,*,#16893,.F.);
#16893 = EDGE_CURVE('',#16717,#16870,#16894,.T.);
#16894 = SURFACE_CURVE('',#16895,(#16899,#16906),.PCURVE_S1.);
#16895 = LINE('',#16896,#16897);
#16896 = CARTESIAN_POINT('',(-39.,18.,-22.));
#16897 = VECTOR('',#16898,1.);
#16898 = DIRECTION('',(1.,0.,0.));
#16899 = PCURVE('',#16328,#16900);
#16900 = DEFINITIONAL_REPRESENTATION('',(#16901),#16905);
#16901 = LINE('',#16902,#16903);
#16902 = CARTESIAN_POINT('',(0.,48.));
#16903 = VECTOR('',#16904,1.);
#16904 = DIRECTION('',(1.,0.));
#16905 = ( GEOMETRIC_REPRESENTATION_CONTEXT(2) 
PARAMETRIC_REPRESENTATION_CONTEXT() REPRESENTATION_CONTEXT('2D SPACE',''
  ) );
#16906 = PCURVE('',#16546,#16907);
#16907 = DEFINITIONAL_REPRESENTATION('',(#16908),#16912);
#16908 = LINE('',#16909,#16910);
#16909 = CARTESIAN_POINT('',(0.,0.));
#16910 = VECTOR('',#16911,1.);
#16911 = DIRECTION('',(0.,1.));
#16912 = ( GEOMETRIC_REPRESENTATION_CONTEXT(2) 
PARAMETRIC_REPRESENTATION_CONTEXT() REPRESENTATION_CONTEXT('2D SPACE',''
  ) );
#16913 = ORIENTED_EDGE('',*,*,#16716,.F.);
#16914 = FACE_BOUND('',#16915,.F.);
#16915 = EDGE_LOOP('',(#16916));
#16916 = ORIENTED_EDGE('',*,*,#16917,.F.);
#16917 = EDGE_CURVE('',#16918,#16918,#16920,.T.);
#16918 = VERTEX_POINT('',#16919);
#16919 = CARTESIAN_POINT('',(38.2,-6.,-22.));
#16920 = SURFACE_CURVE('',#16921,(#16926,#16933),.PCURVE_S1.);
#16921 = CIRCLE('',#16922,3.2);
#16922 = AXIS2_PLACEMENT_3D('',#16923,#16924,#16925);
#16923 = CARTESIAN_POINT('',(35.,-6.,-22.));
#16924 = DIRECTION('',(0.,0.,1.));
#16925 = DIRECTION('',(1.,0.,-0.));
#16926 = PCURVE('',#16328,#16927);
#16927 = DEFINITIONAL_REPRESENTATION('',(#16928),#16932);
#16928 = CIRCLE('',#16929,3.2);
#16929 = AXIS2_PLACEMENT_2D('',#16930,#16931);
#16930 = CARTESIAN_POINT('',(74.,24.));
#16931 = DIRECTION('',(1.,0.));
#16932 = ( GEOMETRIC_REPRESENTATION_CONTEXT(2) 
PARAMETRIC_REPRESENTATION_CONTEXT() REPRESENTATION_CONTEXT('2D SPACE',''
  ) );
#16933 = PCURVE('',#16670,#16934);
#16934 = DEFINITIONAL_REPRESENTATION('',(#16935),#16939);
#16935 = LINE('',#16936,#16937);
#16936 = CARTESIAN_POINT('',(0.,1.E-02));
#16937 = VECTOR('',#16938,1.);
#16938 = DIRECTION('',(1.,0.));
#16939 = ( GEOMETRIC_REPRESENTATION_CONTEXT(2) 
PARAMETRIC_REPRESENTATION_CONTEXT() REPRESENTATION_CONTEXT('2D SPACE',''
  ) );
#16940 = ADVANCED_FACE('',(#16941),#16300,.T.);
#16941 = FACE_BOUND('',#16942,.T.);
#16942 = EDGE_LOOP('',(#16943,#16944,#16945,#16966));
#16943 = ORIENTED_EDGE('',*,*,#16284,.F.);
#16944 = ORIENTED_EDGE('',*,*,#16771,.T.);
#16945 = ORIENTED_EDGE('',*,*,#16946,.T.);
#16946 = EDGE_CURVE('',#16772,#16395,#16947,.T.);
#16947 = SURFACE_CURVE('',#16948,(#16952,#16959),.PCURVE_S1.);
#16948 = LINE('',#16949,#16950);
#16949 = CARTESIAN_POINT('',(-36.,-30.,-22.));
#16950 = VECTOR('',#16951,1.);
#16951 = DIRECTION('',(0.,0.,1.));
#16952 = PCURVE('',#16300,#16953);
#16953 = DEFINITIONAL_REPRESENTATION('',(#16954),#16958);
#16954 = LINE('',#16955,#16956);
#16955 = CARTESIAN_POINT('',(1.570796326795,0.));
#16956 = VECTOR('',#16957,1.);
#16957 = DIRECTION('',(0.,1.));
#16958 = ( GEOMETRIC_REPRESENTATION_CONTEXT(2) 
PARAMETRIC_REPRESENTATION_CONTEXT() REPRESENTATION_CONTEXT('2D SPACE',''
  ) );
#16959 = PCURVE('',#16434,#16960);
#16960 = DEFINITIONAL_REPRESENTATION('',(#16961),#16965);
#16961 = LINE('',#16962,#16963);
#16962 = CARTESIAN_POINT('',(0.,3.));
#16963 = VECTOR('',#16964,1.);
#16964 = DIRECTION('',(1.,0.));
#16965 = ( GEOMETRIC_REPRESENTATION_CONTEXT(2) 
PARAMETRIC_REPRESENTATION_CONTEXT() REPRESENTATION_CONTEXT('2D SPACE',''
  ) );
#16966 = ORIENTED_EDGE('',*,*,#16394,.F.);
#16967 = ADVANCED_FACE('',(#16968),#16546,.T.);
#16968 = FACE_BOUND('',#16969,.T.);
#16969 = EDGE_LOOP('',(#16970,#16971,#16972,#16973));
#16970 = ORIENTED_EDGE('',*,*,#16893,.F.);
#16971 = ORIENTED_EDGE('',*,*,#16746,.T.);
#16972 = ORIENTED_EDGE('',*,*,#16532,.T.);
#16973 = ORIENTED_EDGE('',*,*,#16974,.F.);
#16974 = EDGE_CURVE('',#16870,#16504,#16975,.T.);
#16975 = SURFACE_CURVE('',#16976,(#16980,#16987),.PCURVE_S1.);
#16976 = LINE('',#16977,#16978);
#16977 = CARTESIAN_POINT('',(44.,18.,-22.));
#16978 = VECTOR('',#16979,1.);
#16979 = DIRECTION('',(0.,0.,1.));
#16980 = PCURVE('',#16546,#16981);
#16981 = DEFINITIONAL_REPRESENTATION('',(#16982),#16986);
#16982 = LINE('',#16983,#16984);
#16983 = CARTESIAN_POINT('',(0.,83.));
#16984 = VECTOR('',#16985,1.);
#16985 = DIRECTION('',(1.,0.));
#16986 = ( GEOMETRIC_REPRESENTATION_CONTEXT(2) 
PARAMETRIC_REPRESENTATION_CONTEXT() REPRESENTATION_CONTEXT('2D SPACE',''
  ) );
#16987 = PCURVE('',#16520,#16988);
#16988 = DEFINITIONAL_REPRESENTATION('',(#16989),#16993);
#16989 = LINE('',#16990,#16991);
#16990 = CARTESIAN_POINT('',(1.570796326795,0.));
#16991 = VECTOR('',#16992,1.);
#16992 = DIRECTION('',(0.,1.));
#16993 = ( GEOMETRIC_REPRESENTATION_CONTEXT(2) 
PARAMETRIC_REPRESENTATION_CONTEXT() REPRESENTATION_CONTEXT('2D SPACE',''
  ) );
#16994 = ADVANCED_FACE('',(#16995),#16520,.T.);
#16995 = FACE_BOUND('',#16996,.T.);
#16996 = EDGE_LOOP('',(#16997,#17018,#17019,#17020));
#16997 = ORIENTED_EDGE('',*,*,#16998,.F.);
#16998 = EDGE_CURVE('',#16847,#16476,#16999,.T.);
#16999 = SURFACE_CURVE('',#17000,(#17004,#17011),.PCURVE_S1.);
#17000 = LINE('',#17001,#17002);
#17001 = CARTESIAN_POINT('',(47.,15.,-22.));
#17002 = VECTOR('',#17003,1.);
#17003 = DIRECTION('',(0.,0.,1.));
#17004 = PCURVE('',#16520,#17005);
#17005 = DEFINITIONAL_REPRESENTATION('',(#17006),#17010);
#17006 = LINE('',#17007,#17008);
#17007 = CARTESIAN_POINT('',(0.,0.));
#17008 = VECTOR('',#17009,1.);
#17009 = DIRECTION('',(0.,1.));
#17010 = ( GEOMETRIC_REPRESENTATION_CONTEXT(2) 
PARAMETRIC_REPRESENTATION_CONTEXT() REPRESENTATION_CONTEXT('2D SPACE',''
  ) );
#17011 = PCURVE('',#16491,#17012);
#17012 = DEFINITIONAL_REPRESENTATION('',(#17013),#17017);
#17013 = LINE('',#17014,#17015);
#17014 = CARTESIAN_POINT('',(0.,-45.));
#17015 = VECTOR('',#17016,1.);
#17016 = DIRECTION('',(1.,0.));
#17017 = ( GEOMETRIC_REPRESENTATION_CONTEXT(2) 
PARAMETRIC_REPRESENTATION_CONTEXT() REPRESENTATION_CONTEXT('2D SPACE',''
  ) );
#17018 = ORIENTED_EDGE('',*,*,#16869,.T.);
#17019 = ORIENTED_EDGE('',*,*,#16974,.T.);
#17020 = ORIENTED_EDGE('',*,*,#16503,.F.);
#17021 = ADVANCED_FACE('',(#17022),#16491,.T.);
#17022 = FACE_BOUND('',#17023,.T.);
#17023 = EDGE_LOOP('',(#17024,#17025,#17046,#17047));
#17024 = ORIENTED_EDGE('',*,*,#16475,.T.);
#17025 = ORIENTED_EDGE('',*,*,#17026,.F.);
#17026 = EDGE_CURVE('',#16819,#16447,#17027,.T.);
#17027 = SURFACE_CURVE('',#17028,(#17032,#17039),.PCURVE_S1.);
#17028 = LINE('',#17029,#17030);
#17029 = CARTESIAN_POINT('',(47.,-27.,-22.));
#17030 = VECTOR('',#17031,1.);
#17031 = DIRECTION('',(0.,0.,1.));
#17032 = PCURVE('',#16491,#17033);
#17033 = DEFINITIONAL_REPRESENTATION('',(#17034),#17038);
#17034 = LINE('',#17035,#17036);
#17035 = CARTESIAN_POINT('',(0.,-3.));
#17036 = VECTOR('',#17037,1.);
#17037 = DIRECTION('',(1.,0.));
#17038 = ( GEOMETRIC_REPRESENTATION_CONTEXT(2) 
PARAMETRIC_REPRESENTATION_CONTEXT() REPRESENTATION_CONTEXT('2D SPACE',''
  ) );
#17039 = PCURVE('',#16463,#17040);
#17040 = DEFINITIONAL_REPRESENTATION('',(#17041),#17045);
#17041 = LINE('',#17042,#17043);
#17042 = CARTESIAN_POINT('',(6.28318530718,0.));
#17043 = VECTOR('',#17044,1.);
#17044 = DIRECTION('',(-0.,1.));
#17045 = ( GEOMETRIC_REPRESENTATION_CONTEXT(2) 
PARAMETRIC_REPRESENTATION_CONTEXT() REPRESENTATION_CONTEXT('2D SPACE',''
  ) );
#17046 = ORIENTED_EDGE('',*,*,#16846,.T.);
#17047 = ORIENTED_EDGE('',*,*,#16998,.T.);
#17048 = ADVANCED_FACE('',(#17049),#16463,.T.);
#17049 = FACE_BOUND('',#17050,.T.);
#17050 = EDGE_LOOP('',(#17051,#17052,#17053,#17054));
#17051 = ORIENTED_EDGE('',*,*,#16818,.F.);
#17052 = ORIENTED_EDGE('',*,*,#17026,.T.);
#17053 = ORIENTED_EDGE('',*,*,#16446,.F.);
#17054 = ORIENTED_EDGE('',*,*,#17055,.F.);
#17055 = EDGE_CURVE('',#16796,#16419,#17056,.T.);
#17056 = SURFACE_CURVE('',#17057,(#17061,#17068),.PCURVE_S1.);
#17057 = LINE('',#17058,#17059);
#17058 = CARTESIAN_POINT('',(44.,-30.,-22.));
#17059 = VECTOR('',#17060,1.);
#17060 = DIRECTION('',(0.,0.,1.));
#17061 = PCURVE('',#16463,#17062);
#17062 = DEFINITIONAL_REPRESENTATION('',(#17063),#17067);
#17063 = LINE('',#17064,#17065);
#17064 = CARTESIAN_POINT('',(4.712388980385,0.));
#17065 = VECTOR('',#17066,1.);
#17066 = DIRECTION('',(-0.,1.));
#17067 = ( GEOMETRIC_REPRESENTATION_CONTEXT(2) 
PARAMETRIC_REPRESENTATION_CONTEXT() REPRESENTATION_CONTEXT('2D SPACE',''
  ) );
#17068 = PCURVE('',#16434,#17069);
#17069 = DEFINITIONAL_REPRESENTATION('',(#17070),#17074);
#17070 = LINE('',#17071,#17072);
#17071 = CARTESIAN_POINT('',(0.,83.));
#17072 = VECTOR('',#17073,1.);
#17073 = DIRECTION('',(1.,0.));
#17074 = ( GEOMETRIC_REPRESENTATION_CONTEXT(2) 
PARAMETRIC_REPRESENTATION_CONTEXT() REPRESENTATION_CONTEXT('2D SPACE',''
  ) );
#17075 = ADVANCED_FACE('',(#17076),#16434,.F.);
#17076 = FACE_BOUND('',#17077,.F.);
#17077 = EDGE_LOOP('',(#17078,#17079,#17080,#17081));
#17078 = ORIENTED_EDGE('',*,*,#16795,.F.);
#17079 = ORIENTED_EDGE('',*,*,#16946,.T.);
#17080 = ORIENTED_EDGE('',*,*,#16418,.T.);
#17081 = ORIENTED_EDGE('',*,*,#17055,.F.);
#17082 = ADVANCED_FACE('',(#17083),#16577,.T.);
#17083 = FACE_BOUND('',#17084,.F.);
#17084 = EDGE_LOOP('',(#17085));
#17085 = ORIENTED_EDGE('',*,*,#16560,.F.);
#17086 = ADVANCED_FACE('',(#17087),#16608,.T.);
#17087 = FACE_BOUND('',#17088,.F.);
#17088 = EDGE_LOOP('',(#17089));
#17089 = ORIENTED_EDGE('',*,*,#16591,.F.);
#17090 = ADVANCED_FACE('',(#17091),#16639,.T.);
#17091 = FACE_BOUND('',#17092,.F.);
#17092 = EDGE_LOOP('',(#17093));
#17093 = ORIENTED_EDGE('',*,*,#16622,.F.);
#17094 = ADVANCED_FACE('',(#17095),#16670,.F.);
#17095 = FACE_BOUND('',#17096,.F.);
#17096 = EDGE_LOOP('',(#17097,#17098,#17119,#17120));
#17097 = ORIENTED_EDGE('',*,*,#16653,.F.);
#17098 = ORIENTED_EDGE('',*,*,#17099,.F.);
#17099 = EDGE_CURVE('',#16918,#16654,#17100,.T.);
#17100 = SEAM_CURVE('',#17101,(#17105,#17112),.PCURVE_S1.);
#17101 = LINE('',#17102,#17103);
#17102 = CARTESIAN_POINT('',(38.2,-6.,-22.01));
#17103 = VECTOR('',#17104,1.);
#17104 = DIRECTION('',(0.,0.,1.));
#17105 = PCURVE('',#16670,#17106);
#17106 = DEFINITIONAL_REPRESENTATION('',(#17107),#17111);
#17107 = LINE('',#17108,#17109);
#17108 = CARTESIAN_POINT('',(0.,-0.));
#17109 = VECTOR('',#17110,1.);
#17110 = DIRECTION('',(0.,1.));
#17111 = ( GEOMETRIC_REPRESENTATION_CONTEXT(2) 
PARAMETRIC_REPRESENTATION_CONTEXT() REPRESENTATION_CONTEXT('2D SPACE',''
  ) );
#17112 = PCURVE('',#16670,#17113);
#17113 = DEFINITIONAL_REPRESENTATION('',(#17114),#17118);
#17114 = LINE('',#17115,#17116);
#17115 = CARTESIAN_POINT('',(6.28318530718,-0.));
#17116 = VECTOR('',#17117,1.);
#17117 = DIRECTION('',(0.,1.));
#17118 = ( GEOMETRIC_REPRESENTATION_CONTEXT(2) 
PARAMETRIC_REPRESENTATION_CONTEXT() REPRESENTATION_CONTEXT('2D SPACE',''
  ) );
#17119 = ORIENTED_EDGE('',*,*,#16917,.T.);
#17120 = ORIENTED_EDGE('',*,*,#17099,.T.);
#17121 = ADVANCED_FACE('',(#17122),#16701,.T.);
#17122 = FACE_BOUND('',#17123,.F.);
#17123 = EDGE_LOOP('',(#17124));
#17124 = ORIENTED_EDGE('',*,*,#16684,.F.);
#17125 = ( GEOMETRIC_REPRESENTATION_CONTEXT(3) 
GLOBAL_UNCERTAINTY_ASSIGNED_CONTEXT((#17129)) 
GLOBAL_UNIT_ASSIGNED_CONTEXT((#17126,#17127,#17128)) 
REPRESENTATION_CONTEXT('Context #1',
  '3D Context with UNIT and UNCERTAINTY') );
#17126 = ( LENGTH_UNIT() NAMED_UNIT(*) SI_UNIT(.MILLI.,.METRE.) );
#17127 = ( NAMED_UNIT(*) PLANE_ANGLE_UNIT() SI_UNIT($,.RADIAN.) );
#17128 = ( NAMED_UNIT(*) SI_UNIT($,.STERADIAN.) SOLID_ANGLE_UNIT() );
#17129 = UNCERTAINTY_MEASURE_WITH_UNIT(LENGTH_MEASURE(1.E-07),#17126,
  'distance_accuracy_value','confusion accuracy');
#17130 = CONTEXT_DEPENDENT_SHAPE_REPRESENTATION(#17131,#17133);
#17131 = ( REPRESENTATION_RELATIONSHIP('','',#16242,#10) 
REPRESENTATION_RELATIONSHIP_WITH_TRANSFORMATION(#17132) 
SHAPE_REPRESENTATION_RELATIONSHIP() );
#17132 = ITEM_DEFINED_TRANSFORMATION('','',#11,#27);
#17133 = PRODUCT_DEFINITION_SHAPE('Placement','Placement of an item',
  #17134);
#17134 = NEXT_ASSEMBLY_USAGE_OCCURRENCE('11','contact_layer','',#5,
  #16237,$);
#17135 = PRODUCT_RELATED_PRODUCT_CATEGORY('part',$,(#16239));
#17136 = SHAPE_DEFINITION_REPRESENTATION(#17137,#17143);
#17137 = PRODUCT_DEFINITION_SHAPE('','',#17138);
#17138 = PRODUCT_DEFINITION('design','',#17139,#17142);
#17139 = PRODUCT_DEFINITION_FORMATION('','',#17140);
#17140 = PRODUCT('washer','washer','',(#17141));
#17141 = PRODUCT_CONTEXT('',#2,'mechanical');
#17142 = PRODUCT_DEFINITION_CONTEXT('part definition',#2,'design');
#17143 = ADVANCED_BREP_SHAPE_REPRESENTATION('',(#11,#17144),#17326);
#17144 = MANIFOLD_SOLID_BREP('',#17145);
#17145 = CLOSED_SHELL('',(#17146,#17234,#17269,#17299));
#17146 = ADVANCED_FACE('',(#17147),#17160,.T.);
#17147 = FACE_BOUND('',#17148,.T.);
#17148 = EDGE_LOOP('',(#17149,#17183,#17206,#17233));
#17149 = ORIENTED_EDGE('',*,*,#17150,.F.);
#17150 = EDGE_CURVE('',#17151,#17151,#17153,.T.);
#17151 = VERTEX_POINT('',#17152);
#17152 = CARTESIAN_POINT('',(38.,-6.,-19.6));
#17153 = SURFACE_CURVE('',#17154,(#17159,#17171),.PCURVE_S1.);
#17154 = CIRCLE('',#17155,3.);
#17155 = AXIS2_PLACEMENT_3D('',#17156,#17157,#17158);
#17156 = CARTESIAN_POINT('',(35.,-6.,-19.6));
#17157 = DIRECTION('',(0.,0.,1.));
#17158 = DIRECTION('',(1.,0.,-0.));
#17159 = PCURVE('',#17160,#17165);
#17160 = CYLINDRICAL_SURFACE('',#17161,3.);
#17161 = AXIS2_PLACEMENT_3D('',#17162,#17163,#17164);
#17162 = CARTESIAN_POINT('',(35.,-6.,-19.9));
#17163 = DIRECTION('',(0.,0.,1.));
#17164 = DIRECTION('',(1.,0.,-0.));
#17165 = DEFINITIONAL_REPRESENTATION('',(#17166),#17170);
#17166 = LINE('',#17167,#17168);
#17167 = CARTESIAN_POINT('',(0.,0.3));
#17168 = VECTOR('',#17169,1.);
#17169 = DIRECTION('',(1.,0.));
#17170 = ( GEOMETRIC_REPRESENTATION_CONTEXT(2) 
PARAMETRIC_REPRESENTATION_CONTEXT() REPRESENTATION_CONTEXT('2D SPACE',''
  ) );
#17171 = PCURVE('',#17172,#17177);
#17172 = PLANE('',#17173);
#17173 = AXIS2_PLACEMENT_3D('',#17174,#17175,#17176);
#17174 = CARTESIAN_POINT('',(35.,-6.,-19.6));
#17175 = DIRECTION('',(0.,0.,1.));
#17176 = DIRECTION('',(1.,0.,-0.));
#17177 = DEFINITIONAL_REPRESENTATION('',(#17178),#17182);
#17178 = CIRCLE('',#17179,3.);
#17179 = AXIS2_PLACEMENT_2D('',#17180,#17181);
#17180 = CARTESIAN_POINT('',(0.,0.));
#17181 = DIRECTION('',(1.,0.));
#17182 = ( GEOMETRIC_REPRESENTATION_CONTEXT(2) 
PARAMETRIC_REPRESENTATION_CONTEXT() REPRESENTATION_CONTEXT('2D SPACE',''
  ) );
#17183 = ORIENTED_EDGE('',*,*,#17184,.F.);
#17184 = EDGE_CURVE('',#17185,#17151,#17187,.T.);
#17185 = VERTEX_POINT('',#17186);
#17186 = CARTESIAN_POINT('',(38.,-6.,-19.9));
#17187 = SEAM_CURVE('',#17188,(#17192,#17199),.PCURVE_S1.);
#17188 = LINE('',#17189,#17190);
#17189 = CARTESIAN_POINT('',(38.,-6.,-19.9));
#17190 = VECTOR('',#17191,1.);
#17191 = DIRECTION('',(0.,0.,1.));
#17192 = PCURVE('',#17160,#17193);
#17193 = DEFINITIONAL_REPRESENTATION('',(#17194),#17198);
#17194 = LINE('',#17195,#17196);
#17195 = CARTESIAN_POINT('',(0.,-0.));
#17196 = VECTOR('',#17197,1.);
#17197 = DIRECTION('',(0.,1.));
#17198 = ( GEOMETRIC_REPRESENTATION_CONTEXT(2) 
PARAMETRIC_REPRESENTATION_CONTEXT() REPRESENTATION_CONTEXT('2D SPACE',''
  ) );
#17199 = PCURVE('',#17160,#17200);
#17200 = DEFINITIONAL_REPRESENTATION('',(#17201),#17205);
#17201 = LINE('',#17202,#17203);
#17202 = CARTESIAN_POINT('',(6.28318530718,-0.));
#17203 = VECTOR('',#17204,1.);
#17204 = DIRECTION('',(0.,1.));
#17205 = ( GEOMETRIC_REPRESENTATION_CONTEXT(2) 
PARAMETRIC_REPRESENTATION_CONTEXT() REPRESENTATION_CONTEXT('2D SPACE',''
  ) );
#17206 = ORIENTED_EDGE('',*,*,#17207,.T.);
#17207 = EDGE_CURVE('',#17185,#17185,#17208,.T.);
#17208 = SURFACE_CURVE('',#17209,(#17214,#17221),.PCURVE_S1.);
#17209 = CIRCLE('',#17210,3.);
#17210 = AXIS2_PLACEMENT_3D('',#17211,#17212,#17213);
#17211 = CARTESIAN_POINT('',(35.,-6.,-19.9));
#17212 = DIRECTION('',(0.,0.,1.));
#17213 = DIRECTION('',(1.,0.,-0.));
#17214 = PCURVE('',#17160,#17215);
#17215 = DEFINITIONAL_REPRESENTATION('',(#17216),#17220);
#17216 = LINE('',#17217,#17218);
#17217 = CARTESIAN_POINT('',(0.,0.));
#17218 = VECTOR('',#17219,1.);
#17219 = DIRECTION('',(1.,0.));
#17220 = ( GEOMETRIC_REPRESENTATION_CONTEXT(2) 
PARAMETRIC_REPRESENTATION_CONTEXT() REPRESENTATION_CONTEXT('2D SPACE',''
  ) );
#17221 = PCURVE('',#17222,#17227);
#17222 = PLANE('',#17223);
#17223 = AXIS2_PLACEMENT_3D('',#17224,#17225,#17226);
#17224 = CARTESIAN_POINT('',(35.,-6.,-19.9));
#17225 = DIRECTION('',(0.,0.,1.));
#17226 = DIRECTION('',(1.,0.,-0.));
#17227 = DEFINITIONAL_REPRESENTATION('',(#17228),#17232);
#17228 = CIRCLE('',#17229,3.);
#17229 = AXIS2_PLACEMENT_2D('',#17230,#17231);
#17230 = CARTESIAN_POINT('',(0.,0.));
#17231 = DIRECTION('',(1.,0.));
#17232 = ( GEOMETRIC_REPRESENTATION_CONTEXT(2) 
PARAMETRIC_REPRESENTATION_CONTEXT() REPRESENTATION_CONTEXT('2D SPACE',''
  ) );
#17233 = ORIENTED_EDGE('',*,*,#17184,.T.);
#17234 = ADVANCED_FACE('',(#17235,#17238),#17172,.T.);
#17235 = FACE_BOUND('',#17236,.T.);
#17236 = EDGE_LOOP('',(#17237));
#17237 = ORIENTED_EDGE('',*,*,#17150,.T.);
#17238 = FACE_BOUND('',#17239,.T.);
#17239 = EDGE_LOOP('',(#17240));
#17240 = ORIENTED_EDGE('',*,*,#17241,.F.);
#17241 = EDGE_CURVE('',#17242,#17242,#17244,.T.);
#17242 = VERTEX_POINT('',#17243);
#17243 = CARTESIAN_POINT('',(36.15,-6.,-19.6));
#17244 = SURFACE_CURVE('',#17245,(#17250,#17257),.PCURVE_S1.);
#17245 = CIRCLE('',#17246,1.15);
#17246 = AXIS2_PLACEMENT_3D('',#17247,#17248,#17249);
#17247 = CARTESIAN_POINT('',(35.,-6.,-19.6));
#17248 = DIRECTION('',(0.,0.,1.));
#17249 = DIRECTION('',(1.,0.,-0.));
#17250 = PCURVE('',#17172,#17251);
#17251 = DEFINITIONAL_REPRESENTATION('',(#17252),#17256);
#17252 = CIRCLE('',#17253,1.15);
#17253 = AXIS2_PLACEMENT_2D('',#17254,#17255);
#17254 = CARTESIAN_POINT('',(0.,0.));
#17255 = DIRECTION('',(1.,0.));
#17256 = ( GEOMETRIC_REPRESENTATION_CONTEXT(2) 
PARAMETRIC_REPRESENTATION_CONTEXT() REPRESENTATION_CONTEXT('2D SPACE',''
  ) );
#17257 = PCURVE('',#17258,#17263);
#17258 = CYLINDRICAL_SURFACE('',#17259,1.15);
#17259 = AXIS2_PLACEMENT_3D('',#17260,#17261,#17262);
#17260 = CARTESIAN_POINT('',(35.,-6.,-19.91));
#17261 = DIRECTION('',(0.,0.,1.));
#17262 = DIRECTION('',(1.,0.,-0.));
#17263 = DEFINITIONAL_REPRESENTATION('',(#17264),#17268);
#17264 = LINE('',#17265,#17266);
#17265 = CARTESIAN_POINT('',(0.,0.31));
#17266 = VECTOR('',#17267,1.);
#17267 = DIRECTION('',(1.,0.));
#17268 = ( GEOMETRIC_REPRESENTATION_CONTEXT(2) 
PARAMETRIC_REPRESENTATION_CONTEXT() REPRESENTATION_CONTEXT('2D SPACE',''
  ) );
#17269 = ADVANCED_FACE('',(#17270,#17273),#17222,.F.);
#17270 = FACE_BOUND('',#17271,.F.);
#17271 = EDGE_LOOP('',(#17272));
#17272 = ORIENTED_EDGE('',*,*,#17207,.T.);
#17273 = FACE_BOUND('',#17274,.F.);
#17274 = EDGE_LOOP('',(#17275));
#17275 = ORIENTED_EDGE('',*,*,#17276,.F.);
#17276 = EDGE_CURVE('',#17277,#17277,#17279,.T.);
#17277 = VERTEX_POINT('',#17278);
#17278 = CARTESIAN_POINT('',(36.15,-6.,-19.9));
#17279 = SURFACE_CURVE('',#17280,(#17285,#17292),.PCURVE_S1.);
#17280 = CIRCLE('',#17281,1.15);
#17281 = AXIS2_PLACEMENT_3D('',#17282,#17283,#17284);
#17282 = CARTESIAN_POINT('',(35.,-6.,-19.9));
#17283 = DIRECTION('',(0.,0.,1.));
#17284 = DIRECTION('',(1.,0.,-0.));
#17285 = PCURVE('',#17222,#17286);
#17286 = DEFINITIONAL_REPRESENTATION('',(#17287),#17291);
#17287 = CIRCLE('',#17288,1.15);
#17288 = AXIS2_PLACEMENT_2D('',#17289,#17290);
#17289 = CARTESIAN_POINT('',(0.,0.));
#17290 = DIRECTION('',(1.,0.));
#17291 = ( GEOMETRIC_REPRESENTATION_CONTEXT(2) 
PARAMETRIC_REPRESENTATION_CONTEXT() REPRESENTATION_CONTEXT('2D SPACE',''
  ) );
#17292 = PCURVE('',#17258,#17293);
#17293 = DEFINITIONAL_REPRESENTATION('',(#17294),#17298);
#17294 = LINE('',#17295,#17296);
#17295 = CARTESIAN_POINT('',(0.,1.E-02));
#17296 = VECTOR('',#17297,1.);
#17297 = DIRECTION('',(1.,0.));
#17298 = ( GEOMETRIC_REPRESENTATION_CONTEXT(2) 
PARAMETRIC_REPRESENTATION_CONTEXT() REPRESENTATION_CONTEXT('2D SPACE',''
  ) );
#17299 = ADVANCED_FACE('',(#17300),#17258,.F.);
#17300 = FACE_BOUND('',#17301,.F.);
#17301 = EDGE_LOOP('',(#17302,#17303,#17324,#17325));
#17302 = ORIENTED_EDGE('',*,*,#17241,.F.);
#17303 = ORIENTED_EDGE('',*,*,#17304,.F.);
#17304 = EDGE_CURVE('',#17277,#17242,#17305,.T.);
#17305 = SEAM_CURVE('',#17306,(#17310,#17317),.PCURVE_S1.);
#17306 = LINE('',#17307,#17308);
#17307 = CARTESIAN_POINT('',(36.15,-6.,-19.91));
#17308 = VECTOR('',#17309,1.);
#17309 = DIRECTION('',(0.,0.,1.));
#17310 = PCURVE('',#17258,#17311);
#17311 = DEFINITIONAL_REPRESENTATION('',(#17312),#17316);
#17312 = LINE('',#17313,#17314);
#17313 = CARTESIAN_POINT('',(0.,-0.));
#17314 = VECTOR('',#17315,1.);
#17315 = DIRECTION('',(0.,1.));
#17316 = ( GEOMETRIC_REPRESENTATION_CONTEXT(2) 
PARAMETRIC_REPRESENTATION_CONTEXT() REPRESENTATION_CONTEXT('2D SPACE',''
  ) );
#17317 = PCURVE('',#17258,#17318);
#17318 = DEFINITIONAL_REPRESENTATION('',(#17319),#17323);
#17319 = LINE('',#17320,#17321);
#17320 = CARTESIAN_POINT('',(6.28318530718,-0.));
#17321 = VECTOR('',#17322,1.);
#17322 = DIRECTION('',(0.,1.));
#17323 = ( GEOMETRIC_REPRESENTATION_CONTEXT(2) 
PARAMETRIC_REPRESENTATION_CONTEXT() REPRESENTATION_CONTEXT('2D SPACE',''
  ) );
#17324 = ORIENTED_EDGE('',*,*,#17276,.T.);
#17325 = ORIENTED_EDGE('',*,*,#17304,.T.);
#17326 = ( GEOMETRIC_REPRESENTATION_CONTEXT(3) 
GLOBAL_UNCERTAINTY_ASSIGNED_CONTEXT((#17330)) 
GLOBAL_UNIT_ASSIGNED_CONTEXT((#17327,#17328,#17329)) 
REPRESENTATION_CONTEXT('Context #1',
  '3D Context with UNIT and UNCERTAINTY') );
#17327 = ( LENGTH_UNIT() NAMED_UNIT(*) SI_UNIT(.MILLI.,.METRE.) );
#17328 = ( NAMED_UNIT(*) PLANE_ANGLE_UNIT() SI_UNIT($,.RADIAN.) );
#17329 = ( NAMED_UNIT(*) SI_UNIT($,.STERADIAN.) SOLID_ANGLE_UNIT() );
#17330 = UNCERTAINTY_MEASURE_WITH_UNIT(LENGTH_MEASURE(1.E-07),#17327,
  'distance_accuracy_value','confusion accuracy');
#17331 = CONTEXT_DEPENDENT_SHAPE_REPRESENTATION(#17332,#17334);
#17332 = ( REPRESENTATION_RELATIONSHIP('','',#17143,#10) 
REPRESENTATION_RELATIONSHIP_WITH_TRANSFORMATION(#17333) 
SHAPE_REPRESENTATION_RELATIONSHIP() );
#17333 = ITEM_DEFINED_TRANSFORMATION('','',#11,#31);
#17334 = PRODUCT_DEFINITION_SHAPE('Placement','Placement of an item',
  #17335);
#17335 = NEXT_ASSEMBLY_USAGE_OCCURRENCE('12','washer','',#5,#17138,$);
#17336 = PRODUCT_RELATED_PRODUCT_CATEGORY('part',$,(#17140));
#17337 = SHAPE_DEFINITION_REPRESENTATION(#17338,#17344);
#17338 = PRODUCT_DEFINITION_SHAPE('','',#17339);
#17339 = PRODUCT_DEFINITION('design','',#17340,#17343);
#17340 = PRODUCT_DEFINITION_FORMATION('','',#17341);
#17341 = PRODUCT('screw','screw','',(#17342));
#17342 = PRODUCT_CONTEXT('',#2,'mechanical');
#17343 = PRODUCT_DEFINITION_CONTEXT('part definition',#2,'design');
#17344 = ADVANCED_BREP_SHAPE_REPRESENTATION('',(#11,#17345),#17533);
#17345 = MANIFOLD_SOLID_BREP('',#17346);
#17346 = CLOSED_SHELL('',(#17347,#17435,#17470,#17474,#17529));
#17347 = ADVANCED_FACE('',(#17348),#17361,.T.);
#17348 = FACE_BOUND('',#17349,.T.);
#17349 = EDGE_LOOP('',(#17350,#17384,#17407,#17434));
#17350 = ORIENTED_EDGE('',*,*,#17351,.F.);
#17351 = EDGE_CURVE('',#17352,#17352,#17354,.T.);
#17352 = VERTEX_POINT('',#17353);
#17353 = CARTESIAN_POINT('',(36.9,-6.,-19.9));
#17354 = SURFACE_CURVE('',#17355,(#17360,#17372),.PCURVE_S1.);
#17355 = CIRCLE('',#17356,1.9);
#17356 = AXIS2_PLACEMENT_3D('',#17357,#17358,#17359);
#17357 = CARTESIAN_POINT('',(35.,-6.,-19.9));
#17358 = DIRECTION('',(0.,0.,1.));
#17359 = DIRECTION('',(1.,0.,-0.));
#17360 = PCURVE('',#17361,#17366);
#17361 = CYLINDRICAL_SURFACE('',#17362,1.9);
#17362 = AXIS2_PLACEMENT_3D('',#17363,#17364,#17365);
#17363 = CARTESIAN_POINT('',(35.,-6.,-21.2));
#17364 = DIRECTION('',(0.,0.,1.));
#17365 = DIRECTION('',(1.,0.,-0.));
#17366 = DEFINITIONAL_REPRESENTATION('',(#17367),#17371);
#17367 = LINE('',#17368,#17369);
#17368 = CARTESIAN_POINT('',(0.,1.3));
#17369 = VECTOR('',#17370,1.);
#17370 = DIRECTION('',(1.,0.));
#17371 = ( GEOMETRIC_REPRESENTATION_CONTEXT(2) 
PARAMETRIC_REPRESENTATION_CONTEXT() REPRESENTATION_CONTEXT('2D SPACE',''
  ) );
#17372 = PCURVE('',#17373,#17378);
#17373 = PLANE('',#17374);
#17374 = AXIS2_PLACEMENT_3D('',#17375,#17376,#17377);
#17375 = CARTESIAN_POINT('',(35.,-6.,-19.9));
#17376 = DIRECTION('',(0.,0.,1.));
#17377 = DIRECTION('',(1.,0.,-0.));
#17378 = DEFINITIONAL_REPRESENTATION('',(#17379),#17383);
#17379 = CIRCLE('',#17380,1.9);
#17380 = AXIS2_PLACEMENT_2D('',#17381,#17382);
#17381 = CARTESIAN_POINT('',(0.,0.));
#17382 = DIRECTION('',(1.,0.));
#17383 = ( GEOMETRIC_REPRESENTATION_CONTEXT(2) 
PARAMETRIC_REPRESENTATION_CONTEXT() REPRESENTATION_CONTEXT('2D SPACE',''
  ) );
#17384 = ORIENTED_EDGE('',*,*,#17385,.F.);
#17385 = EDGE_CURVE('',#17386,#17352,#17388,.T.);
#17386 = VERTEX_POINT('',#17387);
#17387 = CARTESIAN_POINT('',(36.9,-6.,-21.2));
#17388 = SEAM_CURVE('',#17389,(#17393,#17400),.PCURVE_S1.);
#17389 = LINE('',#17390,#17391);
#17390 = CARTESIAN_POINT('',(36.9,-6.,-21.2));
#17391 = VECTOR('',#17392,1.);
#17392 = DIRECTION('',(0.,0.,1.));
#17393 = PCURVE('',#17361,#17394);
#17394 = DEFINITIONAL_REPRESENTATION('',(#17395),#17399);
#17395 = LINE('',#17396,#17397);
#17396 = CARTESIAN_POINT('',(0.,-0.));
#17397 = VECTOR('',#17398,1.);
#17398 = DIRECTION('',(0.,1.));
#17399 = ( GEOMETRIC_REPRESENTATION_CONTEXT(2) 
PARAMETRIC_REPRESENTATION_CONTEXT() REPRESENTATION_CONTEXT('2D SPACE',''
  ) );
#17400 = PCURVE('',#17361,#17401);
#17401 = DEFINITIONAL_REPRESENTATION('',(#17402),#17406);
#17402 = LINE('',#17403,#17404);
#17403 = CARTESIAN_POINT('',(6.28318530718,-0.));
#17404 = VECTOR('',#17405,1.);
#17405 = DIRECTION('',(0.,1.));
#17406 = ( GEOMETRIC_REPRESENTATION_CONTEXT(2) 
PARAMETRIC_REPRESENTATION_CONTEXT() REPRESENTATION_CONTEXT('2D SPACE',''
  ) );
#17407 = ORIENTED_EDGE('',*,*,#17408,.T.);
#17408 = EDGE_CURVE('',#17386,#17386,#17409,.T.);
#17409 = SURFACE_CURVE('',#17410,(#17415,#17422),.PCURVE_S1.);
#17410 = CIRCLE('',#17411,1.9);
#17411 = AXIS2_PLACEMENT_3D('',#17412,#17413,#17414);
#17412 = CARTESIAN_POINT('',(35.,-6.,-21.2));
#17413 = DIRECTION('',(0.,0.,1.));
#17414 = DIRECTION('',(1.,0.,-0.));
#17415 = PCURVE('',#17361,#17416);
#17416 = DEFINITIONAL_REPRESENTATION('',(#17417),#17421);
#17417 = LINE('',#17418,#17419);
#17418 = CARTESIAN_POINT('',(0.,0.));
#17419 = VECTOR('',#17420,1.);
#17420 = DIRECTION('',(1.,0.));
#17421 = ( GEOMETRIC_REPRESENTATION_CONTEXT(2) 
PARAMETRIC_REPRESENTATION_CONTEXT() REPRESENTATION_CONTEXT('2D SPACE',''
  ) );
#17422 = PCURVE('',#17423,#17428);
#17423 = PLANE('',#17424);
#17424 = AXIS2_PLACEMENT_3D('',#17425,#17426,#17427);
#17425 = CARTESIAN_POINT('',(35.,-6.,-21.2));
#17426 = DIRECTION('',(0.,0.,1.));
#17427 = DIRECTION('',(1.,0.,-0.));
#17428 = DEFINITIONAL_REPRESENTATION('',(#17429),#17433);
#17429 = CIRCLE('',#17430,1.9);
#17430 = AXIS2_PLACEMENT_2D('',#17431,#17432);
#17431 = CARTESIAN_POINT('',(0.,0.));
#17432 = DIRECTION('',(1.,0.));
#17433 = ( GEOMETRIC_REPRESENTATION_CONTEXT(2) 
PARAMETRIC_REPRESENTATION_CONTEXT() REPRESENTATION_CONTEXT('2D SPACE',''
  ) );
#17434 = ORIENTED_EDGE('',*,*,#17385,.T.);
#17435 = ADVANCED_FACE('',(#17436,#17439),#17373,.T.);
#17436 = FACE_BOUND('',#17437,.T.);
#17437 = EDGE_LOOP('',(#17438));
#17438 = ORIENTED_EDGE('',*,*,#17351,.T.);
#17439 = FACE_BOUND('',#17440,.T.);
#17440 = EDGE_LOOP('',(#17441));
#17441 = ORIENTED_EDGE('',*,*,#17442,.F.);
#17442 = EDGE_CURVE('',#17443,#17443,#17445,.T.);
#17443 = VERTEX_POINT('',#17444);
#17444 = CARTESIAN_POINT('',(36.,-6.,-19.9));
#17445 = SURFACE_CURVE('',#17446,(#17451,#17458),.PCURVE_S1.);
#17446 = CIRCLE('',#17447,1.);
#17447 = AXIS2_PLACEMENT_3D('',#17448,#17449,#17450);
#17448 = CARTESIAN_POINT('',(35.,-6.,-19.9));
#17449 = DIRECTION('',(0.,0.,1.));
#17450 = DIRECTION('',(1.,0.,-0.));
#17451 = PCURVE('',#17373,#17452);
#17452 = DEFINITIONAL_REPRESENTATION('',(#17453),#17457);
#17453 = CIRCLE('',#17454,1.);
#17454 = AXIS2_PLACEMENT_2D('',#17455,#17456);
#17455 = CARTESIAN_POINT('',(0.,0.));
#17456 = DIRECTION('',(1.,0.));
#17457 = ( GEOMETRIC_REPRESENTATION_CONTEXT(2) 
PARAMETRIC_REPRESENTATION_CONTEXT() REPRESENTATION_CONTEXT('2D SPACE',''
  ) );
#17458 = PCURVE('',#17459,#17464);
#17459 = CYLINDRICAL_SURFACE('',#17460,1.);
#17460 = AXIS2_PLACEMENT_3D('',#17461,#17462,#17463);
#17461 = CARTESIAN_POINT('',(35.,-6.,-19.9));
#17462 = DIRECTION('',(0.,0.,1.));
#17463 = DIRECTION('',(1.,0.,-0.));
#17464 = DEFINITIONAL_REPRESENTATION('',(#17465),#17469);
#17465 = LINE('',#17466,#17467);
#17466 = CARTESIAN_POINT('',(0.,0.));
#17467 = VECTOR('',#17468,1.);
#17468 = DIRECTION('',(1.,0.));
#17469 = ( GEOMETRIC_REPRESENTATION_CONTEXT(2) 
PARAMETRIC_REPRESENTATION_CONTEXT() REPRESENTATION_CONTEXT('2D SPACE',''
  ) );
#17470 = ADVANCED_FACE('',(#17471),#17423,.F.);
#17471 = FACE_BOUND('',#17472,.T.);
#17472 = EDGE_LOOP('',(#17473));
#17473 = ORIENTED_EDGE('',*,*,#17408,.F.);
#17474 = ADVANCED_FACE('',(#17475),#17459,.T.);
#17475 = FACE_BOUND('',#17476,.T.);
#17476 = EDGE_LOOP('',(#17477,#17506,#17527,#17528));
#17477 = ORIENTED_EDGE('',*,*,#17478,.F.);
#17478 = EDGE_CURVE('',#17479,#17479,#17481,.T.);
#17479 = VERTEX_POINT('',#17480);
#17480 = CARTESIAN_POINT('',(36.,-6.,-9.9));
#17481 = SURFACE_CURVE('',#17482,(#17487,#17494),.PCURVE_S1.);
#17482 = CIRCLE('',#17483,1.);
#17483 = AXIS2_PLACEMENT_3D('',#17484,#17485,#17486);
#17484 = CARTESIAN_POINT('',(35.,-6.,-9.9));
#17485 = DIRECTION('',(0.,0.,1.));
#17486 = DIRECTION('',(1.,0.,-0.));
#17487 = PCURVE('',#17459,#17488);
#17488 = DEFINITIONAL_REPRESENTATION('',(#17489),#17493);
#17489 = LINE('',#17490,#17491);
#17490 = CARTESIAN_POINT('',(0.,10.));
#17491 = VECTOR('',#17492,1.);
#17492 = DIRECTION('',(1.,0.));
#17493 = ( GEOMETRIC_REPRESENTATION_CONTEXT(2) 
PARAMETRIC_REPRESENTATION_CONTEXT() REPRESENTATION_CONTEXT('2D SPACE',''
  ) );
#17494 = PCURVE('',#17495,#17500);
#17495 = PLANE('',#17496);
#17496 = AXIS2_PLACEMENT_3D('',#17497,#17498,#17499);
#17497 = CARTESIAN_POINT('',(35.,-6.,-9.9));
#17498 = DIRECTION('',(0.,0.,1.));
#17499 = DIRECTION('',(1.,0.,-0.));
#17500 = DEFINITIONAL_REPRESENTATION('',(#17501),#17505);
#17501 = CIRCLE('',#17502,1.);
#17502 = AXIS2_PLACEMENT_2D('',#17503,#17504);
#17503 = CARTESIAN_POINT('',(0.,0.));
#17504 = DIRECTION('',(1.,0.));
#17505 = ( GEOMETRIC_REPRESENTATION_CONTEXT(2) 
PARAMETRIC_REPRESENTATION_CONTEXT() REPRESENTATION_CONTEXT('2D SPACE',''
  ) );
#17506 = ORIENTED_EDGE('',*,*,#17507,.F.);
#17507 = EDGE_CURVE('',#17443,#17479,#17508,.T.);
#17508 = SEAM_CURVE('',#17509,(#17513,#17520),.PCURVE_S1.);
#17509 = LINE('',#17510,#17511);
#17510 = CARTESIAN_POINT('',(36.,-6.,-19.9));
#17511 = VECTOR('',#17512,1.);
#17512 = DIRECTION('',(0.,0.,1.));
#17513 = PCURVE('',#17459,#17514);
#17514 = DEFINITIONAL_REPRESENTATION('',(#17515),#17519);
#17515 = LINE('',#17516,#17517);
#17516 = CARTESIAN_POINT('',(0.,-0.));
#17517 = VECTOR('',#17518,1.);
#17518 = DIRECTION('',(0.,1.));
#17519 = ( GEOMETRIC_REPRESENTATION_CONTEXT(2) 
PARAMETRIC_REPRESENTATION_CONTEXT() REPRESENTATION_CONTEXT('2D SPACE',''
  ) );
#17520 = PCURVE('',#17459,#17521);
#17521 = DEFINITIONAL_REPRESENTATION('',(#17522),#17526);
#17522 = LINE('',#17523,#17524);
#17523 = CARTESIAN_POINT('',(6.28318530718,-0.));
#17524 = VECTOR('',#17525,1.);
#17525 = DIRECTION('',(0.,1.));
#17526 = ( GEOMETRIC_REPRESENTATION_CONTEXT(2) 
PARAMETRIC_REPRESENTATION_CONTEXT() REPRESENTATION_CONTEXT('2D SPACE',''
  ) );
#17527 = ORIENTED_EDGE('',*,*,#17442,.T.);
#17528 = ORIENTED_EDGE('',*,*,#17507,.T.);
#17529 = ADVANCED_FACE('',(#17530),#17495,.T.);
#17530 = FACE_BOUND('',#17531,.T.);
#17531 = EDGE_LOOP('',(#17532));
#17532 = ORIENTED_EDGE('',*,*,#17478,.T.);
#17533 = ( GEOMETRIC_REPRESENTATION_CONTEXT(3) 
GLOBAL_UNCERTAINTY_ASSIGNED_CONTEXT((#17537)) 
GLOBAL_UNIT_ASSIGNED_CONTEXT((#17534,#17535,#17536)) 
REPRESENTATION_CONTEXT('Context #1',
  '3D Context with UNIT and UNCERTAINTY') );
#17534 = ( LENGTH_UNIT() NAMED_UNIT(*) SI_UNIT(.MILLI.,.METRE.) );
#17535 = ( NAMED_UNIT(*) PLANE_ANGLE_UNIT() SI_UNIT($,.RADIAN.) );
#17536 = ( NAMED_UNIT(*) SI_UNIT($,.STERADIAN.) SOLID_ANGLE_UNIT() );
#17537 = UNCERTAINTY_MEASURE_WITH_UNIT(LENGTH_MEASURE(1.E-07),#17534,
  'distance_accuracy_value','confusion accuracy');
#17538 = CONTEXT_DEPENDENT_SHAPE_REPRESENTATION(#17539,#17541);
#17539 = ( REPRESENTATION_RELATIONSHIP('','',#17344,#10) 
REPRESENTATION_RELATIONSHIP_WITH_TRANSFORMATION(#17540) 
SHAPE_REPRESENTATION_RELATIONSHIP() );
#17540 = ITEM_DEFINED_TRANSFORMATION('','',#11,#35);
#17541 = PRODUCT_DEFINITION_SHAPE('Placement','Placement of an item',
  #17542);
#17542 = NEXT_ASSEMBLY_USAGE_OCCURRENCE('13','screw','',#5,#17339,$);
#17543 = PRODUCT_RELATED_PRODUCT_CATEGORY('part',$,(#17341));
#17544 = SHAPE_DEFINITION_REPRESENTATION(#17545,#17551);
#17545 = PRODUCT_DEFINITION_SHAPE('','',#17546);
#17546 = PRODUCT_DEFINITION('design','',#17547,#17550);
#17547 = PRODUCT_DEFINITION_FORMATION('','',#17548);
#17548 = PRODUCT('nut','nut','',(#17549));
#17549 = PRODUCT_CONTEXT('',#2,'mechanical');
#17550 = PRODUCT_DEFINITION_CONTEXT('part definition',#2,'design');
#17551 = ADVANCED_BREP_SHAPE_REPRESENTATION('',(#11,#17552),#17966);
#17552 = MANIFOLD_SOLID_BREP('',#17553);
#17553 = CLOSED_SHELL('',(#17554,#17674,#17750,#17830,#17879,#17932,
    #17939));
#17554 = ADVANCED_FACE('',(#17555),#17569,.F.);
#17555 = FACE_BOUND('',#17556,.F.);
#17556 = EDGE_LOOP('',(#17557,#17592,#17620,#17648));
#17557 = ORIENTED_EDGE('',*,*,#17558,.F.);
#17558 = EDGE_CURVE('',#17559,#17561,#17563,.T.);
#17559 = VERTEX_POINT('',#17560);
#17560 = CARTESIAN_POINT('',(33.,-8.,-11.6));
#17561 = VERTEX_POINT('',#17562);
#17562 = CARTESIAN_POINT('',(33.,-8.,-10.4));
#17563 = SURFACE_CURVE('',#17564,(#17568,#17580),.PCURVE_S1.);
#17564 = LINE('',#17565,#17566);
#17565 = CARTESIAN_POINT('',(33.,-8.,-11.6));
#17566 = VECTOR('',#17567,1.);
#17567 = DIRECTION('',(0.,0.,1.));
#17568 = PCURVE('',#17569,#17574);
#17569 = PLANE('',#17570);
#17570 = AXIS2_PLACEMENT_3D('',#17571,#17572,#17573);
#17571 = CARTESIAN_POINT('',(33.,-8.,-11.6));
#17572 = DIRECTION('',(1.,0.,-0.));
#17573 = DIRECTION('',(0.,0.,1.));
#17574 = DEFINITIONAL_REPRESENTATION('',(#17575),#17579);
#17575 = LINE('',#17576,#17577);
#17576 = CARTESIAN_POINT('',(0.,0.));
#17577 = VECTOR('',#17578,1.);
#17578 = DIRECTION('',(1.,0.));
#17579 = ( GEOMETRIC_REPRESENTATION_CONTEXT(2) 
PARAMETRIC_REPRESENTATION_CONTEXT() REPRESENTATION_CONTEXT('2D SPACE',''
  ) );
#17580 = PCURVE('',#17581,#17586);
#17581 = PLANE('',#17582);
#17582 = AXIS2_PLACEMENT_3D('',#17583,#17584,#17585);
#17583 = CARTESIAN_POINT('',(33.,-8.,-11.6));
#17584 = DIRECTION('',(-0.,1.,0.));
#17585 = DIRECTION('',(0.,0.,1.));
#17586 = DEFINITIONAL_REPRESENTATION('',(#17587),#17591);
#17587 = LINE('',#17588,#17589);
#17588 = CARTESIAN_POINT('',(0.,0.));
#17589 = VECTOR('',#17590,1.);
#17590 = DIRECTION('',(1.,0.));
#17591 = ( GEOMETRIC_REPRESENTATION_CONTEXT(2) 
PARAMETRIC_REPRESENTATION_CONTEXT() REPRESENTATION_CONTEXT('2D SPACE',''
  ) );
#17592 = ORIENTED_EDGE('',*,*,#17593,.T.);
#17593 = EDGE_CURVE('',#17559,#17594,#17596,.T.);
#17594 = VERTEX_POINT('',#17595);
#17595 = CARTESIAN_POINT('',(33.,-4.,-11.6));
#17596 = SURFACE_CURVE('',#17597,(#17601,#17608),.PCURVE_S1.);
#17597 = LINE('',#17598,#17599);
#17598 = CARTESIAN_POINT('',(33.,-8.,-11.6));
#17599 = VECTOR('',#17600,1.);
#17600 = DIRECTION('',(-0.,1.,0.));
#17601 = PCURVE('',#17569,#17602);
#17602 = DEFINITIONAL_REPRESENTATION('',(#17603),#17607);
#17603 = LINE('',#17604,#17605);
#17604 = CARTESIAN_POINT('',(0.,0.));
#17605 = VECTOR('',#17606,1.);
#17606 = DIRECTION('',(0.,-1.));
#17607 = ( GEOMETRIC_REPRESENTATION_CONTEXT(2) 
PARAMETRIC_REPRESENTATION_CONTEXT() REPRESENTATION_CONTEXT('2D SPACE',''
  ) );
#17608 = PCURVE('',#17609,#17614);
#17609 = PLANE('',#17610);
#17610 = AXIS2_PLACEMENT_3D('',#17611,#17612,#17613);
#17611 = CARTESIAN_POINT('',(33.,-8.,-11.6));
#17612 = DIRECTION('',(0.,0.,1.));
#17613 = DIRECTION('',(1.,0.,-0.));
#17614 = DEFINITIONAL_REPRESENTATION('',(#17615),#17619);
#17615 = LINE('',#17616,#17617);
#17616 = CARTESIAN_POINT('',(0.,0.));
#17617 = VECTOR('',#17618,1.);
#17618 = DIRECTION('',(0.,1.));
#17619 = ( GEOMETRIC_REPRESENTATION_CONTEXT(2) 
PARAMETRIC_REPRESENTATION_CONTEXT() REPRESENTATION_CONTEXT('2D SPACE',''
  ) );
#17620 = ORIENTED_EDGE('',*,*,#17621,.T.);
#17621 = EDGE_CURVE('',#17594,#17622,#17624,.T.);
#17622 = VERTEX_POINT('',#17623);
#17623 = CARTESIAN_POINT('',(33.,-4.,-10.4));
#17624 = SURFACE_CURVE('',#17625,(#17629,#17636),.PCURVE_S1.);
#17625 = LINE('',#17626,#17627);
#17626 = CARTESIAN_POINT('',(33.,-4.,-11.6));
#17627 = VECTOR('',#17628,1.);
#17628 = DIRECTION('',(0.,0.,1.));
#17629 = PCURVE('',#17569,#17630);
#17630 = DEFINITIONAL_REPRESENTATION('',(#17631),#17635);
#17631 = LINE('',#17632,#17633);
#17632 = CARTESIAN_POINT('',(0.,-4.));
#17633 = VECTOR('',#17634,1.);
#17634 = DIRECTION('',(1.,0.));
#17635 = ( GEOMETRIC_REPRESENTATION_CONTEXT(2) 
PARAMETRIC_REPRESENTATION_CONTEXT() REPRESENTATION_CONTEXT('2D SPACE',''
  ) );
#17636 = PCURVE('',#17637,#17642);
#17637 = PLANE('',#17638);
#17638 = AXIS2_PLACEMENT_3D('',#17639,#17640,#17641);
#17639 = CARTESIAN_POINT('',(33.,-4.,-11.6));
#17640 = DIRECTION('',(-0.,1.,0.));
#17641 = DIRECTION('',(0.,0.,1.));
#17642 = DEFINITIONAL_REPRESENTATION('',(#17643),#17647);
#17643 = LINE('',#17644,#17645);
#17644 = CARTESIAN_POINT('',(0.,0.));
#17645 = VECTOR('',#17646,1.);
#17646 = DIRECTION('',(1.,0.));
#17647 = ( GEOMETRIC_REPRESENTATION_CONTEXT(2) 
PARAMETRIC_REPRESENTATION_CONTEXT() REPRESENTATION_CONTEXT('2D SPACE',''
  ) );
#17648 = ORIENTED_EDGE('',*,*,#17649,.F.);
#17649 = EDGE_CURVE('',#17561,#17622,#17650,.T.);
#17650 = SURFACE_CURVE('',#17651,(#17655,#17662),.PCURVE_S1.);
#17651 = LINE('',#17652,#17653);
#17652 = CARTESIAN_POINT('',(33.,-8.,-10.4));
#17653 = VECTOR('',#17654,1.);
#17654 = DIRECTION('',(-0.,1.,0.));
#17655 = PCURVE('',#17569,#17656);
#17656 = DEFINITIONAL_REPRESENTATION('',(#17657),#17661);
#17657 = LINE('',#17658,#17659);
#17658 = CARTESIAN_POINT('',(1.2,0.));
#17659 = VECTOR('',#17660,1.);
#17660 = DIRECTION('',(0.,-1.));
#17661 = ( GEOMETRIC_REPRESENTATION_CONTEXT(2) 
PARAMETRIC_REPRESENTATION_CONTEXT() REPRESENTATION_CONTEXT('2D SPACE',''
  ) );
#17662 = PCURVE('',#17663,#17668);
#17663 = PLANE('',#17664);
#17664 = AXIS2_PLACEMENT_3D('',#17665,#17666,#17667);
#17665 = CARTESIAN_POINT('',(33.,-8.,-10.4));
#17666 = DIRECTION('',(0.,0.,1.));
#17667 = DIRECTION('',(1.,0.,-0.));
#17668 = DEFINITIONAL_REPRESENTATION('',(#17669),#17673);
#17669 = LINE('',#17670,#17671);
#17670 = CARTESIAN_POINT('',(0.,0.));
#17671 = VECTOR('',#17672,1.);
#17672 = DIRECTION('',(0.,1.));
#17673 = ( GEOMETRIC_REPRESENTATION_CONTEXT(2) 
PARAMETRIC_REPRESENTATION_CONTEXT() REPRESENTATION_CONTEXT('2D SPACE',''
  ) );
#17674 = ADVANCED_FACE('',(#17675),#17581,.F.);
#17675 = FACE_BOUND('',#17676,.F.);
#17676 = EDGE_LOOP('',(#17677,#17700,#17701,#17724));
#17677 = ORIENTED_EDGE('',*,*,#17678,.F.);
#17678 = EDGE_CURVE('',#17559,#17679,#17681,.T.);
#17679 = VERTEX_POINT('',#17680);
#17680 = CARTESIAN_POINT('',(37.,-8.,-11.6));
#17681 = SURFACE_CURVE('',#17682,(#17686,#17693),.PCURVE_S1.);
#17682 = LINE('',#17683,#17684);
#17683 = CARTESIAN_POINT('',(33.,-8.,-11.6));
#17684 = VECTOR('',#17685,1.);
#17685 = DIRECTION('',(1.,0.,-0.));
#17686 = PCURVE('',#17581,#17687);
#17687 = DEFINITIONAL_REPRESENTATION('',(#17688),#17692);
#17688 = LINE('',#17689,#17690);
#17689 = CARTESIAN_POINT('',(0.,0.));
#17690 = VECTOR('',#17691,1.);
#17691 = DIRECTION('',(0.,1.));
#17692 = ( GEOMETRIC_REPRESENTATION_CONTEXT(2) 
PARAMETRIC_REPRESENTATION_CONTEXT() REPRESENTATION_CONTEXT('2D SPACE',''
  ) );
#17693 = PCURVE('',#17609,#17694);
#17694 = DEFINITIONAL_REPRESENTATION('',(#17695),#17699);
#17695 = LINE('',#17696,#17697);
#17696 = CARTESIAN_POINT('',(0.,0.));
#17697 = VECTOR('',#17698,1.);
#17698 = DIRECTION('',(1.,0.));
#17699 = ( GEOMETRIC_REPRESENTATION_CONTEXT(2) 
PARAMETRIC_REPRESENTATION_CONTEXT() REPRESENTATION_CONTEXT('2D SPACE',''
  ) );
#17700 = ORIENTED_EDGE('',*,*,#17558,.T.);
#17701 = ORIENTED_EDGE('',*,*,#17702,.T.);
#17702 = EDGE_CURVE('',#17561,#17703,#17705,.T.);
#17703 = VERTEX_POINT('',#17704);
#17704 = CARTESIAN_POINT('',(37.,-8.,-10.4));
#17705 = SURFACE_CURVE('',#17706,(#17710,#17717),.PCURVE_S1.);
#17706 = LINE('',#17707,#17708);
#17707 = CARTESIAN_POINT('',(33.,-8.,-10.4));
#17708 = VECTOR('',#17709,1.);
#17709 = DIRECTION('',(1.,0.,-0.));
#17710 = PCURVE('',#17581,#17711);
#17711 = DEFINITIONAL_REPRESENTATION('',(#17712),#17716);
#17712 = LINE('',#17713,#17714);
#17713 = CARTESIAN_POINT('',(1.2,0.));
#17714 = VECTOR('',#17715,1.);
#17715 = DIRECTION('',(0.,1.));
#17716 = ( GEOMETRIC_REPRESENTATION_CONTEXT(2) 
PARAMETRIC_REPRESENTATION_CONTEXT() REPRESENTATION_CONTEXT('2D SPACE',''
  ) );
#17717 = PCURVE('',#17663,#17718);
#17718 = DEFINITIONAL_REPRESENTATION('',(#17719),#17723);
#17719 = LINE('',#17720,#17721);
#17720 = CARTESIAN_POINT('',(0.,0.));
#17721 = VECTOR('',#17722,1.);
#17722 = DIRECTION('',(1.,0.));
#17723 = ( GEOMETRIC_REPRESENTATION_CONTEXT(2) 
PARAMETRIC_REPRESENTATION_CONTEXT() REPRESENTATION_CONTEXT('2D SPACE',''
  ) );
#17724 = ORIENTED_EDGE('',*,*,#17725,.F.);
#17725 = EDGE_CURVE('',#17679,#17703,#17726,.T.);
#17726 = SURFACE_CURVE('',#17727,(#17731,#17738),.PCURVE_S1.);
#17727 = LINE('',#17728,#17729);
#17728 = CARTESIAN_POINT('',(37.,-8.,-11.6));
#17729 = VECTOR('',#17730,1.);
#17730 = DIRECTION('',(0.,0.,1.));
#17731 = PCURVE('',#17581,#17732);
#17732 = DEFINITIONAL_REPRESENTATION('',(#17733),#17737);
#17733 = LINE('',#17734,#17735);
#17734 = CARTESIAN_POINT('',(0.,4.));
#17735 = VECTOR('',#17736,1.);
#17736 = DIRECTION('',(1.,0.));
#17737 = ( GEOMETRIC_REPRESENTATION_CONTEXT(2) 
PARAMETRIC_REPRESENTATION_CONTEXT() REPRESENTATION_CONTEXT('2D SPACE',''
  ) );
#17738 = PCURVE('',#17739,#17744);
#17739 = PLANE('',#17740);
#17740 = AXIS2_PLACEMENT_3D('',#17741,#17742,#17743);
#17741 = CARTESIAN_POINT('',(37.,-8.,-11.6));
#17742 = DIRECTION('',(1.,0.,-0.));
#17743 = DIRECTION('',(0.,0.,1.));
#17744 = DEFINITIONAL_REPRESENTATION('',(#17745),#17749);
#17745 = LINE('',#17746,#17747);
#17746 = CARTESIAN_POINT('',(0.,0.));
#17747 = VECTOR('',#17748,1.);
#17748 = DIRECTION('',(1.,0.));
#17749 = ( GEOMETRIC_REPRESENTATION_CONTEXT(2) 
PARAMETRIC_REPRESENTATION_CONTEXT() REPRESENTATION_CONTEXT('2D SPACE',''
  ) );
#17750 = ADVANCED_FACE('',(#17751,#17799),#17663,.T.);
#17751 = FACE_BOUND('',#17752,.T.);
#17752 = EDGE_LOOP('',(#17753,#17754,#17755,#17778));
#17753 = ORIENTED_EDGE('',*,*,#17649,.F.);
#17754 = ORIENTED_EDGE('',*,*,#17702,.T.);
#17755 = ORIENTED_EDGE('',*,*,#17756,.T.);
#17756 = EDGE_CURVE('',#17703,#17757,#17759,.T.);
#17757 = VERTEX_POINT('',#17758);
#17758 = CARTESIAN_POINT('',(37.,-4.,-10.4));
#17759 = SURFACE_CURVE('',#17760,(#17764,#17771),.PCURVE_S1.);
#17760 = LINE('',#17761,#17762);
#17761 = CARTESIAN_POINT('',(37.,-8.,-10.4));
#17762 = VECTOR('',#17763,1.);
#17763 = DIRECTION('',(-0.,1.,0.));
#17764 = PCURVE('',#17663,#17765);
#17765 = DEFINITIONAL_REPRESENTATION('',(#17766),#17770);
#17766 = LINE('',#17767,#17768);
#17767 = CARTESIAN_POINT('',(4.,0.));
#17768 = VECTOR('',#17769,1.);
#17769 = DIRECTION('',(0.,1.));
#17770 = ( GEOMETRIC_REPRESENTATION_CONTEXT(2) 
PARAMETRIC_REPRESENTATION_CONTEXT() REPRESENTATION_CONTEXT('2D SPACE',''
  ) );
#17771 = PCURVE('',#17739,#17772);
#17772 = DEFINITIONAL_REPRESENTATION('',(#17773),#17777);
#17773 = LINE('',#17774,#17775);
#17774 = CARTESIAN_POINT('',(1.2,0.));
#17775 = VECTOR('',#17776,1.);
#17776 = DIRECTION('',(0.,-1.));
#17777 = ( GEOMETRIC_REPRESENTATION_CONTEXT(2) 
PARAMETRIC_REPRESENTATION_CONTEXT() REPRESENTATION_CONTEXT('2D SPACE',''
  ) );
#17778 = ORIENTED_EDGE('',*,*,#17779,.F.);
#17779 = EDGE_CURVE('',#17622,#17757,#17780,.T.);
#17780 = SURFACE_CURVE('',#17781,(#17785,#17792),.PCURVE_S1.);
#17781 = LINE('',#17782,#17783);
#17782 = CARTESIAN_POINT('',(33.,-4.,-10.4));
#17783 = VECTOR('',#17784,1.);
#17784 = DIRECTION('',(1.,0.,-0.));
#17785 = PCURVE('',#17663,#17786);
#17786 = DEFINITIONAL_REPRESENTATION('',(#17787),#17791);
#17787 = LINE('',#17788,#17789);
#17788 = CARTESIAN_POINT('',(0.,4.));
#17789 = VECTOR('',#17790,1.);
#17790 = DIRECTION('',(1.,0.));
#17791 = ( GEOMETRIC_REPRESENTATION_CONTEXT(2) 
PARAMETRIC_REPRESENTATION_CONTEXT() REPRESENTATION_CONTEXT('2D SPACE',''
  ) );
#17792 = PCURVE('',#17637,#17793);
#17793 = DEFINITIONAL_REPRESENTATION('',(#17794),#17798);
#17794 = LINE('',#17795,#17796);
#17795 = CARTESIAN_POINT('',(1.2,0.));
#17796 = VECTOR('',#17797,1.);
#17797 = DIRECTION('',(0.,1.));
#17798 = ( GEOMETRIC_REPRESENTATION_CONTEXT(2) 
PARAMETRIC_REPRESENTATION_CONTEXT() REPRESENTATION_CONTEXT('2D SPACE',''
  ) );
#17799 = FACE_BOUND('',#17800,.T.);
#17800 = EDGE_LOOP('',(#17801));
#17801 = ORIENTED_EDGE('',*,*,#17802,.F.);
#17802 = EDGE_CURVE('',#17803,#17803,#17805,.T.);
#17803 = VERTEX_POINT('',#17804);
#17804 = CARTESIAN_POINT('',(36.,-6.,-10.4));
#17805 = SURFACE_CURVE('',#17806,(#17811,#17818),.PCURVE_S1.);
#17806 = CIRCLE('',#17807,1.);
#17807 = AXIS2_PLACEMENT_3D('',#17808,#17809,#17810);
#17808 = CARTESIAN_POINT('',(35.,-6.,-10.4));
#17809 = DIRECTION('',(0.,0.,1.));
#17810 = DIRECTION('',(1.,0.,-0.));
#17811 = PCURVE('',#17663,#17812);
#17812 = DEFINITIONAL_REPRESENTATION('',(#17813),#17817);
#17813 = CIRCLE('',#17814,1.);
#17814 = AXIS2_PLACEMENT_2D('',#17815,#17816);
#17815 = CARTESIAN_POINT('',(2.,2.));
#17816 = DIRECTION('',(1.,0.));
#17817 = ( GEOMETRIC_REPRESENTATION_CONTEXT(2) 
PARAMETRIC_REPRESENTATION_CONTEXT() REPRESENTATION_CONTEXT('2D SPACE',''
  ) );
#17818 = PCURVE('',#17819,#17824);
#17819 = CYLINDRICAL_SURFACE('',#17820,1.);
#17820 = AXIS2_PLACEMENT_3D('',#17821,#17822,#17823);
#17821 = CARTESIAN_POINT('',(35.,-6.,-11.61));
#17822 = DIRECTION('',(0.,0.,1.));
#17823 = DIRECTION('',(1.,0.,-0.));
#17824 = DEFINITIONAL_REPRESENTATION('',(#17825),#17829);
#17825 = LINE('',#17826,#17827);
#17826 = CARTESIAN_POINT('',(0.,1.21));
#17827 = VECTOR('',#17828,1.);
#17828 = DIRECTION('',(1.,0.));
#17829 = ( GEOMETRIC_REPRESENTATION_CONTEXT(2) 
PARAMETRIC_REPRESENTATION_CONTEXT() REPRESENTATION_CONTEXT('2D SPACE',''
  ) );
#17830 = ADVANCED_FACE('',(#17831),#17637,.T.);
#17831 = FACE_BOUND('',#17832,.T.);
#17832 = EDGE_LOOP('',(#17833,#17856,#17857,#17858));
#17833 = ORIENTED_EDGE('',*,*,#17834,.F.);
#17834 = EDGE_CURVE('',#17594,#17835,#17837,.T.);
#17835 = VERTEX_POINT('',#17836);
#17836 = CARTESIAN_POINT('',(37.,-4.,-11.6));
#17837 = SURFACE_CURVE('',#17838,(#17842,#17849),.PCURVE_S1.);
#17838 = LINE('',#17839,#17840);
#17839 = CARTESIAN_POINT('',(33.,-4.,-11.6));
#17840 = VECTOR('',#17841,1.);
#17841 = DIRECTION('',(1.,0.,-0.));
#17842 = PCURVE('',#17637,#17843);
#17843 = DEFINITIONAL_REPRESENTATION('',(#17844),#17848);
#17844 = LINE('',#17845,#17846);
#17845 = CARTESIAN_POINT('',(0.,0.));
#17846 = VECTOR('',#17847,1.);
#17847 = DIRECTION('',(0.,1.));
#17848 = ( GEOMETRIC_REPRESENTATION_CONTEXT(2) 
PARAMETRIC_REPRESENTATION_CONTEXT() REPRESENTATION_CONTEXT('2D SPACE',''
  ) );
#17849 = PCURVE('',#17609,#17850);
#17850 = DEFINITIONAL_REPRESENTATION('',(#17851),#17855);
#17851 = LINE('',#17852,#17853);
#17852 = CARTESIAN_POINT('',(0.,4.));
#17853 = VECTOR('',#17854,1.);
#17854 = DIRECTION('',(1.,0.));
#17855 = ( GEOMETRIC_REPRESENTATION_CONTEXT(2) 
PARAMETRIC_REPRESENTATION_CONTEXT() REPRESENTATION_CONTEXT('2D SPACE',''
  ) );
#17856 = ORIENTED_EDGE('',*,*,#17621,.T.);
#17857 = ORIENTED_EDGE('',*,*,#17779,.T.);
#17858 = ORIENTED_EDGE('',*,*,#17859,.F.);
#17859 = EDGE_CURVE('',#17835,#17757,#17860,.T.);
#17860 = SURFACE_CURVE('',#17861,(#17865,#17872),.PCURVE_S1.);
#17861 = LINE('',#17862,#17863);
#17862 = CARTESIAN_POINT('',(37.,-4.,-11.6));
#17863 = VECTOR('',#17864,1.);
#17864 = DIRECTION('',(0.,0.,1.));
#17865 = PCURVE('',#17637,#17866);
#17866 = DEFINITIONAL_REPRESENTATION('',(#17867),#17871);
#17867 = LINE('',#17868,#17869);
#17868 = CARTESIAN_POINT('',(0.,4.));
#17869 = VECTOR('',#17870,1.);
#17870 = DIRECTION('',(1.,0.));
#17871 = ( GEOMETRIC_REPRESENTATION_CONTEXT(2) 
PARAMETRIC_REPRESENTATION_CONTEXT() REPRESENTATION_CONTEXT('2D SPACE',''
  ) );
#17872 = PCURVE('',#17739,#17873);
#17873 = DEFINITIONAL_REPRESENTATION('',(#17874),#17878);
#17874 = LINE('',#17875,#17876);
#17875 = CARTESIAN_POINT('',(0.,-4.));
#17876 = VECTOR('',#17877,1.);
#17877 = DIRECTION('',(1.,0.));
#17878 = ( GEOMETRIC_REPRESENTATION_CONTEXT(2) 
PARAMETRIC_REPRESENTATION_CONTEXT() REPRESENTATION_CONTEXT('2D SPACE',''
  ) );
#17879 = ADVANCED_FACE('',(#17880,#17906),#17609,.F.);
#17880 = FACE_BOUND('',#17881,.F.);
#17881 = EDGE_LOOP('',(#17882,#17883,#17884,#17905));
#17882 = ORIENTED_EDGE('',*,*,#17593,.F.);
#17883 = ORIENTED_EDGE('',*,*,#17678,.T.);
#17884 = ORIENTED_EDGE('',*,*,#17885,.T.);
#17885 = EDGE_CURVE('',#17679,#17835,#17886,.T.);
#17886 = SURFACE_CURVE('',#17887,(#17891,#17898),.PCURVE_S1.);
#17887 = LINE('',#17888,#17889);
#17888 = CARTESIAN_POINT('',(37.,-8.,-11.6));
#17889 = VECTOR('',#17890,1.);
#17890 = DIRECTION('',(-0.,1.,0.));
#17891 = PCURVE('',#17609,#17892);
#17892 = DEFINITIONAL_REPRESENTATION('',(#17893),#17897);
#17893 = LINE('',#17894,#17895);
#17894 = CARTESIAN_POINT('',(4.,0.));
#17895 = VECTOR('',#17896,1.);
#17896 = DIRECTION('',(0.,1.));
#17897 = ( GEOMETRIC_REPRESENTATION_CONTEXT(2) 
PARAMETRIC_REPRESENTATION_CONTEXT() REPRESENTATION_CONTEXT('2D SPACE',''
  ) );
#17898 = PCURVE('',#17739,#17899);
#17899 = DEFINITIONAL_REPRESENTATION('',(#17900),#17904);
#17900 = LINE('',#17901,#17902);
#17901 = CARTESIAN_POINT('',(0.,0.));
#17902 = VECTOR('',#17903,1.);
#17903 = DIRECTION('',(0.,-1.));
#17904 = ( GEOMETRIC_REPRESENTATION_CONTEXT(2) 
PARAMETRIC_REPRESENTATION_CONTEXT() REPRESENTATION_CONTEXT('2D SPACE',''
  ) );
#17905 = ORIENTED_EDGE('',*,*,#17834,.F.);
#17906 = FACE_BOUND('',#17907,.F.);
#17907 = EDGE_LOOP('',(#17908));
#17908 = ORIENTED_EDGE('',*,*,#17909,.F.);
#17909 = EDGE_CURVE('',#17910,#17910,#17912,.T.);
#17910 = VERTEX_POINT('',#17911);
#17911 = CARTESIAN_POINT('',(36.,-6.,-11.6));
#17912 = SURFACE_CURVE('',#17913,(#17918,#17925),.PCURVE_S1.);
#17913 = CIRCLE('',#17914,1.);
#17914 = AXIS2_PLACEMENT_3D('',#17915,#17916,#17917);
#17915 = CARTESIAN_POINT('',(35.,-6.,-11.6));
#17916 = DIRECTION('',(0.,0.,1.));
#17917 = DIRECTION('',(1.,0.,-0.));
#17918 = PCURVE('',#17609,#17919);
#17919 = DEFINITIONAL_REPRESENTATION('',(#17920),#17924);
#17920 = CIRCLE('',#17921,1.);
#17921 = AXIS2_PLACEMENT_2D('',#17922,#17923);
#17922 = CARTESIAN_POINT('',(2.,2.));
#17923 = DIRECTION('',(1.,0.));
#17924 = ( GEOMETRIC_REPRESENTATION_CONTEXT(2) 
PARAMETRIC_REPRESENTATION_CONTEXT() REPRESENTATION_CONTEXT('2D SPACE',''
  ) );
#17925 = PCURVE('',#17819,#17926);
#17926 = DEFINITIONAL_REPRESENTATION('',(#17927),#17931);
#17927 = LINE('',#17928,#17929);
#17928 = CARTESIAN_POINT('',(0.,1.E-02));
#17929 = VECTOR('',#17930,1.);
#17930 = DIRECTION('',(1.,0.));
#17931 = ( GEOMETRIC_REPRESENTATION_CONTEXT(2) 
PARAMETRIC_REPRESENTATION_CONTEXT() REPRESENTATION_CONTEXT('2D SPACE',''
  ) );
#17932 = ADVANCED_FACE('',(#17933),#17739,.T.);
#17933 = FACE_BOUND('',#17934,.T.);
#17934 = EDGE_LOOP('',(#17935,#17936,#17937,#17938));
#17935 = ORIENTED_EDGE('',*,*,#17725,.F.);
#17936 = ORIENTED_EDGE('',*,*,#17885,.T.);
#17937 = ORIENTED_EDGE('',*,*,#17859,.T.);
#17938 = ORIENTED_EDGE('',*,*,#17756,.F.);
#17939 = ADVANCED_FACE('',(#17940),#17819,.F.);
#17940 = FACE_BOUND('',#17941,.F.);
#17941 = EDGE_LOOP('',(#17942,#17943,#17964,#17965));
#17942 = ORIENTED_EDGE('',*,*,#17802,.F.);
#17943 = ORIENTED_EDGE('',*,*,#17944,.F.);
#17944 = EDGE_CURVE('',#17910,#17803,#17945,.T.);
#17945 = SEAM_CURVE('',#17946,(#17950,#17957),.PCURVE_S1.);
#17946 = LINE('',#17947,#17948);
#17947 = CARTESIAN_POINT('',(36.,-6.,-11.61));
#17948 = VECTOR('',#17949,1.);
#17949 = DIRECTION('',(0.,0.,1.));
#17950 = PCURVE('',#17819,#17951);
#17951 = DEFINITIONAL_REPRESENTATION('',(#17952),#17956);
#17952 = LINE('',#17953,#17954);
#17953 = CARTESIAN_POINT('',(0.,-0.));
#17954 = VECTOR('',#17955,1.);
#17955 = DIRECTION('',(0.,1.));
#17956 = ( GEOMETRIC_REPRESENTATION_CONTEXT(2) 
PARAMETRIC_REPRESENTATION_CONTEXT() REPRESENTATION_CONTEXT('2D SPACE',''
  ) );
#17957 = PCURVE('',#17819,#17958);
#17958 = DEFINITIONAL_REPRESENTATION('',(#17959),#17963);
#17959 = LINE('',#17960,#17961);
#17960 = CARTESIAN_POINT('',(6.28318530718,-0.));
#17961 = VECTOR('',#17962,1.);
#17962 = DIRECTION('',(0.,1.));
#17963 = ( GEOMETRIC_REPRESENTATION_CONTEXT(2) 
PARAMETRIC_REPRESENTATION_CONTEXT() REPRESENTATION_CONTEXT('2D SPACE',''
  ) );
#17964 = ORIENTED_EDGE('',*,*,#17909,.T.);
#17965 = ORIENTED_EDGE('',*,*,#17944,.T.);
#17966 = ( GEOMETRIC_REPRESENTATION_CONTEXT(3) 
GLOBAL_UNCERTAINTY_ASSIGNED_CONTEXT((#17970)) 
GLOBAL_UNIT_ASSIGNED_CONTEXT((#17967,#17968,#17969)) 
REPRESENTATION_CONTEXT('Context #1',
  '3D Context with UNIT and UNCERTAINTY') );
#17967 = ( LENGTH_UNIT() NAMED_UNIT(*) SI_UNIT(.MILLI.,.METRE.) );
#17968 = ( NAMED_UNIT(*) PLANE_ANGLE_UNIT() SI_UNIT($,.RADIAN.) );
#17969 = ( NAMED_UNIT(*) SI_UNIT($,.STERADIAN.) SOLID_ANGLE_UNIT() );
#17970 = UNCERTAINTY_MEASURE_WITH_UNIT(LENGTH_MEASURE(1.E-07),#17967,
  'distance_accuracy_value','confusion accuracy');
#17971 = CONTEXT_DEPENDENT_SHAPE_REPRESENTATION(#17972,#17974);
#17972 = ( REPRESENTATION_RELATIONSHIP('','',#17551,#10) 
REPRESENTATION_RELATIONSHIP_WITH_TRANSFORMATION(#17973) 
SHAPE_REPRESENTATION_RELATIONSHIP() );
#17973 = ITEM_DEFINED_TRANSFORMATION('','',#11,#39);
#17974 = PRODUCT_DEFINITION_SHAPE('Placement','Placement of an item',
  #17975);
#17975 = NEXT_ASSEMBLY_USAGE_OCCURRENCE('14','nut','',#5,#17546,$);
#17976 = PRODUCT_RELATED_PRODUCT_CATEGORY('part',$,(#17548));
ENDSEC;
END-ISO-10303-21;
