ISO-10303-21;
HEADER;
FILE_DESCRIPTION(('Open CASCADE Model'),'2;1');
FILE_NAME('Open CASCADE Shape Model','2026-09-21T21:13:20',('Author'),(
    'Open CASCADE'),'Open CASCADE STEP processor 7.9','Open CASCADE 7.9'
  ,'Unknown');
FILE_SCHEMA(('AUTOMOTIVE_DESIGN { 1 0 10303 214 1 1 1 1 }'));
ENDSEC;
DATA;
#1 = APPLICATION_PROTOCOL_DEFINITION('international standard',
  'automotive_design',2000,#2);
#2 = APPLICATION_CONTEXT(
  'core data for automotive mechanical design processes');
#3 = SHAPE_DEFINITION_REPRESENTATION(#4,#10);
#4 = PRODUCT_DEFINITION_SHAPE('','',#5);
#5 = PRODUCT_DEFINITION('design','',#6,#9);
#6 = PRODUCT_DEFINITION_FORMATION('','',#7);
#7 = PRODUCT('right_foot_comparison','right_foot_comparison','',(#8));
#8 = PRODUCT_CONTEXT('',#2,'mechanical');
#9 = PRODUCT_DEFINITION_CONTEXT('part definition',#2,'design');
#10 = SHAPE_REPRESENTATION('',(#11,#15,#19,#23,#27,#31,#35,#39,#43,#47,
    #51,#55,#59,#63,#67,#71),#75);
#11 = AXIS2_PLACEMENT_3D('',#12,#13,#14);
#12 = CARTESIAN_POINT('',(0.,0.,0.));
#13 = DIRECTION('',(0.,0.,1.));
#14 = DIRECTION('',(1.,0.,-0.));
#15 = AXIS2_PLACEMENT_3D('',#16,#17,#18);
#16 = CARTESIAN_POINT('',(0.,0.,0.));
#17 = DIRECTION('',(0.,0.,1.));
#18 = DIRECTION('',(1.,0.,-0.));
#19 = AXIS2_PLACEMENT_3D('',#20,#21,#22);
#20 = CARTESIAN_POINT('',(0.,0.,0.));
#21 = DIRECTION('',(0.,0.,1.));
#22 = DIRECTION('',(1.,0.,-0.));
#23 = AXIS2_PLACEMENT_3D('',#24,#25,#26);
#24 = CARTESIAN_POINT('',(0.,0.,0.));
#25 = DIRECTION('',(0.,0.,1.));
#26 = DIRECTION('',(1.,0.,-0.));
#27 = AXIS2_PLACEMENT_3D('',#28,#29,#30);
#28 = CARTESIAN_POINT('',(0.,0.,0.));
#29 = DIRECTION('',(0.,0.,1.));
#30 = DIRECTION('',(1.,0.,-0.));
#31 = AXIS2_PLACEMENT_3D('',#32,#33,#34);
#32 = CARTESIAN_POINT('',(0.,0.,0.));
#33 = DIRECTION('',(0.,0.,1.));
#34 = DIRECTION('',(1.,0.,-0.));
#35 = AXIS2_PLACEMENT_3D('',#36,#37,#38);
#36 = CARTESIAN_POINT('',(0.,0.,0.));
#37 = DIRECTION('',(0.,0.,1.));
#38 = DIRECTION('',(1.,0.,-0.));
#39 = AXIS2_PLACEMENT_3D('',#40,#41,#42);
#40 = CARTESIAN_POINT('',(0.,0.,0.));
#41 = DIRECTION('',(0.,0.,1.));
#42 = DIRECTION('',(1.,0.,-0.));
#43 = AXIS2_PLACEMENT_3D('',#44,#45,#46);
#44 = CARTESIAN_POINT('',(0.,0.,0.));
#45 = DIRECTION('',(0.,0.,1.));
#46 = DIRECTION('',(1.,0.,-0.));
#47 = AXIS2_PLACEMENT_3D('',#48,#49,#50);
#48 = CARTESIAN_POINT('',(0.,0.,0.));
#49 = DIRECTION('',(0.,0.,1.));
#50 = DIRECTION('',(1.,0.,-0.));
#51 = AXIS2_PLACEMENT_3D('',#52,#53,#54);
#52 = CARTESIAN_POINT('',(0.,0.,0.));
#53 = DIRECTION('',(0.,0.,1.));
#54 = DIRECTION('',(1.,0.,-0.));
#55 = AXIS2_PLACEMENT_3D('',#56,#57,#58);
#56 = CARTESIAN_POINT('',(0.,0.,0.));
#57 = DIRECTION('',(0.,0.,1.));
#58 = DIRECTION('',(1.,0.,-0.));
#59 = AXIS2_PLACEMENT_3D('',#60,#61,#62);
#60 = CARTESIAN_POINT('',(0.,0.,0.));
#61 = DIRECTION('',(0.,0.,1.));
#62 = DIRECTION('',(1.,0.,-0.));
#63 = AXIS2_PLACEMENT_3D('',#64,#65,#66);
#64 = CARTESIAN_POINT('',(0.,0.,0.));
#65 = DIRECTION('',(0.,0.,1.));
#66 = DIRECTION('',(1.,0.,-0.));
#67 = AXIS2_PLACEMENT_3D('',#68,#69,#70);
#68 = CARTESIAN_POINT('',(0.,0.,0.));
#69 = DIRECTION('',(0.,0.,1.));
#70 = DIRECTION('',(1.,0.,-0.));
#71 = AXIS2_PLACEMENT_3D('',#72,#73,#74);
#72 = CARTESIAN_POINT('',(0.,0.,0.));
#73 = DIRECTION('',(0.,0.,1.));
#74 = DIRECTION('',(1.,0.,-0.));
#75 = ( GEOMETRIC_REPRESENTATION_CONTEXT(3) 
GLOBAL_UNCERTAINTY_ASSIGNED_CONTEXT((#79)) GLOBAL_UNIT_ASSIGNED_CONTEXT(
(#76,#77,#78)) REPRESENTATION_CONTEXT('Context #1',
  '3D Context with UNIT and UNCERTAINTY') );
#76 = ( LENGTH_UNIT() NAMED_UNIT(*) SI_UNIT(.MILLI.,.METRE.) );
#77 = ( NAMED_UNIT(*) PLANE_ANGLE_UNIT() SI_UNIT($,.RADIAN.) );
#78 = ( NAMED_UNIT(*) SI_UNIT($,.STERADIAN.) SOLID_ANGLE_UNIT() );
#79 = UNCERTAINTY_MEASURE_WITH_UNIT(LENGTH_MEASURE(1.E-07),#76,
  'distance_accuracy_value','confusion accuracy');
#80 = PRODUCT_RELATED_PRODUCT_CATEGORY('part',$,(#7));
#81 = SHAPE_DEFINITION_REPRESENTATION(#82,#88);
#82 = PRODUCT_DEFINITION_SHAPE('','',#83);
#83 = PRODUCT_DEFINITION('design','',#84,#87);
#84 = PRODUCT_DEFINITION_FORMATION('','',#85);
#85 = PRODUCT('boot','boot','',(#86));
#86 = PRODUCT_CONTEXT('',#2,'mechanical');
#87 = PRODUCT_DEFINITION_CONTEXT('part definition',#2,'design');
#88 = ADVANCED_BREP_SHAPE_REPRESENTATION('',(#11,#89),#9532);
#89 = MANIFOLD_SOLID_BREP('',#90);
#90 = CLOSED_SHELL('',(#91,#1028,#1083,#1118,#1173,#1286,#1362,#1464,
    #1519,#1731,#1808,#1907,#1983,#2106,#2236,#2470,#2525,#2638,#2714,
    #2816,#2871,#2901,#2928,#2955,#3087,#3169,#3245,#3418,#3494,#3572,
    #3643,#3719,#3795,#3881,#3957,#4043,#4119,#4195,#4271,#4357,#4433,
    #4519,#4595,#4671,#4747,#4833,#4909,#4995,#5071,#5147,#5223,#5388,
    #5470,#5602,#5678,#5805,#5904,#5980,#6102,#6229,#6356,#6433,#6511,
    #6582,#6668,#6763,#6810,#6822,#6852,#6879,#6906,#6999,#7007,#7034,
    #7084,#7110,#7157,#7184,#7211,#7291,#7440,#7495,#7608,#7684,#7786,
    #7841,#7871,#7898,#7925,#7952,#7979,#8006,#8082,#8236,#8291,#8404,
    #8480,#8582,#8637,#8667,#8694,#8721,#8748,#8775,#8802,#8829,#8909,
    #8936,#8966,#8995,#9022,#9049,#9076,#9105,#9134,#9161,#9190,#9217,
    #9243,#9254,#9281,#9308,#9335,#9384,#9459,#9491));
#91 = ADVANCED_FACE('',(#92,#211,#242,#273,#304,#997),#106,.F.);
#92 = FACE_BOUND('',#93,.F.);
#93 = EDGE_LOOP('',(#94,#129,#157,#185));
#94 = ORIENTED_EDGE('',*,*,#95,.F.);
#95 = EDGE_CURVE('',#96,#98,#100,.T.);
#96 = VERTEX_POINT('',#97);
#97 = CARTESIAN_POINT('',(-37.8,18.,-15.8));
#98 = VERTEX_POINT('',#99);
#99 = CARTESIAN_POINT('',(45.8,18.,-15.8));
#100 = SURFACE_CURVE('',#101,(#105,#117),.PCURVE_S1.);
#101 = LINE('',#102,#103);
#102 = CARTESIAN_POINT('',(-37.8,18.,-15.8));
#103 = VECTOR('',#104,1.);
#104 = DIRECTION('',(1.,0.,-2.124828755263E-17));
#105 = PCURVE('',#106,#111);
#106 = PLANE('',#107);
#107 = AXIS2_PLACEMENT_3D('',#108,#109,#110);
#108 = CARTESIAN_POINT('',(-39.,18.,-15.8));
#109 = DIRECTION('',(-0.,0.,1.));
#110 = DIRECTION('',(1.,0.,0.));
#111 = DEFINITIONAL_REPRESENTATION('',(#112),#116);
#112 = LINE('',#113,#114);
#113 = CARTESIAN_POINT('',(1.2,0.));
#114 = VECTOR('',#115,1.);
#115 = DIRECTION('',(1.,0.));
#116 = ( GEOMETRIC_REPRESENTATION_CONTEXT(2) 
PARAMETRIC_REPRESENTATION_CONTEXT() REPRESENTATION_CONTEXT('2D SPACE',''
  ) );
#117 = PCURVE('',#118,#123);
#118 = PLANE('',#119);
#119 = AXIS2_PLACEMENT_3D('',#120,#121,#122);
#120 = CARTESIAN_POINT('',(2.351435856768,18.,8.262235193787));
#121 = DIRECTION('',(-0.,-1.,-0.));
#122 = DIRECTION('',(0.,0.,-1.));
#123 = DEFINITIONAL_REPRESENTATION('',(#124),#128);
#124 = LINE('',#125,#126);
#125 = CARTESIAN_POINT('',(24.062235193787,-40.15143585676));
#126 = VECTOR('',#127,1.);
#127 = DIRECTION('',(2.124828755263E-17,1.));
#128 = ( GEOMETRIC_REPRESENTATION_CONTEXT(2) 
PARAMETRIC_REPRESENTATION_CONTEXT() REPRESENTATION_CONTEXT('2D SPACE',''
  ) );
#129 = ORIENTED_EDGE('',*,*,#130,.T.);
#130 = EDGE_CURVE('',#96,#131,#133,.T.);
#131 = VERTEX_POINT('',#132);
#132 = CARTESIAN_POINT('',(-37.8,-30.,-15.8));
#133 = SURFACE_CURVE('',#134,(#138,#145),.PCURVE_S1.);
#134 = LINE('',#135,#136);
#135 = CARTESIAN_POINT('',(-37.8,18.,-15.8));
#136 = VECTOR('',#137,1.);
#137 = DIRECTION('',(0.,-1.,0.));
#138 = PCURVE('',#106,#139);
#139 = DEFINITIONAL_REPRESENTATION('',(#140),#144);
#140 = LINE('',#141,#142);
#141 = CARTESIAN_POINT('',(1.2,0.));
#142 = VECTOR('',#143,1.);
#143 = DIRECTION('',(0.,-1.));
#144 = ( GEOMETRIC_REPRESENTATION_CONTEXT(2) 
PARAMETRIC_REPRESENTATION_CONTEXT() REPRESENTATION_CONTEXT('2D SPACE',''
  ) );
#145 = PCURVE('',#146,#151);
#146 = CYLINDRICAL_SURFACE('',#147,1.2);
#147 = AXIS2_PLACEMENT_3D('',#148,#149,#150);
#148 = CARTESIAN_POINT('',(-37.8,18.,-14.6));
#149 = DIRECTION('',(0.,-1.,0.));
#150 = DIRECTION('',(0.,-0.,-1.));
#151 = DEFINITIONAL_REPRESENTATION('',(#152),#156);
#152 = LINE('',#153,#154);
#153 = CARTESIAN_POINT('',(6.28318530718,0.));
#154 = VECTOR('',#155,1.);
#155 = DIRECTION('',(-0.,1.));
#156 = ( GEOMETRIC_REPRESENTATION_CONTEXT(2) 
PARAMETRIC_REPRESENTATION_CONTEXT() REPRESENTATION_CONTEXT('2D SPACE',''
  ) );
#157 = ORIENTED_EDGE('',*,*,#158,.F.);
#158 = EDGE_CURVE('',#159,#131,#161,.T.);
#159 = VERTEX_POINT('',#160);
#160 = CARTESIAN_POINT('',(45.8,-30.,-15.8));
#161 = SURFACE_CURVE('',#162,(#166,#173),.PCURVE_S1.);
#162 = LINE('',#163,#164);
#163 = CARTESIAN_POINT('',(45.8,-30.,-15.8));
#164 = VECTOR('',#165,1.);
#165 = DIRECTION('',(-1.,0.,2.124828755263E-17));
#166 = PCURVE('',#106,#167);
#167 = DEFINITIONAL_REPRESENTATION('',(#168),#172);
#168 = LINE('',#169,#170);
#169 = CARTESIAN_POINT('',(84.8,-48.));
#170 = VECTOR('',#171,1.);
#171 = DIRECTION('',(-1.,0.));
#172 = ( GEOMETRIC_REPRESENTATION_CONTEXT(2) 
PARAMETRIC_REPRESENTATION_CONTEXT() REPRESENTATION_CONTEXT('2D SPACE',''
  ) );
#173 = PCURVE('',#174,#179);
#174 = PLANE('',#175);
#175 = AXIS2_PLACEMENT_3D('',#176,#177,#178);
#176 = CARTESIAN_POINT('',(2.351435856768,-30.,8.262235193787));
#177 = DIRECTION('',(-0.,-1.,-0.));
#178 = DIRECTION('',(0.,0.,-1.));
#179 = DEFINITIONAL_REPRESENTATION('',(#180),#184);
#180 = LINE('',#181,#182);
#181 = CARTESIAN_POINT('',(24.062235193787,43.448564143232));
#182 = VECTOR('',#183,1.);
#183 = DIRECTION('',(-2.124828755263E-17,-1.));
#184 = ( GEOMETRIC_REPRESENTATION_CONTEXT(2) 
PARAMETRIC_REPRESENTATION_CONTEXT() REPRESENTATION_CONTEXT('2D SPACE',''
  ) );
#185 = ORIENTED_EDGE('',*,*,#186,.F.);
#186 = EDGE_CURVE('',#98,#159,#187,.T.);
#187 = SURFACE_CURVE('',#188,(#192,#199),.PCURVE_S1.);
#188 = LINE('',#189,#190);
#189 = CARTESIAN_POINT('',(45.8,18.,-15.8));
#190 = VECTOR('',#191,1.);
#191 = DIRECTION('',(0.,-1.,0.));
#192 = PCURVE('',#106,#193);
#193 = DEFINITIONAL_REPRESENTATION('',(#194),#198);
#194 = LINE('',#195,#196);
#195 = CARTESIAN_POINT('',(84.8,0.));
#196 = VECTOR('',#197,1.);
#197 = DIRECTION('',(0.,-1.));
#198 = ( GEOMETRIC_REPRESENTATION_CONTEXT(2) 
PARAMETRIC_REPRESENTATION_CONTEXT() REPRESENTATION_CONTEXT('2D SPACE',''
  ) );
#199 = PCURVE('',#200,#205);
#200 = CYLINDRICAL_SURFACE('',#201,1.2);
#201 = AXIS2_PLACEMENT_3D('',#202,#203,#204);
#202 = CARTESIAN_POINT('',(45.8,18.,-14.6));
#203 = DIRECTION('',(0.,-1.,0.));
#204 = DIRECTION('',(0.,-0.,-1.));
#205 = DEFINITIONAL_REPRESENTATION('',(#206),#210);
#206 = LINE('',#207,#208);
#207 = CARTESIAN_POINT('',(0.,0.));
#208 = VECTOR('',#209,1.);
#209 = DIRECTION('',(0.,1.));
#210 = ( GEOMETRIC_REPRESENTATION_CONTEXT(2) 
PARAMETRIC_REPRESENTATION_CONTEXT() REPRESENTATION_CONTEXT('2D SPACE',''
  ) );
#211 = FACE_BOUND('',#212,.F.);
#212 = EDGE_LOOP('',(#213));
#213 = ORIENTED_EDGE('',*,*,#214,.F.);
#214 = EDGE_CURVE('',#215,#215,#217,.T.);
#215 = VERTEX_POINT('',#216);
#216 = CARTESIAN_POINT('',(-31.,-26.5,-15.8));
#217 = SURFACE_CURVE('',#218,(#223,#230),.PCURVE_S1.);
#218 = CIRCLE('',#219,3.);
#219 = AXIS2_PLACEMENT_3D('',#220,#221,#222);
#220 = CARTESIAN_POINT('',(-34.,-26.5,-15.8));
#221 = DIRECTION('',(0.,0.,1.));
#222 = DIRECTION('',(1.,0.,-0.));
#223 = PCURVE('',#106,#224);
#224 = DEFINITIONAL_REPRESENTATION('',(#225),#229);
#225 = CIRCLE('',#226,3.);
#226 = AXIS2_PLACEMENT_2D('',#227,#228);
#227 = CARTESIAN_POINT('',(5.,-44.5));
#228 = DIRECTION('',(1.,0.));
#229 = ( GEOMETRIC_REPRESENTATION_CONTEXT(2) 
PARAMETRIC_REPRESENTATION_CONTEXT() REPRESENTATION_CONTEXT('2D SPACE',''
  ) );
#230 = PCURVE('',#231,#236);
#231 = CYLINDRICAL_SURFACE('',#232,3.);
#232 = AXIS2_PLACEMENT_3D('',#233,#234,#235);
#233 = CARTESIAN_POINT('',(-34.,-26.5,-16.));
#234 = DIRECTION('',(0.,0.,1.));
#235 = DIRECTION('',(1.,0.,-0.));
#236 = DEFINITIONAL_REPRESENTATION('',(#237),#241);
#237 = LINE('',#238,#239);
#238 = CARTESIAN_POINT('',(0.,0.2));
#239 = VECTOR('',#240,1.);
#240 = DIRECTION('',(1.,0.));
#241 = ( GEOMETRIC_REPRESENTATION_CONTEXT(2) 
PARAMETRIC_REPRESENTATION_CONTEXT() REPRESENTATION_CONTEXT('2D SPACE',''
  ) );
#242 = FACE_BOUND('',#243,.F.);
#243 = EDGE_LOOP('',(#244));
#244 = ORIENTED_EDGE('',*,*,#245,.F.);
#245 = EDGE_CURVE('',#246,#246,#248,.T.);
#246 = VERTEX_POINT('',#247);
#247 = CARTESIAN_POINT('',(39.,-26.5,-15.8));
#248 = SURFACE_CURVE('',#249,(#254,#261),.PCURVE_S1.);
#249 = CIRCLE('',#250,3.);
#250 = AXIS2_PLACEMENT_3D('',#251,#252,#253);
#251 = CARTESIAN_POINT('',(36.,-26.5,-15.8));
#252 = DIRECTION('',(0.,0.,1.));
#253 = DIRECTION('',(1.,0.,-0.));
#254 = PCURVE('',#106,#255);
#255 = DEFINITIONAL_REPRESENTATION('',(#256),#260);
#256 = CIRCLE('',#257,3.);
#257 = AXIS2_PLACEMENT_2D('',#258,#259);
#258 = CARTESIAN_POINT('',(75.,-44.5));
#259 = DIRECTION('',(1.,0.));
#260 = ( GEOMETRIC_REPRESENTATION_CONTEXT(2) 
PARAMETRIC_REPRESENTATION_CONTEXT() REPRESENTATION_CONTEXT('2D SPACE',''
  ) );
#261 = PCURVE('',#262,#267);
#262 = CYLINDRICAL_SURFACE('',#263,3.);
#263 = AXIS2_PLACEMENT_3D('',#264,#265,#266);
#264 = CARTESIAN_POINT('',(36.,-26.5,-16.));
#265 = DIRECTION('',(0.,0.,1.));
#266 = DIRECTION('',(1.,0.,-0.));
#267 = DEFINITIONAL_REPRESENTATION('',(#268),#272);
#268 = LINE('',#269,#270);
#269 = CARTESIAN_POINT('',(0.,0.2));
#270 = VECTOR('',#271,1.);
#271 = DIRECTION('',(1.,0.));
#272 = ( GEOMETRIC_REPRESENTATION_CONTEXT(2) 
PARAMETRIC_REPRESENTATION_CONTEXT() REPRESENTATION_CONTEXT('2D SPACE',''
  ) );
#273 = FACE_BOUND('',#274,.F.);
#274 = EDGE_LOOP('',(#275));
#275 = ORIENTED_EDGE('',*,*,#276,.F.);
#276 = EDGE_CURVE('',#277,#277,#279,.T.);
#277 = VERTEX_POINT('',#278);
#278 = CARTESIAN_POINT('',(-31.,14.5,-15.8));
#279 = SURFACE_CURVE('',#280,(#285,#292),.PCURVE_S1.);
#280 = CIRCLE('',#281,3.);
#281 = AXIS2_PLACEMENT_3D('',#282,#283,#284);
#282 = CARTESIAN_POINT('',(-34.,14.5,-15.8));
#283 = DIRECTION('',(0.,0.,1.));
#284 = DIRECTION('',(1.,0.,-0.));
#285 = PCURVE('',#106,#286);
#286 = DEFINITIONAL_REPRESENTATION('',(#287),#291);
#287 = CIRCLE('',#288,3.);
#288 = AXIS2_PLACEMENT_2D('',#289,#290);
#289 = CARTESIAN_POINT('',(5.,-3.5));
#290 = DIRECTION('',(1.,0.));
#291 = ( GEOMETRIC_REPRESENTATION_CONTEXT(2) 
PARAMETRIC_REPRESENTATION_CONTEXT() REPRESENTATION_CONTEXT('2D SPACE',''
  ) );
#292 = PCURVE('',#293,#298);
#293 = CYLINDRICAL_SURFACE('',#294,3.);
#294 = AXIS2_PLACEMENT_3D('',#295,#296,#297);
#295 = CARTESIAN_POINT('',(-34.,14.5,-16.));
#296 = DIRECTION('',(0.,0.,1.));
#297 = DIRECTION('',(1.,0.,-0.));
#298 = DEFINITIONAL_REPRESENTATION('',(#299),#303);
#299 = LINE('',#300,#301);
#300 = CARTESIAN_POINT('',(0.,0.2));
#301 = VECTOR('',#302,1.);
#302 = DIRECTION('',(1.,0.));
#303 = ( GEOMETRIC_REPRESENTATION_CONTEXT(2) 
PARAMETRIC_REPRESENTATION_CONTEXT() REPRESENTATION_CONTEXT('2D SPACE',''
  ) );
#304 = FACE_BOUND('',#305,.F.);
#305 = EDGE_LOOP('',(#306,#336,#365,#393,#426,#454,#482,#510,#539,#567,
    #600,#628,#656,#684,#712,#740,#769,#797,#830,#858,#881,#909,#938,
    #966));
#306 = ORIENTED_EDGE('',*,*,#307,.T.);
#307 = EDGE_CURVE('',#308,#310,#312,.T.);
#308 = VERTEX_POINT('',#309);
#309 = CARTESIAN_POINT('',(-37.,-23.13397459621,-15.8));
#310 = VERTEX_POINT('',#311);
#311 = CARTESIAN_POINT('',(-37.,11.133974596216,-15.8));
#312 = SURFACE_CURVE('',#313,(#317,#324),.PCURVE_S1.);
#313 = LINE('',#314,#315);
#314 = CARTESIAN_POINT('',(-37.,17.,-15.8));
#315 = VECTOR('',#316,1.);
#316 = DIRECTION('',(0.,1.,-0.));
#317 = PCURVE('',#106,#318);
#318 = DEFINITIONAL_REPRESENTATION('',(#319),#323);
#319 = LINE('',#320,#321);
#320 = CARTESIAN_POINT('',(2.,-1.));
#321 = VECTOR('',#322,1.);
#322 = DIRECTION('',(0.,1.));
#323 = ( GEOMETRIC_REPRESENTATION_CONTEXT(2) 
PARAMETRIC_REPRESENTATION_CONTEXT() REPRESENTATION_CONTEXT('2D SPACE',''
  ) );
#324 = PCURVE('',#325,#330);
#325 = PLANE('',#326);
#326 = AXIS2_PLACEMENT_3D('',#327,#328,#329);
#327 = CARTESIAN_POINT('',(-37.,16.,23.2));
#328 = DIRECTION('',(1.,0.,0.));
#329 = DIRECTION('',(0.,0.,-1.));
#330 = DEFINITIONAL_REPRESENTATION('',(#331),#335);
#331 = LINE('',#332,#333);
#332 = CARTESIAN_POINT('',(39.,1.));
#333 = VECTOR('',#334,1.);
#334 = DIRECTION('',(0.,1.));
#335 = ( GEOMETRIC_REPRESENTATION_CONTEXT(2) 
PARAMETRIC_REPRESENTATION_CONTEXT() REPRESENTATION_CONTEXT('2D SPACE',''
  ) );
#336 = ORIENTED_EDGE('',*,*,#337,.T.);
#337 = EDGE_CURVE('',#310,#338,#340,.T.);
#338 = VERTEX_POINT('',#339);
#339 = CARTESIAN_POINT('',(-36.5,11.,-15.8));
#340 = SURFACE_CURVE('',#341,(#346,#353),.PCURVE_S1.);
#341 = CIRCLE('',#342,1.);
#342 = AXIS2_PLACEMENT_3D('',#343,#344,#345);
#343 = CARTESIAN_POINT('',(-36.5,12.,-15.8));
#344 = DIRECTION('',(0.,0.,1.));
#345 = DIRECTION('',(0.,-1.,0.));
#346 = PCURVE('',#106,#347);
#347 = DEFINITIONAL_REPRESENTATION('',(#348),#352);
#348 = CIRCLE('',#349,1.);
#349 = AXIS2_PLACEMENT_2D('',#350,#351);
#350 = CARTESIAN_POINT('',(2.5,-6.));
#351 = DIRECTION('',(0.,-1.));
#352 = ( GEOMETRIC_REPRESENTATION_CONTEXT(2) 
PARAMETRIC_REPRESENTATION_CONTEXT() REPRESENTATION_CONTEXT('2D SPACE',''
  ) );
#353 = PCURVE('',#354,#359);
#354 = CYLINDRICAL_SURFACE('',#355,1.);
#355 = AXIS2_PLACEMENT_3D('',#356,#357,#358);
#356 = CARTESIAN_POINT('',(-36.5,12.,-15.8));
#357 = DIRECTION('',(0.,0.,1.));
#358 = DIRECTION('',(-1.,-0.,0.));
#359 = DEFINITIONAL_REPRESENTATION('',(#360),#364);
#360 = LINE('',#361,#362);
#361 = CARTESIAN_POINT('',(-4.712388980385,0.));
#362 = VECTOR('',#363,1.);
#363 = DIRECTION('',(1.,0.));
#364 = ( GEOMETRIC_REPRESENTATION_CONTEXT(2) 
PARAMETRIC_REPRESENTATION_CONTEXT() REPRESENTATION_CONTEXT('2D SPACE',''
  ) );
#365 = ORIENTED_EDGE('',*,*,#366,.T.);
#366 = EDGE_CURVE('',#338,#367,#369,.T.);
#367 = VERTEX_POINT('',#368);
#368 = CARTESIAN_POINT('',(-31.5,11.,-15.8));
#369 = SURFACE_CURVE('',#370,(#374,#381),.PCURVE_S1.);
#370 = LINE('',#371,#372);
#371 = CARTESIAN_POINT('',(-37.5,11.,-15.8));
#372 = VECTOR('',#373,1.);
#373 = DIRECTION('',(1.,0.,0.));
#374 = PCURVE('',#106,#375);
#375 = DEFINITIONAL_REPRESENTATION('',(#376),#380);
#376 = LINE('',#377,#378);
#377 = CARTESIAN_POINT('',(1.5,-7.));
#378 = VECTOR('',#379,1.);
#379 = DIRECTION('',(1.,0.));
#380 = ( GEOMETRIC_REPRESENTATION_CONTEXT(2) 
PARAMETRIC_REPRESENTATION_CONTEXT() REPRESENTATION_CONTEXT('2D SPACE',''
  ) );
#381 = PCURVE('',#382,#387);
#382 = PLANE('',#383);
#383 = AXIS2_PLACEMENT_3D('',#384,#385,#386);
#384 = CARTESIAN_POINT('',(-37.5,11.,-15.8));
#385 = DIRECTION('',(0.,1.,0.));
#386 = DIRECTION('',(0.,-0.,1.));
#387 = DEFINITIONAL_REPRESENTATION('',(#388),#392);
#388 = LINE('',#389,#390);
#389 = CARTESIAN_POINT('',(0.,0.));
#390 = VECTOR('',#391,1.);
#391 = DIRECTION('',(0.,1.));
#392 = ( GEOMETRIC_REPRESENTATION_CONTEXT(2) 
PARAMETRIC_REPRESENTATION_CONTEXT() REPRESENTATION_CONTEXT('2D SPACE',''
  ) );
#393 = ORIENTED_EDGE('',*,*,#394,.F.);
#394 = EDGE_CURVE('',#395,#367,#397,.T.);
#395 = VERTEX_POINT('',#396);
#396 = CARTESIAN_POINT('',(-30.5,12.,-15.8));
#397 = SURFACE_CURVE('',#398,(#403,#414),.PCURVE_S1.);
#398 = CIRCLE('',#399,1.);
#399 = AXIS2_PLACEMENT_3D('',#400,#401,#402);
#400 = CARTESIAN_POINT('',(-31.5,12.,-15.8));
#401 = DIRECTION('',(-0.,-0.,-1.));
#402 = DIRECTION('',(0.,-1.,0.));
#403 = PCURVE('',#106,#404);
#404 = DEFINITIONAL_REPRESENTATION('',(#405),#413);
#405 = ( BOUNDED_CURVE() B_SPLINE_CURVE(2,(#406,#407,#408,#409,#410,#411
,#412),.UNSPECIFIED.,.T.,.F.) B_SPLINE_CURVE_WITH_KNOTS((1,2,2,2,2,1),(
    -2.094395102393,0.,2.094395102393,4.188790204786,6.28318530718,
8.377580409573),.UNSPECIFIED.) CURVE() GEOMETRIC_REPRESENTATION_ITEM() 
RATIONAL_B_SPLINE_CURVE((1.,0.5,1.,0.5,1.,0.5,1.)) REPRESENTATION_ITEM(
  '') );
#406 = CARTESIAN_POINT('',(7.5,-7.));
#407 = CARTESIAN_POINT('',(5.767949192431,-7.));
#408 = CARTESIAN_POINT('',(6.633974596216,-5.5));
#409 = CARTESIAN_POINT('',(7.5,-4.));
#410 = CARTESIAN_POINT('',(8.366025403784,-5.5));
#411 = CARTESIAN_POINT('',(9.232050807569,-7.));
#412 = CARTESIAN_POINT('',(7.5,-7.));
#413 = ( GEOMETRIC_REPRESENTATION_CONTEXT(2) 
PARAMETRIC_REPRESENTATION_CONTEXT() REPRESENTATION_CONTEXT('2D SPACE',''
  ) );
#414 = PCURVE('',#415,#420);
#415 = CYLINDRICAL_SURFACE('',#416,1.);
#416 = AXIS2_PLACEMENT_3D('',#417,#418,#419);
#417 = CARTESIAN_POINT('',(-31.5,12.,-15.8));
#418 = DIRECTION('',(0.,0.,1.));
#419 = DIRECTION('',(1.,0.,-0.));
#420 = DEFINITIONAL_REPRESENTATION('',(#421),#425);
#421 = LINE('',#422,#423);
#422 = CARTESIAN_POINT('',(10.995574287565,0.));
#423 = VECTOR('',#424,1.);
#424 = DIRECTION('',(-1.,0.));
#425 = ( GEOMETRIC_REPRESENTATION_CONTEXT(2) 
PARAMETRIC_REPRESENTATION_CONTEXT() REPRESENTATION_CONTEXT('2D SPACE',''
  ) );
#426 = ORIENTED_EDGE('',*,*,#427,.T.);
#427 = EDGE_CURVE('',#395,#428,#430,.T.);
#428 = VERTEX_POINT('',#429);
#429 = CARTESIAN_POINT('',(-30.5,16.,-15.8));
#430 = SURFACE_CURVE('',#431,(#435,#442),.PCURVE_S1.);
#431 = LINE('',#432,#433);
#432 = CARTESIAN_POINT('',(-30.5,11.,-15.8));
#433 = VECTOR('',#434,1.);
#434 = DIRECTION('',(0.,1.,0.));
#435 = PCURVE('',#106,#436);
#436 = DEFINITIONAL_REPRESENTATION('',(#437),#441);
#437 = LINE('',#438,#439);
#438 = CARTESIAN_POINT('',(8.5,-7.));
#439 = VECTOR('',#440,1.);
#440 = DIRECTION('',(0.,1.));
#441 = ( GEOMETRIC_REPRESENTATION_CONTEXT(2) 
PARAMETRIC_REPRESENTATION_CONTEXT() REPRESENTATION_CONTEXT('2D SPACE',''
  ) );
#442 = PCURVE('',#443,#448);
#443 = PLANE('',#444);
#444 = AXIS2_PLACEMENT_3D('',#445,#446,#447);
#445 = CARTESIAN_POINT('',(-30.5,11.,-15.8));
#446 = DIRECTION('',(1.,0.,0.));
#447 = DIRECTION('',(0.,0.,1.));
#448 = DEFINITIONAL_REPRESENTATION('',(#449),#453);
#449 = LINE('',#450,#451);
#450 = CARTESIAN_POINT('',(0.,0.));
#451 = VECTOR('',#452,1.);
#452 = DIRECTION('',(0.,-1.));
#453 = ( GEOMETRIC_REPRESENTATION_CONTEXT(2) 
PARAMETRIC_REPRESENTATION_CONTEXT() REPRESENTATION_CONTEXT('2D SPACE',''
  ) );
#454 = ORIENTED_EDGE('',*,*,#455,.T.);
#455 = EDGE_CURVE('',#428,#456,#458,.T.);
#456 = VERTEX_POINT('',#457);
#457 = CARTESIAN_POINT('',(32.5,16.,-15.8));
#458 = SURFACE_CURVE('',#459,(#463,#470),.PCURVE_S1.);
#459 = LINE('',#460,#461);
#460 = CARTESIAN_POINT('',(-18.30929289582,16.,-15.8));
#461 = VECTOR('',#462,1.);
#462 = DIRECTION('',(1.,-0.,0.));
#463 = PCURVE('',#106,#464);
#464 = DEFINITIONAL_REPRESENTATION('',(#465),#469);
#465 = LINE('',#466,#467);
#466 = CARTESIAN_POINT('',(20.69070710418,-2.));
#467 = VECTOR('',#468,1.);
#468 = DIRECTION('',(1.,0.));
#469 = ( GEOMETRIC_REPRESENTATION_CONTEXT(2) 
PARAMETRIC_REPRESENTATION_CONTEXT() REPRESENTATION_CONTEXT('2D SPACE',''
  ) );
#470 = PCURVE('',#471,#476);
#471 = PLANE('',#472);
#472 = AXIS2_PLACEMENT_3D('',#473,#474,#475);
#473 = CARTESIAN_POINT('',(2.381414208361,16.,6.210634975253));
#474 = DIRECTION('',(-0.,-1.,-0.));
#475 = DIRECTION('',(0.,0.,-1.));
#476 = DEFINITIONAL_REPRESENTATION('',(#477),#481);
#477 = LINE('',#478,#479);
#478 = CARTESIAN_POINT('',(22.010634975253,-20.69070710418));
#479 = VECTOR('',#480,1.);
#480 = DIRECTION('',(0.,1.));
#481 = ( GEOMETRIC_REPRESENTATION_CONTEXT(2) 
PARAMETRIC_REPRESENTATION_CONTEXT() REPRESENTATION_CONTEXT('2D SPACE',''
  ) );
#482 = ORIENTED_EDGE('',*,*,#483,.F.);
#483 = EDGE_CURVE('',#484,#456,#486,.T.);
#484 = VERTEX_POINT('',#485);
#485 = CARTESIAN_POINT('',(32.5,12.,-15.8));
#486 = SURFACE_CURVE('',#487,(#491,#498),.PCURVE_S1.);
#487 = LINE('',#488,#489);
#488 = CARTESIAN_POINT('',(32.5,11.,-15.8));
#489 = VECTOR('',#490,1.);
#490 = DIRECTION('',(0.,1.,0.));
#491 = PCURVE('',#106,#492);
#492 = DEFINITIONAL_REPRESENTATION('',(#493),#497);
#493 = LINE('',#494,#495);
#494 = CARTESIAN_POINT('',(71.5,-7.));
#495 = VECTOR('',#496,1.);
#496 = DIRECTION('',(0.,1.));
#497 = ( GEOMETRIC_REPRESENTATION_CONTEXT(2) 
PARAMETRIC_REPRESENTATION_CONTEXT() REPRESENTATION_CONTEXT('2D SPACE',''
  ) );
#498 = PCURVE('',#499,#504);
#499 = PLANE('',#500);
#500 = AXIS2_PLACEMENT_3D('',#501,#502,#503);
#501 = CARTESIAN_POINT('',(32.5,11.,-15.8));
#502 = DIRECTION('',(1.,0.,0.));
#503 = DIRECTION('',(0.,0.,1.));
#504 = DEFINITIONAL_REPRESENTATION('',(#505),#509);
#505 = LINE('',#506,#507);
#506 = CARTESIAN_POINT('',(0.,0.));
#507 = VECTOR('',#508,1.);
#508 = DIRECTION('',(0.,-1.));
#509 = ( GEOMETRIC_REPRESENTATION_CONTEXT(2) 
PARAMETRIC_REPRESENTATION_CONTEXT() REPRESENTATION_CONTEXT('2D SPACE',''
  ) );
#510 = ORIENTED_EDGE('',*,*,#511,.T.);
#511 = EDGE_CURVE('',#484,#512,#514,.T.);
#512 = VERTEX_POINT('',#513);
#513 = CARTESIAN_POINT('',(33.5,11.,-15.8));
#514 = SURFACE_CURVE('',#515,(#520,#527),.PCURVE_S1.);
#515 = CIRCLE('',#516,1.);
#516 = AXIS2_PLACEMENT_3D('',#517,#518,#519);
#517 = CARTESIAN_POINT('',(33.5,12.,-15.8));
#518 = DIRECTION('',(0.,0.,1.));
#519 = DIRECTION('',(0.,-1.,0.));
#520 = PCURVE('',#106,#521);
#521 = DEFINITIONAL_REPRESENTATION('',(#522),#526);
#522 = CIRCLE('',#523,1.);
#523 = AXIS2_PLACEMENT_2D('',#524,#525);
#524 = CARTESIAN_POINT('',(72.5,-6.));
#525 = DIRECTION('',(0.,-1.));
#526 = ( GEOMETRIC_REPRESENTATION_CONTEXT(2) 
PARAMETRIC_REPRESENTATION_CONTEXT() REPRESENTATION_CONTEXT('2D SPACE',''
  ) );
#527 = PCURVE('',#528,#533);
#528 = CYLINDRICAL_SURFACE('',#529,1.);
#529 = AXIS2_PLACEMENT_3D('',#530,#531,#532);
#530 = CARTESIAN_POINT('',(33.5,12.,-15.8));
#531 = DIRECTION('',(0.,0.,1.));
#532 = DIRECTION('',(-1.,-0.,0.));
#533 = DEFINITIONAL_REPRESENTATION('',(#534),#538);
#534 = LINE('',#535,#536);
#535 = CARTESIAN_POINT('',(-4.712388980385,0.));
#536 = VECTOR('',#537,1.);
#537 = DIRECTION('',(1.,0.));
#538 = ( GEOMETRIC_REPRESENTATION_CONTEXT(2) 
PARAMETRIC_REPRESENTATION_CONTEXT() REPRESENTATION_CONTEXT('2D SPACE',''
  ) );
#539 = ORIENTED_EDGE('',*,*,#540,.T.);
#540 = EDGE_CURVE('',#512,#541,#543,.T.);
#541 = VERTEX_POINT('',#542);
#542 = CARTESIAN_POINT('',(38.5,11.,-15.8));
#543 = SURFACE_CURVE('',#544,(#548,#555),.PCURVE_S1.);
#544 = LINE('',#545,#546);
#545 = CARTESIAN_POINT('',(32.5,11.,-15.8));
#546 = VECTOR('',#547,1.);
#547 = DIRECTION('',(1.,0.,0.));
#548 = PCURVE('',#106,#549);
#549 = DEFINITIONAL_REPRESENTATION('',(#550),#554);
#550 = LINE('',#551,#552);
#551 = CARTESIAN_POINT('',(71.5,-7.));
#552 = VECTOR('',#553,1.);
#553 = DIRECTION('',(1.,0.));
#554 = ( GEOMETRIC_REPRESENTATION_CONTEXT(2) 
PARAMETRIC_REPRESENTATION_CONTEXT() REPRESENTATION_CONTEXT('2D SPACE',''
  ) );
#555 = PCURVE('',#556,#561);
#556 = PLANE('',#557);
#557 = AXIS2_PLACEMENT_3D('',#558,#559,#560);
#558 = CARTESIAN_POINT('',(32.5,11.,-15.8));
#559 = DIRECTION('',(0.,1.,0.));
#560 = DIRECTION('',(0.,-0.,1.));
#561 = DEFINITIONAL_REPRESENTATION('',(#562),#566);
#562 = LINE('',#563,#564);
#563 = CARTESIAN_POINT('',(0.,0.));
#564 = VECTOR('',#565,1.);
#565 = DIRECTION('',(0.,1.));
#566 = ( GEOMETRIC_REPRESENTATION_CONTEXT(2) 
PARAMETRIC_REPRESENTATION_CONTEXT() REPRESENTATION_CONTEXT('2D SPACE',''
  ) );
#567 = ORIENTED_EDGE('',*,*,#568,.F.);
#568 = EDGE_CURVE('',#569,#541,#571,.T.);
#569 = VERTEX_POINT('',#570);
#570 = CARTESIAN_POINT('',(39.5,12.,-15.8));
#571 = SURFACE_CURVE('',#572,(#577,#588),.PCURVE_S1.);
#572 = CIRCLE('',#573,1.);
#573 = AXIS2_PLACEMENT_3D('',#574,#575,#576);
#574 = CARTESIAN_POINT('',(38.5,12.,-15.8));
#575 = DIRECTION('',(-0.,-0.,-1.));
#576 = DIRECTION('',(0.,-1.,0.));
#577 = PCURVE('',#106,#578);
#578 = DEFINITIONAL_REPRESENTATION('',(#579),#587);
#579 = ( BOUNDED_CURVE() B_SPLINE_CURVE(2,(#580,#581,#582,#583,#584,#585
,#586),.UNSPECIFIED.,.T.,.F.) B_SPLINE_CURVE_WITH_KNOTS((1,2,2,2,2,1),(
    -2.094395102393,0.,2.094395102393,4.188790204786,6.28318530718,
8.377580409573),.UNSPECIFIED.) CURVE() GEOMETRIC_REPRESENTATION_ITEM() 
RATIONAL_B_SPLINE_CURVE((1.,0.5,1.,0.5,1.,0.5,1.)) REPRESENTATION_ITEM(
  '') );
#580 = CARTESIAN_POINT('',(77.5,-7.));
#581 = CARTESIAN_POINT('',(75.767949192431,-7.));
#582 = CARTESIAN_POINT('',(76.633974596216,-5.5));
#583 = CARTESIAN_POINT('',(77.5,-4.));
#584 = CARTESIAN_POINT('',(78.366025403784,-5.5));
#585 = CARTESIAN_POINT('',(79.232050807569,-7.));
#586 = CARTESIAN_POINT('',(77.5,-7.));
#587 = ( GEOMETRIC_REPRESENTATION_CONTEXT(2) 
PARAMETRIC_REPRESENTATION_CONTEXT() REPRESENTATION_CONTEXT('2D SPACE',''
  ) );
#588 = PCURVE('',#589,#594);
#589 = CYLINDRICAL_SURFACE('',#590,1.);
#590 = AXIS2_PLACEMENT_3D('',#591,#592,#593);
#591 = CARTESIAN_POINT('',(38.5,12.,-15.8));
#592 = DIRECTION('',(0.,0.,1.));
#593 = DIRECTION('',(1.,0.,-0.));
#594 = DEFINITIONAL_REPRESENTATION('',(#595),#599);
#595 = LINE('',#596,#597);
#596 = CARTESIAN_POINT('',(10.995574287565,0.));
#597 = VECTOR('',#598,1.);
#598 = DIRECTION('',(-1.,0.));
#599 = ( GEOMETRIC_REPRESENTATION_CONTEXT(2) 
PARAMETRIC_REPRESENTATION_CONTEXT() REPRESENTATION_CONTEXT('2D SPACE',''
  ) );
#600 = ORIENTED_EDGE('',*,*,#601,.T.);
#601 = EDGE_CURVE('',#569,#602,#604,.T.);
#602 = VERTEX_POINT('',#603);
#603 = CARTESIAN_POINT('',(39.5,16.,-15.8));
#604 = SURFACE_CURVE('',#605,(#609,#616),.PCURVE_S1.);
#605 = LINE('',#606,#607);
#606 = CARTESIAN_POINT('',(39.5,11.,-15.8));
#607 = VECTOR('',#608,1.);
#608 = DIRECTION('',(0.,1.,0.));
#609 = PCURVE('',#106,#610);
#610 = DEFINITIONAL_REPRESENTATION('',(#611),#615);
#611 = LINE('',#612,#613);
#612 = CARTESIAN_POINT('',(78.5,-7.));
#613 = VECTOR('',#614,1.);
#614 = DIRECTION('',(0.,1.));
#615 = ( GEOMETRIC_REPRESENTATION_CONTEXT(2) 
PARAMETRIC_REPRESENTATION_CONTEXT() REPRESENTATION_CONTEXT('2D SPACE',''
  ) );
#616 = PCURVE('',#617,#622);
#617 = PLANE('',#618);
#618 = AXIS2_PLACEMENT_3D('',#619,#620,#621);
#619 = CARTESIAN_POINT('',(39.5,11.,-15.8));
#620 = DIRECTION('',(1.,0.,0.));
#621 = DIRECTION('',(0.,0.,1.));
#622 = DEFINITIONAL_REPRESENTATION('',(#623),#627);
#623 = LINE('',#624,#625);
#624 = CARTESIAN_POINT('',(0.,0.));
#625 = VECTOR('',#626,1.);
#626 = DIRECTION('',(0.,-1.));
#627 = ( GEOMETRIC_REPRESENTATION_CONTEXT(2) 
PARAMETRIC_REPRESENTATION_CONTEXT() REPRESENTATION_CONTEXT('2D SPACE',''
  ) );
#628 = ORIENTED_EDGE('',*,*,#629,.T.);
#629 = EDGE_CURVE('',#602,#630,#632,.T.);
#630 = VERTEX_POINT('',#631);
#631 = CARTESIAN_POINT('',(45.,16.,-15.8));
#632 = SURFACE_CURVE('',#633,(#637,#644),.PCURVE_S1.);
#633 = LINE('',#634,#635);
#634 = CARTESIAN_POINT('',(-18.30929289582,16.,-15.8));
#635 = VECTOR('',#636,1.);
#636 = DIRECTION('',(1.,-0.,0.));
#637 = PCURVE('',#106,#638);
#638 = DEFINITIONAL_REPRESENTATION('',(#639),#643);
#639 = LINE('',#640,#641);
#640 = CARTESIAN_POINT('',(20.69070710418,-2.));
#641 = VECTOR('',#642,1.);
#642 = DIRECTION('',(1.,0.));
#643 = ( GEOMETRIC_REPRESENTATION_CONTEXT(2) 
PARAMETRIC_REPRESENTATION_CONTEXT() REPRESENTATION_CONTEXT('2D SPACE',''
  ) );
#644 = PCURVE('',#645,#650);
#645 = PLANE('',#646);
#646 = AXIS2_PLACEMENT_3D('',#647,#648,#649);
#647 = CARTESIAN_POINT('',(2.381414208361,16.,6.210634975253));
#648 = DIRECTION('',(-0.,-1.,-0.));
#649 = DIRECTION('',(0.,0.,-1.));
#650 = DEFINITIONAL_REPRESENTATION('',(#651),#655);
#651 = LINE('',#652,#653);
#652 = CARTESIAN_POINT('',(22.010634975253,-20.69070710418));
#653 = VECTOR('',#654,1.);
#654 = DIRECTION('',(0.,1.));
#655 = ( GEOMETRIC_REPRESENTATION_CONTEXT(2) 
PARAMETRIC_REPRESENTATION_CONTEXT() REPRESENTATION_CONTEXT('2D SPACE',''
  ) );
#656 = ORIENTED_EDGE('',*,*,#657,.T.);
#657 = EDGE_CURVE('',#630,#658,#660,.T.);
#658 = VERTEX_POINT('',#659);
#659 = CARTESIAN_POINT('',(45.,-28.,-15.8));
#660 = SURFACE_CURVE('',#661,(#665,#672),.PCURVE_S1.);
#661 = LINE('',#662,#663);
#662 = CARTESIAN_POINT('',(45.,17.,-15.8));
#663 = VECTOR('',#664,1.);
#664 = DIRECTION('',(0.,-1.,0.));
#665 = PCURVE('',#106,#666);
#666 = DEFINITIONAL_REPRESENTATION('',(#667),#671);
#667 = LINE('',#668,#669);
#668 = CARTESIAN_POINT('',(84.,-1.));
#669 = VECTOR('',#670,1.);
#670 = DIRECTION('',(0.,-1.));
#671 = ( GEOMETRIC_REPRESENTATION_CONTEXT(2) 
PARAMETRIC_REPRESENTATION_CONTEXT() REPRESENTATION_CONTEXT('2D SPACE',''
  ) );
#672 = PCURVE('',#673,#678);
#673 = PLANE('',#674);
#674 = AXIS2_PLACEMENT_3D('',#675,#676,#677);
#675 = CARTESIAN_POINT('',(45.,16.,-18.));
#676 = DIRECTION('',(-1.,0.,0.));
#677 = DIRECTION('',(0.,0.,1.));
#678 = DEFINITIONAL_REPRESENTATION('',(#679),#683);
#679 = LINE('',#680,#681);
#680 = CARTESIAN_POINT('',(2.2,1.));
#681 = VECTOR('',#682,1.);
#682 = DIRECTION('',(0.,-1.));
#683 = ( GEOMETRIC_REPRESENTATION_CONTEXT(2) 
PARAMETRIC_REPRESENTATION_CONTEXT() REPRESENTATION_CONTEXT('2D SPACE',''
  ) );
#684 = ORIENTED_EDGE('',*,*,#685,.F.);
#685 = EDGE_CURVE('',#686,#658,#688,.T.);
#686 = VERTEX_POINT('',#687);
#687 = CARTESIAN_POINT('',(39.5,-28.,-15.8));
#688 = SURFACE_CURVE('',#689,(#693,#700),.PCURVE_S1.);
#689 = LINE('',#690,#691);
#690 = CARTESIAN_POINT('',(-18.30929289582,-28.,-15.8));
#691 = VECTOR('',#692,1.);
#692 = DIRECTION('',(1.,-0.,0.));
#693 = PCURVE('',#106,#694);
#694 = DEFINITIONAL_REPRESENTATION('',(#695),#699);
#695 = LINE('',#696,#697);
#696 = CARTESIAN_POINT('',(20.69070710418,-46.));
#697 = VECTOR('',#698,1.);
#698 = DIRECTION('',(1.,0.));
#699 = ( GEOMETRIC_REPRESENTATION_CONTEXT(2) 
PARAMETRIC_REPRESENTATION_CONTEXT() REPRESENTATION_CONTEXT('2D SPACE',''
  ) );
#700 = PCURVE('',#701,#706);
#701 = PLANE('',#702);
#702 = AXIS2_PLACEMENT_3D('',#703,#704,#705);
#703 = CARTESIAN_POINT('',(2.381414208361,-28.,6.210634975253));
#704 = DIRECTION('',(-0.,-1.,-0.));
#705 = DIRECTION('',(0.,0.,-1.));
#706 = DEFINITIONAL_REPRESENTATION('',(#707),#711);
#707 = LINE('',#708,#709);
#708 = CARTESIAN_POINT('',(22.010634975253,-20.69070710418));
#709 = VECTOR('',#710,1.);
#710 = DIRECTION('',(0.,1.));
#711 = ( GEOMETRIC_REPRESENTATION_CONTEXT(2) 
PARAMETRIC_REPRESENTATION_CONTEXT() REPRESENTATION_CONTEXT('2D SPACE',''
  ) );
#712 = ORIENTED_EDGE('',*,*,#713,.T.);
#713 = EDGE_CURVE('',#686,#714,#716,.T.);
#714 = VERTEX_POINT('',#715);
#715 = CARTESIAN_POINT('',(39.5,-24.,-15.8));
#716 = SURFACE_CURVE('',#717,(#721,#728),.PCURVE_S1.);
#717 = LINE('',#718,#719);
#718 = CARTESIAN_POINT('',(39.5,-30.,-15.8));
#719 = VECTOR('',#720,1.);
#720 = DIRECTION('',(0.,1.,0.));
#721 = PCURVE('',#106,#722);
#722 = DEFINITIONAL_REPRESENTATION('',(#723),#727);
#723 = LINE('',#724,#725);
#724 = CARTESIAN_POINT('',(78.5,-48.));
#725 = VECTOR('',#726,1.);
#726 = DIRECTION('',(0.,1.));
#727 = ( GEOMETRIC_REPRESENTATION_CONTEXT(2) 
PARAMETRIC_REPRESENTATION_CONTEXT() REPRESENTATION_CONTEXT('2D SPACE',''
  ) );
#728 = PCURVE('',#729,#734);
#729 = PLANE('',#730);
#730 = AXIS2_PLACEMENT_3D('',#731,#732,#733);
#731 = CARTESIAN_POINT('',(39.5,-30.,-15.8));
#732 = DIRECTION('',(1.,0.,0.));
#733 = DIRECTION('',(0.,0.,1.));
#734 = DEFINITIONAL_REPRESENTATION('',(#735),#739);
#735 = LINE('',#736,#737);
#736 = CARTESIAN_POINT('',(0.,0.));
#737 = VECTOR('',#738,1.);
#738 = DIRECTION('',(0.,-1.));
#739 = ( GEOMETRIC_REPRESENTATION_CONTEXT(2) 
PARAMETRIC_REPRESENTATION_CONTEXT() REPRESENTATION_CONTEXT('2D SPACE',''
  ) );
#740 = ORIENTED_EDGE('',*,*,#741,.T.);
#741 = EDGE_CURVE('',#714,#742,#744,.T.);
#742 = VERTEX_POINT('',#743);
#743 = CARTESIAN_POINT('',(38.5,-23.,-15.8));
#744 = SURFACE_CURVE('',#745,(#750,#757),.PCURVE_S1.);
#745 = CIRCLE('',#746,1.);
#746 = AXIS2_PLACEMENT_3D('',#747,#748,#749);
#747 = CARTESIAN_POINT('',(38.5,-24.,-15.8));
#748 = DIRECTION('',(0.,0.,1.));
#749 = DIRECTION('',(0.,-1.,0.));
#750 = PCURVE('',#106,#751);
#751 = DEFINITIONAL_REPRESENTATION('',(#752),#756);
#752 = CIRCLE('',#753,1.);
#753 = AXIS2_PLACEMENT_2D('',#754,#755);
#754 = CARTESIAN_POINT('',(77.5,-42.));
#755 = DIRECTION('',(0.,-1.));
#756 = ( GEOMETRIC_REPRESENTATION_CONTEXT(2) 
PARAMETRIC_REPRESENTATION_CONTEXT() REPRESENTATION_CONTEXT('2D SPACE',''
  ) );
#757 = PCURVE('',#758,#763);
#758 = CYLINDRICAL_SURFACE('',#759,1.);
#759 = AXIS2_PLACEMENT_3D('',#760,#761,#762);
#760 = CARTESIAN_POINT('',(38.5,-24.,-15.8));
#761 = DIRECTION('',(0.,0.,1.));
#762 = DIRECTION('',(1.,0.,-0.));
#763 = DEFINITIONAL_REPRESENTATION('',(#764),#768);
#764 = LINE('',#765,#766);
#765 = CARTESIAN_POINT('',(-1.570796326795,0.));
#766 = VECTOR('',#767,1.);
#767 = DIRECTION('',(1.,0.));
#768 = ( GEOMETRIC_REPRESENTATION_CONTEXT(2) 
PARAMETRIC_REPRESENTATION_CONTEXT() REPRESENTATION_CONTEXT('2D SPACE',''
  ) );
#769 = ORIENTED_EDGE('',*,*,#770,.F.);
#770 = EDGE_CURVE('',#771,#742,#773,.T.);
#771 = VERTEX_POINT('',#772);
#772 = CARTESIAN_POINT('',(33.5,-23.,-15.8));
#773 = SURFACE_CURVE('',#774,(#778,#785),.PCURVE_S1.);
#774 = LINE('',#775,#776);
#775 = CARTESIAN_POINT('',(32.5,-23.,-15.8));
#776 = VECTOR('',#777,1.);
#777 = DIRECTION('',(1.,0.,0.));
#778 = PCURVE('',#106,#779);
#779 = DEFINITIONAL_REPRESENTATION('',(#780),#784);
#780 = LINE('',#781,#782);
#781 = CARTESIAN_POINT('',(71.5,-41.));
#782 = VECTOR('',#783,1.);
#783 = DIRECTION('',(1.,0.));
#784 = ( GEOMETRIC_REPRESENTATION_CONTEXT(2) 
PARAMETRIC_REPRESENTATION_CONTEXT() REPRESENTATION_CONTEXT('2D SPACE',''
  ) );
#785 = PCURVE('',#786,#791);
#786 = PLANE('',#787);
#787 = AXIS2_PLACEMENT_3D('',#788,#789,#790);
#788 = CARTESIAN_POINT('',(32.5,-23.,-15.8));
#789 = DIRECTION('',(0.,1.,0.));
#790 = DIRECTION('',(0.,-0.,1.));
#791 = DEFINITIONAL_REPRESENTATION('',(#792),#796);
#792 = LINE('',#793,#794);
#793 = CARTESIAN_POINT('',(0.,0.));
#794 = VECTOR('',#795,1.);
#795 = DIRECTION('',(0.,1.));
#796 = ( GEOMETRIC_REPRESENTATION_CONTEXT(2) 
PARAMETRIC_REPRESENTATION_CONTEXT() REPRESENTATION_CONTEXT('2D SPACE',''
  ) );
#797 = ORIENTED_EDGE('',*,*,#798,.F.);
#798 = EDGE_CURVE('',#799,#771,#801,.T.);
#799 = VERTEX_POINT('',#800);
#800 = CARTESIAN_POINT('',(32.5,-24.,-15.8));
#801 = SURFACE_CURVE('',#802,(#807,#818),.PCURVE_S1.);
#802 = CIRCLE('',#803,1.);
#803 = AXIS2_PLACEMENT_3D('',#804,#805,#806);
#804 = CARTESIAN_POINT('',(33.5,-24.,-15.8));
#805 = DIRECTION('',(-0.,-0.,-1.));
#806 = DIRECTION('',(0.,-1.,0.));
#807 = PCURVE('',#106,#808);
#808 = DEFINITIONAL_REPRESENTATION('',(#809),#817);
#809 = ( BOUNDED_CURVE() B_SPLINE_CURVE(2,(#810,#811,#812,#813,#814,#815
,#816),.UNSPECIFIED.,.T.,.F.) B_SPLINE_CURVE_WITH_KNOTS((1,2,2,2,2,1),(
    -2.094395102393,0.,2.094395102393,4.188790204786,6.28318530718,
8.377580409573),.UNSPECIFIED.) CURVE() GEOMETRIC_REPRESENTATION_ITEM() 
RATIONAL_B_SPLINE_CURVE((1.,0.5,1.,0.5,1.,0.5,1.)) REPRESENTATION_ITEM(
  '') );
#810 = CARTESIAN_POINT('',(72.5,-43.));
#811 = CARTESIAN_POINT('',(70.767949192431,-43.));
#812 = CARTESIAN_POINT('',(71.633974596216,-41.5));
#813 = CARTESIAN_POINT('',(72.5,-40.));
#814 = CARTESIAN_POINT('',(73.366025403784,-41.5));
#815 = CARTESIAN_POINT('',(74.232050807569,-43.));
#816 = CARTESIAN_POINT('',(72.5,-43.));
#817 = ( GEOMETRIC_REPRESENTATION_CONTEXT(2) 
PARAMETRIC_REPRESENTATION_CONTEXT() REPRESENTATION_CONTEXT('2D SPACE',''
  ) );
#818 = PCURVE('',#819,#824);
#819 = CYLINDRICAL_SURFACE('',#820,1.);
#820 = AXIS2_PLACEMENT_3D('',#821,#822,#823);
#821 = CARTESIAN_POINT('',(33.5,-24.,-15.8));
#822 = DIRECTION('',(0.,0.,1.));
#823 = DIRECTION('',(-1.,-0.,0.));
#824 = DEFINITIONAL_REPRESENTATION('',(#825),#829);
#825 = LINE('',#826,#827);
#826 = CARTESIAN_POINT('',(7.853981633975,0.));
#827 = VECTOR('',#828,1.);
#828 = DIRECTION('',(-1.,0.));
#829 = ( GEOMETRIC_REPRESENTATION_CONTEXT(2) 
PARAMETRIC_REPRESENTATION_CONTEXT() REPRESENTATION_CONTEXT('2D SPACE',''
  ) );
#830 = ORIENTED_EDGE('',*,*,#831,.F.);
#831 = EDGE_CURVE('',#832,#799,#834,.T.);
#832 = VERTEX_POINT('',#833);
#833 = CARTESIAN_POINT('',(32.5,-28.,-15.8));
#834 = SURFACE_CURVE('',#835,(#839,#846),.PCURVE_S1.);
#835 = LINE('',#836,#837);
#836 = CARTESIAN_POINT('',(32.5,-30.,-15.8));
#837 = VECTOR('',#838,1.);
#838 = DIRECTION('',(0.,1.,0.));
#839 = PCURVE('',#106,#840);
#840 = DEFINITIONAL_REPRESENTATION('',(#841),#845);
#841 = LINE('',#842,#843);
#842 = CARTESIAN_POINT('',(71.5,-48.));
#843 = VECTOR('',#844,1.);
#844 = DIRECTION('',(0.,1.));
#845 = ( GEOMETRIC_REPRESENTATION_CONTEXT(2) 
PARAMETRIC_REPRESENTATION_CONTEXT() REPRESENTATION_CONTEXT('2D SPACE',''
  ) );
#846 = PCURVE('',#847,#852);
#847 = PLANE('',#848);
#848 = AXIS2_PLACEMENT_3D('',#849,#850,#851);
#849 = CARTESIAN_POINT('',(32.5,-30.,-15.8));
#850 = DIRECTION('',(1.,0.,0.));
#851 = DIRECTION('',(0.,0.,1.));
#852 = DEFINITIONAL_REPRESENTATION('',(#853),#857);
#853 = LINE('',#854,#855);
#854 = CARTESIAN_POINT('',(0.,0.));
#855 = VECTOR('',#856,1.);
#856 = DIRECTION('',(0.,-1.));
#857 = ( GEOMETRIC_REPRESENTATION_CONTEXT(2) 
PARAMETRIC_REPRESENTATION_CONTEXT() REPRESENTATION_CONTEXT('2D SPACE',''
  ) );
#858 = ORIENTED_EDGE('',*,*,#859,.F.);
#859 = EDGE_CURVE('',#860,#832,#862,.T.);
#860 = VERTEX_POINT('',#861);
#861 = CARTESIAN_POINT('',(-30.5,-28.,-15.8));
#862 = SURFACE_CURVE('',#863,(#867,#874),.PCURVE_S1.);
#863 = LINE('',#864,#865);
#864 = CARTESIAN_POINT('',(-18.30929289582,-28.,-15.8));
#865 = VECTOR('',#866,1.);
#866 = DIRECTION('',(1.,-0.,0.));
#867 = PCURVE('',#106,#868);
#868 = DEFINITIONAL_REPRESENTATION('',(#869),#873);
#869 = LINE('',#870,#871);
#870 = CARTESIAN_POINT('',(20.69070710418,-46.));
#871 = VECTOR('',#872,1.);
#872 = DIRECTION('',(1.,0.));
#873 = ( GEOMETRIC_REPRESENTATION_CONTEXT(2) 
PARAMETRIC_REPRESENTATION_CONTEXT() REPRESENTATION_CONTEXT('2D SPACE',''
  ) );
#874 = PCURVE('',#701,#875);
#875 = DEFINITIONAL_REPRESENTATION('',(#876),#880);
#876 = LINE('',#877,#878);
#877 = CARTESIAN_POINT('',(22.010634975253,-20.69070710418));
#878 = VECTOR('',#879,1.);
#879 = DIRECTION('',(0.,1.));
#880 = ( GEOMETRIC_REPRESENTATION_CONTEXT(2) 
PARAMETRIC_REPRESENTATION_CONTEXT() REPRESENTATION_CONTEXT('2D SPACE',''
  ) );
#881 = ORIENTED_EDGE('',*,*,#882,.T.);
#882 = EDGE_CURVE('',#860,#883,#885,.T.);
#883 = VERTEX_POINT('',#884);
#884 = CARTESIAN_POINT('',(-30.5,-24.,-15.8));
#885 = SURFACE_CURVE('',#886,(#890,#897),.PCURVE_S1.);
#886 = LINE('',#887,#888);
#887 = CARTESIAN_POINT('',(-30.5,-30.,-15.8));
#888 = VECTOR('',#889,1.);
#889 = DIRECTION('',(0.,1.,0.));
#890 = PCURVE('',#106,#891);
#891 = DEFINITIONAL_REPRESENTATION('',(#892),#896);
#892 = LINE('',#893,#894);
#893 = CARTESIAN_POINT('',(8.5,-48.));
#894 = VECTOR('',#895,1.);
#895 = DIRECTION('',(0.,1.));
#896 = ( GEOMETRIC_REPRESENTATION_CONTEXT(2) 
PARAMETRIC_REPRESENTATION_CONTEXT() REPRESENTATION_CONTEXT('2D SPACE',''
  ) );
#897 = PCURVE('',#898,#903);
#898 = PLANE('',#899);
#899 = AXIS2_PLACEMENT_3D('',#900,#901,#902);
#900 = CARTESIAN_POINT('',(-30.5,-30.,-15.8));
#901 = DIRECTION('',(1.,0.,0.));
#902 = DIRECTION('',(0.,0.,1.));
#903 = DEFINITIONAL_REPRESENTATION('',(#904),#908);
#904 = LINE('',#905,#906);
#905 = CARTESIAN_POINT('',(0.,0.));
#906 = VECTOR('',#907,1.);
#907 = DIRECTION('',(0.,-1.));
#908 = ( GEOMETRIC_REPRESENTATION_CONTEXT(2) 
PARAMETRIC_REPRESENTATION_CONTEXT() REPRESENTATION_CONTEXT('2D SPACE',''
  ) );
#909 = ORIENTED_EDGE('',*,*,#910,.T.);
#910 = EDGE_CURVE('',#883,#911,#913,.T.);
#911 = VERTEX_POINT('',#912);
#912 = CARTESIAN_POINT('',(-31.5,-23.,-15.8));
#913 = SURFACE_CURVE('',#914,(#919,#926),.PCURVE_S1.);
#914 = CIRCLE('',#915,1.);
#915 = AXIS2_PLACEMENT_3D('',#916,#917,#918);
#916 = CARTESIAN_POINT('',(-31.5,-24.,-15.8));
#917 = DIRECTION('',(0.,0.,1.));
#918 = DIRECTION('',(0.,-1.,0.));
#919 = PCURVE('',#106,#920);
#920 = DEFINITIONAL_REPRESENTATION('',(#921),#925);
#921 = CIRCLE('',#922,1.);
#922 = AXIS2_PLACEMENT_2D('',#923,#924);
#923 = CARTESIAN_POINT('',(7.5,-42.));
#924 = DIRECTION('',(0.,-1.));
#925 = ( GEOMETRIC_REPRESENTATION_CONTEXT(2) 
PARAMETRIC_REPRESENTATION_CONTEXT() REPRESENTATION_CONTEXT('2D SPACE',''
  ) );
#926 = PCURVE('',#927,#932);
#927 = CYLINDRICAL_SURFACE('',#928,1.);
#928 = AXIS2_PLACEMENT_3D('',#929,#930,#931);
#929 = CARTESIAN_POINT('',(-31.5,-24.,-15.8));
#930 = DIRECTION('',(0.,0.,1.));
#931 = DIRECTION('',(1.,0.,-0.));
#932 = DEFINITIONAL_REPRESENTATION('',(#933),#937);
#933 = LINE('',#934,#935);
#934 = CARTESIAN_POINT('',(-1.570796326795,0.));
#935 = VECTOR('',#936,1.);
#936 = DIRECTION('',(1.,0.));
#937 = ( GEOMETRIC_REPRESENTATION_CONTEXT(2) 
PARAMETRIC_REPRESENTATION_CONTEXT() REPRESENTATION_CONTEXT('2D SPACE',''
  ) );
#938 = ORIENTED_EDGE('',*,*,#939,.F.);
#939 = EDGE_CURVE('',#940,#911,#942,.T.);
#940 = VERTEX_POINT('',#941);
#941 = CARTESIAN_POINT('',(-36.5,-23.,-15.8));
#942 = SURFACE_CURVE('',#943,(#947,#954),.PCURVE_S1.);
#943 = LINE('',#944,#945);
#944 = CARTESIAN_POINT('',(-37.5,-23.,-15.8));
#945 = VECTOR('',#946,1.);
#946 = DIRECTION('',(1.,0.,0.));
#947 = PCURVE('',#106,#948);
#948 = DEFINITIONAL_REPRESENTATION('',(#949),#953);
#949 = LINE('',#950,#951);
#950 = CARTESIAN_POINT('',(1.5,-41.));
#951 = VECTOR('',#952,1.);
#952 = DIRECTION('',(1.,0.));
#953 = ( GEOMETRIC_REPRESENTATION_CONTEXT(2) 
PARAMETRIC_REPRESENTATION_CONTEXT() REPRESENTATION_CONTEXT('2D SPACE',''
  ) );
#954 = PCURVE('',#955,#960);
#955 = PLANE('',#956);
#956 = AXIS2_PLACEMENT_3D('',#957,#958,#959);
#957 = CARTESIAN_POINT('',(-37.5,-23.,-15.8));
#958 = DIRECTION('',(0.,1.,0.));
#959 = DIRECTION('',(0.,-0.,1.));
#960 = DEFINITIONAL_REPRESENTATION('',(#961),#965);
#961 = LINE('',#962,#963);
#962 = CARTESIAN_POINT('',(0.,0.));
#963 = VECTOR('',#964,1.);
#964 = DIRECTION('',(0.,1.));
#965 = ( GEOMETRIC_REPRESENTATION_CONTEXT(2) 
PARAMETRIC_REPRESENTATION_CONTEXT() REPRESENTATION_CONTEXT('2D SPACE',''
  ) );
#966 = ORIENTED_EDGE('',*,*,#967,.F.);
#967 = EDGE_CURVE('',#308,#940,#968,.T.);
#968 = SURFACE_CURVE('',#969,(#974,#985),.PCURVE_S1.);
#969 = CIRCLE('',#970,1.);
#970 = AXIS2_PLACEMENT_3D('',#971,#972,#973);
#971 = CARTESIAN_POINT('',(-36.5,-24.,-15.8));
#972 = DIRECTION('',(-0.,-0.,-1.));
#973 = DIRECTION('',(0.,-1.,0.));
#974 = PCURVE('',#106,#975);
#975 = DEFINITIONAL_REPRESENTATION('',(#976),#984);
#976 = ( BOUNDED_CURVE() B_SPLINE_CURVE(2,(#977,#978,#979,#980,#981,#982
,#983),.UNSPECIFIED.,.T.,.F.) B_SPLINE_CURVE_WITH_KNOTS((1,2,2,2,2,1),(
    -2.094395102393,0.,2.094395102393,4.188790204786,6.28318530718,
8.377580409573),.UNSPECIFIED.) CURVE() GEOMETRIC_REPRESENTATION_ITEM() 
RATIONAL_B_SPLINE_CURVE((1.,0.5,1.,0.5,1.,0.5,1.)) REPRESENTATION_ITEM(
  '') );
#977 = CARTESIAN_POINT('',(2.5,-43.));
#978 = CARTESIAN_POINT('',(0.767949192431,-43.));
#979 = CARTESIAN_POINT('',(1.633974596216,-41.5));
#980 = CARTESIAN_POINT('',(2.5,-40.));
#981 = CARTESIAN_POINT('',(3.366025403784,-41.5));
#982 = CARTESIAN_POINT('',(4.232050807569,-43.));
#983 = CARTESIAN_POINT('',(2.5,-43.));
#984 = ( GEOMETRIC_REPRESENTATION_CONTEXT(2) 
PARAMETRIC_REPRESENTATION_CONTEXT() REPRESENTATION_CONTEXT('2D SPACE',''
  ) );
#985 = PCURVE('',#986,#991);
#986 = CYLINDRICAL_SURFACE('',#987,1.);
#987 = AXIS2_PLACEMENT_3D('',#988,#989,#990);
#988 = CARTESIAN_POINT('',(-36.5,-24.,-15.8));
#989 = DIRECTION('',(0.,0.,1.));
#990 = DIRECTION('',(-1.,-0.,0.));
#991 = DEFINITIONAL_REPRESENTATION('',(#992),#996);
#992 = LINE('',#993,#994);
#993 = CARTESIAN_POINT('',(7.853981633975,0.));
#994 = VECTOR('',#995,1.);
#995 = DIRECTION('',(-1.,0.));
#996 = ( GEOMETRIC_REPRESENTATION_CONTEXT(2) 
PARAMETRIC_REPRESENTATION_CONTEXT() REPRESENTATION_CONTEXT('2D SPACE',''
  ) );
#997 = FACE_BOUND('',#998,.F.);
#998 = EDGE_LOOP('',(#999));
#999 = ORIENTED_EDGE('',*,*,#1000,.F.);
#1000 = EDGE_CURVE('',#1001,#1001,#1003,.T.);
#1001 = VERTEX_POINT('',#1002);
#1002 = CARTESIAN_POINT('',(39.,14.5,-15.8));
#1003 = SURFACE_CURVE('',#1004,(#1009,#1016),.PCURVE_S1.);
#1004 = CIRCLE('',#1005,3.);
#1005 = AXIS2_PLACEMENT_3D('',#1006,#1007,#1008);
#1006 = CARTESIAN_POINT('',(36.,14.5,-15.8));
#1007 = DIRECTION('',(0.,0.,1.));
#1008 = DIRECTION('',(1.,0.,-0.));
#1009 = PCURVE('',#106,#1010);
#1010 = DEFINITIONAL_REPRESENTATION('',(#1011),#1015);
#1011 = CIRCLE('',#1012,3.);
#1012 = AXIS2_PLACEMENT_2D('',#1013,#1014);
#1013 = CARTESIAN_POINT('',(75.,-3.5));
#1014 = DIRECTION('',(1.,0.));
#1015 = ( GEOMETRIC_REPRESENTATION_CONTEXT(2) 
PARAMETRIC_REPRESENTATION_CONTEXT() REPRESENTATION_CONTEXT('2D SPACE',''
  ) );
#1016 = PCURVE('',#1017,#1022);
#1017 = CYLINDRICAL_SURFACE('',#1018,3.);
#1018 = AXIS2_PLACEMENT_3D('',#1019,#1020,#1021);
#1019 = CARTESIAN_POINT('',(36.,14.5,-16.));
#1020 = DIRECTION('',(0.,0.,1.));
#1021 = DIRECTION('',(1.,0.,-0.));
#1022 = DEFINITIONAL_REPRESENTATION('',(#1023),#1027);
#1023 = LINE('',#1024,#1025);
#1024 = CARTESIAN_POINT('',(0.,0.2));
#1025 = VECTOR('',#1026,1.);
#1026 = DIRECTION('',(1.,0.));
#1027 = ( GEOMETRIC_REPRESENTATION_CONTEXT(2) 
PARAMETRIC_REPRESENTATION_CONTEXT() REPRESENTATION_CONTEXT('2D SPACE',''
  ) );
#1028 = ADVANCED_FACE('',(#1029),#1017,.T.);
#1029 = FACE_BOUND('',#1030,.T.);
#1030 = EDGE_LOOP('',(#1031,#1032,#1055,#1082));
#1031 = ORIENTED_EDGE('',*,*,#1000,.F.);
#1032 = ORIENTED_EDGE('',*,*,#1033,.F.);
#1033 = EDGE_CURVE('',#1034,#1001,#1036,.T.);
#1034 = VERTEX_POINT('',#1035);
#1035 = CARTESIAN_POINT('',(39.,14.5,-16.));
#1036 = SEAM_CURVE('',#1037,(#1041,#1048),.PCURVE_S1.);
#1037 = LINE('',#1038,#1039);
#1038 = CARTESIAN_POINT('',(39.,14.5,-16.));
#1039 = VECTOR('',#1040,1.);
#1040 = DIRECTION('',(0.,0.,1.));
#1041 = PCURVE('',#1017,#1042);
#1042 = DEFINITIONAL_REPRESENTATION('',(#1043),#1047);
#1043 = LINE('',#1044,#1045);
#1044 = CARTESIAN_POINT('',(0.,-0.));
#1045 = VECTOR('',#1046,1.);
#1046 = DIRECTION('',(0.,1.));
#1047 = ( GEOMETRIC_REPRESENTATION_CONTEXT(2) 
PARAMETRIC_REPRESENTATION_CONTEXT() REPRESENTATION_CONTEXT('2D SPACE',''
  ) );
#1048 = PCURVE('',#1017,#1049);
#1049 = DEFINITIONAL_REPRESENTATION('',(#1050),#1054);
#1050 = LINE('',#1051,#1052);
#1051 = CARTESIAN_POINT('',(6.28318530718,-0.));
#1052 = VECTOR('',#1053,1.);
#1053 = DIRECTION('',(0.,1.));
#1054 = ( GEOMETRIC_REPRESENTATION_CONTEXT(2) 
PARAMETRIC_REPRESENTATION_CONTEXT() REPRESENTATION_CONTEXT('2D SPACE',''
  ) );
#1055 = ORIENTED_EDGE('',*,*,#1056,.T.);
#1056 = EDGE_CURVE('',#1034,#1034,#1057,.T.);
#1057 = SURFACE_CURVE('',#1058,(#1063,#1070),.PCURVE_S1.);
#1058 = CIRCLE('',#1059,3.);
#1059 = AXIS2_PLACEMENT_3D('',#1060,#1061,#1062);
#1060 = CARTESIAN_POINT('',(36.,14.5,-16.));
#1061 = DIRECTION('',(0.,0.,1.));
#1062 = DIRECTION('',(1.,0.,-0.));
#1063 = PCURVE('',#1017,#1064);
#1064 = DEFINITIONAL_REPRESENTATION('',(#1065),#1069);
#1065 = LINE('',#1066,#1067);
#1066 = CARTESIAN_POINT('',(0.,0.));
#1067 = VECTOR('',#1068,1.);
#1068 = DIRECTION('',(1.,0.));
#1069 = ( GEOMETRIC_REPRESENTATION_CONTEXT(2) 
PARAMETRIC_REPRESENTATION_CONTEXT() REPRESENTATION_CONTEXT('2D SPACE',''
  ) );
#1070 = PCURVE('',#1071,#1076);
#1071 = PLANE('',#1072);
#1072 = AXIS2_PLACEMENT_3D('',#1073,#1074,#1075);
#1073 = CARTESIAN_POINT('',(36.,14.5,-16.));
#1074 = DIRECTION('',(0.,0.,1.));
#1075 = DIRECTION('',(1.,0.,-0.));
#1076 = DEFINITIONAL_REPRESENTATION('',(#1077),#1081);
#1077 = CIRCLE('',#1078,3.);
#1078 = AXIS2_PLACEMENT_2D('',#1079,#1080);
#1079 = CARTESIAN_POINT('',(0.,0.));
#1080 = DIRECTION('',(1.,0.));
#1081 = ( GEOMETRIC_REPRESENTATION_CONTEXT(2) 
PARAMETRIC_REPRESENTATION_CONTEXT() REPRESENTATION_CONTEXT('2D SPACE',''
  ) );
#1082 = ORIENTED_EDGE('',*,*,#1033,.T.);
#1083 = ADVANCED_FACE('',(#1084,#1087),#1071,.F.);
#1084 = FACE_BOUND('',#1085,.F.);
#1085 = EDGE_LOOP('',(#1086));
#1086 = ORIENTED_EDGE('',*,*,#1056,.T.);
#1087 = FACE_BOUND('',#1088,.F.);
#1088 = EDGE_LOOP('',(#1089));
#1089 = ORIENTED_EDGE('',*,*,#1090,.F.);
#1090 = EDGE_CURVE('',#1091,#1091,#1093,.T.);
#1091 = VERTEX_POINT('',#1092);
#1092 = CARTESIAN_POINT('',(37.15,14.5,-16.));
#1093 = SURFACE_CURVE('',#1094,(#1099,#1106),.PCURVE_S1.);
#1094 = CIRCLE('',#1095,1.15);
#1095 = AXIS2_PLACEMENT_3D('',#1096,#1097,#1098);
#1096 = CARTESIAN_POINT('',(36.,14.5,-16.));
#1097 = DIRECTION('',(0.,0.,1.));
#1098 = DIRECTION('',(1.,0.,-0.));
#1099 = PCURVE('',#1071,#1100);
#1100 = DEFINITIONAL_REPRESENTATION('',(#1101),#1105);
#1101 = CIRCLE('',#1102,1.15);
#1102 = AXIS2_PLACEMENT_2D('',#1103,#1104);
#1103 = CARTESIAN_POINT('',(0.,0.));
#1104 = DIRECTION('',(1.,0.));
#1105 = ( GEOMETRIC_REPRESENTATION_CONTEXT(2) 
PARAMETRIC_REPRESENTATION_CONTEXT() REPRESENTATION_CONTEXT('2D SPACE',''
  ) );
#1106 = PCURVE('',#1107,#1112);
#1107 = CYLINDRICAL_SURFACE('',#1108,1.15);
#1108 = AXIS2_PLACEMENT_3D('',#1109,#1110,#1111);
#1109 = CARTESIAN_POINT('',(36.,14.5,-17.));
#1110 = DIRECTION('',(0.,0.,1.));
#1111 = DIRECTION('',(1.,0.,-0.));
#1112 = DEFINITIONAL_REPRESENTATION('',(#1113),#1117);
#1113 = LINE('',#1114,#1115);
#1114 = CARTESIAN_POINT('',(0.,1.));
#1115 = VECTOR('',#1116,1.);
#1116 = DIRECTION('',(1.,0.));
#1117 = ( GEOMETRIC_REPRESENTATION_CONTEXT(2) 
PARAMETRIC_REPRESENTATION_CONTEXT() REPRESENTATION_CONTEXT('2D SPACE',''
  ) );
#1118 = ADVANCED_FACE('',(#1119),#1107,.F.);
#1119 = FACE_BOUND('',#1120,.F.);
#1120 = EDGE_LOOP('',(#1121,#1150,#1171,#1172));
#1121 = ORIENTED_EDGE('',*,*,#1122,.F.);
#1122 = EDGE_CURVE('',#1123,#1123,#1125,.T.);
#1123 = VERTEX_POINT('',#1124);
#1124 = CARTESIAN_POINT('',(37.15,14.5,-14.6));
#1125 = SURFACE_CURVE('',#1126,(#1131,#1138),.PCURVE_S1.);
#1126 = CIRCLE('',#1127,1.15);
#1127 = AXIS2_PLACEMENT_3D('',#1128,#1129,#1130);
#1128 = CARTESIAN_POINT('',(36.,14.5,-14.6));
#1129 = DIRECTION('',(0.,0.,1.));
#1130 = DIRECTION('',(1.,0.,-0.));
#1131 = PCURVE('',#1107,#1132);
#1132 = DEFINITIONAL_REPRESENTATION('',(#1133),#1137);
#1133 = LINE('',#1134,#1135);
#1134 = CARTESIAN_POINT('',(0.,2.4));
#1135 = VECTOR('',#1136,1.);
#1136 = DIRECTION('',(1.,0.));
#1137 = ( GEOMETRIC_REPRESENTATION_CONTEXT(2) 
PARAMETRIC_REPRESENTATION_CONTEXT() REPRESENTATION_CONTEXT('2D SPACE',''
  ) );
#1138 = PCURVE('',#1139,#1144);
#1139 = PLANE('',#1140);
#1140 = AXIS2_PLACEMENT_3D('',#1141,#1142,#1143);
#1141 = CARTESIAN_POINT('',(33.8,12.3,-14.6));
#1142 = DIRECTION('',(0.,0.,1.));
#1143 = DIRECTION('',(1.,0.,-0.));
#1144 = DEFINITIONAL_REPRESENTATION('',(#1145),#1149);
#1145 = CIRCLE('',#1146,1.15);
#1146 = AXIS2_PLACEMENT_2D('',#1147,#1148);
#1147 = CARTESIAN_POINT('',(2.2,2.2));
#1148 = DIRECTION('',(1.,0.));
#1149 = ( GEOMETRIC_REPRESENTATION_CONTEXT(2) 
PARAMETRIC_REPRESENTATION_CONTEXT() REPRESENTATION_CONTEXT('2D SPACE',''
  ) );
#1150 = ORIENTED_EDGE('',*,*,#1151,.F.);
#1151 = EDGE_CURVE('',#1091,#1123,#1152,.T.);
#1152 = SEAM_CURVE('',#1153,(#1157,#1164),.PCURVE_S1.);
#1153 = LINE('',#1154,#1155);
#1154 = CARTESIAN_POINT('',(37.15,14.5,-16.));
#1155 = VECTOR('',#1156,1.);
#1156 = DIRECTION('',(0.,0.,1.));
#1157 = PCURVE('',#1107,#1158);
#1158 = DEFINITIONAL_REPRESENTATION('',(#1159),#1163);
#1159 = LINE('',#1160,#1161);
#1160 = CARTESIAN_POINT('',(0.,1.));
#1161 = VECTOR('',#1162,1.);
#1162 = DIRECTION('',(0.,1.));
#1163 = ( GEOMETRIC_REPRESENTATION_CONTEXT(2) 
PARAMETRIC_REPRESENTATION_CONTEXT() REPRESENTATION_CONTEXT('2D SPACE',''
  ) );
#1164 = PCURVE('',#1107,#1165);
#1165 = DEFINITIONAL_REPRESENTATION('',(#1166),#1170);
#1166 = LINE('',#1167,#1168);
#1167 = CARTESIAN_POINT('',(6.28318530718,1.));
#1168 = VECTOR('',#1169,1.);
#1169 = DIRECTION('',(0.,1.));
#1170 = ( GEOMETRIC_REPRESENTATION_CONTEXT(2) 
PARAMETRIC_REPRESENTATION_CONTEXT() REPRESENTATION_CONTEXT('2D SPACE',''
  ) );
#1171 = ORIENTED_EDGE('',*,*,#1090,.T.);
#1172 = ORIENTED_EDGE('',*,*,#1151,.T.);
#1173 = ADVANCED_FACE('',(#1174,#1283),#1139,.T.);
#1174 = FACE_BOUND('',#1175,.T.);
#1175 = EDGE_LOOP('',(#1176,#1206,#1234,#1262));
#1176 = ORIENTED_EDGE('',*,*,#1177,.T.);
#1177 = EDGE_CURVE('',#1178,#1180,#1182,.T.);
#1178 = VERTEX_POINT('',#1179);
#1179 = CARTESIAN_POINT('',(33.8,18.,-14.6));
#1180 = VERTEX_POINT('',#1181);
#1181 = CARTESIAN_POINT('',(33.8,12.3,-14.6));
#1182 = SURFACE_CURVE('',#1183,(#1187,#1194),.PCURVE_S1.);
#1183 = LINE('',#1184,#1185);
#1184 = CARTESIAN_POINT('',(33.8,18.,-14.6));
#1185 = VECTOR('',#1186,1.);
#1186 = DIRECTION('',(0.,-1.,0.));
#1187 = PCURVE('',#1139,#1188);
#1188 = DEFINITIONAL_REPRESENTATION('',(#1189),#1193);
#1189 = LINE('',#1190,#1191);
#1190 = CARTESIAN_POINT('',(0.,5.7));
#1191 = VECTOR('',#1192,1.);
#1192 = DIRECTION('',(0.,-1.));
#1193 = ( GEOMETRIC_REPRESENTATION_CONTEXT(2) 
PARAMETRIC_REPRESENTATION_CONTEXT() REPRESENTATION_CONTEXT('2D SPACE',''
  ) );
#1194 = PCURVE('',#1195,#1200);
#1195 = PLANE('',#1196);
#1196 = AXIS2_PLACEMENT_3D('',#1197,#1198,#1199);
#1197 = CARTESIAN_POINT('',(33.8,12.3,-14.6));
#1198 = DIRECTION('',(1.,0.,-0.));
#1199 = DIRECTION('',(0.,0.,1.));
#1200 = DEFINITIONAL_REPRESENTATION('',(#1201),#1205);
#1201 = LINE('',#1202,#1203);
#1202 = CARTESIAN_POINT('',(0.,-5.7));
#1203 = VECTOR('',#1204,1.);
#1204 = DIRECTION('',(0.,1.));
#1205 = ( GEOMETRIC_REPRESENTATION_CONTEXT(2) 
PARAMETRIC_REPRESENTATION_CONTEXT() REPRESENTATION_CONTEXT('2D SPACE',''
  ) );
#1206 = ORIENTED_EDGE('',*,*,#1207,.T.);
#1207 = EDGE_CURVE('',#1180,#1208,#1210,.T.);
#1208 = VERTEX_POINT('',#1209);
#1209 = CARTESIAN_POINT('',(38.2,12.3,-14.6));
#1210 = SURFACE_CURVE('',#1211,(#1215,#1222),.PCURVE_S1.);
#1211 = LINE('',#1212,#1213);
#1212 = CARTESIAN_POINT('',(33.8,12.3,-14.6));
#1213 = VECTOR('',#1214,1.);
#1214 = DIRECTION('',(1.,0.,0.));
#1215 = PCURVE('',#1139,#1216);
#1216 = DEFINITIONAL_REPRESENTATION('',(#1217),#1221);
#1217 = LINE('',#1218,#1219);
#1218 = CARTESIAN_POINT('',(0.,0.));
#1219 = VECTOR('',#1220,1.);
#1220 = DIRECTION('',(1.,0.));
#1221 = ( GEOMETRIC_REPRESENTATION_CONTEXT(2) 
PARAMETRIC_REPRESENTATION_CONTEXT() REPRESENTATION_CONTEXT('2D SPACE',''
  ) );
#1222 = PCURVE('',#1223,#1228);
#1223 = PLANE('',#1224);
#1224 = AXIS2_PLACEMENT_3D('',#1225,#1226,#1227);
#1225 = CARTESIAN_POINT('',(33.8,12.3,-14.6));
#1226 = DIRECTION('',(0.,1.,0.));
#1227 = DIRECTION('',(0.,-0.,1.));
#1228 = DEFINITIONAL_REPRESENTATION('',(#1229),#1233);
#1229 = LINE('',#1230,#1231);
#1230 = CARTESIAN_POINT('',(0.,0.));
#1231 = VECTOR('',#1232,1.);
#1232 = DIRECTION('',(0.,1.));
#1233 = ( GEOMETRIC_REPRESENTATION_CONTEXT(2) 
PARAMETRIC_REPRESENTATION_CONTEXT() REPRESENTATION_CONTEXT('2D SPACE',''
  ) );
#1234 = ORIENTED_EDGE('',*,*,#1235,.T.);
#1235 = EDGE_CURVE('',#1208,#1236,#1238,.T.);
#1236 = VERTEX_POINT('',#1237);
#1237 = CARTESIAN_POINT('',(38.2,18.,-14.6));
#1238 = SURFACE_CURVE('',#1239,(#1243,#1250),.PCURVE_S1.);
#1239 = LINE('',#1240,#1241);
#1240 = CARTESIAN_POINT('',(38.2,12.3,-14.6));
#1241 = VECTOR('',#1242,1.);
#1242 = DIRECTION('',(-1.246566203088E-15,1.,0.));
#1243 = PCURVE('',#1139,#1244);
#1244 = DEFINITIONAL_REPRESENTATION('',(#1245),#1249);
#1245 = LINE('',#1246,#1247);
#1246 = CARTESIAN_POINT('',(4.4,0.));
#1247 = VECTOR('',#1248,1.);
#1248 = DIRECTION('',(-1.246566203088E-15,1.));
#1249 = ( GEOMETRIC_REPRESENTATION_CONTEXT(2) 
PARAMETRIC_REPRESENTATION_CONTEXT() REPRESENTATION_CONTEXT('2D SPACE',''
  ) );
#1250 = PCURVE('',#1251,#1256);
#1251 = PLANE('',#1252);
#1252 = AXIS2_PLACEMENT_3D('',#1253,#1254,#1255);
#1253 = CARTESIAN_POINT('',(38.2,12.3,-14.6));
#1254 = DIRECTION('',(1.,0.,-0.));
#1255 = DIRECTION('',(0.,0.,1.));
#1256 = DEFINITIONAL_REPRESENTATION('',(#1257),#1261);
#1257 = LINE('',#1258,#1259);
#1258 = CARTESIAN_POINT('',(0.,0.));
#1259 = VECTOR('',#1260,1.);
#1260 = DIRECTION('',(0.,-1.));
#1261 = ( GEOMETRIC_REPRESENTATION_CONTEXT(2) 
PARAMETRIC_REPRESENTATION_CONTEXT() REPRESENTATION_CONTEXT('2D SPACE',''
  ) );
#1262 = ORIENTED_EDGE('',*,*,#1263,.T.);
#1263 = EDGE_CURVE('',#1236,#1178,#1264,.T.);
#1264 = SURFACE_CURVE('',#1265,(#1269,#1276),.PCURVE_S1.);
#1265 = LINE('',#1266,#1267);
#1266 = CARTESIAN_POINT('',(18.075717928384,18.,-14.6));
#1267 = VECTOR('',#1268,1.);
#1268 = DIRECTION('',(-1.,0.,0.));
#1269 = PCURVE('',#1139,#1270);
#1270 = DEFINITIONAL_REPRESENTATION('',(#1271),#1275);
#1271 = LINE('',#1272,#1273);
#1272 = CARTESIAN_POINT('',(-15.72428207161,5.7));
#1273 = VECTOR('',#1274,1.);
#1274 = DIRECTION('',(-1.,0.));
#1275 = ( GEOMETRIC_REPRESENTATION_CONTEXT(2) 
PARAMETRIC_REPRESENTATION_CONTEXT() REPRESENTATION_CONTEXT('2D SPACE',''
  ) );
#1276 = PCURVE('',#118,#1277);
#1277 = DEFINITIONAL_REPRESENTATION('',(#1278),#1282);
#1278 = LINE('',#1279,#1280);
#1279 = CARTESIAN_POINT('',(22.862235193787,15.724282071616));
#1280 = VECTOR('',#1281,1.);
#1281 = DIRECTION('',(0.,-1.));
#1282 = ( GEOMETRIC_REPRESENTATION_CONTEXT(2) 
PARAMETRIC_REPRESENTATION_CONTEXT() REPRESENTATION_CONTEXT('2D SPACE',''
  ) );
#1283 = FACE_BOUND('',#1284,.T.);
#1284 = EDGE_LOOP('',(#1285));
#1285 = ORIENTED_EDGE('',*,*,#1122,.F.);
#1286 = ADVANCED_FACE('',(#1287),#1251,.F.);
#1287 = FACE_BOUND('',#1288,.F.);
#1288 = EDGE_LOOP('',(#1289,#1319,#1340,#1341));
#1289 = ORIENTED_EDGE('',*,*,#1290,.F.);
#1290 = EDGE_CURVE('',#1291,#1293,#1295,.T.);
#1291 = VERTEX_POINT('',#1292);
#1292 = CARTESIAN_POINT('',(38.2,12.3,-12.8));
#1293 = VERTEX_POINT('',#1294);
#1294 = CARTESIAN_POINT('',(38.2,18.,-12.8));
#1295 = SURFACE_CURVE('',#1296,(#1300,#1307),.PCURVE_S1.);
#1296 = LINE('',#1297,#1298);
#1297 = CARTESIAN_POINT('',(38.2,12.3,-12.8));
#1298 = VECTOR('',#1299,1.);
#1299 = DIRECTION('',(-1.246566203088E-15,1.,6.232831015439E-16));
#1300 = PCURVE('',#1251,#1301);
#1301 = DEFINITIONAL_REPRESENTATION('',(#1302),#1306);
#1302 = LINE('',#1303,#1304);
#1303 = CARTESIAN_POINT('',(1.8,0.));
#1304 = VECTOR('',#1305,1.);
#1305 = DIRECTION('',(6.232831015439E-16,-1.));
#1306 = ( GEOMETRIC_REPRESENTATION_CONTEXT(2) 
PARAMETRIC_REPRESENTATION_CONTEXT() REPRESENTATION_CONTEXT('2D SPACE',''
  ) );
#1307 = PCURVE('',#1308,#1313);
#1308 = PLANE('',#1309);
#1309 = AXIS2_PLACEMENT_3D('',#1310,#1311,#1312);
#1310 = CARTESIAN_POINT('',(33.8,12.3,-12.8));
#1311 = DIRECTION('',(0.,0.,1.));
#1312 = DIRECTION('',(1.,0.,-0.));
#1313 = DEFINITIONAL_REPRESENTATION('',(#1314),#1318);
#1314 = LINE('',#1315,#1316);
#1315 = CARTESIAN_POINT('',(4.4,0.));
#1316 = VECTOR('',#1317,1.);
#1317 = DIRECTION('',(-1.246566203088E-15,1.));
#1318 = ( GEOMETRIC_REPRESENTATION_CONTEXT(2) 
PARAMETRIC_REPRESENTATION_CONTEXT() REPRESENTATION_CONTEXT('2D SPACE',''
  ) );
#1319 = ORIENTED_EDGE('',*,*,#1320,.F.);
#1320 = EDGE_CURVE('',#1208,#1291,#1321,.T.);
#1321 = SURFACE_CURVE('',#1322,(#1326,#1333),.PCURVE_S1.);
#1322 = LINE('',#1323,#1324);
#1323 = CARTESIAN_POINT('',(38.2,12.3,-14.6));
#1324 = VECTOR('',#1325,1.);
#1325 = DIRECTION('',(0.,0.,1.));
#1326 = PCURVE('',#1251,#1327);
#1327 = DEFINITIONAL_REPRESENTATION('',(#1328),#1332);
#1328 = LINE('',#1329,#1330);
#1329 = CARTESIAN_POINT('',(0.,0.));
#1330 = VECTOR('',#1331,1.);
#1331 = DIRECTION('',(1.,0.));
#1332 = ( GEOMETRIC_REPRESENTATION_CONTEXT(2) 
PARAMETRIC_REPRESENTATION_CONTEXT() REPRESENTATION_CONTEXT('2D SPACE',''
  ) );
#1333 = PCURVE('',#1223,#1334);
#1334 = DEFINITIONAL_REPRESENTATION('',(#1335),#1339);
#1335 = LINE('',#1336,#1337);
#1336 = CARTESIAN_POINT('',(0.,4.4));
#1337 = VECTOR('',#1338,1.);
#1338 = DIRECTION('',(1.,0.));
#1339 = ( GEOMETRIC_REPRESENTATION_CONTEXT(2) 
PARAMETRIC_REPRESENTATION_CONTEXT() REPRESENTATION_CONTEXT('2D SPACE',''
  ) );
#1340 = ORIENTED_EDGE('',*,*,#1235,.T.);
#1341 = ORIENTED_EDGE('',*,*,#1342,.T.);
#1342 = EDGE_CURVE('',#1236,#1293,#1343,.T.);
#1343 = SURFACE_CURVE('',#1344,(#1348,#1355),.PCURVE_S1.);
#1344 = LINE('',#1345,#1346);
#1345 = CARTESIAN_POINT('',(38.2,18.,-3.168882403107));
#1346 = VECTOR('',#1347,1.);
#1347 = DIRECTION('',(0.,-0.,1.));
#1348 = PCURVE('',#1251,#1349);
#1349 = DEFINITIONAL_REPRESENTATION('',(#1350),#1354);
#1350 = LINE('',#1351,#1352);
#1351 = CARTESIAN_POINT('',(11.431117596893,-5.7));
#1352 = VECTOR('',#1353,1.);
#1353 = DIRECTION('',(1.,0.));
#1354 = ( GEOMETRIC_REPRESENTATION_CONTEXT(2) 
PARAMETRIC_REPRESENTATION_CONTEXT() REPRESENTATION_CONTEXT('2D SPACE',''
  ) );
#1355 = PCURVE('',#118,#1356);
#1356 = DEFINITIONAL_REPRESENTATION('',(#1357),#1361);
#1357 = LINE('',#1358,#1359);
#1358 = CARTESIAN_POINT('',(11.431117596894,35.848564143232));
#1359 = VECTOR('',#1360,1.);
#1360 = DIRECTION('',(-1.,0.));
#1361 = ( GEOMETRIC_REPRESENTATION_CONTEXT(2) 
PARAMETRIC_REPRESENTATION_CONTEXT() REPRESENTATION_CONTEXT('2D SPACE',''
  ) );
#1362 = ADVANCED_FACE('',(#1363,#1433),#1308,.F.);
#1363 = FACE_BOUND('',#1364,.F.);
#1364 = EDGE_LOOP('',(#1365,#1390,#1411,#1412));
#1365 = ORIENTED_EDGE('',*,*,#1366,.F.);
#1366 = EDGE_CURVE('',#1367,#1369,#1371,.T.);
#1367 = VERTEX_POINT('',#1368);
#1368 = CARTESIAN_POINT('',(33.8,12.3,-12.8));
#1369 = VERTEX_POINT('',#1370);
#1370 = CARTESIAN_POINT('',(33.8,18.,-12.8));
#1371 = SURFACE_CURVE('',#1372,(#1376,#1383),.PCURVE_S1.);
#1372 = LINE('',#1373,#1374);
#1373 = CARTESIAN_POINT('',(33.8,12.3,-12.8));
#1374 = VECTOR('',#1375,1.);
#1375 = DIRECTION('',(0.,1.,0.));
#1376 = PCURVE('',#1308,#1377);
#1377 = DEFINITIONAL_REPRESENTATION('',(#1378),#1382);
#1378 = LINE('',#1379,#1380);
#1379 = CARTESIAN_POINT('',(0.,0.));
#1380 = VECTOR('',#1381,1.);
#1381 = DIRECTION('',(0.,1.));
#1382 = ( GEOMETRIC_REPRESENTATION_CONTEXT(2) 
PARAMETRIC_REPRESENTATION_CONTEXT() REPRESENTATION_CONTEXT('2D SPACE',''
  ) );
#1383 = PCURVE('',#1195,#1384);
#1384 = DEFINITIONAL_REPRESENTATION('',(#1385),#1389);
#1385 = LINE('',#1386,#1387);
#1386 = CARTESIAN_POINT('',(1.8,0.));
#1387 = VECTOR('',#1388,1.);
#1388 = DIRECTION('',(0.,-1.));
#1389 = ( GEOMETRIC_REPRESENTATION_CONTEXT(2) 
PARAMETRIC_REPRESENTATION_CONTEXT() REPRESENTATION_CONTEXT('2D SPACE',''
  ) );
#1390 = ORIENTED_EDGE('',*,*,#1391,.T.);
#1391 = EDGE_CURVE('',#1367,#1291,#1392,.T.);
#1392 = SURFACE_CURVE('',#1393,(#1397,#1404),.PCURVE_S1.);
#1393 = LINE('',#1394,#1395);
#1394 = CARTESIAN_POINT('',(33.8,12.3,-12.8));
#1395 = VECTOR('',#1396,1.);
#1396 = DIRECTION('',(1.,0.,0.));
#1397 = PCURVE('',#1308,#1398);
#1398 = DEFINITIONAL_REPRESENTATION('',(#1399),#1403);
#1399 = LINE('',#1400,#1401);
#1400 = CARTESIAN_POINT('',(0.,0.));
#1401 = VECTOR('',#1402,1.);
#1402 = DIRECTION('',(1.,0.));
#1403 = ( GEOMETRIC_REPRESENTATION_CONTEXT(2) 
PARAMETRIC_REPRESENTATION_CONTEXT() REPRESENTATION_CONTEXT('2D SPACE',''
  ) );
#1404 = PCURVE('',#1223,#1405);
#1405 = DEFINITIONAL_REPRESENTATION('',(#1406),#1410);
#1406 = LINE('',#1407,#1408);
#1407 = CARTESIAN_POINT('',(1.8,0.));
#1408 = VECTOR('',#1409,1.);
#1409 = DIRECTION('',(0.,1.));
#1410 = ( GEOMETRIC_REPRESENTATION_CONTEXT(2) 
PARAMETRIC_REPRESENTATION_CONTEXT() REPRESENTATION_CONTEXT('2D SPACE',''
  ) );
#1411 = ORIENTED_EDGE('',*,*,#1290,.T.);
#1412 = ORIENTED_EDGE('',*,*,#1413,.T.);
#1413 = EDGE_CURVE('',#1293,#1369,#1414,.T.);
#1414 = SURFACE_CURVE('',#1415,(#1419,#1426),.PCURVE_S1.);
#1415 = LINE('',#1416,#1417);
#1416 = CARTESIAN_POINT('',(18.075717928384,18.,-12.8));
#1417 = VECTOR('',#1418,1.);
#1418 = DIRECTION('',(-1.,0.,0.));
#1419 = PCURVE('',#1308,#1420);
#1420 = DEFINITIONAL_REPRESENTATION('',(#1421),#1425);
#1421 = LINE('',#1422,#1423);
#1422 = CARTESIAN_POINT('',(-15.72428207161,5.7));
#1423 = VECTOR('',#1424,1.);
#1424 = DIRECTION('',(-1.,0.));
#1425 = ( GEOMETRIC_REPRESENTATION_CONTEXT(2) 
PARAMETRIC_REPRESENTATION_CONTEXT() REPRESENTATION_CONTEXT('2D SPACE',''
  ) );
#1426 = PCURVE('',#118,#1427);
#1427 = DEFINITIONAL_REPRESENTATION('',(#1428),#1432);
#1428 = LINE('',#1429,#1430);
#1429 = CARTESIAN_POINT('',(21.062235193787,15.724282071616));
#1430 = VECTOR('',#1431,1.);
#1431 = DIRECTION('',(0.,-1.));
#1432 = ( GEOMETRIC_REPRESENTATION_CONTEXT(2) 
PARAMETRIC_REPRESENTATION_CONTEXT() REPRESENTATION_CONTEXT('2D SPACE',''
  ) );
#1433 = FACE_BOUND('',#1434,.F.);
#1434 = EDGE_LOOP('',(#1435));
#1435 = ORIENTED_EDGE('',*,*,#1436,.F.);
#1436 = EDGE_CURVE('',#1437,#1437,#1439,.T.);
#1437 = VERTEX_POINT('',#1438);
#1438 = CARTESIAN_POINT('',(37.15,14.5,-12.8));
#1439 = SURFACE_CURVE('',#1440,(#1445,#1452),.PCURVE_S1.);
#1440 = CIRCLE('',#1441,1.15);
#1441 = AXIS2_PLACEMENT_3D('',#1442,#1443,#1444);
#1442 = CARTESIAN_POINT('',(36.,14.5,-12.8));
#1443 = DIRECTION('',(0.,0.,1.));
#1444 = DIRECTION('',(1.,0.,-0.));
#1445 = PCURVE('',#1308,#1446);
#1446 = DEFINITIONAL_REPRESENTATION('',(#1447),#1451);
#1447 = CIRCLE('',#1448,1.15);
#1448 = AXIS2_PLACEMENT_2D('',#1449,#1450);
#1449 = CARTESIAN_POINT('',(2.2,2.2));
#1450 = DIRECTION('',(1.,0.));
#1451 = ( GEOMETRIC_REPRESENTATION_CONTEXT(2) 
PARAMETRIC_REPRESENTATION_CONTEXT() REPRESENTATION_CONTEXT('2D SPACE',''
  ) );
#1452 = PCURVE('',#1453,#1458);
#1453 = CYLINDRICAL_SURFACE('',#1454,1.15);
#1454 = AXIS2_PLACEMENT_3D('',#1455,#1456,#1457);
#1455 = CARTESIAN_POINT('',(36.,14.5,-17.));
#1456 = DIRECTION('',(0.,0.,1.));
#1457 = DIRECTION('',(1.,0.,-0.));
#1458 = DEFINITIONAL_REPRESENTATION('',(#1459),#1463);
#1459 = LINE('',#1460,#1461);
#1460 = CARTESIAN_POINT('',(0.,4.2));
#1461 = VECTOR('',#1462,1.);
#1462 = DIRECTION('',(1.,0.));
#1463 = ( GEOMETRIC_REPRESENTATION_CONTEXT(2) 
PARAMETRIC_REPRESENTATION_CONTEXT() REPRESENTATION_CONTEXT('2D SPACE',''
  ) );
#1464 = ADVANCED_FACE('',(#1465),#1453,.F.);
#1465 = FACE_BOUND('',#1466,.F.);
#1466 = EDGE_LOOP('',(#1467,#1490,#1517,#1518));
#1467 = ORIENTED_EDGE('',*,*,#1468,.T.);
#1468 = EDGE_CURVE('',#1437,#1469,#1471,.T.);
#1469 = VERTEX_POINT('',#1470);
#1470 = CARTESIAN_POINT('',(37.15,14.5,-12.6));
#1471 = SEAM_CURVE('',#1472,(#1476,#1483),.PCURVE_S1.);
#1472 = LINE('',#1473,#1474);
#1473 = CARTESIAN_POINT('',(37.15,14.5,-16.));
#1474 = VECTOR('',#1475,1.);
#1475 = DIRECTION('',(0.,0.,1.));
#1476 = PCURVE('',#1453,#1477);
#1477 = DEFINITIONAL_REPRESENTATION('',(#1478),#1482);
#1478 = LINE('',#1479,#1480);
#1479 = CARTESIAN_POINT('',(6.28318530718,1.));
#1480 = VECTOR('',#1481,1.);
#1481 = DIRECTION('',(0.,1.));
#1482 = ( GEOMETRIC_REPRESENTATION_CONTEXT(2) 
PARAMETRIC_REPRESENTATION_CONTEXT() REPRESENTATION_CONTEXT('2D SPACE',''
  ) );
#1483 = PCURVE('',#1453,#1484);
#1484 = DEFINITIONAL_REPRESENTATION('',(#1485),#1489);
#1485 = LINE('',#1486,#1487);
#1486 = CARTESIAN_POINT('',(4.138911435803E-13,1.));
#1487 = VECTOR('',#1488,1.);
#1488 = DIRECTION('',(0.,1.));
#1489 = ( GEOMETRIC_REPRESENTATION_CONTEXT(2) 
PARAMETRIC_REPRESENTATION_CONTEXT() REPRESENTATION_CONTEXT('2D SPACE',''
  ) );
#1490 = ORIENTED_EDGE('',*,*,#1491,.F.);
#1491 = EDGE_CURVE('',#1469,#1469,#1492,.T.);
#1492 = SURFACE_CURVE('',#1493,(#1498,#1505),.PCURVE_S1.);
#1493 = CIRCLE('',#1494,1.15);
#1494 = AXIS2_PLACEMENT_3D('',#1495,#1496,#1497);
#1495 = CARTESIAN_POINT('',(36.,14.5,-12.6));
#1496 = DIRECTION('',(0.,0.,1.));
#1497 = DIRECTION('',(1.,0.,-0.));
#1498 = PCURVE('',#1453,#1499);
#1499 = DEFINITIONAL_REPRESENTATION('',(#1500),#1504);
#1500 = LINE('',#1501,#1502);
#1501 = CARTESIAN_POINT('',(0.,4.4));
#1502 = VECTOR('',#1503,1.);
#1503 = DIRECTION('',(1.,0.));
#1504 = ( GEOMETRIC_REPRESENTATION_CONTEXT(2) 
PARAMETRIC_REPRESENTATION_CONTEXT() REPRESENTATION_CONTEXT('2D SPACE',''
  ) );
#1505 = PCURVE('',#1506,#1511);
#1506 = PLANE('',#1507);
#1507 = AXIS2_PLACEMENT_3D('',#1508,#1509,#1510);
#1508 = CARTESIAN_POINT('',(32.5,11.,-12.6));
#1509 = DIRECTION('',(0.,0.,1.));
#1510 = DIRECTION('',(1.,0.,-0.));
#1511 = DEFINITIONAL_REPRESENTATION('',(#1512),#1516);
#1512 = CIRCLE('',#1513,1.15);
#1513 = AXIS2_PLACEMENT_2D('',#1514,#1515);
#1514 = CARTESIAN_POINT('',(3.5,3.5));
#1515 = DIRECTION('',(1.,0.));
#1516 = ( GEOMETRIC_REPRESENTATION_CONTEXT(2) 
PARAMETRIC_REPRESENTATION_CONTEXT() REPRESENTATION_CONTEXT('2D SPACE',''
  ) );
#1517 = ORIENTED_EDGE('',*,*,#1468,.F.);
#1518 = ORIENTED_EDGE('',*,*,#1436,.T.);
#1519 = ADVANCED_FACE('',(#1520,#1728),#1506,.T.);
#1520 = FACE_BOUND('',#1521,.T.);
#1521 = EDGE_LOOP('',(#1522,#1547,#1571,#1594,#1622,#1645,#1674,#1697));
#1522 = ORIENTED_EDGE('',*,*,#1523,.F.);
#1523 = EDGE_CURVE('',#1524,#1526,#1528,.T.);
#1524 = VERTEX_POINT('',#1525);
#1525 = CARTESIAN_POINT('',(32.5,12.,-12.6));
#1526 = VERTEX_POINT('',#1527);
#1527 = CARTESIAN_POINT('',(32.5,17.,-12.6));
#1528 = SURFACE_CURVE('',#1529,(#1533,#1540),.PCURVE_S1.);
#1529 = LINE('',#1530,#1531);
#1530 = CARTESIAN_POINT('',(32.5,11.,-12.6));
#1531 = VECTOR('',#1532,1.);
#1532 = DIRECTION('',(0.,1.,0.));
#1533 = PCURVE('',#1506,#1534);
#1534 = DEFINITIONAL_REPRESENTATION('',(#1535),#1539);
#1535 = LINE('',#1536,#1537);
#1536 = CARTESIAN_POINT('',(0.,0.));
#1537 = VECTOR('',#1538,1.);
#1538 = DIRECTION('',(0.,1.));
#1539 = ( GEOMETRIC_REPRESENTATION_CONTEXT(2) 
PARAMETRIC_REPRESENTATION_CONTEXT() REPRESENTATION_CONTEXT('2D SPACE',''
  ) );
#1540 = PCURVE('',#499,#1541);
#1541 = DEFINITIONAL_REPRESENTATION('',(#1542),#1546);
#1542 = LINE('',#1543,#1544);
#1543 = CARTESIAN_POINT('',(3.2,0.));
#1544 = VECTOR('',#1545,1.);
#1545 = DIRECTION('',(0.,-1.));
#1546 = ( GEOMETRIC_REPRESENTATION_CONTEXT(2) 
PARAMETRIC_REPRESENTATION_CONTEXT() REPRESENTATION_CONTEXT('2D SPACE',''
  ) );
#1547 = ORIENTED_EDGE('',*,*,#1548,.T.);
#1548 = EDGE_CURVE('',#1524,#1549,#1551,.T.);
#1549 = VERTEX_POINT('',#1550);
#1550 = CARTESIAN_POINT('',(33.5,11.,-12.6));
#1551 = SURFACE_CURVE('',#1552,(#1557,#1564),.PCURVE_S1.);
#1552 = CIRCLE('',#1553,1.);
#1553 = AXIS2_PLACEMENT_3D('',#1554,#1555,#1556);
#1554 = CARTESIAN_POINT('',(33.5,12.,-12.6));
#1555 = DIRECTION('',(0.,0.,1.));
#1556 = DIRECTION('',(0.,-1.,0.));
#1557 = PCURVE('',#1506,#1558);
#1558 = DEFINITIONAL_REPRESENTATION('',(#1559),#1563);
#1559 = CIRCLE('',#1560,1.);
#1560 = AXIS2_PLACEMENT_2D('',#1561,#1562);
#1561 = CARTESIAN_POINT('',(1.,1.));
#1562 = DIRECTION('',(0.,-1.));
#1563 = ( GEOMETRIC_REPRESENTATION_CONTEXT(2) 
PARAMETRIC_REPRESENTATION_CONTEXT() REPRESENTATION_CONTEXT('2D SPACE',''
  ) );
#1564 = PCURVE('',#528,#1565);
#1565 = DEFINITIONAL_REPRESENTATION('',(#1566),#1570);
#1566 = LINE('',#1567,#1568);
#1567 = CARTESIAN_POINT('',(-4.712388980385,3.2));
#1568 = VECTOR('',#1569,1.);
#1569 = DIRECTION('',(1.,0.));
#1570 = ( GEOMETRIC_REPRESENTATION_CONTEXT(2) 
PARAMETRIC_REPRESENTATION_CONTEXT() REPRESENTATION_CONTEXT('2D SPACE',''
  ) );
#1571 = ORIENTED_EDGE('',*,*,#1572,.T.);
#1572 = EDGE_CURVE('',#1549,#1573,#1575,.T.);
#1573 = VERTEX_POINT('',#1574);
#1574 = CARTESIAN_POINT('',(38.5,11.,-12.6));
#1575 = SURFACE_CURVE('',#1576,(#1580,#1587),.PCURVE_S1.);
#1576 = LINE('',#1577,#1578);
#1577 = CARTESIAN_POINT('',(32.5,11.,-12.6));
#1578 = VECTOR('',#1579,1.);
#1579 = DIRECTION('',(1.,0.,0.));
#1580 = PCURVE('',#1506,#1581);
#1581 = DEFINITIONAL_REPRESENTATION('',(#1582),#1586);
#1582 = LINE('',#1583,#1584);
#1583 = CARTESIAN_POINT('',(0.,0.));
#1584 = VECTOR('',#1585,1.);
#1585 = DIRECTION('',(1.,0.));
#1586 = ( GEOMETRIC_REPRESENTATION_CONTEXT(2) 
PARAMETRIC_REPRESENTATION_CONTEXT() REPRESENTATION_CONTEXT('2D SPACE',''
  ) );
#1587 = PCURVE('',#556,#1588);
#1588 = DEFINITIONAL_REPRESENTATION('',(#1589),#1593);
#1589 = LINE('',#1590,#1591);
#1590 = CARTESIAN_POINT('',(3.2,0.));
#1591 = VECTOR('',#1592,1.);
#1592 = DIRECTION('',(0.,1.));
#1593 = ( GEOMETRIC_REPRESENTATION_CONTEXT(2) 
PARAMETRIC_REPRESENTATION_CONTEXT() REPRESENTATION_CONTEXT('2D SPACE',''
  ) );
#1594 = ORIENTED_EDGE('',*,*,#1595,.F.);
#1595 = EDGE_CURVE('',#1596,#1573,#1598,.T.);
#1596 = VERTEX_POINT('',#1597);
#1597 = CARTESIAN_POINT('',(39.5,12.,-12.6));
#1598 = SURFACE_CURVE('',#1599,(#1604,#1615),.PCURVE_S1.);
#1599 = CIRCLE('',#1600,1.);
#1600 = AXIS2_PLACEMENT_3D('',#1601,#1602,#1603);
#1601 = CARTESIAN_POINT('',(38.5,12.,-12.6));
#1602 = DIRECTION('',(-0.,-0.,-1.));
#1603 = DIRECTION('',(0.,-1.,0.));
#1604 = PCURVE('',#1506,#1605);
#1605 = DEFINITIONAL_REPRESENTATION('',(#1606),#1614);
#1606 = ( BOUNDED_CURVE() B_SPLINE_CURVE(2,(#1607,#1608,#1609,#1610,
#1611,#1612,#1613),.UNSPECIFIED.,.T.,.F.) B_SPLINE_CURVE_WITH_KNOTS((1,2
    ,2,2,2,1),(-2.094395102393,0.,2.094395102393,4.188790204786,
6.28318530718,8.377580409573),.UNSPECIFIED.) CURVE() 
GEOMETRIC_REPRESENTATION_ITEM() RATIONAL_B_SPLINE_CURVE((1.,0.5,1.,0.5,
1.,0.5,1.)) REPRESENTATION_ITEM('') );
#1607 = CARTESIAN_POINT('',(6.,0.));
#1608 = CARTESIAN_POINT('',(4.267949192431,0.));
#1609 = CARTESIAN_POINT('',(5.133974596216,1.5));
#1610 = CARTESIAN_POINT('',(6.,3.));
#1611 = CARTESIAN_POINT('',(6.866025403784,1.5));
#1612 = CARTESIAN_POINT('',(7.732050807569,1.554312234475E-15));
#1613 = CARTESIAN_POINT('',(6.,0.));
#1614 = ( GEOMETRIC_REPRESENTATION_CONTEXT(2) 
PARAMETRIC_REPRESENTATION_CONTEXT() REPRESENTATION_CONTEXT('2D SPACE',''
  ) );
#1615 = PCURVE('',#589,#1616);
#1616 = DEFINITIONAL_REPRESENTATION('',(#1617),#1621);
#1617 = LINE('',#1618,#1619);
#1618 = CARTESIAN_POINT('',(10.995574287565,3.2));
#1619 = VECTOR('',#1620,1.);
#1620 = DIRECTION('',(-1.,0.));
#1621 = ( GEOMETRIC_REPRESENTATION_CONTEXT(2) 
PARAMETRIC_REPRESENTATION_CONTEXT() REPRESENTATION_CONTEXT('2D SPACE',''
  ) );
#1622 = ORIENTED_EDGE('',*,*,#1623,.T.);
#1623 = EDGE_CURVE('',#1596,#1624,#1626,.T.);
#1624 = VERTEX_POINT('',#1625);
#1625 = CARTESIAN_POINT('',(39.5,17.,-12.6));
#1626 = SURFACE_CURVE('',#1627,(#1631,#1638),.PCURVE_S1.);
#1627 = LINE('',#1628,#1629);
#1628 = CARTESIAN_POINT('',(39.5,11.,-12.6));
#1629 = VECTOR('',#1630,1.);
#1630 = DIRECTION('',(0.,1.,0.));
#1631 = PCURVE('',#1506,#1632);
#1632 = DEFINITIONAL_REPRESENTATION('',(#1633),#1637);
#1633 = LINE('',#1634,#1635);
#1634 = CARTESIAN_POINT('',(7.,0.));
#1635 = VECTOR('',#1636,1.);
#1636 = DIRECTION('',(0.,1.));
#1637 = ( GEOMETRIC_REPRESENTATION_CONTEXT(2) 
PARAMETRIC_REPRESENTATION_CONTEXT() REPRESENTATION_CONTEXT('2D SPACE',''
  ) );
#1638 = PCURVE('',#617,#1639);
#1639 = DEFINITIONAL_REPRESENTATION('',(#1640),#1644);
#1640 = LINE('',#1641,#1642);
#1641 = CARTESIAN_POINT('',(3.2,0.));
#1642 = VECTOR('',#1643,1.);
#1643 = DIRECTION('',(0.,-1.));
#1644 = ( GEOMETRIC_REPRESENTATION_CONTEXT(2) 
PARAMETRIC_REPRESENTATION_CONTEXT() REPRESENTATION_CONTEXT('2D SPACE',''
  ) );
#1645 = ORIENTED_EDGE('',*,*,#1646,.T.);
#1646 = EDGE_CURVE('',#1624,#1647,#1649,.T.);
#1647 = VERTEX_POINT('',#1648);
#1648 = CARTESIAN_POINT('',(38.5,18.,-12.6));
#1649 = SURFACE_CURVE('',#1650,(#1655,#1662),.PCURVE_S1.);
#1650 = CIRCLE('',#1651,1.);
#1651 = AXIS2_PLACEMENT_3D('',#1652,#1653,#1654);
#1652 = CARTESIAN_POINT('',(38.5,17.,-12.6));
#1653 = DIRECTION('',(0.,0.,1.));
#1654 = DIRECTION('',(0.,-1.,0.));
#1655 = PCURVE('',#1506,#1656);
#1656 = DEFINITIONAL_REPRESENTATION('',(#1657),#1661);
#1657 = CIRCLE('',#1658,1.);
#1658 = AXIS2_PLACEMENT_2D('',#1659,#1660);
#1659 = CARTESIAN_POINT('',(6.,6.));
#1660 = DIRECTION('',(0.,-1.));
#1661 = ( GEOMETRIC_REPRESENTATION_CONTEXT(2) 
PARAMETRIC_REPRESENTATION_CONTEXT() REPRESENTATION_CONTEXT('2D SPACE',''
  ) );
#1662 = PCURVE('',#1663,#1668);
#1663 = CYLINDRICAL_SURFACE('',#1664,1.);
#1664 = AXIS2_PLACEMENT_3D('',#1665,#1666,#1667);
#1665 = CARTESIAN_POINT('',(38.5,17.,-15.8));
#1666 = DIRECTION('',(0.,0.,1.));
#1667 = DIRECTION('',(1.,0.,-0.));
#1668 = DEFINITIONAL_REPRESENTATION('',(#1669),#1673);
#1669 = LINE('',#1670,#1671);
#1670 = CARTESIAN_POINT('',(-1.570796326795,3.2));
#1671 = VECTOR('',#1672,1.);
#1672 = DIRECTION('',(1.,0.));
#1673 = ( GEOMETRIC_REPRESENTATION_CONTEXT(2) 
PARAMETRIC_REPRESENTATION_CONTEXT() REPRESENTATION_CONTEXT('2D SPACE',''
  ) );
#1674 = ORIENTED_EDGE('',*,*,#1675,.F.);
#1675 = EDGE_CURVE('',#1676,#1647,#1678,.T.);
#1676 = VERTEX_POINT('',#1677);
#1677 = CARTESIAN_POINT('',(33.5,18.,-12.6));
#1678 = SURFACE_CURVE('',#1679,(#1683,#1690),.PCURVE_S1.);
#1679 = LINE('',#1680,#1681);
#1680 = CARTESIAN_POINT('',(32.5,18.,-12.6));
#1681 = VECTOR('',#1682,1.);
#1682 = DIRECTION('',(1.,0.,0.));
#1683 = PCURVE('',#1506,#1684);
#1684 = DEFINITIONAL_REPRESENTATION('',(#1685),#1689);
#1685 = LINE('',#1686,#1687);
#1686 = CARTESIAN_POINT('',(0.,7.));
#1687 = VECTOR('',#1688,1.);
#1688 = DIRECTION('',(1.,0.));
#1689 = ( GEOMETRIC_REPRESENTATION_CONTEXT(2) 
PARAMETRIC_REPRESENTATION_CONTEXT() REPRESENTATION_CONTEXT('2D SPACE',''
  ) );
#1690 = PCURVE('',#118,#1691);
#1691 = DEFINITIONAL_REPRESENTATION('',(#1692),#1696);
#1692 = LINE('',#1693,#1694);
#1693 = CARTESIAN_POINT('',(20.862235193787,30.148564143232));
#1694 = VECTOR('',#1695,1.);
#1695 = DIRECTION('',(0.,1.));
#1696 = ( GEOMETRIC_REPRESENTATION_CONTEXT(2) 
PARAMETRIC_REPRESENTATION_CONTEXT() REPRESENTATION_CONTEXT('2D SPACE',''
  ) );
#1697 = ORIENTED_EDGE('',*,*,#1698,.F.);
#1698 = EDGE_CURVE('',#1526,#1676,#1699,.T.);
#1699 = SURFACE_CURVE('',#1700,(#1705,#1716),.PCURVE_S1.);
#1700 = CIRCLE('',#1701,1.);
#1701 = AXIS2_PLACEMENT_3D('',#1702,#1703,#1704);
#1702 = CARTESIAN_POINT('',(33.5,17.,-12.6));
#1703 = DIRECTION('',(-0.,-0.,-1.));
#1704 = DIRECTION('',(0.,-1.,0.));
#1705 = PCURVE('',#1506,#1706);
#1706 = DEFINITIONAL_REPRESENTATION('',(#1707),#1715);
#1707 = ( BOUNDED_CURVE() B_SPLINE_CURVE(2,(#1708,#1709,#1710,#1711,
#1712,#1713,#1714),.UNSPECIFIED.,.T.,.F.) B_SPLINE_CURVE_WITH_KNOTS((1,2
    ,2,2,2,1),(-2.094395102393,0.,2.094395102393,4.188790204786,
6.28318530718,8.377580409573),.UNSPECIFIED.) CURVE() 
GEOMETRIC_REPRESENTATION_ITEM() RATIONAL_B_SPLINE_CURVE((1.,0.5,1.,0.5,
1.,0.5,1.)) REPRESENTATION_ITEM('') );
#1708 = CARTESIAN_POINT('',(1.,5.));
#1709 = CARTESIAN_POINT('',(-0.732050807569,5.));
#1710 = CARTESIAN_POINT('',(0.133974596216,6.5));
#1711 = CARTESIAN_POINT('',(1.,8.));
#1712 = CARTESIAN_POINT('',(1.866025403784,6.5));
#1713 = CARTESIAN_POINT('',(2.732050807569,5.));
#1714 = CARTESIAN_POINT('',(1.,5.));
#1715 = ( GEOMETRIC_REPRESENTATION_CONTEXT(2) 
PARAMETRIC_REPRESENTATION_CONTEXT() REPRESENTATION_CONTEXT('2D SPACE',''
  ) );
#1716 = PCURVE('',#1717,#1722);
#1717 = CYLINDRICAL_SURFACE('',#1718,1.);
#1718 = AXIS2_PLACEMENT_3D('',#1719,#1720,#1721);
#1719 = CARTESIAN_POINT('',(33.5,17.,-15.8));
#1720 = DIRECTION('',(0.,0.,1.));
#1721 = DIRECTION('',(-1.,-0.,0.));
#1722 = DEFINITIONAL_REPRESENTATION('',(#1723),#1727);
#1723 = LINE('',#1724,#1725);
#1724 = CARTESIAN_POINT('',(7.853981633975,3.2));
#1725 = VECTOR('',#1726,1.);
#1726 = DIRECTION('',(-1.,0.));
#1727 = ( GEOMETRIC_REPRESENTATION_CONTEXT(2) 
PARAMETRIC_REPRESENTATION_CONTEXT() REPRESENTATION_CONTEXT('2D SPACE',''
  ) );
#1728 = FACE_BOUND('',#1729,.T.);
#1729 = EDGE_LOOP('',(#1730));
#1730 = ORIENTED_EDGE('',*,*,#1491,.F.);
#1731 = ADVANCED_FACE('',(#1732),#1717,.T.);
#1732 = FACE_BOUND('',#1733,.T.);
#1733 = EDGE_LOOP('',(#1734,#1735,#1758,#1787));
#1734 = ORIENTED_EDGE('',*,*,#1698,.T.);
#1735 = ORIENTED_EDGE('',*,*,#1736,.F.);
#1736 = EDGE_CURVE('',#1737,#1676,#1739,.T.);
#1737 = VERTEX_POINT('',#1738);
#1738 = CARTESIAN_POINT('',(33.5,18.,-13.8));
#1739 = SURFACE_CURVE('',#1740,(#1744,#1751),.PCURVE_S1.);
#1740 = LINE('',#1741,#1742);
#1741 = CARTESIAN_POINT('',(33.5,18.,-15.8));
#1742 = VECTOR('',#1743,1.);
#1743 = DIRECTION('',(0.,0.,1.));
#1744 = PCURVE('',#1717,#1745);
#1745 = DEFINITIONAL_REPRESENTATION('',(#1746),#1750);
#1746 = LINE('',#1747,#1748);
#1747 = CARTESIAN_POINT('',(4.712388980385,0.));
#1748 = VECTOR('',#1749,1.);
#1749 = DIRECTION('',(-0.,1.));
#1750 = ( GEOMETRIC_REPRESENTATION_CONTEXT(2) 
PARAMETRIC_REPRESENTATION_CONTEXT() REPRESENTATION_CONTEXT('2D SPACE',''
  ) );
#1751 = PCURVE('',#118,#1752);
#1752 = DEFINITIONAL_REPRESENTATION('',(#1753),#1757);
#1753 = LINE('',#1754,#1755);
#1754 = CARTESIAN_POINT('',(24.062235193787,31.148564143232));
#1755 = VECTOR('',#1756,1.);
#1756 = DIRECTION('',(-1.,0.));
#1757 = ( GEOMETRIC_REPRESENTATION_CONTEXT(2) 
PARAMETRIC_REPRESENTATION_CONTEXT() REPRESENTATION_CONTEXT('2D SPACE',''
  ) );
#1758 = ORIENTED_EDGE('',*,*,#1759,.T.);
#1759 = EDGE_CURVE('',#1737,#1760,#1762,.T.);
#1760 = VERTEX_POINT('',#1761);
#1761 = CARTESIAN_POINT('',(32.5,17.,-13.8));
#1762 = SURFACE_CURVE('',#1763,(#1768,#1775),.PCURVE_S1.);
#1763 = CIRCLE('',#1764,1.);
#1764 = AXIS2_PLACEMENT_3D('',#1765,#1766,#1767);
#1765 = CARTESIAN_POINT('',(33.5,17.,-13.8));
#1766 = DIRECTION('',(0.,0.,1.));
#1767 = DIRECTION('',(-1.,-0.,0.));
#1768 = PCURVE('',#1717,#1769);
#1769 = DEFINITIONAL_REPRESENTATION('',(#1770),#1774);
#1770 = LINE('',#1771,#1772);
#1771 = CARTESIAN_POINT('',(-4.138911435803E-13,2.));
#1772 = VECTOR('',#1773,1.);
#1773 = DIRECTION('',(1.,-0.));
#1774 = ( GEOMETRIC_REPRESENTATION_CONTEXT(2) 
PARAMETRIC_REPRESENTATION_CONTEXT() REPRESENTATION_CONTEXT('2D SPACE',''
  ) );
#1775 = PCURVE('',#1776,#1781);
#1776 = PLANE('',#1777);
#1777 = AXIS2_PLACEMENT_3D('',#1778,#1779,#1780);
#1778 = CARTESIAN_POINT('',(-33.,14.,-13.8));
#1779 = DIRECTION('',(0.,0.,1.));
#1780 = DIRECTION('',(1.,0.,-0.));
#1781 = DEFINITIONAL_REPRESENTATION('',(#1782),#1786);
#1782 = CIRCLE('',#1783,1.);
#1783 = AXIS2_PLACEMENT_2D('',#1784,#1785);
#1784 = CARTESIAN_POINT('',(66.5,3.));
#1785 = DIRECTION('',(-1.,0.));
#1786 = ( GEOMETRIC_REPRESENTATION_CONTEXT(2) 
PARAMETRIC_REPRESENTATION_CONTEXT() REPRESENTATION_CONTEXT('2D SPACE',''
  ) );
#1787 = ORIENTED_EDGE('',*,*,#1788,.T.);
#1788 = EDGE_CURVE('',#1760,#1526,#1789,.T.);
#1789 = SURFACE_CURVE('',#1790,(#1794,#1801),.PCURVE_S1.);
#1790 = LINE('',#1791,#1792);
#1791 = CARTESIAN_POINT('',(32.5,17.,-15.8));
#1792 = VECTOR('',#1793,1.);
#1793 = DIRECTION('',(0.,0.,1.));
#1794 = PCURVE('',#1717,#1795);
#1795 = DEFINITIONAL_REPRESENTATION('',(#1796),#1800);
#1796 = LINE('',#1797,#1798);
#1797 = CARTESIAN_POINT('',(6.28318530718,0.));
#1798 = VECTOR('',#1799,1.);
#1799 = DIRECTION('',(-0.,1.));
#1800 = ( GEOMETRIC_REPRESENTATION_CONTEXT(2) 
PARAMETRIC_REPRESENTATION_CONTEXT() REPRESENTATION_CONTEXT('2D SPACE',''
  ) );
#1801 = PCURVE('',#499,#1802);
#1802 = DEFINITIONAL_REPRESENTATION('',(#1803),#1807);
#1803 = LINE('',#1804,#1805);
#1804 = CARTESIAN_POINT('',(0.,-6.));
#1805 = VECTOR('',#1806,1.);
#1806 = DIRECTION('',(1.,0.));
#1807 = ( GEOMETRIC_REPRESENTATION_CONTEXT(2) 
PARAMETRIC_REPRESENTATION_CONTEXT() REPRESENTATION_CONTEXT('2D SPACE',''
  ) );
#1808 = ADVANCED_FACE('',(#1809),#1776,.T.);
#1809 = FACE_BOUND('',#1810,.T.);
#1810 = EDGE_LOOP('',(#1811,#1836,#1857,#1858,#1881));
#1811 = ORIENTED_EDGE('',*,*,#1812,.F.);
#1812 = EDGE_CURVE('',#1813,#1815,#1817,.T.);
#1813 = VERTEX_POINT('',#1814);
#1814 = CARTESIAN_POINT('',(32.5,16.,-13.8));
#1815 = VERTEX_POINT('',#1816);
#1816 = CARTESIAN_POINT('',(-29.,16.,-13.8));
#1817 = SURFACE_CURVE('',#1818,(#1822,#1829),.PCURVE_S1.);
#1818 = LINE('',#1819,#1820);
#1819 = CARTESIAN_POINT('',(-15.30929289582,16.,-13.8));
#1820 = VECTOR('',#1821,1.);
#1821 = DIRECTION('',(-1.,0.,0.));
#1822 = PCURVE('',#1776,#1823);
#1823 = DEFINITIONAL_REPRESENTATION('',(#1824),#1828);
#1824 = LINE('',#1825,#1826);
#1825 = CARTESIAN_POINT('',(17.69070710418,2.));
#1826 = VECTOR('',#1827,1.);
#1827 = DIRECTION('',(-1.,0.));
#1828 = ( GEOMETRIC_REPRESENTATION_CONTEXT(2) 
PARAMETRIC_REPRESENTATION_CONTEXT() REPRESENTATION_CONTEXT('2D SPACE',''
  ) );
#1829 = PCURVE('',#471,#1830);
#1830 = DEFINITIONAL_REPRESENTATION('',(#1831),#1835);
#1831 = LINE('',#1832,#1833);
#1832 = CARTESIAN_POINT('',(20.010634975253,-17.69070710418));
#1833 = VECTOR('',#1834,1.);
#1834 = DIRECTION('',(0.,-1.));
#1835 = ( GEOMETRIC_REPRESENTATION_CONTEXT(2) 
PARAMETRIC_REPRESENTATION_CONTEXT() REPRESENTATION_CONTEXT('2D SPACE',''
  ) );
#1836 = ORIENTED_EDGE('',*,*,#1837,.T.);
#1837 = EDGE_CURVE('',#1813,#1760,#1838,.T.);
#1838 = SURFACE_CURVE('',#1839,(#1843,#1850),.PCURVE_S1.);
#1839 = LINE('',#1840,#1841);
#1840 = CARTESIAN_POINT('',(32.5,12.5,-13.8));
#1841 = VECTOR('',#1842,1.);
#1842 = DIRECTION('',(0.,1.,0.));
#1843 = PCURVE('',#1776,#1844);
#1844 = DEFINITIONAL_REPRESENTATION('',(#1845),#1849);
#1845 = LINE('',#1846,#1847);
#1846 = CARTESIAN_POINT('',(65.5,-1.5));
#1847 = VECTOR('',#1848,1.);
#1848 = DIRECTION('',(0.,1.));
#1849 = ( GEOMETRIC_REPRESENTATION_CONTEXT(2) 
PARAMETRIC_REPRESENTATION_CONTEXT() REPRESENTATION_CONTEXT('2D SPACE',''
  ) );
#1850 = PCURVE('',#499,#1851);
#1851 = DEFINITIONAL_REPRESENTATION('',(#1852),#1856);
#1852 = LINE('',#1853,#1854);
#1853 = CARTESIAN_POINT('',(2.,-1.5));
#1854 = VECTOR('',#1855,1.);
#1855 = DIRECTION('',(0.,-1.));
#1856 = ( GEOMETRIC_REPRESENTATION_CONTEXT(2) 
PARAMETRIC_REPRESENTATION_CONTEXT() REPRESENTATION_CONTEXT('2D SPACE',''
  ) );
#1857 = ORIENTED_EDGE('',*,*,#1759,.F.);
#1858 = ORIENTED_EDGE('',*,*,#1859,.T.);
#1859 = EDGE_CURVE('',#1737,#1860,#1862,.T.);
#1860 = VERTEX_POINT('',#1861);
#1861 = CARTESIAN_POINT('',(-29.,18.,-13.8));
#1862 = SURFACE_CURVE('',#1863,(#1867,#1874),.PCURVE_S1.);
#1863 = LINE('',#1864,#1865);
#1864 = CARTESIAN_POINT('',(-15.32428207161,18.,-13.8));
#1865 = VECTOR('',#1866,1.);
#1866 = DIRECTION('',(-1.,0.,0.));
#1867 = PCURVE('',#1776,#1868);
#1868 = DEFINITIONAL_REPRESENTATION('',(#1869),#1873);
#1869 = LINE('',#1870,#1871);
#1870 = CARTESIAN_POINT('',(17.67571792839,4.));
#1871 = VECTOR('',#1872,1.);
#1872 = DIRECTION('',(-1.,0.));
#1873 = ( GEOMETRIC_REPRESENTATION_CONTEXT(2) 
PARAMETRIC_REPRESENTATION_CONTEXT() REPRESENTATION_CONTEXT('2D SPACE',''
  ) );
#1874 = PCURVE('',#118,#1875);
#1875 = DEFINITIONAL_REPRESENTATION('',(#1876),#1880);
#1876 = LINE('',#1877,#1878);
#1877 = CARTESIAN_POINT('',(22.062235193787,-17.67571792837));
#1878 = VECTOR('',#1879,1.);
#1879 = DIRECTION('',(0.,-1.));
#1880 = ( GEOMETRIC_REPRESENTATION_CONTEXT(2) 
PARAMETRIC_REPRESENTATION_CONTEXT() REPRESENTATION_CONTEXT('2D SPACE',''
  ) );
#1881 = ORIENTED_EDGE('',*,*,#1882,.F.);
#1882 = EDGE_CURVE('',#1815,#1860,#1883,.T.);
#1883 = SURFACE_CURVE('',#1884,(#1888,#1895),.PCURVE_S1.);
#1884 = LINE('',#1885,#1886);
#1885 = CARTESIAN_POINT('',(-29.,-2.,-13.8));
#1886 = VECTOR('',#1887,1.);
#1887 = DIRECTION('',(0.,1.,0.));
#1888 = PCURVE('',#1776,#1889);
#1889 = DEFINITIONAL_REPRESENTATION('',(#1890),#1894);
#1890 = LINE('',#1891,#1892);
#1891 = CARTESIAN_POINT('',(4.,-16.));
#1892 = VECTOR('',#1893,1.);
#1893 = DIRECTION('',(0.,1.));
#1894 = ( GEOMETRIC_REPRESENTATION_CONTEXT(2) 
PARAMETRIC_REPRESENTATION_CONTEXT() REPRESENTATION_CONTEXT('2D SPACE',''
  ) );
#1895 = PCURVE('',#1896,#1901);
#1896 = PLANE('',#1897);
#1897 = AXIS2_PLACEMENT_3D('',#1898,#1899,#1900);
#1898 = CARTESIAN_POINT('',(-29.,-18.,-14.));
#1899 = DIRECTION('',(1.,0.,0.));
#1900 = DIRECTION('',(0.,0.,1.));
#1901 = DEFINITIONAL_REPRESENTATION('',(#1902),#1906);
#1902 = LINE('',#1903,#1904);
#1903 = CARTESIAN_POINT('',(0.2,-16.));
#1904 = VECTOR('',#1905,1.);
#1905 = DIRECTION('',(0.,-1.));
#1906 = ( GEOMETRIC_REPRESENTATION_CONTEXT(2) 
PARAMETRIC_REPRESENTATION_CONTEXT() REPRESENTATION_CONTEXT('2D SPACE',''
  ) );
#1907 = ADVANCED_FACE('',(#1908),#1896,.F.);
#1908 = FACE_BOUND('',#1909,.F.);
#1909 = EDGE_LOOP('',(#1910,#1933,#1961,#1982));
#1910 = ORIENTED_EDGE('',*,*,#1911,.F.);
#1911 = EDGE_CURVE('',#1912,#1815,#1914,.T.);
#1912 = VERTEX_POINT('',#1913);
#1913 = CARTESIAN_POINT('',(-29.,16.,-14.));
#1914 = SURFACE_CURVE('',#1915,(#1919,#1926),.PCURVE_S1.);
#1915 = LINE('',#1916,#1917);
#1916 = CARTESIAN_POINT('',(-29.,16.,-3.894682512374));
#1917 = VECTOR('',#1918,1.);
#1918 = DIRECTION('',(0.,0.,1.));
#1919 = PCURVE('',#1896,#1920);
#1920 = DEFINITIONAL_REPRESENTATION('',(#1921),#1925);
#1921 = LINE('',#1922,#1923);
#1922 = CARTESIAN_POINT('',(10.105317487626,-34.));
#1923 = VECTOR('',#1924,1.);
#1924 = DIRECTION('',(1.,0.));
#1925 = ( GEOMETRIC_REPRESENTATION_CONTEXT(2) 
PARAMETRIC_REPRESENTATION_CONTEXT() REPRESENTATION_CONTEXT('2D SPACE',''
  ) );
#1926 = PCURVE('',#471,#1927);
#1927 = DEFINITIONAL_REPRESENTATION('',(#1928),#1932);
#1928 = LINE('',#1929,#1930);
#1929 = CARTESIAN_POINT('',(10.105317487627,-31.38141420836));
#1930 = VECTOR('',#1931,1.);
#1931 = DIRECTION('',(-1.,0.));
#1932 = ( GEOMETRIC_REPRESENTATION_CONTEXT(2) 
PARAMETRIC_REPRESENTATION_CONTEXT() REPRESENTATION_CONTEXT('2D SPACE',''
  ) );
#1933 = ORIENTED_EDGE('',*,*,#1934,.T.);
#1934 = EDGE_CURVE('',#1912,#1935,#1937,.T.);
#1935 = VERTEX_POINT('',#1936);
#1936 = CARTESIAN_POINT('',(-29.,18.,-14.));
#1937 = SURFACE_CURVE('',#1938,(#1942,#1949),.PCURVE_S1.);
#1938 = LINE('',#1939,#1940);
#1939 = CARTESIAN_POINT('',(-29.,-18.,-14.));
#1940 = VECTOR('',#1941,1.);
#1941 = DIRECTION('',(0.,1.,0.));
#1942 = PCURVE('',#1896,#1943);
#1943 = DEFINITIONAL_REPRESENTATION('',(#1944),#1948);
#1944 = LINE('',#1945,#1946);
#1945 = CARTESIAN_POINT('',(0.,0.));
#1946 = VECTOR('',#1947,1.);
#1947 = DIRECTION('',(0.,-1.));
#1948 = ( GEOMETRIC_REPRESENTATION_CONTEXT(2) 
PARAMETRIC_REPRESENTATION_CONTEXT() REPRESENTATION_CONTEXT('2D SPACE',''
  ) );
#1949 = PCURVE('',#1950,#1955);
#1950 = PLANE('',#1951);
#1951 = AXIS2_PLACEMENT_3D('',#1952,#1953,#1954);
#1952 = CARTESIAN_POINT('',(-31.,-18.,-14.));
#1953 = DIRECTION('',(0.,0.,1.));
#1954 = DIRECTION('',(1.,0.,-0.));
#1955 = DEFINITIONAL_REPRESENTATION('',(#1956),#1960);
#1956 = LINE('',#1957,#1958);
#1957 = CARTESIAN_POINT('',(2.,0.));
#1958 = VECTOR('',#1959,1.);
#1959 = DIRECTION('',(0.,1.));
#1960 = ( GEOMETRIC_REPRESENTATION_CONTEXT(2) 
PARAMETRIC_REPRESENTATION_CONTEXT() REPRESENTATION_CONTEXT('2D SPACE',''
  ) );
#1961 = ORIENTED_EDGE('',*,*,#1962,.T.);
#1962 = EDGE_CURVE('',#1935,#1860,#1963,.T.);
#1963 = SURFACE_CURVE('',#1964,(#1968,#1975),.PCURVE_S1.);
#1964 = LINE('',#1965,#1966);
#1965 = CARTESIAN_POINT('',(-29.,18.,-14.));
#1966 = VECTOR('',#1967,1.);
#1967 = DIRECTION('',(0.,0.,1.));
#1968 = PCURVE('',#1896,#1969);
#1969 = DEFINITIONAL_REPRESENTATION('',(#1970),#1974);
#1970 = LINE('',#1971,#1972);
#1971 = CARTESIAN_POINT('',(0.,-36.));
#1972 = VECTOR('',#1973,1.);
#1973 = DIRECTION('',(1.,0.));
#1974 = ( GEOMETRIC_REPRESENTATION_CONTEXT(2) 
PARAMETRIC_REPRESENTATION_CONTEXT() REPRESENTATION_CONTEXT('2D SPACE',''
  ) );
#1975 = PCURVE('',#118,#1976);
#1976 = DEFINITIONAL_REPRESENTATION('',(#1977),#1981);
#1977 = LINE('',#1978,#1979);
#1978 = CARTESIAN_POINT('',(22.262235193787,-31.35143585676));
#1979 = VECTOR('',#1980,1.);
#1980 = DIRECTION('',(-1.,0.));
#1981 = ( GEOMETRIC_REPRESENTATION_CONTEXT(2) 
PARAMETRIC_REPRESENTATION_CONTEXT() REPRESENTATION_CONTEXT('2D SPACE',''
  ) );
#1982 = ORIENTED_EDGE('',*,*,#1882,.F.);
#1983 = ADVANCED_FACE('',(#1984),#1950,.T.);
#1984 = FACE_BOUND('',#1985,.T.);
#1985 = EDGE_LOOP('',(#1986,#2016,#2040,#2063,#2084,#2085));
#1986 = ORIENTED_EDGE('',*,*,#1987,.F.);
#1987 = EDGE_CURVE('',#1988,#1990,#1992,.T.);
#1988 = VERTEX_POINT('',#1989);
#1989 = CARTESIAN_POINT('',(-31.,11.133974596216,-14.));
#1990 = VERTEX_POINT('',#1991);
#1991 = CARTESIAN_POINT('',(-31.,18.,-14.));
#1992 = SURFACE_CURVE('',#1993,(#1997,#2004),.PCURVE_S1.);
#1993 = LINE('',#1994,#1995);
#1994 = CARTESIAN_POINT('',(-31.,-18.,-14.));
#1995 = VECTOR('',#1996,1.);
#1996 = DIRECTION('',(0.,1.,0.));
#1997 = PCURVE('',#1950,#1998);
#1998 = DEFINITIONAL_REPRESENTATION('',(#1999),#2003);
#1999 = LINE('',#2000,#2001);
#2000 = CARTESIAN_POINT('',(0.,0.));
#2001 = VECTOR('',#2002,1.);
#2002 = DIRECTION('',(0.,1.));
#2003 = ( GEOMETRIC_REPRESENTATION_CONTEXT(2) 
PARAMETRIC_REPRESENTATION_CONTEXT() REPRESENTATION_CONTEXT('2D SPACE',''
  ) );
#2004 = PCURVE('',#2005,#2010);
#2005 = PLANE('',#2006);
#2006 = AXIS2_PLACEMENT_3D('',#2007,#2008,#2009);
#2007 = CARTESIAN_POINT('',(-31.,-18.,-14.));
#2008 = DIRECTION('',(1.,0.,0.));
#2009 = DIRECTION('',(0.,0.,1.));
#2010 = DEFINITIONAL_REPRESENTATION('',(#2011),#2015);
#2011 = LINE('',#2012,#2013);
#2012 = CARTESIAN_POINT('',(0.,0.));
#2013 = VECTOR('',#2014,1.);
#2014 = DIRECTION('',(0.,-1.));
#2015 = ( GEOMETRIC_REPRESENTATION_CONTEXT(2) 
PARAMETRIC_REPRESENTATION_CONTEXT() REPRESENTATION_CONTEXT('2D SPACE',''
  ) );
#2016 = ORIENTED_EDGE('',*,*,#2017,.T.);
#2017 = EDGE_CURVE('',#1988,#2018,#2020,.T.);
#2018 = VERTEX_POINT('',#2019);
#2019 = CARTESIAN_POINT('',(-30.5,12.,-14.));
#2020 = SURFACE_CURVE('',#2021,(#2026,#2033),.PCURVE_S1.);
#2021 = CIRCLE('',#2022,1.);
#2022 = AXIS2_PLACEMENT_3D('',#2023,#2024,#2025);
#2023 = CARTESIAN_POINT('',(-31.5,12.,-14.));
#2024 = DIRECTION('',(0.,0.,1.));
#2025 = DIRECTION('',(1.,0.,-0.));
#2026 = PCURVE('',#1950,#2027);
#2027 = DEFINITIONAL_REPRESENTATION('',(#2028),#2032);
#2028 = CIRCLE('',#2029,1.);
#2029 = AXIS2_PLACEMENT_2D('',#2030,#2031);
#2030 = CARTESIAN_POINT('',(-0.5,30.));
#2031 = DIRECTION('',(1.,0.));
#2032 = ( GEOMETRIC_REPRESENTATION_CONTEXT(2) 
PARAMETRIC_REPRESENTATION_CONTEXT() REPRESENTATION_CONTEXT('2D SPACE',''
  ) );
#2033 = PCURVE('',#415,#2034);
#2034 = DEFINITIONAL_REPRESENTATION('',(#2035),#2039);
#2035 = LINE('',#2036,#2037);
#2036 = CARTESIAN_POINT('',(0.,1.8));
#2037 = VECTOR('',#2038,1.);
#2038 = DIRECTION('',(1.,0.));
#2039 = ( GEOMETRIC_REPRESENTATION_CONTEXT(2) 
PARAMETRIC_REPRESENTATION_CONTEXT() REPRESENTATION_CONTEXT('2D SPACE',''
  ) );
#2040 = ORIENTED_EDGE('',*,*,#2041,.F.);
#2041 = EDGE_CURVE('',#2042,#2018,#2044,.T.);
#2042 = VERTEX_POINT('',#2043);
#2043 = CARTESIAN_POINT('',(-30.5,16.,-14.));
#2044 = SURFACE_CURVE('',#2045,(#2049,#2056),.PCURVE_S1.);
#2045 = LINE('',#2046,#2047);
#2046 = CARTESIAN_POINT('',(-30.5,-3.5,-14.));
#2047 = VECTOR('',#2048,1.);
#2048 = DIRECTION('',(0.,-1.,0.));
#2049 = PCURVE('',#1950,#2050);
#2050 = DEFINITIONAL_REPRESENTATION('',(#2051),#2055);
#2051 = LINE('',#2052,#2053);
#2052 = CARTESIAN_POINT('',(0.5,14.5));
#2053 = VECTOR('',#2054,1.);
#2054 = DIRECTION('',(0.,-1.));
#2055 = ( GEOMETRIC_REPRESENTATION_CONTEXT(2) 
PARAMETRIC_REPRESENTATION_CONTEXT() REPRESENTATION_CONTEXT('2D SPACE',''
  ) );
#2056 = PCURVE('',#443,#2057);
#2057 = DEFINITIONAL_REPRESENTATION('',(#2058),#2062);
#2058 = LINE('',#2059,#2060);
#2059 = CARTESIAN_POINT('',(1.8,14.5));
#2060 = VECTOR('',#2061,1.);
#2061 = DIRECTION('',(0.,1.));
#2062 = ( GEOMETRIC_REPRESENTATION_CONTEXT(2) 
PARAMETRIC_REPRESENTATION_CONTEXT() REPRESENTATION_CONTEXT('2D SPACE',''
  ) );
#2063 = ORIENTED_EDGE('',*,*,#2064,.F.);
#2064 = EDGE_CURVE('',#1912,#2042,#2065,.T.);
#2065 = SURFACE_CURVE('',#2066,(#2070,#2077),.PCURVE_S1.);
#2066 = LINE('',#2067,#2068);
#2067 = CARTESIAN_POINT('',(-14.30929289581,16.,-14.));
#2068 = VECTOR('',#2069,1.);
#2069 = DIRECTION('',(-1.,0.,0.));
#2070 = PCURVE('',#1950,#2071);
#2071 = DEFINITIONAL_REPRESENTATION('',(#2072),#2076);
#2072 = LINE('',#2073,#2074);
#2073 = CARTESIAN_POINT('',(16.69070710419,34.));
#2074 = VECTOR('',#2075,1.);
#2075 = DIRECTION('',(-1.,0.));
#2076 = ( GEOMETRIC_REPRESENTATION_CONTEXT(2) 
PARAMETRIC_REPRESENTATION_CONTEXT() REPRESENTATION_CONTEXT('2D SPACE',''
  ) );
#2077 = PCURVE('',#471,#2078);
#2078 = DEFINITIONAL_REPRESENTATION('',(#2079),#2083);
#2079 = LINE('',#2080,#2081);
#2080 = CARTESIAN_POINT('',(20.210634975253,-16.69070710417));
#2081 = VECTOR('',#2082,1.);
#2082 = DIRECTION('',(0.,-1.));
#2083 = ( GEOMETRIC_REPRESENTATION_CONTEXT(2) 
PARAMETRIC_REPRESENTATION_CONTEXT() REPRESENTATION_CONTEXT('2D SPACE',''
  ) );
#2084 = ORIENTED_EDGE('',*,*,#1934,.T.);
#2085 = ORIENTED_EDGE('',*,*,#2086,.F.);
#2086 = EDGE_CURVE('',#1990,#1935,#2087,.T.);
#2087 = SURFACE_CURVE('',#2088,(#2092,#2099),.PCURVE_S1.);
#2088 = LINE('',#2089,#2090);
#2089 = CARTESIAN_POINT('',(-31.,18.,-14.));
#2090 = VECTOR('',#2091,1.);
#2091 = DIRECTION('',(1.,0.,0.));
#2092 = PCURVE('',#1950,#2093);
#2093 = DEFINITIONAL_REPRESENTATION('',(#2094),#2098);
#2094 = LINE('',#2095,#2096);
#2095 = CARTESIAN_POINT('',(0.,36.));
#2096 = VECTOR('',#2097,1.);
#2097 = DIRECTION('',(1.,0.));
#2098 = ( GEOMETRIC_REPRESENTATION_CONTEXT(2) 
PARAMETRIC_REPRESENTATION_CONTEXT() REPRESENTATION_CONTEXT('2D SPACE',''
  ) );
#2099 = PCURVE('',#118,#2100);
#2100 = DEFINITIONAL_REPRESENTATION('',(#2101),#2105);
#2101 = LINE('',#2102,#2103);
#2102 = CARTESIAN_POINT('',(22.262235193787,-33.35143585676));
#2103 = VECTOR('',#2104,1.);
#2104 = DIRECTION('',(0.,1.));
#2105 = ( GEOMETRIC_REPRESENTATION_CONTEXT(2) 
PARAMETRIC_REPRESENTATION_CONTEXT() REPRESENTATION_CONTEXT('2D SPACE',''
  ) );
#2106 = ADVANCED_FACE('',(#2107),#2005,.T.);
#2107 = FACE_BOUND('',#2108,.T.);
#2108 = EDGE_LOOP('',(#2109,#2131,#2132,#2155,#2183,#2210));
#2109 = ORIENTED_EDGE('',*,*,#2110,.F.);
#2110 = EDGE_CURVE('',#1988,#2111,#2113,.T.);
#2111 = VERTEX_POINT('',#2112);
#2112 = CARTESIAN_POINT('',(-31.,11.133974596216,-12.6));
#2113 = SURFACE_CURVE('',#2114,(#2118,#2125),.PCURVE_S1.);
#2114 = LINE('',#2115,#2116);
#2115 = CARTESIAN_POINT('',(-31.,11.133974596216,-15.8));
#2116 = VECTOR('',#2117,1.);
#2117 = DIRECTION('',(0.,0.,1.));
#2118 = PCURVE('',#2005,#2119);
#2119 = DEFINITIONAL_REPRESENTATION('',(#2120),#2124);
#2120 = LINE('',#2121,#2122);
#2121 = CARTESIAN_POINT('',(-1.8,-29.13397459621));
#2122 = VECTOR('',#2123,1.);
#2123 = DIRECTION('',(1.,0.));
#2124 = ( GEOMETRIC_REPRESENTATION_CONTEXT(2) 
PARAMETRIC_REPRESENTATION_CONTEXT() REPRESENTATION_CONTEXT('2D SPACE',''
  ) );
#2125 = PCURVE('',#415,#2126);
#2126 = DEFINITIONAL_REPRESENTATION('',(#2127),#2130);
#2127 = B_SPLINE_CURVE_WITH_KNOTS('',1,(#2128,#2129),.UNSPECIFIED.,.F.,
  .F.,(2,2),(0.4,3.2000006),.PIECEWISE_BEZIER_KNOTS.);
#2128 = CARTESIAN_POINT('',(5.235987755983,0.4));
#2129 = CARTESIAN_POINT('',(5.235987755983,3.2000006));
#2130 = ( GEOMETRIC_REPRESENTATION_CONTEXT(2) 
PARAMETRIC_REPRESENTATION_CONTEXT() REPRESENTATION_CONTEXT('2D SPACE',''
  ) );
#2131 = ORIENTED_EDGE('',*,*,#1987,.T.);
#2132 = ORIENTED_EDGE('',*,*,#2133,.T.);
#2133 = EDGE_CURVE('',#1990,#2134,#2136,.T.);
#2134 = VERTEX_POINT('',#2135);
#2135 = CARTESIAN_POINT('',(-31.,18.,-13.8));
#2136 = SURFACE_CURVE('',#2137,(#2141,#2148),.PCURVE_S1.);
#2137 = LINE('',#2138,#2139);
#2138 = CARTESIAN_POINT('',(-31.,18.,-14.));
#2139 = VECTOR('',#2140,1.);
#2140 = DIRECTION('',(0.,0.,1.));
#2141 = PCURVE('',#2005,#2142);
#2142 = DEFINITIONAL_REPRESENTATION('',(#2143),#2147);
#2143 = LINE('',#2144,#2145);
#2144 = CARTESIAN_POINT('',(0.,-36.));
#2145 = VECTOR('',#2146,1.);
#2146 = DIRECTION('',(1.,0.));
#2147 = ( GEOMETRIC_REPRESENTATION_CONTEXT(2) 
PARAMETRIC_REPRESENTATION_CONTEXT() REPRESENTATION_CONTEXT('2D SPACE',''
  ) );
#2148 = PCURVE('',#118,#2149);
#2149 = DEFINITIONAL_REPRESENTATION('',(#2150),#2154);
#2150 = LINE('',#2151,#2152);
#2151 = CARTESIAN_POINT('',(22.262235193787,-33.35143585676));
#2152 = VECTOR('',#2153,1.);
#2153 = DIRECTION('',(-1.,0.));
#2154 = ( GEOMETRIC_REPRESENTATION_CONTEXT(2) 
PARAMETRIC_REPRESENTATION_CONTEXT() REPRESENTATION_CONTEXT('2D SPACE',''
  ) );
#2155 = ORIENTED_EDGE('',*,*,#2156,.F.);
#2156 = EDGE_CURVE('',#2157,#2134,#2159,.T.);
#2157 = VERTEX_POINT('',#2158);
#2158 = CARTESIAN_POINT('',(-31.,17.866025403784,-13.8));
#2159 = SURFACE_CURVE('',#2160,(#2164,#2171),.PCURVE_S1.);
#2160 = LINE('',#2161,#2162);
#2161 = CARTESIAN_POINT('',(-31.,-2.,-13.8));
#2162 = VECTOR('',#2163,1.);
#2163 = DIRECTION('',(0.,1.,0.));
#2164 = PCURVE('',#2005,#2165);
#2165 = DEFINITIONAL_REPRESENTATION('',(#2166),#2170);
#2166 = LINE('',#2167,#2168);
#2167 = CARTESIAN_POINT('',(0.2,-16.));
#2168 = VECTOR('',#2169,1.);
#2169 = DIRECTION('',(0.,-1.));
#2170 = ( GEOMETRIC_REPRESENTATION_CONTEXT(2) 
PARAMETRIC_REPRESENTATION_CONTEXT() REPRESENTATION_CONTEXT('2D SPACE',''
  ) );
#2171 = PCURVE('',#2172,#2177);
#2172 = PLANE('',#2173);
#2173 = AXIS2_PLACEMENT_3D('',#2174,#2175,#2176);
#2174 = CARTESIAN_POINT('',(-33.,14.,-13.8));
#2175 = DIRECTION('',(0.,0.,1.));
#2176 = DIRECTION('',(1.,0.,-0.));
#2177 = DEFINITIONAL_REPRESENTATION('',(#2178),#2182);
#2178 = LINE('',#2179,#2180);
#2179 = CARTESIAN_POINT('',(2.,-16.));
#2180 = VECTOR('',#2181,1.);
#2181 = DIRECTION('',(0.,1.));
#2182 = ( GEOMETRIC_REPRESENTATION_CONTEXT(2) 
PARAMETRIC_REPRESENTATION_CONTEXT() REPRESENTATION_CONTEXT('2D SPACE',''
  ) );
#2183 = ORIENTED_EDGE('',*,*,#2184,.T.);
#2184 = EDGE_CURVE('',#2157,#2185,#2187,.T.);
#2185 = VERTEX_POINT('',#2186);
#2186 = CARTESIAN_POINT('',(-31.,17.866025403784,-12.6));
#2187 = SURFACE_CURVE('',#2188,(#2192,#2199),.PCURVE_S1.);
#2188 = LINE('',#2189,#2190);
#2189 = CARTESIAN_POINT('',(-31.,17.866025403784,-15.8));
#2190 = VECTOR('',#2191,1.);
#2191 = DIRECTION('',(0.,0.,1.));
#2192 = PCURVE('',#2005,#2193);
#2193 = DEFINITIONAL_REPRESENTATION('',(#2194),#2198);
#2194 = LINE('',#2195,#2196);
#2195 = CARTESIAN_POINT('',(-1.8,-35.86602540378));
#2196 = VECTOR('',#2197,1.);
#2197 = DIRECTION('',(1.,0.));
#2198 = ( GEOMETRIC_REPRESENTATION_CONTEXT(2) 
PARAMETRIC_REPRESENTATION_CONTEXT() REPRESENTATION_CONTEXT('2D SPACE',''
  ) );
#2199 = PCURVE('',#2200,#2205);
#2200 = CYLINDRICAL_SURFACE('',#2201,1.);
#2201 = AXIS2_PLACEMENT_3D('',#2202,#2203,#2204);
#2202 = CARTESIAN_POINT('',(-31.5,17.,-15.8));
#2203 = DIRECTION('',(0.,0.,1.));
#2204 = DIRECTION('',(1.,0.,-0.));
#2205 = DEFINITIONAL_REPRESENTATION('',(#2206),#2209);
#2206 = B_SPLINE_CURVE_WITH_KNOTS('',1,(#2207,#2208),.UNSPECIFIED.,.F.,
  .F.,(2,2),(1.9999994,3.2000006),.PIECEWISE_BEZIER_KNOTS.);
#2207 = CARTESIAN_POINT('',(1.047197551197,1.9999994));
#2208 = CARTESIAN_POINT('',(1.047197551197,3.2000006));
#2209 = ( GEOMETRIC_REPRESENTATION_CONTEXT(2) 
PARAMETRIC_REPRESENTATION_CONTEXT() REPRESENTATION_CONTEXT('2D SPACE',''
  ) );
#2210 = ORIENTED_EDGE('',*,*,#2211,.F.);
#2211 = EDGE_CURVE('',#2111,#2185,#2212,.T.);
#2212 = SURFACE_CURVE('',#2213,(#2217,#2224),.PCURVE_S1.);
#2213 = LINE('',#2214,#2215);
#2214 = CARTESIAN_POINT('',(-31.,-3.5,-12.6));
#2215 = VECTOR('',#2216,1.);
#2216 = DIRECTION('',(0.,1.,0.));
#2217 = PCURVE('',#2005,#2218);
#2218 = DEFINITIONAL_REPRESENTATION('',(#2219),#2223);
#2219 = LINE('',#2220,#2221);
#2220 = CARTESIAN_POINT('',(1.4,-14.5));
#2221 = VECTOR('',#2222,1.);
#2222 = DIRECTION('',(0.,-1.));
#2223 = ( GEOMETRIC_REPRESENTATION_CONTEXT(2) 
PARAMETRIC_REPRESENTATION_CONTEXT() REPRESENTATION_CONTEXT('2D SPACE',''
  ) );
#2224 = PCURVE('',#2225,#2230);
#2225 = PLANE('',#2226);
#2226 = AXIS2_PLACEMENT_3D('',#2227,#2228,#2229);
#2227 = CARTESIAN_POINT('',(-37.5,11.,-12.6));
#2228 = DIRECTION('',(0.,0.,1.));
#2229 = DIRECTION('',(1.,0.,-0.));
#2230 = DEFINITIONAL_REPRESENTATION('',(#2231),#2235);
#2231 = LINE('',#2232,#2233);
#2232 = CARTESIAN_POINT('',(6.5,-14.5));
#2233 = VECTOR('',#2234,1.);
#2234 = DIRECTION('',(0.,1.));
#2235 = ( GEOMETRIC_REPRESENTATION_CONTEXT(2) 
PARAMETRIC_REPRESENTATION_CONTEXT() REPRESENTATION_CONTEXT('2D SPACE',''
  ) );
#2236 = ADVANCED_FACE('',(#2237,#2439),#2225,.T.);
#2237 = FACE_BOUND('',#2238,.T.);
#2238 = EDGE_LOOP('',(#2239,#2269,#2292,#2316,#2339,#2365,#2366,#2390,
    #2413));
#2239 = ORIENTED_EDGE('',*,*,#2240,.T.);
#2240 = EDGE_CURVE('',#2241,#2243,#2245,.T.);
#2241 = VERTEX_POINT('',#2242);
#2242 = CARTESIAN_POINT('',(-33.,16.,-12.6));
#2243 = VERTEX_POINT('',#2244);
#2244 = CARTESIAN_POINT('',(-37.,16.,-12.6));
#2245 = SURFACE_CURVE('',#2246,(#2250,#2257),.PCURVE_S1.);
#2246 = LINE('',#2247,#2248);
#2247 = CARTESIAN_POINT('',(-17.55929289582,16.,-12.6));
#2248 = VECTOR('',#2249,1.);
#2249 = DIRECTION('',(-1.,0.,0.));
#2250 = PCURVE('',#2225,#2251);
#2251 = DEFINITIONAL_REPRESENTATION('',(#2252),#2256);
#2252 = LINE('',#2253,#2254);
#2253 = CARTESIAN_POINT('',(19.94070710418,5.));
#2254 = VECTOR('',#2255,1.);
#2255 = DIRECTION('',(-1.,0.));
#2256 = ( GEOMETRIC_REPRESENTATION_CONTEXT(2) 
PARAMETRIC_REPRESENTATION_CONTEXT() REPRESENTATION_CONTEXT('2D SPACE',''
  ) );
#2257 = PCURVE('',#2258,#2263);
#2258 = PLANE('',#2259);
#2259 = AXIS2_PLACEMENT_3D('',#2260,#2261,#2262);
#2260 = CARTESIAN_POINT('',(2.381414208361,16.,6.210634975253));
#2261 = DIRECTION('',(-0.,-1.,-0.));
#2262 = DIRECTION('',(0.,0.,-1.));
#2263 = DEFINITIONAL_REPRESENTATION('',(#2264),#2268);
#2264 = LINE('',#2265,#2266);
#2265 = CARTESIAN_POINT('',(18.810634975253,-19.94070710418));
#2266 = VECTOR('',#2267,1.);
#2267 = DIRECTION('',(0.,-1.));
#2268 = ( GEOMETRIC_REPRESENTATION_CONTEXT(2) 
PARAMETRIC_REPRESENTATION_CONTEXT() REPRESENTATION_CONTEXT('2D SPACE',''
  ) );
#2269 = ORIENTED_EDGE('',*,*,#2270,.T.);
#2270 = EDGE_CURVE('',#2243,#2271,#2273,.T.);
#2271 = VERTEX_POINT('',#2272);
#2272 = CARTESIAN_POINT('',(-37.,11.133974596216,-12.6));
#2273 = SURFACE_CURVE('',#2274,(#2278,#2285),.PCURVE_S1.);
#2274 = LINE('',#2275,#2276);
#2275 = CARTESIAN_POINT('',(-37.,13.5,-12.6));
#2276 = VECTOR('',#2277,1.);
#2277 = DIRECTION('',(0.,-1.,0.));
#2278 = PCURVE('',#2225,#2279);
#2279 = DEFINITIONAL_REPRESENTATION('',(#2280),#2284);
#2280 = LINE('',#2281,#2282);
#2281 = CARTESIAN_POINT('',(0.5,2.5));
#2282 = VECTOR('',#2283,1.);
#2283 = DIRECTION('',(0.,-1.));
#2284 = ( GEOMETRIC_REPRESENTATION_CONTEXT(2) 
PARAMETRIC_REPRESENTATION_CONTEXT() REPRESENTATION_CONTEXT('2D SPACE',''
  ) );
#2285 = PCURVE('',#325,#2286);
#2286 = DEFINITIONAL_REPRESENTATION('',(#2287),#2291);
#2287 = LINE('',#2288,#2289);
#2288 = CARTESIAN_POINT('',(35.8,-2.5));
#2289 = VECTOR('',#2290,1.);
#2290 = DIRECTION('',(0.,-1.));
#2291 = ( GEOMETRIC_REPRESENTATION_CONTEXT(2) 
PARAMETRIC_REPRESENTATION_CONTEXT() REPRESENTATION_CONTEXT('2D SPACE',''
  ) );
#2292 = ORIENTED_EDGE('',*,*,#2293,.T.);
#2293 = EDGE_CURVE('',#2271,#2294,#2296,.T.);
#2294 = VERTEX_POINT('',#2295);
#2295 = CARTESIAN_POINT('',(-36.5,11.,-12.6));
#2296 = SURFACE_CURVE('',#2297,(#2302,#2309),.PCURVE_S1.);
#2297 = CIRCLE('',#2298,1.);
#2298 = AXIS2_PLACEMENT_3D('',#2299,#2300,#2301);
#2299 = CARTESIAN_POINT('',(-36.5,12.,-12.6));
#2300 = DIRECTION('',(0.,0.,1.));
#2301 = DIRECTION('',(0.,-1.,0.));
#2302 = PCURVE('',#2225,#2303);
#2303 = DEFINITIONAL_REPRESENTATION('',(#2304),#2308);
#2304 = CIRCLE('',#2305,1.);
#2305 = AXIS2_PLACEMENT_2D('',#2306,#2307);
#2306 = CARTESIAN_POINT('',(1.,1.));
#2307 = DIRECTION('',(0.,-1.));
#2308 = ( GEOMETRIC_REPRESENTATION_CONTEXT(2) 
PARAMETRIC_REPRESENTATION_CONTEXT() REPRESENTATION_CONTEXT('2D SPACE',''
  ) );
#2309 = PCURVE('',#354,#2310);
#2310 = DEFINITIONAL_REPRESENTATION('',(#2311),#2315);
#2311 = LINE('',#2312,#2313);
#2312 = CARTESIAN_POINT('',(-4.712388980385,3.2));
#2313 = VECTOR('',#2314,1.);
#2314 = DIRECTION('',(1.,0.));
#2315 = ( GEOMETRIC_REPRESENTATION_CONTEXT(2) 
PARAMETRIC_REPRESENTATION_CONTEXT() REPRESENTATION_CONTEXT('2D SPACE',''
  ) );
#2316 = ORIENTED_EDGE('',*,*,#2317,.T.);
#2317 = EDGE_CURVE('',#2294,#2318,#2320,.T.);
#2318 = VERTEX_POINT('',#2319);
#2319 = CARTESIAN_POINT('',(-31.5,11.,-12.6));
#2320 = SURFACE_CURVE('',#2321,(#2325,#2332),.PCURVE_S1.);
#2321 = LINE('',#2322,#2323);
#2322 = CARTESIAN_POINT('',(-37.5,11.,-12.6));
#2323 = VECTOR('',#2324,1.);
#2324 = DIRECTION('',(1.,0.,0.));
#2325 = PCURVE('',#2225,#2326);
#2326 = DEFINITIONAL_REPRESENTATION('',(#2327),#2331);
#2327 = LINE('',#2328,#2329);
#2328 = CARTESIAN_POINT('',(0.,0.));
#2329 = VECTOR('',#2330,1.);
#2330 = DIRECTION('',(1.,0.));
#2331 = ( GEOMETRIC_REPRESENTATION_CONTEXT(2) 
PARAMETRIC_REPRESENTATION_CONTEXT() REPRESENTATION_CONTEXT('2D SPACE',''
  ) );
#2332 = PCURVE('',#382,#2333);
#2333 = DEFINITIONAL_REPRESENTATION('',(#2334),#2338);
#2334 = LINE('',#2335,#2336);
#2335 = CARTESIAN_POINT('',(3.2,0.));
#2336 = VECTOR('',#2337,1.);
#2337 = DIRECTION('',(0.,1.));
#2338 = ( GEOMETRIC_REPRESENTATION_CONTEXT(2) 
PARAMETRIC_REPRESENTATION_CONTEXT() REPRESENTATION_CONTEXT('2D SPACE',''
  ) );
#2339 = ORIENTED_EDGE('',*,*,#2340,.F.);
#2340 = EDGE_CURVE('',#2111,#2318,#2341,.T.);
#2341 = SURFACE_CURVE('',#2342,(#2347,#2358),.PCURVE_S1.);
#2342 = CIRCLE('',#2343,1.);
#2343 = AXIS2_PLACEMENT_3D('',#2344,#2345,#2346);
#2344 = CARTESIAN_POINT('',(-31.5,12.,-12.6));
#2345 = DIRECTION('',(-0.,-0.,-1.));
#2346 = DIRECTION('',(0.,-1.,0.));
#2347 = PCURVE('',#2225,#2348);
#2348 = DEFINITIONAL_REPRESENTATION('',(#2349),#2357);
#2349 = ( BOUNDED_CURVE() B_SPLINE_CURVE(2,(#2350,#2351,#2352,#2353,
#2354,#2355,#2356),.UNSPECIFIED.,.T.,.F.) B_SPLINE_CURVE_WITH_KNOTS((1,2
    ,2,2,2,1),(-2.094395102393,0.,2.094395102393,4.188790204786,
6.28318530718,8.377580409573),.UNSPECIFIED.) CURVE() 
GEOMETRIC_REPRESENTATION_ITEM() RATIONAL_B_SPLINE_CURVE((1.,0.5,1.,0.5,
1.,0.5,1.)) REPRESENTATION_ITEM('') );
#2350 = CARTESIAN_POINT('',(6.,0.));
#2351 = CARTESIAN_POINT('',(4.267949192431,0.));
#2352 = CARTESIAN_POINT('',(5.133974596216,1.5));
#2353 = CARTESIAN_POINT('',(6.,3.));
#2354 = CARTESIAN_POINT('',(6.866025403784,1.5));
#2355 = CARTESIAN_POINT('',(7.732050807569,1.554312234475E-15));
#2356 = CARTESIAN_POINT('',(6.,0.));
#2357 = ( GEOMETRIC_REPRESENTATION_CONTEXT(2) 
PARAMETRIC_REPRESENTATION_CONTEXT() REPRESENTATION_CONTEXT('2D SPACE',''
  ) );
#2358 = PCURVE('',#415,#2359);
#2359 = DEFINITIONAL_REPRESENTATION('',(#2360),#2364);
#2360 = LINE('',#2361,#2362);
#2361 = CARTESIAN_POINT('',(10.995574287565,3.2));
#2362 = VECTOR('',#2363,1.);
#2363 = DIRECTION('',(-1.,0.));
#2364 = ( GEOMETRIC_REPRESENTATION_CONTEXT(2) 
PARAMETRIC_REPRESENTATION_CONTEXT() REPRESENTATION_CONTEXT('2D SPACE',''
  ) );
#2365 = ORIENTED_EDGE('',*,*,#2211,.T.);
#2366 = ORIENTED_EDGE('',*,*,#2367,.T.);
#2367 = EDGE_CURVE('',#2185,#2368,#2370,.T.);
#2368 = VERTEX_POINT('',#2369);
#2369 = CARTESIAN_POINT('',(-31.5,18.,-12.6));
#2370 = SURFACE_CURVE('',#2371,(#2376,#2383),.PCURVE_S1.);
#2371 = CIRCLE('',#2372,1.);
#2372 = AXIS2_PLACEMENT_3D('',#2373,#2374,#2375);
#2373 = CARTESIAN_POINT('',(-31.5,17.,-12.6));
#2374 = DIRECTION('',(0.,0.,1.));
#2375 = DIRECTION('',(0.,-1.,0.));
#2376 = PCURVE('',#2225,#2377);
#2377 = DEFINITIONAL_REPRESENTATION('',(#2378),#2382);
#2378 = CIRCLE('',#2379,1.);
#2379 = AXIS2_PLACEMENT_2D('',#2380,#2381);
#2380 = CARTESIAN_POINT('',(6.,6.));
#2381 = DIRECTION('',(0.,-1.));
#2382 = ( GEOMETRIC_REPRESENTATION_CONTEXT(2) 
PARAMETRIC_REPRESENTATION_CONTEXT() REPRESENTATION_CONTEXT('2D SPACE',''
  ) );
#2383 = PCURVE('',#2200,#2384);
#2384 = DEFINITIONAL_REPRESENTATION('',(#2385),#2389);
#2385 = LINE('',#2386,#2387);
#2386 = CARTESIAN_POINT('',(-1.570796326795,3.2));
#2387 = VECTOR('',#2388,1.);
#2388 = DIRECTION('',(1.,0.));
#2389 = ( GEOMETRIC_REPRESENTATION_CONTEXT(2) 
PARAMETRIC_REPRESENTATION_CONTEXT() REPRESENTATION_CONTEXT('2D SPACE',''
  ) );
#2390 = ORIENTED_EDGE('',*,*,#2391,.F.);
#2391 = EDGE_CURVE('',#2392,#2368,#2394,.T.);
#2392 = VERTEX_POINT('',#2393);
#2393 = CARTESIAN_POINT('',(-33.,18.,-12.6));
#2394 = SURFACE_CURVE('',#2395,(#2399,#2406),.PCURVE_S1.);
#2395 = LINE('',#2396,#2397);
#2396 = CARTESIAN_POINT('',(-37.5,18.,-12.6));
#2397 = VECTOR('',#2398,1.);
#2398 = DIRECTION('',(1.,0.,0.));
#2399 = PCURVE('',#2225,#2400);
#2400 = DEFINITIONAL_REPRESENTATION('',(#2401),#2405);
#2401 = LINE('',#2402,#2403);
#2402 = CARTESIAN_POINT('',(0.,7.));
#2403 = VECTOR('',#2404,1.);
#2404 = DIRECTION('',(1.,0.));
#2405 = ( GEOMETRIC_REPRESENTATION_CONTEXT(2) 
PARAMETRIC_REPRESENTATION_CONTEXT() REPRESENTATION_CONTEXT('2D SPACE',''
  ) );
#2406 = PCURVE('',#118,#2407);
#2407 = DEFINITIONAL_REPRESENTATION('',(#2408),#2412);
#2408 = LINE('',#2409,#2410);
#2409 = CARTESIAN_POINT('',(20.862235193787,-39.85143585676));
#2410 = VECTOR('',#2411,1.);
#2411 = DIRECTION('',(0.,1.));
#2412 = ( GEOMETRIC_REPRESENTATION_CONTEXT(2) 
PARAMETRIC_REPRESENTATION_CONTEXT() REPRESENTATION_CONTEXT('2D SPACE',''
  ) );
#2413 = ORIENTED_EDGE('',*,*,#2414,.T.);
#2414 = EDGE_CURVE('',#2392,#2241,#2415,.T.);
#2415 = SURFACE_CURVE('',#2416,(#2420,#2427),.PCURVE_S1.);
#2416 = LINE('',#2417,#2418);
#2417 = CARTESIAN_POINT('',(-33.,12.5,-12.6));
#2418 = VECTOR('',#2419,1.);
#2419 = DIRECTION('',(0.,-1.,0.));
#2420 = PCURVE('',#2225,#2421);
#2421 = DEFINITIONAL_REPRESENTATION('',(#2422),#2426);
#2422 = LINE('',#2423,#2424);
#2423 = CARTESIAN_POINT('',(4.5,1.5));
#2424 = VECTOR('',#2425,1.);
#2425 = DIRECTION('',(0.,-1.));
#2426 = ( GEOMETRIC_REPRESENTATION_CONTEXT(2) 
PARAMETRIC_REPRESENTATION_CONTEXT() REPRESENTATION_CONTEXT('2D SPACE',''
  ) );
#2427 = PCURVE('',#2428,#2433);
#2428 = PLANE('',#2429);
#2429 = AXIS2_PLACEMENT_3D('',#2430,#2431,#2432);
#2430 = CARTESIAN_POINT('',(-33.,14.,-13.8));
#2431 = DIRECTION('',(1.,0.,0.));
#2432 = DIRECTION('',(0.,0.,1.));
#2433 = DEFINITIONAL_REPRESENTATION('',(#2434),#2438);
#2434 = LINE('',#2435,#2436);
#2435 = CARTESIAN_POINT('',(1.2,1.5));
#2436 = VECTOR('',#2437,1.);
#2437 = DIRECTION('',(0.,1.));
#2438 = ( GEOMETRIC_REPRESENTATION_CONTEXT(2) 
PARAMETRIC_REPRESENTATION_CONTEXT() REPRESENTATION_CONTEXT('2D SPACE',''
  ) );
#2439 = FACE_BOUND('',#2440,.T.);
#2440 = EDGE_LOOP('',(#2441));
#2441 = ORIENTED_EDGE('',*,*,#2442,.F.);
#2442 = EDGE_CURVE('',#2443,#2443,#2445,.T.);
#2443 = VERTEX_POINT('',#2444);
#2444 = CARTESIAN_POINT('',(-32.85,14.5,-12.6));
#2445 = SURFACE_CURVE('',#2446,(#2451,#2458),.PCURVE_S1.);
#2446 = CIRCLE('',#2447,1.15);
#2447 = AXIS2_PLACEMENT_3D('',#2448,#2449,#2450);
#2448 = CARTESIAN_POINT('',(-34.,14.5,-12.6));
#2449 = DIRECTION('',(0.,0.,1.));
#2450 = DIRECTION('',(1.,0.,-0.));
#2451 = PCURVE('',#2225,#2452);
#2452 = DEFINITIONAL_REPRESENTATION('',(#2453),#2457);
#2453 = CIRCLE('',#2454,1.15);
#2454 = AXIS2_PLACEMENT_2D('',#2455,#2456);
#2455 = CARTESIAN_POINT('',(3.5,3.5));
#2456 = DIRECTION('',(1.,0.));
#2457 = ( GEOMETRIC_REPRESENTATION_CONTEXT(2) 
PARAMETRIC_REPRESENTATION_CONTEXT() REPRESENTATION_CONTEXT('2D SPACE',''
  ) );
#2458 = PCURVE('',#2459,#2464);
#2459 = CYLINDRICAL_SURFACE('',#2460,1.15);
#2460 = AXIS2_PLACEMENT_3D('',#2461,#2462,#2463);
#2461 = CARTESIAN_POINT('',(-34.,14.5,-17.));
#2462 = DIRECTION('',(0.,0.,1.));
#2463 = DIRECTION('',(1.,0.,-0.));
#2464 = DEFINITIONAL_REPRESENTATION('',(#2465),#2469);
#2465 = LINE('',#2466,#2467);
#2466 = CARTESIAN_POINT('',(0.,4.4));
#2467 = VECTOR('',#2468,1.);
#2468 = DIRECTION('',(1.,0.));
#2469 = ( GEOMETRIC_REPRESENTATION_CONTEXT(2) 
PARAMETRIC_REPRESENTATION_CONTEXT() REPRESENTATION_CONTEXT('2D SPACE',''
  ) );
#2470 = ADVANCED_FACE('',(#2471),#2459,.F.);
#2471 = FACE_BOUND('',#2472,.F.);
#2472 = EDGE_LOOP('',(#2473,#2496,#2497,#2498));
#2473 = ORIENTED_EDGE('',*,*,#2474,.T.);
#2474 = EDGE_CURVE('',#2475,#2443,#2477,.T.);
#2475 = VERTEX_POINT('',#2476);
#2476 = CARTESIAN_POINT('',(-32.85,14.5,-12.8));
#2477 = SEAM_CURVE('',#2478,(#2482,#2489),.PCURVE_S1.);
#2478 = LINE('',#2479,#2480);
#2479 = CARTESIAN_POINT('',(-32.85,14.5,-16.));
#2480 = VECTOR('',#2481,1.);
#2481 = DIRECTION('',(0.,0.,1.));
#2482 = PCURVE('',#2459,#2483);
#2483 = DEFINITIONAL_REPRESENTATION('',(#2484),#2488);
#2484 = LINE('',#2485,#2486);
#2485 = CARTESIAN_POINT('',(6.28318530718,1.));
#2486 = VECTOR('',#2487,1.);
#2487 = DIRECTION('',(0.,1.));
#2488 = ( GEOMETRIC_REPRESENTATION_CONTEXT(2) 
PARAMETRIC_REPRESENTATION_CONTEXT() REPRESENTATION_CONTEXT('2D SPACE',''
  ) );
#2489 = PCURVE('',#2459,#2490);
#2490 = DEFINITIONAL_REPRESENTATION('',(#2491),#2495);
#2491 = LINE('',#2492,#2493);
#2492 = CARTESIAN_POINT('',(4.138911435803E-13,1.));
#2493 = VECTOR('',#2494,1.);
#2494 = DIRECTION('',(0.,1.));
#2495 = ( GEOMETRIC_REPRESENTATION_CONTEXT(2) 
PARAMETRIC_REPRESENTATION_CONTEXT() REPRESENTATION_CONTEXT('2D SPACE',''
  ) );
#2496 = ORIENTED_EDGE('',*,*,#2442,.F.);
#2497 = ORIENTED_EDGE('',*,*,#2474,.F.);
#2498 = ORIENTED_EDGE('',*,*,#2499,.T.);
#2499 = EDGE_CURVE('',#2475,#2475,#2500,.T.);
#2500 = SURFACE_CURVE('',#2501,(#2506,#2513),.PCURVE_S1.);
#2501 = CIRCLE('',#2502,1.15);
#2502 = AXIS2_PLACEMENT_3D('',#2503,#2504,#2505);
#2503 = CARTESIAN_POINT('',(-34.,14.5,-12.8));
#2504 = DIRECTION('',(0.,0.,1.));
#2505 = DIRECTION('',(1.,0.,-0.));
#2506 = PCURVE('',#2459,#2507);
#2507 = DEFINITIONAL_REPRESENTATION('',(#2508),#2512);
#2508 = LINE('',#2509,#2510);
#2509 = CARTESIAN_POINT('',(0.,4.2));
#2510 = VECTOR('',#2511,1.);
#2511 = DIRECTION('',(1.,0.));
#2512 = ( GEOMETRIC_REPRESENTATION_CONTEXT(2) 
PARAMETRIC_REPRESENTATION_CONTEXT() REPRESENTATION_CONTEXT('2D SPACE',''
  ) );
#2513 = PCURVE('',#2514,#2519);
#2514 = PLANE('',#2515);
#2515 = AXIS2_PLACEMENT_3D('',#2516,#2517,#2518);
#2516 = CARTESIAN_POINT('',(-36.2,12.3,-12.8));
#2517 = DIRECTION('',(0.,0.,1.));
#2518 = DIRECTION('',(1.,0.,-0.));
#2519 = DEFINITIONAL_REPRESENTATION('',(#2520),#2524);
#2520 = CIRCLE('',#2521,1.15);
#2521 = AXIS2_PLACEMENT_2D('',#2522,#2523);
#2522 = CARTESIAN_POINT('',(2.2,2.2));
#2523 = DIRECTION('',(1.,0.));
#2524 = ( GEOMETRIC_REPRESENTATION_CONTEXT(2) 
PARAMETRIC_REPRESENTATION_CONTEXT() REPRESENTATION_CONTEXT('2D SPACE',''
  ) );
#2525 = ADVANCED_FACE('',(#2526,#2635),#2514,.F.);
#2526 = FACE_BOUND('',#2527,.F.);
#2527 = EDGE_LOOP('',(#2528,#2558,#2586,#2614));
#2528 = ORIENTED_EDGE('',*,*,#2529,.T.);
#2529 = EDGE_CURVE('',#2530,#2532,#2534,.T.);
#2530 = VERTEX_POINT('',#2531);
#2531 = CARTESIAN_POINT('',(-36.2,18.,-12.8));
#2532 = VERTEX_POINT('',#2533);
#2533 = CARTESIAN_POINT('',(-36.2,12.3,-12.8));
#2534 = SURFACE_CURVE('',#2535,(#2539,#2546),.PCURVE_S1.);
#2535 = LINE('',#2536,#2537);
#2536 = CARTESIAN_POINT('',(-36.2,18.,-12.8));
#2537 = VECTOR('',#2538,1.);
#2538 = DIRECTION('',(0.,-1.,0.));
#2539 = PCURVE('',#2514,#2540);
#2540 = DEFINITIONAL_REPRESENTATION('',(#2541),#2545);
#2541 = LINE('',#2542,#2543);
#2542 = CARTESIAN_POINT('',(0.,5.7));
#2543 = VECTOR('',#2544,1.);
#2544 = DIRECTION('',(0.,-1.));
#2545 = ( GEOMETRIC_REPRESENTATION_CONTEXT(2) 
PARAMETRIC_REPRESENTATION_CONTEXT() REPRESENTATION_CONTEXT('2D SPACE',''
  ) );
#2546 = PCURVE('',#2547,#2552);
#2547 = PLANE('',#2548);
#2548 = AXIS2_PLACEMENT_3D('',#2549,#2550,#2551);
#2549 = CARTESIAN_POINT('',(-36.2,12.3,-14.6));
#2550 = DIRECTION('',(1.,0.,-0.));
#2551 = DIRECTION('',(0.,0.,1.));
#2552 = DEFINITIONAL_REPRESENTATION('',(#2553),#2557);
#2553 = LINE('',#2554,#2555);
#2554 = CARTESIAN_POINT('',(1.8,-5.7));
#2555 = VECTOR('',#2556,1.);
#2556 = DIRECTION('',(0.,1.));
#2557 = ( GEOMETRIC_REPRESENTATION_CONTEXT(2) 
PARAMETRIC_REPRESENTATION_CONTEXT() REPRESENTATION_CONTEXT('2D SPACE',''
  ) );
#2558 = ORIENTED_EDGE('',*,*,#2559,.T.);
#2559 = EDGE_CURVE('',#2532,#2560,#2562,.T.);
#2560 = VERTEX_POINT('',#2561);
#2561 = CARTESIAN_POINT('',(-31.8,12.3,-12.8));
#2562 = SURFACE_CURVE('',#2563,(#2567,#2574),.PCURVE_S1.);
#2563 = LINE('',#2564,#2565);
#2564 = CARTESIAN_POINT('',(-36.2,12.3,-12.8));
#2565 = VECTOR('',#2566,1.);
#2566 = DIRECTION('',(1.,0.,0.));
#2567 = PCURVE('',#2514,#2568);
#2568 = DEFINITIONAL_REPRESENTATION('',(#2569),#2573);
#2569 = LINE('',#2570,#2571);
#2570 = CARTESIAN_POINT('',(0.,0.));
#2571 = VECTOR('',#2572,1.);
#2572 = DIRECTION('',(1.,0.));
#2573 = ( GEOMETRIC_REPRESENTATION_CONTEXT(2) 
PARAMETRIC_REPRESENTATION_CONTEXT() REPRESENTATION_CONTEXT('2D SPACE',''
  ) );
#2574 = PCURVE('',#2575,#2580);
#2575 = PLANE('',#2576);
#2576 = AXIS2_PLACEMENT_3D('',#2577,#2578,#2579);
#2577 = CARTESIAN_POINT('',(-36.2,12.3,-14.6));
#2578 = DIRECTION('',(0.,1.,0.));
#2579 = DIRECTION('',(0.,-0.,1.));
#2580 = DEFINITIONAL_REPRESENTATION('',(#2581),#2585);
#2581 = LINE('',#2582,#2583);
#2582 = CARTESIAN_POINT('',(1.8,0.));
#2583 = VECTOR('',#2584,1.);
#2584 = DIRECTION('',(0.,1.));
#2585 = ( GEOMETRIC_REPRESENTATION_CONTEXT(2) 
PARAMETRIC_REPRESENTATION_CONTEXT() REPRESENTATION_CONTEXT('2D SPACE',''
  ) );
#2586 = ORIENTED_EDGE('',*,*,#2587,.T.);
#2587 = EDGE_CURVE('',#2560,#2588,#2590,.T.);
#2588 = VERTEX_POINT('',#2589);
#2589 = CARTESIAN_POINT('',(-31.8,18.,-12.8));
#2590 = SURFACE_CURVE('',#2591,(#2595,#2602),.PCURVE_S1.);
#2591 = LINE('',#2592,#2593);
#2592 = CARTESIAN_POINT('',(-31.8,12.3,-12.8));
#2593 = VECTOR('',#2594,1.);
#2594 = DIRECTION('',(-6.232831015439E-16,1.,6.232831015439E-16));
#2595 = PCURVE('',#2514,#2596);
#2596 = DEFINITIONAL_REPRESENTATION('',(#2597),#2601);
#2597 = LINE('',#2598,#2599);
#2598 = CARTESIAN_POINT('',(4.4,0.));
#2599 = VECTOR('',#2600,1.);
#2600 = DIRECTION('',(-6.232831015439E-16,1.));
#2601 = ( GEOMETRIC_REPRESENTATION_CONTEXT(2) 
PARAMETRIC_REPRESENTATION_CONTEXT() REPRESENTATION_CONTEXT('2D SPACE',''
  ) );
#2602 = PCURVE('',#2603,#2608);
#2603 = PLANE('',#2604);
#2604 = AXIS2_PLACEMENT_3D('',#2605,#2606,#2607);
#2605 = CARTESIAN_POINT('',(-31.8,12.3,-14.6));
#2606 = DIRECTION('',(1.,0.,-0.));
#2607 = DIRECTION('',(0.,0.,1.));
#2608 = DEFINITIONAL_REPRESENTATION('',(#2609),#2613);
#2609 = LINE('',#2610,#2611);
#2610 = CARTESIAN_POINT('',(1.8,0.));
#2611 = VECTOR('',#2612,1.);
#2612 = DIRECTION('',(6.232831015439E-16,-1.));
#2613 = ( GEOMETRIC_REPRESENTATION_CONTEXT(2) 
PARAMETRIC_REPRESENTATION_CONTEXT() REPRESENTATION_CONTEXT('2D SPACE',''
  ) );
#2614 = ORIENTED_EDGE('',*,*,#2615,.T.);
#2615 = EDGE_CURVE('',#2588,#2530,#2616,.T.);
#2616 = SURFACE_CURVE('',#2617,(#2621,#2628),.PCURVE_S1.);
#2617 = LINE('',#2618,#2619);
#2618 = CARTESIAN_POINT('',(-16.92428207161,18.,-12.8));
#2619 = VECTOR('',#2620,1.);
#2620 = DIRECTION('',(-1.,0.,0.));
#2621 = PCURVE('',#2514,#2622);
#2622 = DEFINITIONAL_REPRESENTATION('',(#2623),#2627);
#2623 = LINE('',#2624,#2625);
#2624 = CARTESIAN_POINT('',(19.27571792839,5.7));
#2625 = VECTOR('',#2626,1.);
#2626 = DIRECTION('',(-1.,0.));
#2627 = ( GEOMETRIC_REPRESENTATION_CONTEXT(2) 
PARAMETRIC_REPRESENTATION_CONTEXT() REPRESENTATION_CONTEXT('2D SPACE',''
  ) );
#2628 = PCURVE('',#118,#2629);
#2629 = DEFINITIONAL_REPRESENTATION('',(#2630),#2634);
#2630 = LINE('',#2631,#2632);
#2631 = CARTESIAN_POINT('',(21.062235193787,-19.27571792837));
#2632 = VECTOR('',#2633,1.);
#2633 = DIRECTION('',(0.,-1.));
#2634 = ( GEOMETRIC_REPRESENTATION_CONTEXT(2) 
PARAMETRIC_REPRESENTATION_CONTEXT() REPRESENTATION_CONTEXT('2D SPACE',''
  ) );
#2635 = FACE_BOUND('',#2636,.F.);
#2636 = EDGE_LOOP('',(#2637));
#2637 = ORIENTED_EDGE('',*,*,#2499,.F.);
#2638 = ADVANCED_FACE('',(#2639),#2603,.F.);
#2639 = FACE_BOUND('',#2640,.F.);
#2640 = EDGE_LOOP('',(#2641,#2642,#2665,#2693));
#2641 = ORIENTED_EDGE('',*,*,#2587,.F.);
#2642 = ORIENTED_EDGE('',*,*,#2643,.F.);
#2643 = EDGE_CURVE('',#2644,#2560,#2646,.T.);
#2644 = VERTEX_POINT('',#2645);
#2645 = CARTESIAN_POINT('',(-31.8,12.3,-14.6));
#2646 = SURFACE_CURVE('',#2647,(#2651,#2658),.PCURVE_S1.);
#2647 = LINE('',#2648,#2649);
#2648 = CARTESIAN_POINT('',(-31.8,12.3,-14.6));
#2649 = VECTOR('',#2650,1.);
#2650 = DIRECTION('',(0.,0.,1.));
#2651 = PCURVE('',#2603,#2652);
#2652 = DEFINITIONAL_REPRESENTATION('',(#2653),#2657);
#2653 = LINE('',#2654,#2655);
#2654 = CARTESIAN_POINT('',(0.,0.));
#2655 = VECTOR('',#2656,1.);
#2656 = DIRECTION('',(1.,0.));
#2657 = ( GEOMETRIC_REPRESENTATION_CONTEXT(2) 
PARAMETRIC_REPRESENTATION_CONTEXT() REPRESENTATION_CONTEXT('2D SPACE',''
  ) );
#2658 = PCURVE('',#2575,#2659);
#2659 = DEFINITIONAL_REPRESENTATION('',(#2660),#2664);
#2660 = LINE('',#2661,#2662);
#2661 = CARTESIAN_POINT('',(0.,4.4));
#2662 = VECTOR('',#2663,1.);
#2663 = DIRECTION('',(1.,0.));
#2664 = ( GEOMETRIC_REPRESENTATION_CONTEXT(2) 
PARAMETRIC_REPRESENTATION_CONTEXT() REPRESENTATION_CONTEXT('2D SPACE',''
  ) );
#2665 = ORIENTED_EDGE('',*,*,#2666,.T.);
#2666 = EDGE_CURVE('',#2644,#2667,#2669,.T.);
#2667 = VERTEX_POINT('',#2668);
#2668 = CARTESIAN_POINT('',(-31.8,18.,-14.6));
#2669 = SURFACE_CURVE('',#2670,(#2674,#2681),.PCURVE_S1.);
#2670 = LINE('',#2671,#2672);
#2671 = CARTESIAN_POINT('',(-31.8,12.3,-14.6));
#2672 = VECTOR('',#2673,1.);
#2673 = DIRECTION('',(-6.232831015439E-16,1.,0.));
#2674 = PCURVE('',#2603,#2675);
#2675 = DEFINITIONAL_REPRESENTATION('',(#2676),#2680);
#2676 = LINE('',#2677,#2678);
#2677 = CARTESIAN_POINT('',(0.,0.));
#2678 = VECTOR('',#2679,1.);
#2679 = DIRECTION('',(0.,-1.));
#2680 = ( GEOMETRIC_REPRESENTATION_CONTEXT(2) 
PARAMETRIC_REPRESENTATION_CONTEXT() REPRESENTATION_CONTEXT('2D SPACE',''
  ) );
#2681 = PCURVE('',#2682,#2687);
#2682 = PLANE('',#2683);
#2683 = AXIS2_PLACEMENT_3D('',#2684,#2685,#2686);
#2684 = CARTESIAN_POINT('',(-36.2,12.3,-14.6));
#2685 = DIRECTION('',(0.,0.,1.));
#2686 = DIRECTION('',(1.,0.,-0.));
#2687 = DEFINITIONAL_REPRESENTATION('',(#2688),#2692);
#2688 = LINE('',#2689,#2690);
#2689 = CARTESIAN_POINT('',(4.4,0.));
#2690 = VECTOR('',#2691,1.);
#2691 = DIRECTION('',(-6.232831015439E-16,1.));
#2692 = ( GEOMETRIC_REPRESENTATION_CONTEXT(2) 
PARAMETRIC_REPRESENTATION_CONTEXT() REPRESENTATION_CONTEXT('2D SPACE',''
  ) );
#2693 = ORIENTED_EDGE('',*,*,#2694,.T.);
#2694 = EDGE_CURVE('',#2667,#2588,#2695,.T.);
#2695 = SURFACE_CURVE('',#2696,(#2700,#2707),.PCURVE_S1.);
#2696 = LINE('',#2697,#2698);
#2697 = CARTESIAN_POINT('',(-31.8,18.,-3.168882403107));
#2698 = VECTOR('',#2699,1.);
#2699 = DIRECTION('',(0.,-0.,1.));
#2700 = PCURVE('',#2603,#2701);
#2701 = DEFINITIONAL_REPRESENTATION('',(#2702),#2706);
#2702 = LINE('',#2703,#2704);
#2703 = CARTESIAN_POINT('',(11.431117596893,-5.7));
#2704 = VECTOR('',#2705,1.);
#2705 = DIRECTION('',(1.,0.));
#2706 = ( GEOMETRIC_REPRESENTATION_CONTEXT(2) 
PARAMETRIC_REPRESENTATION_CONTEXT() REPRESENTATION_CONTEXT('2D SPACE',''
  ) );
#2707 = PCURVE('',#118,#2708);
#2708 = DEFINITIONAL_REPRESENTATION('',(#2709),#2713);
#2709 = LINE('',#2710,#2711);
#2710 = CARTESIAN_POINT('',(11.431117596894,-34.15143585676));
#2711 = VECTOR('',#2712,1.);
#2712 = DIRECTION('',(-1.,0.));
#2713 = ( GEOMETRIC_REPRESENTATION_CONTEXT(2) 
PARAMETRIC_REPRESENTATION_CONTEXT() REPRESENTATION_CONTEXT('2D SPACE',''
  ) );
#2714 = ADVANCED_FACE('',(#2715,#2785),#2682,.T.);
#2715 = FACE_BOUND('',#2716,.T.);
#2716 = EDGE_LOOP('',(#2717,#2742,#2763,#2764));
#2717 = ORIENTED_EDGE('',*,*,#2718,.T.);
#2718 = EDGE_CURVE('',#2719,#2721,#2723,.T.);
#2719 = VERTEX_POINT('',#2720);
#2720 = CARTESIAN_POINT('',(-36.2,18.,-14.6));
#2721 = VERTEX_POINT('',#2722);
#2722 = CARTESIAN_POINT('',(-36.2,12.3,-14.6));
#2723 = SURFACE_CURVE('',#2724,(#2728,#2735),.PCURVE_S1.);
#2724 = LINE('',#2725,#2726);
#2725 = CARTESIAN_POINT('',(-36.2,18.,-14.6));
#2726 = VECTOR('',#2727,1.);
#2727 = DIRECTION('',(0.,-1.,0.));
#2728 = PCURVE('',#2682,#2729);
#2729 = DEFINITIONAL_REPRESENTATION('',(#2730),#2734);
#2730 = LINE('',#2731,#2732);
#2731 = CARTESIAN_POINT('',(0.,5.7));
#2732 = VECTOR('',#2733,1.);
#2733 = DIRECTION('',(0.,-1.));
#2734 = ( GEOMETRIC_REPRESENTATION_CONTEXT(2) 
PARAMETRIC_REPRESENTATION_CONTEXT() REPRESENTATION_CONTEXT('2D SPACE',''
  ) );
#2735 = PCURVE('',#2547,#2736);
#2736 = DEFINITIONAL_REPRESENTATION('',(#2737),#2741);
#2737 = LINE('',#2738,#2739);
#2738 = CARTESIAN_POINT('',(0.,-5.7));
#2739 = VECTOR('',#2740,1.);
#2740 = DIRECTION('',(0.,1.));
#2741 = ( GEOMETRIC_REPRESENTATION_CONTEXT(2) 
PARAMETRIC_REPRESENTATION_CONTEXT() REPRESENTATION_CONTEXT('2D SPACE',''
  ) );
#2742 = ORIENTED_EDGE('',*,*,#2743,.T.);
#2743 = EDGE_CURVE('',#2721,#2644,#2744,.T.);
#2744 = SURFACE_CURVE('',#2745,(#2749,#2756),.PCURVE_S1.);
#2745 = LINE('',#2746,#2747);
#2746 = CARTESIAN_POINT('',(-36.2,12.3,-14.6));
#2747 = VECTOR('',#2748,1.);
#2748 = DIRECTION('',(1.,0.,0.));
#2749 = PCURVE('',#2682,#2750);
#2750 = DEFINITIONAL_REPRESENTATION('',(#2751),#2755);
#2751 = LINE('',#2752,#2753);
#2752 = CARTESIAN_POINT('',(0.,0.));
#2753 = VECTOR('',#2754,1.);
#2754 = DIRECTION('',(1.,0.));
#2755 = ( GEOMETRIC_REPRESENTATION_CONTEXT(2) 
PARAMETRIC_REPRESENTATION_CONTEXT() REPRESENTATION_CONTEXT('2D SPACE',''
  ) );
#2756 = PCURVE('',#2575,#2757);
#2757 = DEFINITIONAL_REPRESENTATION('',(#2758),#2762);
#2758 = LINE('',#2759,#2760);
#2759 = CARTESIAN_POINT('',(0.,0.));
#2760 = VECTOR('',#2761,1.);
#2761 = DIRECTION('',(0.,1.));
#2762 = ( GEOMETRIC_REPRESENTATION_CONTEXT(2) 
PARAMETRIC_REPRESENTATION_CONTEXT() REPRESENTATION_CONTEXT('2D SPACE',''
  ) );
#2763 = ORIENTED_EDGE('',*,*,#2666,.T.);
#2764 = ORIENTED_EDGE('',*,*,#2765,.T.);
#2765 = EDGE_CURVE('',#2667,#2719,#2766,.T.);
#2766 = SURFACE_CURVE('',#2767,(#2771,#2778),.PCURVE_S1.);
#2767 = LINE('',#2768,#2769);
#2768 = CARTESIAN_POINT('',(-16.92428207161,18.,-14.6));
#2769 = VECTOR('',#2770,1.);
#2770 = DIRECTION('',(-1.,0.,0.));
#2771 = PCURVE('',#2682,#2772);
#2772 = DEFINITIONAL_REPRESENTATION('',(#2773),#2777);
#2773 = LINE('',#2774,#2775);
#2774 = CARTESIAN_POINT('',(19.27571792839,5.7));
#2775 = VECTOR('',#2776,1.);
#2776 = DIRECTION('',(-1.,0.));
#2777 = ( GEOMETRIC_REPRESENTATION_CONTEXT(2) 
PARAMETRIC_REPRESENTATION_CONTEXT() REPRESENTATION_CONTEXT('2D SPACE',''
  ) );
#2778 = PCURVE('',#118,#2779);
#2779 = DEFINITIONAL_REPRESENTATION('',(#2780),#2784);
#2780 = LINE('',#2781,#2782);
#2781 = CARTESIAN_POINT('',(22.862235193787,-19.27571792837));
#2782 = VECTOR('',#2783,1.);
#2783 = DIRECTION('',(0.,-1.));
#2784 = ( GEOMETRIC_REPRESENTATION_CONTEXT(2) 
PARAMETRIC_REPRESENTATION_CONTEXT() REPRESENTATION_CONTEXT('2D SPACE',''
  ) );
#2785 = FACE_BOUND('',#2786,.T.);
#2786 = EDGE_LOOP('',(#2787));
#2787 = ORIENTED_EDGE('',*,*,#2788,.F.);
#2788 = EDGE_CURVE('',#2789,#2789,#2791,.T.);
#2789 = VERTEX_POINT('',#2790);
#2790 = CARTESIAN_POINT('',(-32.85,14.5,-14.6));
#2791 = SURFACE_CURVE('',#2792,(#2797,#2804),.PCURVE_S1.);
#2792 = CIRCLE('',#2793,1.15);
#2793 = AXIS2_PLACEMENT_3D('',#2794,#2795,#2796);
#2794 = CARTESIAN_POINT('',(-34.,14.5,-14.6));
#2795 = DIRECTION('',(0.,0.,1.));
#2796 = DIRECTION('',(1.,0.,-0.));
#2797 = PCURVE('',#2682,#2798);
#2798 = DEFINITIONAL_REPRESENTATION('',(#2799),#2803);
#2799 = CIRCLE('',#2800,1.15);
#2800 = AXIS2_PLACEMENT_2D('',#2801,#2802);
#2801 = CARTESIAN_POINT('',(2.2,2.2));
#2802 = DIRECTION('',(1.,0.));
#2803 = ( GEOMETRIC_REPRESENTATION_CONTEXT(2) 
PARAMETRIC_REPRESENTATION_CONTEXT() REPRESENTATION_CONTEXT('2D SPACE',''
  ) );
#2804 = PCURVE('',#2805,#2810);
#2805 = CYLINDRICAL_SURFACE('',#2806,1.15);
#2806 = AXIS2_PLACEMENT_3D('',#2807,#2808,#2809);
#2807 = CARTESIAN_POINT('',(-34.,14.5,-17.));
#2808 = DIRECTION('',(0.,0.,1.));
#2809 = DIRECTION('',(1.,0.,-0.));
#2810 = DEFINITIONAL_REPRESENTATION('',(#2811),#2815);
#2811 = LINE('',#2812,#2813);
#2812 = CARTESIAN_POINT('',(0.,2.4));
#2813 = VECTOR('',#2814,1.);
#2814 = DIRECTION('',(1.,0.));
#2815 = ( GEOMETRIC_REPRESENTATION_CONTEXT(2) 
PARAMETRIC_REPRESENTATION_CONTEXT() REPRESENTATION_CONTEXT('2D SPACE',''
  ) );
#2816 = ADVANCED_FACE('',(#2817),#2805,.F.);
#2817 = FACE_BOUND('',#2818,.F.);
#2818 = EDGE_LOOP('',(#2819,#2820,#2843,#2870));
#2819 = ORIENTED_EDGE('',*,*,#2788,.F.);
#2820 = ORIENTED_EDGE('',*,*,#2821,.F.);
#2821 = EDGE_CURVE('',#2822,#2789,#2824,.T.);
#2822 = VERTEX_POINT('',#2823);
#2823 = CARTESIAN_POINT('',(-32.85,14.5,-16.));
#2824 = SEAM_CURVE('',#2825,(#2829,#2836),.PCURVE_S1.);
#2825 = LINE('',#2826,#2827);
#2826 = CARTESIAN_POINT('',(-32.85,14.5,-16.));
#2827 = VECTOR('',#2828,1.);
#2828 = DIRECTION('',(0.,0.,1.));
#2829 = PCURVE('',#2805,#2830);
#2830 = DEFINITIONAL_REPRESENTATION('',(#2831),#2835);
#2831 = LINE('',#2832,#2833);
#2832 = CARTESIAN_POINT('',(0.,1.));
#2833 = VECTOR('',#2834,1.);
#2834 = DIRECTION('',(0.,1.));
#2835 = ( GEOMETRIC_REPRESENTATION_CONTEXT(2) 
PARAMETRIC_REPRESENTATION_CONTEXT() REPRESENTATION_CONTEXT('2D SPACE',''
  ) );
#2836 = PCURVE('',#2805,#2837);
#2837 = DEFINITIONAL_REPRESENTATION('',(#2838),#2842);
#2838 = LINE('',#2839,#2840);
#2839 = CARTESIAN_POINT('',(6.28318530718,1.));
#2840 = VECTOR('',#2841,1.);
#2841 = DIRECTION('',(0.,1.));
#2842 = ( GEOMETRIC_REPRESENTATION_CONTEXT(2) 
PARAMETRIC_REPRESENTATION_CONTEXT() REPRESENTATION_CONTEXT('2D SPACE',''
  ) );
#2843 = ORIENTED_EDGE('',*,*,#2844,.T.);
#2844 = EDGE_CURVE('',#2822,#2822,#2845,.T.);
#2845 = SURFACE_CURVE('',#2846,(#2851,#2858),.PCURVE_S1.);
#2846 = CIRCLE('',#2847,1.15);
#2847 = AXIS2_PLACEMENT_3D('',#2848,#2849,#2850);
#2848 = CARTESIAN_POINT('',(-34.,14.5,-16.));
#2849 = DIRECTION('',(0.,0.,1.));
#2850 = DIRECTION('',(1.,0.,-0.));
#2851 = PCURVE('',#2805,#2852);
#2852 = DEFINITIONAL_REPRESENTATION('',(#2853),#2857);
#2853 = LINE('',#2854,#2855);
#2854 = CARTESIAN_POINT('',(0.,1.));
#2855 = VECTOR('',#2856,1.);
#2856 = DIRECTION('',(1.,0.));
#2857 = ( GEOMETRIC_REPRESENTATION_CONTEXT(2) 
PARAMETRIC_REPRESENTATION_CONTEXT() REPRESENTATION_CONTEXT('2D SPACE',''
  ) );
#2858 = PCURVE('',#2859,#2864);
#2859 = PLANE('',#2860);
#2860 = AXIS2_PLACEMENT_3D('',#2861,#2862,#2863);
#2861 = CARTESIAN_POINT('',(-34.,14.5,-16.));
#2862 = DIRECTION('',(0.,0.,1.));
#2863 = DIRECTION('',(1.,0.,-0.));
#2864 = DEFINITIONAL_REPRESENTATION('',(#2865),#2869);
#2865 = CIRCLE('',#2866,1.15);
#2866 = AXIS2_PLACEMENT_2D('',#2867,#2868);
#2867 = CARTESIAN_POINT('',(0.,0.));
#2868 = DIRECTION('',(1.,0.));
#2869 = ( GEOMETRIC_REPRESENTATION_CONTEXT(2) 
PARAMETRIC_REPRESENTATION_CONTEXT() REPRESENTATION_CONTEXT('2D SPACE',''
  ) );
#2870 = ORIENTED_EDGE('',*,*,#2821,.T.);
#2871 = ADVANCED_FACE('',(#2872,#2898),#2859,.F.);
#2872 = FACE_BOUND('',#2873,.F.);
#2873 = EDGE_LOOP('',(#2874));
#2874 = ORIENTED_EDGE('',*,*,#2875,.T.);
#2875 = EDGE_CURVE('',#2876,#2876,#2878,.T.);
#2876 = VERTEX_POINT('',#2877);
#2877 = CARTESIAN_POINT('',(-31.,14.5,-16.));
#2878 = SURFACE_CURVE('',#2879,(#2884,#2891),.PCURVE_S1.);
#2879 = CIRCLE('',#2880,3.);
#2880 = AXIS2_PLACEMENT_3D('',#2881,#2882,#2883);
#2881 = CARTESIAN_POINT('',(-34.,14.5,-16.));
#2882 = DIRECTION('',(0.,0.,1.));
#2883 = DIRECTION('',(1.,0.,-0.));
#2884 = PCURVE('',#2859,#2885);
#2885 = DEFINITIONAL_REPRESENTATION('',(#2886),#2890);
#2886 = CIRCLE('',#2887,3.);
#2887 = AXIS2_PLACEMENT_2D('',#2888,#2889);
#2888 = CARTESIAN_POINT('',(0.,0.));
#2889 = DIRECTION('',(1.,0.));
#2890 = ( GEOMETRIC_REPRESENTATION_CONTEXT(2) 
PARAMETRIC_REPRESENTATION_CONTEXT() REPRESENTATION_CONTEXT('2D SPACE',''
  ) );
#2891 = PCURVE('',#293,#2892);
#2892 = DEFINITIONAL_REPRESENTATION('',(#2893),#2897);
#2893 = LINE('',#2894,#2895);
#2894 = CARTESIAN_POINT('',(0.,0.));
#2895 = VECTOR('',#2896,1.);
#2896 = DIRECTION('',(1.,0.));
#2897 = ( GEOMETRIC_REPRESENTATION_CONTEXT(2) 
PARAMETRIC_REPRESENTATION_CONTEXT() REPRESENTATION_CONTEXT('2D SPACE',''
  ) );
#2898 = FACE_BOUND('',#2899,.F.);
#2899 = EDGE_LOOP('',(#2900));
#2900 = ORIENTED_EDGE('',*,*,#2844,.F.);
#2901 = ADVANCED_FACE('',(#2902),#2575,.T.);
#2902 = FACE_BOUND('',#2903,.T.);
#2903 = EDGE_LOOP('',(#2904,#2905,#2926,#2927));
#2904 = ORIENTED_EDGE('',*,*,#2743,.F.);
#2905 = ORIENTED_EDGE('',*,*,#2906,.T.);
#2906 = EDGE_CURVE('',#2721,#2532,#2907,.T.);
#2907 = SURFACE_CURVE('',#2908,(#2912,#2919),.PCURVE_S1.);
#2908 = LINE('',#2909,#2910);
#2909 = CARTESIAN_POINT('',(-36.2,12.3,-14.6));
#2910 = VECTOR('',#2911,1.);
#2911 = DIRECTION('',(0.,0.,1.));
#2912 = PCURVE('',#2575,#2913);
#2913 = DEFINITIONAL_REPRESENTATION('',(#2914),#2918);
#2914 = LINE('',#2915,#2916);
#2915 = CARTESIAN_POINT('',(0.,0.));
#2916 = VECTOR('',#2917,1.);
#2917 = DIRECTION('',(1.,0.));
#2918 = ( GEOMETRIC_REPRESENTATION_CONTEXT(2) 
PARAMETRIC_REPRESENTATION_CONTEXT() REPRESENTATION_CONTEXT('2D SPACE',''
  ) );
#2919 = PCURVE('',#2547,#2920);
#2920 = DEFINITIONAL_REPRESENTATION('',(#2921),#2925);
#2921 = LINE('',#2922,#2923);
#2922 = CARTESIAN_POINT('',(0.,0.));
#2923 = VECTOR('',#2924,1.);
#2924 = DIRECTION('',(1.,0.));
#2925 = ( GEOMETRIC_REPRESENTATION_CONTEXT(2) 
PARAMETRIC_REPRESENTATION_CONTEXT() REPRESENTATION_CONTEXT('2D SPACE',''
  ) );
#2926 = ORIENTED_EDGE('',*,*,#2559,.T.);
#2927 = ORIENTED_EDGE('',*,*,#2643,.F.);
#2928 = ADVANCED_FACE('',(#2929),#2547,.T.);
#2929 = FACE_BOUND('',#2930,.T.);
#2930 = EDGE_LOOP('',(#2931,#2932,#2933,#2934));
#2931 = ORIENTED_EDGE('',*,*,#2529,.T.);
#2932 = ORIENTED_EDGE('',*,*,#2906,.F.);
#2933 = ORIENTED_EDGE('',*,*,#2718,.F.);
#2934 = ORIENTED_EDGE('',*,*,#2935,.T.);
#2935 = EDGE_CURVE('',#2719,#2530,#2936,.T.);
#2936 = SURFACE_CURVE('',#2937,(#2941,#2948),.PCURVE_S1.);
#2937 = LINE('',#2938,#2939);
#2938 = CARTESIAN_POINT('',(-36.2,18.,-3.168882403107));
#2939 = VECTOR('',#2940,1.);
#2940 = DIRECTION('',(0.,-0.,1.));
#2941 = PCURVE('',#2547,#2942);
#2942 = DEFINITIONAL_REPRESENTATION('',(#2943),#2947);
#2943 = LINE('',#2944,#2945);
#2944 = CARTESIAN_POINT('',(11.431117596893,-5.7));
#2945 = VECTOR('',#2946,1.);
#2946 = DIRECTION('',(1.,0.));
#2947 = ( GEOMETRIC_REPRESENTATION_CONTEXT(2) 
PARAMETRIC_REPRESENTATION_CONTEXT() REPRESENTATION_CONTEXT('2D SPACE',''
  ) );
#2948 = PCURVE('',#118,#2949);
#2949 = DEFINITIONAL_REPRESENTATION('',(#2950),#2954);
#2950 = LINE('',#2951,#2952);
#2951 = CARTESIAN_POINT('',(11.431117596894,-38.55143585676));
#2952 = VECTOR('',#2953,1.);
#2953 = DIRECTION('',(-1.,0.));
#2954 = ( GEOMETRIC_REPRESENTATION_CONTEXT(2) 
PARAMETRIC_REPRESENTATION_CONTEXT() REPRESENTATION_CONTEXT('2D SPACE',''
  ) );
#2955 = ADVANCED_FACE('',(#2956),#2428,.T.);
#2956 = FACE_BOUND('',#2957,.T.);
#2957 = EDGE_LOOP('',(#2958,#2988,#3016,#3037,#3038,#3061));
#2958 = ORIENTED_EDGE('',*,*,#2959,.F.);
#2959 = EDGE_CURVE('',#2960,#2962,#2964,.T.);
#2960 = VERTEX_POINT('',#2961);
#2961 = CARTESIAN_POINT('',(-33.,14.,28.168421052632));
#2962 = VERTEX_POINT('',#2963);
#2963 = CARTESIAN_POINT('',(-33.,14.,30.2));
#2964 = SURFACE_CURVE('',#2965,(#2969,#2976),.PCURVE_S1.);
#2965 = LINE('',#2966,#2967);
#2966 = CARTESIAN_POINT('',(-33.,14.,-13.8));
#2967 = VECTOR('',#2968,1.);
#2968 = DIRECTION('',(0.,0.,1.));
#2969 = PCURVE('',#2428,#2970);
#2970 = DEFINITIONAL_REPRESENTATION('',(#2971),#2975);
#2971 = LINE('',#2972,#2973);
#2972 = CARTESIAN_POINT('',(0.,0.));
#2973 = VECTOR('',#2974,1.);
#2974 = DIRECTION('',(1.,0.));
#2975 = ( GEOMETRIC_REPRESENTATION_CONTEXT(2) 
PARAMETRIC_REPRESENTATION_CONTEXT() REPRESENTATION_CONTEXT('2D SPACE',''
  ) );
#2976 = PCURVE('',#2977,#2982);
#2977 = PLANE('',#2978);
#2978 = AXIS2_PLACEMENT_3D('',#2979,#2980,#2981);
#2979 = CARTESIAN_POINT('',(-33.,14.,-13.8));
#2980 = DIRECTION('',(0.,1.,0.));
#2981 = DIRECTION('',(0.,-0.,1.));
#2982 = DEFINITIONAL_REPRESENTATION('',(#2983),#2987);
#2983 = LINE('',#2984,#2985);
#2984 = CARTESIAN_POINT('',(0.,0.));
#2985 = VECTOR('',#2986,1.);
#2986 = DIRECTION('',(1.,0.));
#2987 = ( GEOMETRIC_REPRESENTATION_CONTEXT(2) 
PARAMETRIC_REPRESENTATION_CONTEXT() REPRESENTATION_CONTEXT('2D SPACE',''
  ) );
#2988 = ORIENTED_EDGE('',*,*,#2989,.F.);
#2989 = EDGE_CURVE('',#2990,#2960,#2992,.T.);
#2990 = VERTEX_POINT('',#2991);
#2991 = CARTESIAN_POINT('',(-33.,16.,28.168421052632));
#2992 = SURFACE_CURVE('',#2993,(#2997,#3004),.PCURVE_S1.);
#2993 = LINE('',#2994,#2995);
#2994 = CARTESIAN_POINT('',(-33.,15.,28.168421052632));
#2995 = VECTOR('',#2996,1.);
#2996 = DIRECTION('',(0.,-1.,0.));
#2997 = PCURVE('',#2428,#2998);
#2998 = DEFINITIONAL_REPRESENTATION('',(#2999),#3003);
#2999 = LINE('',#3000,#3001);
#3000 = CARTESIAN_POINT('',(41.968421052632,-1.));
#3001 = VECTOR('',#3002,1.);
#3002 = DIRECTION('',(0.,1.));
#3003 = ( GEOMETRIC_REPRESENTATION_CONTEXT(2) 
PARAMETRIC_REPRESENTATION_CONTEXT() REPRESENTATION_CONTEXT('2D SPACE',''
  ) );
#3004 = PCURVE('',#3005,#3010);
#3005 = PLANE('',#3006);
#3006 = AXIS2_PLACEMENT_3D('',#3007,#3008,#3009);
#3007 = CARTESIAN_POINT('',(-27.5,16.,35.));
#3008 = DIRECTION('',(0.778933037545,0.,-0.627107106498));
#3009 = DIRECTION('',(-0.627107106498,0.,-0.778933037545));
#3010 = DEFINITIONAL_REPRESENTATION('',(#3011),#3015);
#3011 = LINE('',#3012,#3013);
#3012 = CARTESIAN_POINT('',(8.770431626444,-1.));
#3013 = VECTOR('',#3014,1.);
#3014 = DIRECTION('',(-0.,-1.));
#3015 = ( GEOMETRIC_REPRESENTATION_CONTEXT(2) 
PARAMETRIC_REPRESENTATION_CONTEXT() REPRESENTATION_CONTEXT('2D SPACE',''
  ) );
#3016 = ORIENTED_EDGE('',*,*,#3017,.F.);
#3017 = EDGE_CURVE('',#2241,#2990,#3018,.T.);
#3018 = SURFACE_CURVE('',#3019,(#3023,#3030),.PCURVE_S1.);
#3019 = LINE('',#3020,#3021);
#3020 = CARTESIAN_POINT('',(-33.,16.,-3.794682512374));
#3021 = VECTOR('',#3022,1.);
#3022 = DIRECTION('',(0.,0.,1.));
#3023 = PCURVE('',#2428,#3024);
#3024 = DEFINITIONAL_REPRESENTATION('',(#3025),#3029);
#3025 = LINE('',#3026,#3027);
#3026 = CARTESIAN_POINT('',(10.005317487626,-2.));
#3027 = VECTOR('',#3028,1.);
#3028 = DIRECTION('',(1.,0.));
#3029 = ( GEOMETRIC_REPRESENTATION_CONTEXT(2) 
PARAMETRIC_REPRESENTATION_CONTEXT() REPRESENTATION_CONTEXT('2D SPACE',''
  ) );
#3030 = PCURVE('',#2258,#3031);
#3031 = DEFINITIONAL_REPRESENTATION('',(#3032),#3036);
#3032 = LINE('',#3033,#3034);
#3033 = CARTESIAN_POINT('',(10.005317487627,-35.38141420836));
#3034 = VECTOR('',#3035,1.);
#3035 = DIRECTION('',(-1.,0.));
#3036 = ( GEOMETRIC_REPRESENTATION_CONTEXT(2) 
PARAMETRIC_REPRESENTATION_CONTEXT() REPRESENTATION_CONTEXT('2D SPACE',''
  ) );
#3037 = ORIENTED_EDGE('',*,*,#2414,.F.);
#3038 = ORIENTED_EDGE('',*,*,#3039,.T.);
#3039 = EDGE_CURVE('',#2392,#3040,#3042,.T.);
#3040 = VERTEX_POINT('',#3041);
#3041 = CARTESIAN_POINT('',(-33.,18.,30.2));
#3042 = SURFACE_CURVE('',#3043,(#3047,#3054),.PCURVE_S1.);
#3043 = LINE('',#3044,#3045);
#3044 = CARTESIAN_POINT('',(-33.,18.,-2.768882403106));
#3045 = VECTOR('',#3046,1.);
#3046 = DIRECTION('',(0.,0.,1.));
#3047 = PCURVE('',#2428,#3048);
#3048 = DEFINITIONAL_REPRESENTATION('',(#3049),#3053);
#3049 = LINE('',#3050,#3051);
#3050 = CARTESIAN_POINT('',(11.031117596894,-4.));
#3051 = VECTOR('',#3052,1.);
#3052 = DIRECTION('',(1.,0.));
#3053 = ( GEOMETRIC_REPRESENTATION_CONTEXT(2) 
PARAMETRIC_REPRESENTATION_CONTEXT() REPRESENTATION_CONTEXT('2D SPACE',''
  ) );
#3054 = PCURVE('',#118,#3055);
#3055 = DEFINITIONAL_REPRESENTATION('',(#3056),#3060);
#3056 = LINE('',#3057,#3058);
#3057 = CARTESIAN_POINT('',(11.031117596893,-35.35143585676));
#3058 = VECTOR('',#3059,1.);
#3059 = DIRECTION('',(-1.,0.));
#3060 = ( GEOMETRIC_REPRESENTATION_CONTEXT(2) 
PARAMETRIC_REPRESENTATION_CONTEXT() REPRESENTATION_CONTEXT('2D SPACE',''
  ) );
#3061 = ORIENTED_EDGE('',*,*,#3062,.F.);
#3062 = EDGE_CURVE('',#2962,#3040,#3063,.T.);
#3063 = SURFACE_CURVE('',#3064,(#3068,#3075),.PCURVE_S1.);
#3064 = LINE('',#3065,#3066);
#3065 = CARTESIAN_POINT('',(-33.,14.,30.2));
#3066 = VECTOR('',#3067,1.);
#3067 = DIRECTION('',(0.,1.,0.));
#3068 = PCURVE('',#2428,#3069);
#3069 = DEFINITIONAL_REPRESENTATION('',(#3070),#3074);
#3070 = LINE('',#3071,#3072);
#3071 = CARTESIAN_POINT('',(44.,0.));
#3072 = VECTOR('',#3073,1.);
#3073 = DIRECTION('',(0.,-1.));
#3074 = ( GEOMETRIC_REPRESENTATION_CONTEXT(2) 
PARAMETRIC_REPRESENTATION_CONTEXT() REPRESENTATION_CONTEXT('2D SPACE',''
  ) );
#3075 = PCURVE('',#3076,#3081);
#3076 = CYLINDRICAL_SURFACE('',#3077,1.);
#3077 = AXIS2_PLACEMENT_3D('',#3078,#3079,#3080);
#3078 = CARTESIAN_POINT('',(-32.,14.,30.2));
#3079 = DIRECTION('',(0.,1.,0.));
#3080 = DIRECTION('',(-1.,0.,0.));
#3081 = DEFINITIONAL_REPRESENTATION('',(#3082),#3086);
#3082 = LINE('',#3083,#3084);
#3083 = CARTESIAN_POINT('',(0.,0.));
#3084 = VECTOR('',#3085,1.);
#3085 = DIRECTION('',(0.,1.));
#3086 = ( GEOMETRIC_REPRESENTATION_CONTEXT(2) 
PARAMETRIC_REPRESENTATION_CONTEXT() REPRESENTATION_CONTEXT('2D SPACE',''
  ) );
#3087 = ADVANCED_FACE('',(#3088),#3076,.F.);
#3088 = FACE_BOUND('',#3089,.F.);
#3089 = EDGE_LOOP('',(#3090,#3091,#3115,#3143));
#3090 = ORIENTED_EDGE('',*,*,#3062,.F.);
#3091 = ORIENTED_EDGE('',*,*,#3092,.T.);
#3092 = EDGE_CURVE('',#2962,#3093,#3095,.T.);
#3093 = VERTEX_POINT('',#3094);
#3094 = CARTESIAN_POINT('',(-32.,14.,31.2));
#3095 = SURFACE_CURVE('',#3096,(#3101,#3108),.PCURVE_S1.);
#3096 = CIRCLE('',#3097,1.);
#3097 = AXIS2_PLACEMENT_3D('',#3098,#3099,#3100);
#3098 = CARTESIAN_POINT('',(-32.,14.,30.2));
#3099 = DIRECTION('',(0.,1.,0.));
#3100 = DIRECTION('',(0.,-0.,1.));
#3101 = PCURVE('',#3076,#3102);
#3102 = DEFINITIONAL_REPRESENTATION('',(#3103),#3107);
#3103 = LINE('',#3104,#3105);
#3104 = CARTESIAN_POINT('',(-4.712388980385,0.));
#3105 = VECTOR('',#3106,1.);
#3106 = DIRECTION('',(1.,0.));
#3107 = ( GEOMETRIC_REPRESENTATION_CONTEXT(2) 
PARAMETRIC_REPRESENTATION_CONTEXT() REPRESENTATION_CONTEXT('2D SPACE',''
  ) );
#3108 = PCURVE('',#2977,#3109);
#3109 = DEFINITIONAL_REPRESENTATION('',(#3110),#3114);
#3110 = CIRCLE('',#3111,1.);
#3111 = AXIS2_PLACEMENT_2D('',#3112,#3113);
#3112 = CARTESIAN_POINT('',(44.,1.));
#3113 = DIRECTION('',(1.,0.));
#3114 = ( GEOMETRIC_REPRESENTATION_CONTEXT(2) 
PARAMETRIC_REPRESENTATION_CONTEXT() REPRESENTATION_CONTEXT('2D SPACE',''
  ) );
#3115 = ORIENTED_EDGE('',*,*,#3116,.T.);
#3116 = EDGE_CURVE('',#3093,#3117,#3119,.T.);
#3117 = VERTEX_POINT('',#3118);
#3118 = CARTESIAN_POINT('',(-32.,18.,31.2));
#3119 = SURFACE_CURVE('',#3120,(#3124,#3131),.PCURVE_S1.);
#3120 = LINE('',#3121,#3122);
#3121 = CARTESIAN_POINT('',(-32.,14.,31.2));
#3122 = VECTOR('',#3123,1.);
#3123 = DIRECTION('',(0.,1.,0.));
#3124 = PCURVE('',#3076,#3125);
#3125 = DEFINITIONAL_REPRESENTATION('',(#3126),#3130);
#3126 = LINE('',#3127,#3128);
#3127 = CARTESIAN_POINT('',(1.570796326795,0.));
#3128 = VECTOR('',#3129,1.);
#3129 = DIRECTION('',(0.,1.));
#3130 = ( GEOMETRIC_REPRESENTATION_CONTEXT(2) 
PARAMETRIC_REPRESENTATION_CONTEXT() REPRESENTATION_CONTEXT('2D SPACE',''
  ) );
#3131 = PCURVE('',#3132,#3137);
#3132 = PLANE('',#3133);
#3133 = AXIS2_PLACEMENT_3D('',#3134,#3135,#3136);
#3134 = CARTESIAN_POINT('',(-33.,14.,31.2));
#3135 = DIRECTION('',(0.,0.,1.));
#3136 = DIRECTION('',(1.,0.,-0.));
#3137 = DEFINITIONAL_REPRESENTATION('',(#3138),#3142);
#3138 = LINE('',#3139,#3140);
#3139 = CARTESIAN_POINT('',(1.,0.));
#3140 = VECTOR('',#3141,1.);
#3141 = DIRECTION('',(0.,1.));
#3142 = ( GEOMETRIC_REPRESENTATION_CONTEXT(2) 
PARAMETRIC_REPRESENTATION_CONTEXT() REPRESENTATION_CONTEXT('2D SPACE',''
  ) );
#3143 = ORIENTED_EDGE('',*,*,#3144,.F.);
#3144 = EDGE_CURVE('',#3040,#3117,#3145,.T.);
#3145 = SURFACE_CURVE('',#3146,(#3151,#3158),.PCURVE_S1.);
#3146 = CIRCLE('',#3147,1.);
#3147 = AXIS2_PLACEMENT_3D('',#3148,#3149,#3150);
#3148 = CARTESIAN_POINT('',(-32.,18.,30.2));
#3149 = DIRECTION('',(0.,1.,0.));
#3150 = DIRECTION('',(-1.,0.,0.));
#3151 = PCURVE('',#3076,#3152);
#3152 = DEFINITIONAL_REPRESENTATION('',(#3153),#3157);
#3153 = LINE('',#3154,#3155);
#3154 = CARTESIAN_POINT('',(0.,4.));
#3155 = VECTOR('',#3156,1.);
#3156 = DIRECTION('',(1.,0.));
#3157 = ( GEOMETRIC_REPRESENTATION_CONTEXT(2) 
PARAMETRIC_REPRESENTATION_CONTEXT() REPRESENTATION_CONTEXT('2D SPACE',''
  ) );
#3158 = PCURVE('',#118,#3159);
#3159 = DEFINITIONAL_REPRESENTATION('',(#3160),#3168);
#3160 = ( BOUNDED_CURVE() B_SPLINE_CURVE(2,(#3161,#3162,#3163,#3164,
#3165,#3166,#3167),.UNSPECIFIED.,.T.,.F.) B_SPLINE_CURVE_WITH_KNOTS((1,2
    ,2,2,2,1),(-2.094395102393,0.,2.094395102393,4.188790204786,
6.28318530718,8.377580409573),.UNSPECIFIED.) CURVE() 
GEOMETRIC_REPRESENTATION_ITEM() RATIONAL_B_SPLINE_CURVE((1.,0.5,1.,0.5,
1.,0.5,1.)) REPRESENTATION_ITEM('') );
#3161 = CARTESIAN_POINT('',(-21.93776480621,-35.35143585676));
#3162 = CARTESIAN_POINT('',(-23.66981561378,-35.35143585676));
#3163 = CARTESIAN_POINT('',(-22.80379020999,-33.85143585676));
#3164 = CARTESIAN_POINT('',(-21.93776480621,-32.35143585676));
#3165 = CARTESIAN_POINT('',(-21.07173940242,-33.85143585676));
#3166 = CARTESIAN_POINT('',(-20.20571399864,-35.35143585676));
#3167 = CARTESIAN_POINT('',(-21.93776480621,-35.35143585676));
#3168 = ( GEOMETRIC_REPRESENTATION_CONTEXT(2) 
PARAMETRIC_REPRESENTATION_CONTEXT() REPRESENTATION_CONTEXT('2D SPACE',''
  ) );
#3169 = ADVANCED_FACE('',(#3170),#3132,.F.);
#3170 = FACE_BOUND('',#3171,.F.);
#3171 = EDGE_LOOP('',(#3172,#3202,#3223,#3224));
#3172 = ORIENTED_EDGE('',*,*,#3173,.T.);
#3173 = EDGE_CURVE('',#3174,#3176,#3178,.T.);
#3174 = VERTEX_POINT('',#3175);
#3175 = CARTESIAN_POINT('',(-31.5,14.,31.2));
#3176 = VERTEX_POINT('',#3177);
#3177 = CARTESIAN_POINT('',(-31.5,18.,31.2));
#3178 = SURFACE_CURVE('',#3179,(#3183,#3190),.PCURVE_S1.);
#3179 = LINE('',#3180,#3181);
#3180 = CARTESIAN_POINT('',(-31.5,-9.,31.2));
#3181 = VECTOR('',#3182,1.);
#3182 = DIRECTION('',(0.,1.,0.));
#3183 = PCURVE('',#3132,#3184);
#3184 = DEFINITIONAL_REPRESENTATION('',(#3185),#3189);
#3185 = LINE('',#3186,#3187);
#3186 = CARTESIAN_POINT('',(1.5,-23.));
#3187 = VECTOR('',#3188,1.);
#3188 = DIRECTION('',(0.,1.));
#3189 = ( GEOMETRIC_REPRESENTATION_CONTEXT(2) 
PARAMETRIC_REPRESENTATION_CONTEXT() REPRESENTATION_CONTEXT('2D SPACE',''
  ) );
#3190 = PCURVE('',#3191,#3196);
#3191 = PLANE('',#3192);
#3192 = AXIS2_PLACEMENT_3D('',#3193,#3194,#3195);
#3193 = CARTESIAN_POINT('',(-31.5,-32.,15.));
#3194 = DIRECTION('',(1.,0.,0.));
#3195 = DIRECTION('',(0.,0.,1.));
#3196 = DEFINITIONAL_REPRESENTATION('',(#3197),#3201);
#3197 = LINE('',#3198,#3199);
#3198 = CARTESIAN_POINT('',(16.2,-23.));
#3199 = VECTOR('',#3200,1.);
#3200 = DIRECTION('',(0.,-1.));
#3201 = ( GEOMETRIC_REPRESENTATION_CONTEXT(2) 
PARAMETRIC_REPRESENTATION_CONTEXT() REPRESENTATION_CONTEXT('2D SPACE',''
  ) );
#3202 = ORIENTED_EDGE('',*,*,#3203,.T.);
#3203 = EDGE_CURVE('',#3176,#3117,#3204,.T.);
#3204 = SURFACE_CURVE('',#3205,(#3209,#3216),.PCURVE_S1.);
#3205 = LINE('',#3206,#3207);
#3206 = CARTESIAN_POINT('',(-15.32428207161,18.,31.2));
#3207 = VECTOR('',#3208,1.);
#3208 = DIRECTION('',(-1.,0.,0.));
#3209 = PCURVE('',#3132,#3210);
#3210 = DEFINITIONAL_REPRESENTATION('',(#3211),#3215);
#3211 = LINE('',#3212,#3213);
#3212 = CARTESIAN_POINT('',(17.67571792839,4.));
#3213 = VECTOR('',#3214,1.);
#3214 = DIRECTION('',(-1.,0.));
#3215 = ( GEOMETRIC_REPRESENTATION_CONTEXT(2) 
PARAMETRIC_REPRESENTATION_CONTEXT() REPRESENTATION_CONTEXT('2D SPACE',''
  ) );
#3216 = PCURVE('',#118,#3217);
#3217 = DEFINITIONAL_REPRESENTATION('',(#3218),#3222);
#3218 = LINE('',#3219,#3220);
#3219 = CARTESIAN_POINT('',(-22.93776480621,-17.67571792837));
#3220 = VECTOR('',#3221,1.);
#3221 = DIRECTION('',(0.,-1.));
#3222 = ( GEOMETRIC_REPRESENTATION_CONTEXT(2) 
PARAMETRIC_REPRESENTATION_CONTEXT() REPRESENTATION_CONTEXT('2D SPACE',''
  ) );
#3223 = ORIENTED_EDGE('',*,*,#3116,.F.);
#3224 = ORIENTED_EDGE('',*,*,#3225,.T.);
#3225 = EDGE_CURVE('',#3093,#3174,#3226,.T.);
#3226 = SURFACE_CURVE('',#3227,(#3231,#3238),.PCURVE_S1.);
#3227 = LINE('',#3228,#3229);
#3228 = CARTESIAN_POINT('',(-33.,14.,31.2));
#3229 = VECTOR('',#3230,1.);
#3230 = DIRECTION('',(1.,0.,0.));
#3231 = PCURVE('',#3132,#3232);
#3232 = DEFINITIONAL_REPRESENTATION('',(#3233),#3237);
#3233 = LINE('',#3234,#3235);
#3234 = CARTESIAN_POINT('',(0.,0.));
#3235 = VECTOR('',#3236,1.);
#3236 = DIRECTION('',(1.,0.));
#3237 = ( GEOMETRIC_REPRESENTATION_CONTEXT(2) 
PARAMETRIC_REPRESENTATION_CONTEXT() REPRESENTATION_CONTEXT('2D SPACE',''
  ) );
#3238 = PCURVE('',#2977,#3239);
#3239 = DEFINITIONAL_REPRESENTATION('',(#3240),#3244);
#3240 = LINE('',#3241,#3242);
#3241 = CARTESIAN_POINT('',(45.,0.));
#3242 = VECTOR('',#3243,1.);
#3243 = DIRECTION('',(0.,1.));
#3244 = ( GEOMETRIC_REPRESENTATION_CONTEXT(2) 
PARAMETRIC_REPRESENTATION_CONTEXT() REPRESENTATION_CONTEXT('2D SPACE',''
  ) );
#3245 = ADVANCED_FACE('',(#3246),#3191,.T.);
#3246 = FACE_BOUND('',#3247,.T.);
#3247 = EDGE_LOOP('',(#3248,#3273,#3301,#3324,#3347,#3368,#3369,#3392));
#3248 = ORIENTED_EDGE('',*,*,#3249,.F.);
#3249 = EDGE_CURVE('',#3250,#3252,#3254,.T.);
#3250 = VERTEX_POINT('',#3251);
#3251 = CARTESIAN_POINT('',(-31.5,-30.,15.));
#3252 = VERTEX_POINT('',#3253);
#3253 = CARTESIAN_POINT('',(-31.5,-30.,33.75));
#3254 = SURFACE_CURVE('',#3255,(#3259,#3266),.PCURVE_S1.);
#3255 = LINE('',#3256,#3257);
#3256 = CARTESIAN_POINT('',(-31.5,-30.,11.631117596893));
#3257 = VECTOR('',#3258,1.);
#3258 = DIRECTION('',(0.,0.,1.));
#3259 = PCURVE('',#3191,#3260);
#3260 = DEFINITIONAL_REPRESENTATION('',(#3261),#3265);
#3261 = LINE('',#3262,#3263);
#3262 = CARTESIAN_POINT('',(-3.368882403107,-2.));
#3263 = VECTOR('',#3264,1.);
#3264 = DIRECTION('',(1.,0.));
#3265 = ( GEOMETRIC_REPRESENTATION_CONTEXT(2) 
PARAMETRIC_REPRESENTATION_CONTEXT() REPRESENTATION_CONTEXT('2D SPACE',''
  ) );
#3266 = PCURVE('',#174,#3267);
#3267 = DEFINITIONAL_REPRESENTATION('',(#3268),#3272);
#3268 = LINE('',#3269,#3270);
#3269 = CARTESIAN_POINT('',(-3.368882403106,-33.85143585676));
#3270 = VECTOR('',#3271,1.);
#3271 = DIRECTION('',(-1.,0.));
#3272 = ( GEOMETRIC_REPRESENTATION_CONTEXT(2) 
PARAMETRIC_REPRESENTATION_CONTEXT() REPRESENTATION_CONTEXT('2D SPACE',''
  ) );
#3273 = ORIENTED_EDGE('',*,*,#3274,.T.);
#3274 = EDGE_CURVE('',#3250,#3275,#3277,.T.);
#3275 = VERTEX_POINT('',#3276);
#3276 = CARTESIAN_POINT('',(-31.5,-28.,15.));
#3277 = SURFACE_CURVE('',#3278,(#3282,#3289),.PCURVE_S1.);
#3278 = LINE('',#3279,#3280);
#3279 = CARTESIAN_POINT('',(-31.5,-32.,15.));
#3280 = VECTOR('',#3281,1.);
#3281 = DIRECTION('',(0.,1.,0.));
#3282 = PCURVE('',#3191,#3283);
#3283 = DEFINITIONAL_REPRESENTATION('',(#3284),#3288);
#3284 = LINE('',#3285,#3286);
#3285 = CARTESIAN_POINT('',(0.,0.));
#3286 = VECTOR('',#3287,1.);
#3287 = DIRECTION('',(0.,-1.));
#3288 = ( GEOMETRIC_REPRESENTATION_CONTEXT(2) 
PARAMETRIC_REPRESENTATION_CONTEXT() REPRESENTATION_CONTEXT('2D SPACE',''
  ) );
#3289 = PCURVE('',#3290,#3295);
#3290 = PLANE('',#3291);
#3291 = AXIS2_PLACEMENT_3D('',#3292,#3293,#3294);
#3292 = CARTESIAN_POINT('',(-31.5,-32.,15.));
#3293 = DIRECTION('',(0.,0.,1.));
#3294 = DIRECTION('',(1.,0.,-0.));
#3295 = DEFINITIONAL_REPRESENTATION('',(#3296),#3300);
#3296 = LINE('',#3297,#3298);
#3297 = CARTESIAN_POINT('',(0.,0.));
#3298 = VECTOR('',#3299,1.);
#3299 = DIRECTION('',(0.,1.));
#3300 = ( GEOMETRIC_REPRESENTATION_CONTEXT(2) 
PARAMETRIC_REPRESENTATION_CONTEXT() REPRESENTATION_CONTEXT('2D SPACE',''
  ) );
#3301 = ORIENTED_EDGE('',*,*,#3302,.T.);
#3302 = EDGE_CURVE('',#3275,#3303,#3305,.T.);
#3303 = VERTEX_POINT('',#3304);
#3304 = CARTESIAN_POINT('',(-31.5,-28.,30.031578947368));
#3305 = SURFACE_CURVE('',#3306,(#3310,#3317),.PCURVE_S1.);
#3306 = LINE('',#3307,#3308);
#3307 = CARTESIAN_POINT('',(-31.5,-28.,10.605317487627));
#3308 = VECTOR('',#3309,1.);
#3309 = DIRECTION('',(0.,0.,1.));
#3310 = PCURVE('',#3191,#3311);
#3311 = DEFINITIONAL_REPRESENTATION('',(#3312),#3316);
#3312 = LINE('',#3313,#3314);
#3313 = CARTESIAN_POINT('',(-4.394682512373,-4.));
#3314 = VECTOR('',#3315,1.);
#3315 = DIRECTION('',(1.,0.));
#3316 = ( GEOMETRIC_REPRESENTATION_CONTEXT(2) 
PARAMETRIC_REPRESENTATION_CONTEXT() REPRESENTATION_CONTEXT('2D SPACE',''
  ) );
#3317 = PCURVE('',#701,#3318);
#3318 = DEFINITIONAL_REPRESENTATION('',(#3319),#3323);
#3319 = LINE('',#3320,#3321);
#3320 = CARTESIAN_POINT('',(-4.394682512374,-33.88141420836));
#3321 = VECTOR('',#3322,1.);
#3322 = DIRECTION('',(-1.,0.));
#3323 = ( GEOMETRIC_REPRESENTATION_CONTEXT(2) 
PARAMETRIC_REPRESENTATION_CONTEXT() REPRESENTATION_CONTEXT('2D SPACE',''
  ) );
#3324 = ORIENTED_EDGE('',*,*,#3325,.F.);
#3325 = EDGE_CURVE('',#3326,#3303,#3328,.T.);
#3326 = VERTEX_POINT('',#3327);
#3327 = CARTESIAN_POINT('',(-31.5,14.,30.03157894737));
#3328 = SURFACE_CURVE('',#3329,(#3333,#3340),.PCURVE_S1.);
#3329 = LINE('',#3330,#3331);
#3330 = CARTESIAN_POINT('',(-31.5,-8.,30.031578947368));
#3331 = VECTOR('',#3332,1.);
#3332 = DIRECTION('',(0.,-1.,0.));
#3333 = PCURVE('',#3191,#3334);
#3334 = DEFINITIONAL_REPRESENTATION('',(#3335),#3339);
#3335 = LINE('',#3336,#3337);
#3336 = CARTESIAN_POINT('',(15.031578947368,-24.));
#3337 = VECTOR('',#3338,1.);
#3338 = DIRECTION('',(0.,1.));
#3339 = ( GEOMETRIC_REPRESENTATION_CONTEXT(2) 
PARAMETRIC_REPRESENTATION_CONTEXT() REPRESENTATION_CONTEXT('2D SPACE',''
  ) );
#3340 = PCURVE('',#3005,#3341);
#3341 = DEFINITIONAL_REPRESENTATION('',(#3342),#3346);
#3342 = LINE('',#3343,#3344);
#3343 = CARTESIAN_POINT('',(6.378495728323,-24.));
#3344 = VECTOR('',#3345,1.);
#3345 = DIRECTION('',(-0.,-1.));
#3346 = ( GEOMETRIC_REPRESENTATION_CONTEXT(2) 
PARAMETRIC_REPRESENTATION_CONTEXT() REPRESENTATION_CONTEXT('2D SPACE',''
  ) );
#3347 = ORIENTED_EDGE('',*,*,#3348,.F.);
#3348 = EDGE_CURVE('',#3174,#3326,#3349,.T.);
#3349 = SURFACE_CURVE('',#3350,(#3354,#3361),.PCURVE_S1.);
#3350 = LINE('',#3351,#3352);
#3351 = CARTESIAN_POINT('',(-31.5,14.,0.6));
#3352 = VECTOR('',#3353,1.);
#3353 = DIRECTION('',(0.,0.,-1.));
#3354 = PCURVE('',#3191,#3355);
#3355 = DEFINITIONAL_REPRESENTATION('',(#3356),#3360);
#3356 = LINE('',#3357,#3358);
#3357 = CARTESIAN_POINT('',(-14.4,-46.));
#3358 = VECTOR('',#3359,1.);
#3359 = DIRECTION('',(-1.,0.));
#3360 = ( GEOMETRIC_REPRESENTATION_CONTEXT(2) 
PARAMETRIC_REPRESENTATION_CONTEXT() REPRESENTATION_CONTEXT('2D SPACE',''
  ) );
#3361 = PCURVE('',#2977,#3362);
#3362 = DEFINITIONAL_REPRESENTATION('',(#3363),#3367);
#3363 = LINE('',#3364,#3365);
#3364 = CARTESIAN_POINT('',(14.4,1.5));
#3365 = VECTOR('',#3366,1.);
#3366 = DIRECTION('',(-1.,0.));
#3367 = ( GEOMETRIC_REPRESENTATION_CONTEXT(2) 
PARAMETRIC_REPRESENTATION_CONTEXT() REPRESENTATION_CONTEXT('2D SPACE',''
  ) );
#3368 = ORIENTED_EDGE('',*,*,#3173,.T.);
#3369 = ORIENTED_EDGE('',*,*,#3370,.T.);
#3370 = EDGE_CURVE('',#3176,#3371,#3373,.T.);
#3371 = VERTEX_POINT('',#3372);
#3372 = CARTESIAN_POINT('',(-31.5,18.,33.75));
#3373 = SURFACE_CURVE('',#3374,(#3378,#3385),.PCURVE_S1.);
#3374 = LINE('',#3375,#3376);
#3375 = CARTESIAN_POINT('',(-31.5,18.,11.631117596893));
#3376 = VECTOR('',#3377,1.);
#3377 = DIRECTION('',(0.,0.,1.));
#3378 = PCURVE('',#3191,#3379);
#3379 = DEFINITIONAL_REPRESENTATION('',(#3380),#3384);
#3380 = LINE('',#3381,#3382);
#3381 = CARTESIAN_POINT('',(-3.368882403107,-50.));
#3382 = VECTOR('',#3383,1.);
#3383 = DIRECTION('',(1.,0.));
#3384 = ( GEOMETRIC_REPRESENTATION_CONTEXT(2) 
PARAMETRIC_REPRESENTATION_CONTEXT() REPRESENTATION_CONTEXT('2D SPACE',''
  ) );
#3385 = PCURVE('',#118,#3386);
#3386 = DEFINITIONAL_REPRESENTATION('',(#3387),#3391);
#3387 = LINE('',#3388,#3389);
#3388 = CARTESIAN_POINT('',(-3.368882403106,-33.85143585676));
#3389 = VECTOR('',#3390,1.);
#3390 = DIRECTION('',(-1.,0.));
#3391 = ( GEOMETRIC_REPRESENTATION_CONTEXT(2) 
PARAMETRIC_REPRESENTATION_CONTEXT() REPRESENTATION_CONTEXT('2D SPACE',''
  ) );
#3392 = ORIENTED_EDGE('',*,*,#3393,.T.);
#3393 = EDGE_CURVE('',#3371,#3252,#3394,.T.);
#3394 = SURFACE_CURVE('',#3395,(#3399,#3406),.PCURVE_S1.);
#3395 = LINE('',#3396,#3397);
#3396 = CARTESIAN_POINT('',(-31.5,-7.,33.75));
#3397 = VECTOR('',#3398,1.);
#3398 = DIRECTION('',(0.,-1.,0.));
#3399 = PCURVE('',#3191,#3400);
#3400 = DEFINITIONAL_REPRESENTATION('',(#3401),#3405);
#3401 = LINE('',#3402,#3403);
#3402 = CARTESIAN_POINT('',(18.75,-25.));
#3403 = VECTOR('',#3404,1.);
#3404 = DIRECTION('',(0.,1.));
#3405 = ( GEOMETRIC_REPRESENTATION_CONTEXT(2) 
PARAMETRIC_REPRESENTATION_CONTEXT() REPRESENTATION_CONTEXT('2D SPACE',''
  ) );
#3406 = PCURVE('',#3407,#3412);
#3407 = PLANE('',#3408);
#3408 = AXIS2_PLACEMENT_3D('',#3409,#3410,#3411);
#3409 = CARTESIAN_POINT('',(-29.,18.,37.));
#3410 = DIRECTION('',(0.792623989105,0.,-0.60971076085));
#3411 = DIRECTION('',(-0.60971076085,0.,-0.792623989105));
#3412 = DEFINITIONAL_REPRESENTATION('',(#3413),#3417);
#3413 = LINE('',#3414,#3415);
#3414 = CARTESIAN_POINT('',(4.100304866714,-25.));
#3415 = VECTOR('',#3416,1.);
#3416 = DIRECTION('',(-0.,-1.));
#3417 = ( GEOMETRIC_REPRESENTATION_CONTEXT(2) 
PARAMETRIC_REPRESENTATION_CONTEXT() REPRESENTATION_CONTEXT('2D SPACE',''
  ) );
#3418 = ADVANCED_FACE('',(#3419),#3407,.F.);
#3419 = FACE_BOUND('',#3420,.F.);
#3420 = EDGE_LOOP('',(#3421,#3444,#3445,#3468));
#3421 = ORIENTED_EDGE('',*,*,#3422,.F.);
#3422 = EDGE_CURVE('',#3371,#3423,#3425,.T.);
#3423 = VERTEX_POINT('',#3424);
#3424 = CARTESIAN_POINT('',(-38.75114878692,18.,24.323506576997));
#3425 = SURFACE_CURVE('',#3426,(#3430,#3437),.PCURVE_S1.);
#3426 = LINE('',#3427,#3428);
#3427 = CARTESIAN_POINT('',(-29.,18.,37.));
#3428 = VECTOR('',#3429,1.);
#3429 = DIRECTION('',(-0.60971076085,0.,-0.792623989105));
#3430 = PCURVE('',#3407,#3431);
#3431 = DEFINITIONAL_REPRESENTATION('',(#3432),#3436);
#3432 = LINE('',#3433,#3434);
#3433 = CARTESIAN_POINT('',(0.,0.));
#3434 = VECTOR('',#3435,1.);
#3435 = DIRECTION('',(1.,0.));
#3436 = ( GEOMETRIC_REPRESENTATION_CONTEXT(2) 
PARAMETRIC_REPRESENTATION_CONTEXT() REPRESENTATION_CONTEXT('2D SPACE',''
  ) );
#3437 = PCURVE('',#118,#3438);
#3438 = DEFINITIONAL_REPRESENTATION('',(#3439),#3443);
#3439 = LINE('',#3440,#3441);
#3440 = CARTESIAN_POINT('',(-28.73776480621,-31.35143585676));
#3441 = VECTOR('',#3442,1.);
#3442 = DIRECTION('',(0.792623989105,-0.60971076085));
#3443 = ( GEOMETRIC_REPRESENTATION_CONTEXT(2) 
PARAMETRIC_REPRESENTATION_CONTEXT() REPRESENTATION_CONTEXT('2D SPACE',''
  ) );
#3444 = ORIENTED_EDGE('',*,*,#3393,.T.);
#3445 = ORIENTED_EDGE('',*,*,#3446,.T.);
#3446 = EDGE_CURVE('',#3252,#3447,#3449,.T.);
#3447 = VERTEX_POINT('',#3448);
#3448 = CARTESIAN_POINT('',(-38.75114878692,-30.,24.323506576997));
#3449 = SURFACE_CURVE('',#3450,(#3454,#3461),.PCURVE_S1.);
#3450 = LINE('',#3451,#3452);
#3451 = CARTESIAN_POINT('',(-29.,-30.,37.));
#3452 = VECTOR('',#3453,1.);
#3453 = DIRECTION('',(-0.60971076085,0.,-0.792623989105));
#3454 = PCURVE('',#3407,#3455);
#3455 = DEFINITIONAL_REPRESENTATION('',(#3456),#3460);
#3456 = LINE('',#3457,#3458);
#3457 = CARTESIAN_POINT('',(-0.,-48.));
#3458 = VECTOR('',#3459,1.);
#3459 = DIRECTION('',(1.,0.));
#3460 = ( GEOMETRIC_REPRESENTATION_CONTEXT(2) 
PARAMETRIC_REPRESENTATION_CONTEXT() REPRESENTATION_CONTEXT('2D SPACE',''
  ) );
#3461 = PCURVE('',#174,#3462);
#3462 = DEFINITIONAL_REPRESENTATION('',(#3463),#3467);
#3463 = LINE('',#3464,#3465);
#3464 = CARTESIAN_POINT('',(-28.73776480621,-31.35143585676));
#3465 = VECTOR('',#3466,1.);
#3466 = DIRECTION('',(0.792623989105,-0.60971076085));
#3467 = ( GEOMETRIC_REPRESENTATION_CONTEXT(2) 
PARAMETRIC_REPRESENTATION_CONTEXT() REPRESENTATION_CONTEXT('2D SPACE',''
  ) );
#3468 = ORIENTED_EDGE('',*,*,#3469,.F.);
#3469 = EDGE_CURVE('',#3423,#3447,#3470,.T.);
#3470 = SURFACE_CURVE('',#3471,(#3475,#3482),.PCURVE_S1.);
#3471 = LINE('',#3472,#3473);
#3472 = CARTESIAN_POINT('',(-38.75114878692,18.,24.323506576997));
#3473 = VECTOR('',#3474,1.);
#3474 = DIRECTION('',(0.,-1.,0.));
#3475 = PCURVE('',#3407,#3476);
#3476 = DEFINITIONAL_REPRESENTATION('',(#3477),#3481);
#3477 = LINE('',#3478,#3479);
#3478 = CARTESIAN_POINT('',(15.99307313083,0.));
#3479 = VECTOR('',#3480,1.);
#3480 = DIRECTION('',(-0.,-1.));
#3481 = ( GEOMETRIC_REPRESENTATION_CONTEXT(2) 
PARAMETRIC_REPRESENTATION_CONTEXT() REPRESENTATION_CONTEXT('2D SPACE',''
  ) );
#3482 = PCURVE('',#3483,#3488);
#3483 = CYLINDRICAL_SURFACE('',#3484,1.2);
#3484 = AXIS2_PLACEMENT_3D('',#3485,#3486,#3487);
#3485 = CARTESIAN_POINT('',(-37.8,18.,23.591853663977));
#3486 = DIRECTION('',(0.,-1.,0.));
#3487 = DIRECTION('',(-0.792623989105,0.,0.60971076085));
#3488 = DEFINITIONAL_REPRESENTATION('',(#3489),#3493);
#3489 = LINE('',#3490,#3491);
#3490 = CARTESIAN_POINT('',(0.,0.));
#3491 = VECTOR('',#3492,1.);
#3492 = DIRECTION('',(0.,1.));
#3493 = ( GEOMETRIC_REPRESENTATION_CONTEXT(2) 
PARAMETRIC_REPRESENTATION_CONTEXT() REPRESENTATION_CONTEXT('2D SPACE',''
  ) );
#3494 = ADVANCED_FACE('',(#3495),#3483,.T.);
#3495 = FACE_BOUND('',#3496,.T.);
#3496 = EDGE_LOOP('',(#3497,#3521,#3549,#3571));
#3497 = ORIENTED_EDGE('',*,*,#3498,.T.);
#3498 = EDGE_CURVE('',#3423,#3499,#3501,.T.);
#3499 = VERTEX_POINT('',#3500);
#3500 = CARTESIAN_POINT('',(-39.,18.,23.591853663977));
#3501 = SURFACE_CURVE('',#3502,(#3507,#3514),.PCURVE_S1.);
#3502 = CIRCLE('',#3503,1.2);
#3503 = AXIS2_PLACEMENT_3D('',#3504,#3505,#3506);
#3504 = CARTESIAN_POINT('',(-37.8,18.,23.591853663977));
#3505 = DIRECTION('',(0.,-1.,0.));
#3506 = DIRECTION('',(0.,-0.,-1.));
#3507 = PCURVE('',#3483,#3508);
#3508 = DEFINITIONAL_REPRESENTATION('',(#3509),#3513);
#3509 = LINE('',#3510,#3511);
#3510 = CARTESIAN_POINT('',(-4.056693354143,0.));
#3511 = VECTOR('',#3512,1.);
#3512 = DIRECTION('',(1.,0.));
#3513 = ( GEOMETRIC_REPRESENTATION_CONTEXT(2) 
PARAMETRIC_REPRESENTATION_CONTEXT() REPRESENTATION_CONTEXT('2D SPACE',''
  ) );
#3514 = PCURVE('',#118,#3515);
#3515 = DEFINITIONAL_REPRESENTATION('',(#3516),#3520);
#3516 = CIRCLE('',#3517,1.2);
#3517 = AXIS2_PLACEMENT_2D('',#3518,#3519);
#3518 = CARTESIAN_POINT('',(-15.32961847019,-40.15143585676));
#3519 = DIRECTION('',(1.,0.));
#3520 = ( GEOMETRIC_REPRESENTATION_CONTEXT(2) 
PARAMETRIC_REPRESENTATION_CONTEXT() REPRESENTATION_CONTEXT('2D SPACE',''
  ) );
#3521 = ORIENTED_EDGE('',*,*,#3522,.T.);
#3522 = EDGE_CURVE('',#3499,#3523,#3525,.T.);
#3523 = VERTEX_POINT('',#3524);
#3524 = CARTESIAN_POINT('',(-39.,-30.,23.591853663977));
#3525 = SURFACE_CURVE('',#3526,(#3530,#3537),.PCURVE_S1.);
#3526 = LINE('',#3527,#3528);
#3527 = CARTESIAN_POINT('',(-39.,18.,23.591853663977));
#3528 = VECTOR('',#3529,1.);
#3529 = DIRECTION('',(0.,-1.,0.));
#3530 = PCURVE('',#3483,#3531);
#3531 = DEFINITIONAL_REPRESENTATION('',(#3532),#3536);
#3532 = LINE('',#3533,#3534);
#3533 = CARTESIAN_POINT('',(0.655695626242,0.));
#3534 = VECTOR('',#3535,1.);
#3535 = DIRECTION('',(0.,1.));
#3536 = ( GEOMETRIC_REPRESENTATION_CONTEXT(2) 
PARAMETRIC_REPRESENTATION_CONTEXT() REPRESENTATION_CONTEXT('2D SPACE',''
  ) );
#3537 = PCURVE('',#3538,#3543);
#3538 = PLANE('',#3539);
#3539 = AXIS2_PLACEMENT_3D('',#3540,#3541,#3542);
#3540 = CARTESIAN_POINT('',(-39.,18.,24.));
#3541 = DIRECTION('',(1.,0.,0.));
#3542 = DIRECTION('',(0.,0.,-1.));
#3543 = DEFINITIONAL_REPRESENTATION('',(#3544),#3548);
#3544 = LINE('',#3545,#3546);
#3545 = CARTESIAN_POINT('',(0.408146336023,0.));
#3546 = VECTOR('',#3547,1.);
#3547 = DIRECTION('',(0.,-1.));
#3548 = ( GEOMETRIC_REPRESENTATION_CONTEXT(2) 
PARAMETRIC_REPRESENTATION_CONTEXT() REPRESENTATION_CONTEXT('2D SPACE',''
  ) );
#3549 = ORIENTED_EDGE('',*,*,#3550,.F.);
#3550 = EDGE_CURVE('',#3447,#3523,#3551,.T.);
#3551 = SURFACE_CURVE('',#3552,(#3557,#3564),.PCURVE_S1.);
#3552 = CIRCLE('',#3553,1.2);
#3553 = AXIS2_PLACEMENT_3D('',#3554,#3555,#3556);
#3554 = CARTESIAN_POINT('',(-37.8,-30.,23.591853663977));
#3555 = DIRECTION('',(0.,-1.,0.));
#3556 = DIRECTION('',(0.,-0.,-1.));
#3557 = PCURVE('',#3483,#3558);
#3558 = DEFINITIONAL_REPRESENTATION('',(#3559),#3563);
#3559 = LINE('',#3560,#3561);
#3560 = CARTESIAN_POINT('',(-4.056693354143,48.));
#3561 = VECTOR('',#3562,1.);
#3562 = DIRECTION('',(1.,0.));
#3563 = ( GEOMETRIC_REPRESENTATION_CONTEXT(2) 
PARAMETRIC_REPRESENTATION_CONTEXT() REPRESENTATION_CONTEXT('2D SPACE',''
  ) );
#3564 = PCURVE('',#174,#3565);
#3565 = DEFINITIONAL_REPRESENTATION('',(#3566),#3570);
#3566 = CIRCLE('',#3567,1.2);
#3567 = AXIS2_PLACEMENT_2D('',#3568,#3569);
#3568 = CARTESIAN_POINT('',(-15.32961847019,-40.15143585676));
#3569 = DIRECTION('',(1.,0.));
#3570 = ( GEOMETRIC_REPRESENTATION_CONTEXT(2) 
PARAMETRIC_REPRESENTATION_CONTEXT() REPRESENTATION_CONTEXT('2D SPACE',''
  ) );
#3571 = ORIENTED_EDGE('',*,*,#3469,.F.);
#3572 = ADVANCED_FACE('',(#3573),#3538,.F.);
#3573 = FACE_BOUND('',#3574,.F.);
#3574 = EDGE_LOOP('',(#3575,#3598,#3599,#3622));
#3575 = ORIENTED_EDGE('',*,*,#3576,.F.);
#3576 = EDGE_CURVE('',#3499,#3577,#3579,.T.);
#3577 = VERTEX_POINT('',#3578);
#3578 = CARTESIAN_POINT('',(-39.,18.,-14.6));
#3579 = SURFACE_CURVE('',#3580,(#3584,#3591),.PCURVE_S1.);
#3580 = LINE('',#3581,#3582);
#3581 = CARTESIAN_POINT('',(-39.,18.,24.));
#3582 = VECTOR('',#3583,1.);
#3583 = DIRECTION('',(0.,0.,-1.));
#3584 = PCURVE('',#3538,#3585);
#3585 = DEFINITIONAL_REPRESENTATION('',(#3586),#3590);
#3586 = LINE('',#3587,#3588);
#3587 = CARTESIAN_POINT('',(0.,0.));
#3588 = VECTOR('',#3589,1.);
#3589 = DIRECTION('',(1.,0.));
#3590 = ( GEOMETRIC_REPRESENTATION_CONTEXT(2) 
PARAMETRIC_REPRESENTATION_CONTEXT() REPRESENTATION_CONTEXT('2D SPACE',''
  ) );
#3591 = PCURVE('',#118,#3592);
#3592 = DEFINITIONAL_REPRESENTATION('',(#3593),#3597);
#3593 = LINE('',#3594,#3595);
#3594 = CARTESIAN_POINT('',(-15.73776480621,-41.35143585676));
#3595 = VECTOR('',#3596,1.);
#3596 = DIRECTION('',(1.,0.));
#3597 = ( GEOMETRIC_REPRESENTATION_CONTEXT(2) 
PARAMETRIC_REPRESENTATION_CONTEXT() REPRESENTATION_CONTEXT('2D SPACE',''
  ) );
#3598 = ORIENTED_EDGE('',*,*,#3522,.T.);
#3599 = ORIENTED_EDGE('',*,*,#3600,.T.);
#3600 = EDGE_CURVE('',#3523,#3601,#3603,.T.);
#3601 = VERTEX_POINT('',#3602);
#3602 = CARTESIAN_POINT('',(-39.,-30.,-14.6));
#3603 = SURFACE_CURVE('',#3604,(#3608,#3615),.PCURVE_S1.);
#3604 = LINE('',#3605,#3606);
#3605 = CARTESIAN_POINT('',(-39.,-30.,24.));
#3606 = VECTOR('',#3607,1.);
#3607 = DIRECTION('',(0.,0.,-1.));
#3608 = PCURVE('',#3538,#3609);
#3609 = DEFINITIONAL_REPRESENTATION('',(#3610),#3614);
#3610 = LINE('',#3611,#3612);
#3611 = CARTESIAN_POINT('',(0.,-48.));
#3612 = VECTOR('',#3613,1.);
#3613 = DIRECTION('',(1.,0.));
#3614 = ( GEOMETRIC_REPRESENTATION_CONTEXT(2) 
PARAMETRIC_REPRESENTATION_CONTEXT() REPRESENTATION_CONTEXT('2D SPACE',''
  ) );
#3615 = PCURVE('',#174,#3616);
#3616 = DEFINITIONAL_REPRESENTATION('',(#3617),#3621);
#3617 = LINE('',#3618,#3619);
#3618 = CARTESIAN_POINT('',(-15.73776480621,-41.35143585676));
#3619 = VECTOR('',#3620,1.);
#3620 = DIRECTION('',(1.,0.));
#3621 = ( GEOMETRIC_REPRESENTATION_CONTEXT(2) 
PARAMETRIC_REPRESENTATION_CONTEXT() REPRESENTATION_CONTEXT('2D SPACE',''
  ) );
#3622 = ORIENTED_EDGE('',*,*,#3623,.F.);
#3623 = EDGE_CURVE('',#3577,#3601,#3624,.T.);
#3624 = SURFACE_CURVE('',#3625,(#3629,#3636),.PCURVE_S1.);
#3625 = LINE('',#3626,#3627);
#3626 = CARTESIAN_POINT('',(-39.,18.,-14.6));
#3627 = VECTOR('',#3628,1.);
#3628 = DIRECTION('',(0.,-1.,0.));
#3629 = PCURVE('',#3538,#3630);
#3630 = DEFINITIONAL_REPRESENTATION('',(#3631),#3635);
#3631 = LINE('',#3632,#3633);
#3632 = CARTESIAN_POINT('',(38.6,0.));
#3633 = VECTOR('',#3634,1.);
#3634 = DIRECTION('',(0.,-1.));
#3635 = ( GEOMETRIC_REPRESENTATION_CONTEXT(2) 
PARAMETRIC_REPRESENTATION_CONTEXT() REPRESENTATION_CONTEXT('2D SPACE',''
  ) );
#3636 = PCURVE('',#146,#3637);
#3637 = DEFINITIONAL_REPRESENTATION('',(#3638),#3642);
#3638 = LINE('',#3639,#3640);
#3639 = CARTESIAN_POINT('',(4.712388980385,0.));
#3640 = VECTOR('',#3641,1.);
#3641 = DIRECTION('',(-0.,1.));
#3642 = ( GEOMETRIC_REPRESENTATION_CONTEXT(2) 
PARAMETRIC_REPRESENTATION_CONTEXT() REPRESENTATION_CONTEXT('2D SPACE',''
  ) );
#3643 = ADVANCED_FACE('',(#3644),#3290,.T.);
#3644 = FACE_BOUND('',#3645,.T.);
#3645 = EDGE_LOOP('',(#3646,#3647,#3670,#3698));
#3646 = ORIENTED_EDGE('',*,*,#3274,.F.);
#3647 = ORIENTED_EDGE('',*,*,#3648,.F.);
#3648 = EDGE_CURVE('',#3649,#3250,#3651,.T.);
#3649 = VERTEX_POINT('',#3650);
#3650 = CARTESIAN_POINT('',(-20.5,-30.,15.));
#3651 = SURFACE_CURVE('',#3652,(#3656,#3663),.PCURVE_S1.);
#3652 = LINE('',#3653,#3654);
#3653 = CARTESIAN_POINT('',(-14.57428207161,-30.,15.));
#3654 = VECTOR('',#3655,1.);
#3655 = DIRECTION('',(-1.,0.,0.));
#3656 = PCURVE('',#3290,#3657);
#3657 = DEFINITIONAL_REPRESENTATION('',(#3658),#3662);
#3658 = LINE('',#3659,#3660);
#3659 = CARTESIAN_POINT('',(16.92571792839,2.));
#3660 = VECTOR('',#3661,1.);
#3661 = DIRECTION('',(-1.,0.));
#3662 = ( GEOMETRIC_REPRESENTATION_CONTEXT(2) 
PARAMETRIC_REPRESENTATION_CONTEXT() REPRESENTATION_CONTEXT('2D SPACE',''
  ) );
#3663 = PCURVE('',#174,#3664);
#3664 = DEFINITIONAL_REPRESENTATION('',(#3665),#3669);
#3665 = LINE('',#3666,#3667);
#3666 = CARTESIAN_POINT('',(-6.737764806213,-16.92571792837));
#3667 = VECTOR('',#3668,1.);
#3668 = DIRECTION('',(0.,-1.));
#3669 = ( GEOMETRIC_REPRESENTATION_CONTEXT(2) 
PARAMETRIC_REPRESENTATION_CONTEXT() REPRESENTATION_CONTEXT('2D SPACE',''
  ) );
#3670 = ORIENTED_EDGE('',*,*,#3671,.F.);
#3671 = EDGE_CURVE('',#3672,#3649,#3674,.T.);
#3672 = VERTEX_POINT('',#3673);
#3673 = CARTESIAN_POINT('',(-20.5,-28.,15.));
#3674 = SURFACE_CURVE('',#3675,(#3679,#3686),.PCURVE_S1.);
#3675 = LINE('',#3676,#3677);
#3676 = CARTESIAN_POINT('',(-20.5,-32.5,15.));
#3677 = VECTOR('',#3678,1.);
#3678 = DIRECTION('',(0.,-1.,0.));
#3679 = PCURVE('',#3290,#3680);
#3680 = DEFINITIONAL_REPRESENTATION('',(#3681),#3685);
#3681 = LINE('',#3682,#3683);
#3682 = CARTESIAN_POINT('',(11.,-0.5));
#3683 = VECTOR('',#3684,1.);
#3684 = DIRECTION('',(0.,-1.));
#3685 = ( GEOMETRIC_REPRESENTATION_CONTEXT(2) 
PARAMETRIC_REPRESENTATION_CONTEXT() REPRESENTATION_CONTEXT('2D SPACE',''
  ) );
#3686 = PCURVE('',#3687,#3692);
#3687 = PLANE('',#3688);
#3688 = AXIS2_PLACEMENT_3D('',#3689,#3690,#3691);
#3689 = CARTESIAN_POINT('',(-20.5,-33.,13.));
#3690 = DIRECTION('',(1.,0.,0.));
#3691 = DIRECTION('',(0.,0.,1.));
#3692 = DEFINITIONAL_REPRESENTATION('',(#3693),#3697);
#3693 = LINE('',#3694,#3695);
#3694 = CARTESIAN_POINT('',(2.,-0.5));
#3695 = VECTOR('',#3696,1.);
#3696 = DIRECTION('',(0.,1.));
#3697 = ( GEOMETRIC_REPRESENTATION_CONTEXT(2) 
PARAMETRIC_REPRESENTATION_CONTEXT() REPRESENTATION_CONTEXT('2D SPACE',''
  ) );
#3698 = ORIENTED_EDGE('',*,*,#3699,.T.);
#3699 = EDGE_CURVE('',#3672,#3275,#3700,.T.);
#3700 = SURFACE_CURVE('',#3701,(#3705,#3712),.PCURVE_S1.);
#3701 = LINE('',#3702,#3703);
#3702 = CARTESIAN_POINT('',(-14.55929289581,-28.,15.));
#3703 = VECTOR('',#3704,1.);
#3704 = DIRECTION('',(-1.,0.,0.));
#3705 = PCURVE('',#3290,#3706);
#3706 = DEFINITIONAL_REPRESENTATION('',(#3707),#3711);
#3707 = LINE('',#3708,#3709);
#3708 = CARTESIAN_POINT('',(16.94070710419,4.));
#3709 = VECTOR('',#3710,1.);
#3710 = DIRECTION('',(-1.,0.));
#3711 = ( GEOMETRIC_REPRESENTATION_CONTEXT(2) 
PARAMETRIC_REPRESENTATION_CONTEXT() REPRESENTATION_CONTEXT('2D SPACE',''
  ) );
#3712 = PCURVE('',#701,#3713);
#3713 = DEFINITIONAL_REPRESENTATION('',(#3714),#3718);
#3714 = LINE('',#3715,#3716);
#3715 = CARTESIAN_POINT('',(-8.789365024747,-16.94070710417));
#3716 = VECTOR('',#3717,1.);
#3717 = DIRECTION('',(0.,-1.));
#3718 = ( GEOMETRIC_REPRESENTATION_CONTEXT(2) 
PARAMETRIC_REPRESENTATION_CONTEXT() REPRESENTATION_CONTEXT('2D SPACE',''
  ) );
#3719 = ADVANCED_FACE('',(#3720),#3687,.T.);
#3720 = FACE_BOUND('',#3721,.T.);
#3721 = EDGE_LOOP('',(#3722,#3745,#3773,#3794));
#3722 = ORIENTED_EDGE('',*,*,#3723,.F.);
#3723 = EDGE_CURVE('',#3724,#3649,#3726,.T.);
#3724 = VERTEX_POINT('',#3725);
#3725 = CARTESIAN_POINT('',(-20.5,-30.,13.7));
#3726 = SURFACE_CURVE('',#3727,(#3731,#3738),.PCURVE_S1.);
#3727 = LINE('',#3728,#3729);
#3728 = CARTESIAN_POINT('',(-20.5,-30.,10.631117596894));
#3729 = VECTOR('',#3730,1.);
#3730 = DIRECTION('',(0.,0.,1.));
#3731 = PCURVE('',#3687,#3732);
#3732 = DEFINITIONAL_REPRESENTATION('',(#3733),#3737);
#3733 = LINE('',#3734,#3735);
#3734 = CARTESIAN_POINT('',(-2.368882403106,-3.));
#3735 = VECTOR('',#3736,1.);
#3736 = DIRECTION('',(1.,0.));
#3737 = ( GEOMETRIC_REPRESENTATION_CONTEXT(2) 
PARAMETRIC_REPRESENTATION_CONTEXT() REPRESENTATION_CONTEXT('2D SPACE',''
  ) );
#3738 = PCURVE('',#174,#3739);
#3739 = DEFINITIONAL_REPRESENTATION('',(#3740),#3744);
#3740 = LINE('',#3741,#3742);
#3741 = CARTESIAN_POINT('',(-2.368882403107,-22.85143585676));
#3742 = VECTOR('',#3743,1.);
#3743 = DIRECTION('',(-1.,0.));
#3744 = ( GEOMETRIC_REPRESENTATION_CONTEXT(2) 
PARAMETRIC_REPRESENTATION_CONTEXT() REPRESENTATION_CONTEXT('2D SPACE',''
  ) );
#3745 = ORIENTED_EDGE('',*,*,#3746,.T.);
#3746 = EDGE_CURVE('',#3724,#3747,#3749,.T.);
#3747 = VERTEX_POINT('',#3748);
#3748 = CARTESIAN_POINT('',(-20.5,-28.,13.7));
#3749 = SURFACE_CURVE('',#3750,(#3754,#3761),.PCURVE_S1.);
#3750 = LINE('',#3751,#3752);
#3751 = CARTESIAN_POINT('',(-20.5,-33.,13.7));
#3752 = VECTOR('',#3753,1.);
#3753 = DIRECTION('',(0.,1.,0.));
#3754 = PCURVE('',#3687,#3755);
#3755 = DEFINITIONAL_REPRESENTATION('',(#3756),#3760);
#3756 = LINE('',#3757,#3758);
#3757 = CARTESIAN_POINT('',(0.7,0.));
#3758 = VECTOR('',#3759,1.);
#3759 = DIRECTION('',(0.,-1.));
#3760 = ( GEOMETRIC_REPRESENTATION_CONTEXT(2) 
PARAMETRIC_REPRESENTATION_CONTEXT() REPRESENTATION_CONTEXT('2D SPACE',''
  ) );
#3761 = PCURVE('',#3762,#3767);
#3762 = CYLINDRICAL_SURFACE('',#3763,0.7);
#3763 = AXIS2_PLACEMENT_3D('',#3764,#3765,#3766);
#3764 = CARTESIAN_POINT('',(-19.8,-33.,13.7));
#3765 = DIRECTION('',(0.,1.,0.));
#3766 = DIRECTION('',(-1.,0.,0.));
#3767 = DEFINITIONAL_REPRESENTATION('',(#3768),#3772);
#3768 = LINE('',#3769,#3770);
#3769 = CARTESIAN_POINT('',(6.28318530718,0.));
#3770 = VECTOR('',#3771,1.);
#3771 = DIRECTION('',(-0.,1.));
#3772 = ( GEOMETRIC_REPRESENTATION_CONTEXT(2) 
PARAMETRIC_REPRESENTATION_CONTEXT() REPRESENTATION_CONTEXT('2D SPACE',''
  ) );
#3773 = ORIENTED_EDGE('',*,*,#3774,.T.);
#3774 = EDGE_CURVE('',#3747,#3672,#3775,.T.);
#3775 = SURFACE_CURVE('',#3776,(#3780,#3787),.PCURVE_S1.);
#3776 = LINE('',#3777,#3778);
#3777 = CARTESIAN_POINT('',(-20.5,-28.,9.605317487626));
#3778 = VECTOR('',#3779,1.);
#3779 = DIRECTION('',(0.,0.,1.));
#3780 = PCURVE('',#3687,#3781);
#3781 = DEFINITIONAL_REPRESENTATION('',(#3782),#3786);
#3782 = LINE('',#3783,#3784);
#3783 = CARTESIAN_POINT('',(-3.394682512374,-5.));
#3784 = VECTOR('',#3785,1.);
#3785 = DIRECTION('',(1.,0.));
#3786 = ( GEOMETRIC_REPRESENTATION_CONTEXT(2) 
PARAMETRIC_REPRESENTATION_CONTEXT() REPRESENTATION_CONTEXT('2D SPACE',''
  ) );
#3787 = PCURVE('',#701,#3788);
#3788 = DEFINITIONAL_REPRESENTATION('',(#3789),#3793);
#3789 = LINE('',#3790,#3791);
#3790 = CARTESIAN_POINT('',(-3.394682512373,-22.88141420836));
#3791 = VECTOR('',#3792,1.);
#3792 = DIRECTION('',(-1.,0.));
#3793 = ( GEOMETRIC_REPRESENTATION_CONTEXT(2) 
PARAMETRIC_REPRESENTATION_CONTEXT() REPRESENTATION_CONTEXT('2D SPACE',''
  ) );
#3794 = ORIENTED_EDGE('',*,*,#3671,.T.);
#3795 = ADVANCED_FACE('',(#3796),#3762,.F.);
#3796 = FACE_BOUND('',#3797,.F.);
#3797 = EDGE_LOOP('',(#3798,#3826,#3854,#3880));
#3798 = ORIENTED_EDGE('',*,*,#3799,.F.);
#3799 = EDGE_CURVE('',#3800,#3747,#3802,.T.);
#3800 = VERTEX_POINT('',#3801);
#3801 = CARTESIAN_POINT('',(-19.8,-28.,13.));
#3802 = SURFACE_CURVE('',#3803,(#3808,#3815),.PCURVE_S1.);
#3803 = CIRCLE('',#3804,0.7);
#3804 = AXIS2_PLACEMENT_3D('',#3805,#3806,#3807);
#3805 = CARTESIAN_POINT('',(-19.8,-28.,13.7));
#3806 = DIRECTION('',(0.,1.,0.));
#3807 = DIRECTION('',(-1.,0.,0.));
#3808 = PCURVE('',#3762,#3809);
#3809 = DEFINITIONAL_REPRESENTATION('',(#3810),#3814);
#3810 = LINE('',#3811,#3812);
#3811 = CARTESIAN_POINT('',(-4.138911435803E-13,5.));
#3812 = VECTOR('',#3813,1.);
#3813 = DIRECTION('',(1.,-0.));
#3814 = ( GEOMETRIC_REPRESENTATION_CONTEXT(2) 
PARAMETRIC_REPRESENTATION_CONTEXT() REPRESENTATION_CONTEXT('2D SPACE',''
  ) );
#3815 = PCURVE('',#701,#3816);
#3816 = DEFINITIONAL_REPRESENTATION('',(#3817),#3825);
#3817 = ( BOUNDED_CURVE() B_SPLINE_CURVE(2,(#3818,#3819,#3820,#3821,
#3822,#3823,#3824),.UNSPECIFIED.,.T.,.F.) B_SPLINE_CURVE_WITH_KNOTS((1,2
    ,2,2,2,1),(-2.094395102393,0.,2.094395102393,4.188790204786,
6.28318530718,8.377580409573),.UNSPECIFIED.) CURVE() 
GEOMETRIC_REPRESENTATION_ITEM() RATIONAL_B_SPLINE_CURVE((1.,0.5,1.,0.5,
1.,0.5,1.)) REPRESENTATION_ITEM('') );
#3818 = CARTESIAN_POINT('',(-7.489365024747,-22.88141420836));
#3819 = CARTESIAN_POINT('',(-8.701800590045,-22.88141420836));
#3820 = CARTESIAN_POINT('',(-8.095582807396,-21.83141420836));
#3821 = CARTESIAN_POINT('',(-7.489365024747,-20.78141420836));
#3822 = CARTESIAN_POINT('',(-6.883147242098,-21.83141420836));
#3823 = CARTESIAN_POINT('',(-6.276929459449,-22.88141420836));
#3824 = CARTESIAN_POINT('',(-7.489365024747,-22.88141420836));
#3825 = ( GEOMETRIC_REPRESENTATION_CONTEXT(2) 
PARAMETRIC_REPRESENTATION_CONTEXT() REPRESENTATION_CONTEXT('2D SPACE',''
  ) );
#3826 = ORIENTED_EDGE('',*,*,#3827,.F.);
#3827 = EDGE_CURVE('',#3828,#3800,#3830,.T.);
#3828 = VERTEX_POINT('',#3829);
#3829 = CARTESIAN_POINT('',(-19.8,-30.,13.));
#3830 = SURFACE_CURVE('',#3831,(#3835,#3842),.PCURVE_S1.);
#3831 = LINE('',#3832,#3833);
#3832 = CARTESIAN_POINT('',(-19.8,-33.,13.));
#3833 = VECTOR('',#3834,1.);
#3834 = DIRECTION('',(0.,1.,0.));
#3835 = PCURVE('',#3762,#3836);
#3836 = DEFINITIONAL_REPRESENTATION('',(#3837),#3841);
#3837 = LINE('',#3838,#3839);
#3838 = CARTESIAN_POINT('',(4.712388980385,0.));
#3839 = VECTOR('',#3840,1.);
#3840 = DIRECTION('',(-0.,1.));
#3841 = ( GEOMETRIC_REPRESENTATION_CONTEXT(2) 
PARAMETRIC_REPRESENTATION_CONTEXT() REPRESENTATION_CONTEXT('2D SPACE',''
  ) );
#3842 = PCURVE('',#3843,#3848);
#3843 = PLANE('',#3844);
#3844 = AXIS2_PLACEMENT_3D('',#3845,#3846,#3847);
#3845 = CARTESIAN_POINT('',(-20.5,-33.,13.));
#3846 = DIRECTION('',(0.,0.,1.));
#3847 = DIRECTION('',(1.,0.,-0.));
#3848 = DEFINITIONAL_REPRESENTATION('',(#3849),#3853);
#3849 = LINE('',#3850,#3851);
#3850 = CARTESIAN_POINT('',(0.7,0.));
#3851 = VECTOR('',#3852,1.);
#3852 = DIRECTION('',(0.,1.));
#3853 = ( GEOMETRIC_REPRESENTATION_CONTEXT(2) 
PARAMETRIC_REPRESENTATION_CONTEXT() REPRESENTATION_CONTEXT('2D SPACE',''
  ) );
#3854 = ORIENTED_EDGE('',*,*,#3855,.T.);
#3855 = EDGE_CURVE('',#3828,#3724,#3856,.T.);
#3856 = SURFACE_CURVE('',#3857,(#3862,#3869),.PCURVE_S1.);
#3857 = CIRCLE('',#3858,0.7);
#3858 = AXIS2_PLACEMENT_3D('',#3859,#3860,#3861);
#3859 = CARTESIAN_POINT('',(-19.8,-30.,13.7));
#3860 = DIRECTION('',(0.,1.,0.));
#3861 = DIRECTION('',(-1.,0.,0.));
#3862 = PCURVE('',#3762,#3863);
#3863 = DEFINITIONAL_REPRESENTATION('',(#3864),#3868);
#3864 = LINE('',#3865,#3866);
#3865 = CARTESIAN_POINT('',(-4.138911435803E-13,3.));
#3866 = VECTOR('',#3867,1.);
#3867 = DIRECTION('',(1.,-0.));
#3868 = ( GEOMETRIC_REPRESENTATION_CONTEXT(2) 
PARAMETRIC_REPRESENTATION_CONTEXT() REPRESENTATION_CONTEXT('2D SPACE',''
  ) );
#3869 = PCURVE('',#174,#3870);
#3870 = DEFINITIONAL_REPRESENTATION('',(#3871),#3879);
#3871 = ( BOUNDED_CURVE() B_SPLINE_CURVE(2,(#3872,#3873,#3874,#3875,
#3876,#3877,#3878),.UNSPECIFIED.,.T.,.F.) B_SPLINE_CURVE_WITH_KNOTS((1,2
    ,2,2,2,1),(-2.094395102393,0.,2.094395102393,4.188790204786,
6.28318530718,8.377580409573),.UNSPECIFIED.) CURVE() 
GEOMETRIC_REPRESENTATION_ITEM() RATIONAL_B_SPLINE_CURVE((1.,0.5,1.,0.5,
1.,0.5,1.)) REPRESENTATION_ITEM('') );
#3872 = CARTESIAN_POINT('',(-5.437764806213,-22.85143585676));
#3873 = CARTESIAN_POINT('',(-6.650200371511,-22.85143585676));
#3874 = CARTESIAN_POINT('',(-6.043982588862,-21.80143585676));
#3875 = CARTESIAN_POINT('',(-5.437764806213,-20.75143585676));
#3876 = CARTESIAN_POINT('',(-4.831547023564,-21.80143585676));
#3877 = CARTESIAN_POINT('',(-4.225329240915,-22.85143585676));
#3878 = CARTESIAN_POINT('',(-5.437764806213,-22.85143585676));
#3879 = ( GEOMETRIC_REPRESENTATION_CONTEXT(2) 
PARAMETRIC_REPRESENTATION_CONTEXT() REPRESENTATION_CONTEXT('2D SPACE',''
  ) );
#3880 = ORIENTED_EDGE('',*,*,#3746,.T.);
#3881 = ADVANCED_FACE('',(#3882),#3843,.T.);
#3882 = FACE_BOUND('',#3883,.T.);
#3883 = EDGE_LOOP('',(#3884,#3907,#3908,#3931));
#3884 = ORIENTED_EDGE('',*,*,#3885,.T.);
#3885 = EDGE_CURVE('',#3886,#3800,#3888,.T.);
#3886 = VERTEX_POINT('',#3887);
#3887 = CARTESIAN_POINT('',(-18.2,-28.,13.));
#3888 = SURFACE_CURVE('',#3889,(#3893,#3900),.PCURVE_S1.);
#3889 = LINE('',#3890,#3891);
#3890 = CARTESIAN_POINT('',(-9.05929289582,-28.,13.));
#3891 = VECTOR('',#3892,1.);
#3892 = DIRECTION('',(-1.,0.,0.));
#3893 = PCURVE('',#3843,#3894);
#3894 = DEFINITIONAL_REPRESENTATION('',(#3895),#3899);
#3895 = LINE('',#3896,#3897);
#3896 = CARTESIAN_POINT('',(11.44070710418,5.));
#3897 = VECTOR('',#3898,1.);
#3898 = DIRECTION('',(-1.,0.));
#3899 = ( GEOMETRIC_REPRESENTATION_CONTEXT(2) 
PARAMETRIC_REPRESENTATION_CONTEXT() REPRESENTATION_CONTEXT('2D SPACE',''
  ) );
#3900 = PCURVE('',#701,#3901);
#3901 = DEFINITIONAL_REPRESENTATION('',(#3902),#3906);
#3902 = LINE('',#3903,#3904);
#3903 = CARTESIAN_POINT('',(-6.789365024747,-11.44070710418));
#3904 = VECTOR('',#3905,1.);
#3905 = DIRECTION('',(0.,-1.));
#3906 = ( GEOMETRIC_REPRESENTATION_CONTEXT(2) 
PARAMETRIC_REPRESENTATION_CONTEXT() REPRESENTATION_CONTEXT('2D SPACE',''
  ) );
#3907 = ORIENTED_EDGE('',*,*,#3827,.F.);
#3908 = ORIENTED_EDGE('',*,*,#3909,.F.);
#3909 = EDGE_CURVE('',#3910,#3828,#3912,.T.);
#3910 = VERTEX_POINT('',#3911);
#3911 = CARTESIAN_POINT('',(-18.2,-30.,13.));
#3912 = SURFACE_CURVE('',#3913,(#3917,#3924),.PCURVE_S1.);
#3913 = LINE('',#3914,#3915);
#3914 = CARTESIAN_POINT('',(-9.074282071616,-30.,13.));
#3915 = VECTOR('',#3916,1.);
#3916 = DIRECTION('',(-1.,0.,0.));
#3917 = PCURVE('',#3843,#3918);
#3918 = DEFINITIONAL_REPRESENTATION('',(#3919),#3923);
#3919 = LINE('',#3920,#3921);
#3920 = CARTESIAN_POINT('',(11.425717928384,3.));
#3921 = VECTOR('',#3922,1.);
#3922 = DIRECTION('',(-1.,0.));
#3923 = ( GEOMETRIC_REPRESENTATION_CONTEXT(2) 
PARAMETRIC_REPRESENTATION_CONTEXT() REPRESENTATION_CONTEXT('2D SPACE',''
  ) );
#3924 = PCURVE('',#174,#3925);
#3925 = DEFINITIONAL_REPRESENTATION('',(#3926),#3930);
#3926 = LINE('',#3927,#3928);
#3927 = CARTESIAN_POINT('',(-4.737764806213,-11.42571792838));
#3928 = VECTOR('',#3929,1.);
#3929 = DIRECTION('',(0.,-1.));
#3930 = ( GEOMETRIC_REPRESENTATION_CONTEXT(2) 
PARAMETRIC_REPRESENTATION_CONTEXT() REPRESENTATION_CONTEXT('2D SPACE',''
  ) );
#3931 = ORIENTED_EDGE('',*,*,#3932,.T.);
#3932 = EDGE_CURVE('',#3910,#3886,#3933,.T.);
#3933 = SURFACE_CURVE('',#3934,(#3938,#3945),.PCURVE_S1.);
#3934 = LINE('',#3935,#3936);
#3935 = CARTESIAN_POINT('',(-18.2,-33.,13.));
#3936 = VECTOR('',#3937,1.);
#3937 = DIRECTION('',(0.,1.,0.));
#3938 = PCURVE('',#3843,#3939);
#3939 = DEFINITIONAL_REPRESENTATION('',(#3940),#3944);
#3940 = LINE('',#3941,#3942);
#3941 = CARTESIAN_POINT('',(2.3,0.));
#3942 = VECTOR('',#3943,1.);
#3943 = DIRECTION('',(0.,1.));
#3944 = ( GEOMETRIC_REPRESENTATION_CONTEXT(2) 
PARAMETRIC_REPRESENTATION_CONTEXT() REPRESENTATION_CONTEXT('2D SPACE',''
  ) );
#3945 = PCURVE('',#3946,#3951);
#3946 = CYLINDRICAL_SURFACE('',#3947,0.7);
#3947 = AXIS2_PLACEMENT_3D('',#3948,#3949,#3950);
#3948 = CARTESIAN_POINT('',(-18.2,-33.,13.7));
#3949 = DIRECTION('',(0.,1.,0.));
#3950 = DIRECTION('',(1.,0.,-0.));
#3951 = DEFINITIONAL_REPRESENTATION('',(#3952),#3956);
#3952 = LINE('',#3953,#3954);
#3953 = CARTESIAN_POINT('',(1.570796326795,0.));
#3954 = VECTOR('',#3955,1.);
#3955 = DIRECTION('',(0.,1.));
#3956 = ( GEOMETRIC_REPRESENTATION_CONTEXT(2) 
PARAMETRIC_REPRESENTATION_CONTEXT() REPRESENTATION_CONTEXT('2D SPACE',''
  ) );
#3957 = ADVANCED_FACE('',(#3958),#3946,.F.);
#3958 = FACE_BOUND('',#3959,.F.);
#3959 = EDGE_LOOP('',(#3960,#3990,#4016,#4017));
#3960 = ORIENTED_EDGE('',*,*,#3961,.F.);
#3961 = EDGE_CURVE('',#3962,#3964,#3966,.T.);
#3962 = VERTEX_POINT('',#3963);
#3963 = CARTESIAN_POINT('',(-17.5,-30.,13.7));
#3964 = VERTEX_POINT('',#3965);
#3965 = CARTESIAN_POINT('',(-17.5,-28.,13.7));
#3966 = SURFACE_CURVE('',#3967,(#3971,#3978),.PCURVE_S1.);
#3967 = LINE('',#3968,#3969);
#3968 = CARTESIAN_POINT('',(-17.5,-33.,13.7));
#3969 = VECTOR('',#3970,1.);
#3970 = DIRECTION('',(0.,1.,0.));
#3971 = PCURVE('',#3946,#3972);
#3972 = DEFINITIONAL_REPRESENTATION('',(#3973),#3977);
#3973 = LINE('',#3974,#3975);
#3974 = CARTESIAN_POINT('',(0.,0.));
#3975 = VECTOR('',#3976,1.);
#3976 = DIRECTION('',(0.,1.));
#3977 = ( GEOMETRIC_REPRESENTATION_CONTEXT(2) 
PARAMETRIC_REPRESENTATION_CONTEXT() REPRESENTATION_CONTEXT('2D SPACE',''
  ) );
#3978 = PCURVE('',#3979,#3984);
#3979 = PLANE('',#3980);
#3980 = AXIS2_PLACEMENT_3D('',#3981,#3982,#3983);
#3981 = CARTESIAN_POINT('',(-17.5,-33.,13.));
#3982 = DIRECTION('',(1.,0.,0.));
#3983 = DIRECTION('',(0.,0.,1.));
#3984 = DEFINITIONAL_REPRESENTATION('',(#3985),#3989);
#3985 = LINE('',#3986,#3987);
#3986 = CARTESIAN_POINT('',(0.7,0.));
#3987 = VECTOR('',#3988,1.);
#3988 = DIRECTION('',(0.,-1.));
#3989 = ( GEOMETRIC_REPRESENTATION_CONTEXT(2) 
PARAMETRIC_REPRESENTATION_CONTEXT() REPRESENTATION_CONTEXT('2D SPACE',''
  ) );
#3990 = ORIENTED_EDGE('',*,*,#3991,.T.);
#3991 = EDGE_CURVE('',#3962,#3910,#3992,.T.);
#3992 = SURFACE_CURVE('',#3993,(#3998,#4005),.PCURVE_S1.);
#3993 = CIRCLE('',#3994,0.7);
#3994 = AXIS2_PLACEMENT_3D('',#3995,#3996,#3997);
#3995 = CARTESIAN_POINT('',(-18.2,-30.,13.7));
#3996 = DIRECTION('',(0.,1.,0.));
#3997 = DIRECTION('',(1.,0.,-0.));
#3998 = PCURVE('',#3946,#3999);
#3999 = DEFINITIONAL_REPRESENTATION('',(#4000),#4004);
#4000 = LINE('',#4001,#4002);
#4001 = CARTESIAN_POINT('',(0.,3.));
#4002 = VECTOR('',#4003,1.);
#4003 = DIRECTION('',(1.,0.));
#4004 = ( GEOMETRIC_REPRESENTATION_CONTEXT(2) 
PARAMETRIC_REPRESENTATION_CONTEXT() REPRESENTATION_CONTEXT('2D SPACE',''
  ) );
#4005 = PCURVE('',#174,#4006);
#4006 = DEFINITIONAL_REPRESENTATION('',(#4007),#4015);
#4007 = ( BOUNDED_CURVE() B_SPLINE_CURVE(2,(#4008,#4009,#4010,#4011,
#4012,#4013,#4014),.UNSPECIFIED.,.T.,.F.) B_SPLINE_CURVE_WITH_KNOTS((1,2
    ,2,2,2,1),(-2.094395102393,0.,2.094395102393,4.188790204786,
6.28318530718,8.377580409573),.UNSPECIFIED.) CURVE() 
GEOMETRIC_REPRESENTATION_ITEM() RATIONAL_B_SPLINE_CURVE((1.,0.5,1.,0.5,
1.,0.5,1.)) REPRESENTATION_ITEM('') );
#4008 = CARTESIAN_POINT('',(-5.437764806213,-19.85143585676));
#4009 = CARTESIAN_POINT('',(-4.225329240915,-19.85143585676));
#4010 = CARTESIAN_POINT('',(-4.831547023564,-20.90143585676));
#4011 = CARTESIAN_POINT('',(-5.437764806213,-21.95143585676));
#4012 = CARTESIAN_POINT('',(-6.043982588862,-20.90143585676));
#4013 = CARTESIAN_POINT('',(-6.650200371511,-19.85143585676));
#4014 = CARTESIAN_POINT('',(-5.437764806213,-19.85143585676));
#4015 = ( GEOMETRIC_REPRESENTATION_CONTEXT(2) 
PARAMETRIC_REPRESENTATION_CONTEXT() REPRESENTATION_CONTEXT('2D SPACE',''
  ) );
#4016 = ORIENTED_EDGE('',*,*,#3932,.T.);
#4017 = ORIENTED_EDGE('',*,*,#4018,.F.);
#4018 = EDGE_CURVE('',#3964,#3886,#4019,.T.);
#4019 = SURFACE_CURVE('',#4020,(#4025,#4032),.PCURVE_S1.);
#4020 = CIRCLE('',#4021,0.7);
#4021 = AXIS2_PLACEMENT_3D('',#4022,#4023,#4024);
#4022 = CARTESIAN_POINT('',(-18.2,-28.,13.7));
#4023 = DIRECTION('',(0.,1.,0.));
#4024 = DIRECTION('',(1.,0.,-0.));
#4025 = PCURVE('',#3946,#4026);
#4026 = DEFINITIONAL_REPRESENTATION('',(#4027),#4031);
#4027 = LINE('',#4028,#4029);
#4028 = CARTESIAN_POINT('',(0.,5.));
#4029 = VECTOR('',#4030,1.);
#4030 = DIRECTION('',(1.,0.));
#4031 = ( GEOMETRIC_REPRESENTATION_CONTEXT(2) 
PARAMETRIC_REPRESENTATION_CONTEXT() REPRESENTATION_CONTEXT('2D SPACE',''
  ) );
#4032 = PCURVE('',#701,#4033);
#4033 = DEFINITIONAL_REPRESENTATION('',(#4034),#4042);
#4034 = ( BOUNDED_CURVE() B_SPLINE_CURVE(2,(#4035,#4036,#4037,#4038,
#4039,#4040,#4041),.UNSPECIFIED.,.T.,.F.) B_SPLINE_CURVE_WITH_KNOTS((1,2
    ,2,2,2,1),(-2.094395102393,0.,2.094395102393,4.188790204786,
6.28318530718,8.377580409573),.UNSPECIFIED.) CURVE() 
GEOMETRIC_REPRESENTATION_ITEM() RATIONAL_B_SPLINE_CURVE((1.,0.5,1.,0.5,
1.,0.5,1.)) REPRESENTATION_ITEM('') );
#4035 = CARTESIAN_POINT('',(-7.489365024747,-19.88141420836));
#4036 = CARTESIAN_POINT('',(-6.276929459449,-19.88141420836));
#4037 = CARTESIAN_POINT('',(-6.883147242098,-20.93141420836));
#4038 = CARTESIAN_POINT('',(-7.489365024747,-21.98141420836));
#4039 = CARTESIAN_POINT('',(-8.095582807396,-20.93141420836));
#4040 = CARTESIAN_POINT('',(-8.701800590045,-19.88141420836));
#4041 = CARTESIAN_POINT('',(-7.489365024747,-19.88141420836));
#4042 = ( GEOMETRIC_REPRESENTATION_CONTEXT(2) 
PARAMETRIC_REPRESENTATION_CONTEXT() REPRESENTATION_CONTEXT('2D SPACE',''
  ) );
#4043 = ADVANCED_FACE('',(#4044),#3979,.F.);
#4044 = FACE_BOUND('',#4045,.F.);
#4045 = EDGE_LOOP('',(#4046,#4069,#4070,#4093));
#4046 = ORIENTED_EDGE('',*,*,#4047,.F.);
#4047 = EDGE_CURVE('',#3962,#4048,#4050,.T.);
#4048 = VERTEX_POINT('',#4049);
#4049 = CARTESIAN_POINT('',(-17.5,-30.,15.));
#4050 = SURFACE_CURVE('',#4051,(#4055,#4062),.PCURVE_S1.);
#4051 = LINE('',#4052,#4053);
#4052 = CARTESIAN_POINT('',(-17.5,-30.,10.631117596894));
#4053 = VECTOR('',#4054,1.);
#4054 = DIRECTION('',(0.,0.,1.));
#4055 = PCURVE('',#3979,#4056);
#4056 = DEFINITIONAL_REPRESENTATION('',(#4057),#4061);
#4057 = LINE('',#4058,#4059);
#4058 = CARTESIAN_POINT('',(-2.368882403106,-3.));
#4059 = VECTOR('',#4060,1.);
#4060 = DIRECTION('',(1.,0.));
#4061 = ( GEOMETRIC_REPRESENTATION_CONTEXT(2) 
PARAMETRIC_REPRESENTATION_CONTEXT() REPRESENTATION_CONTEXT('2D SPACE',''
  ) );
#4062 = PCURVE('',#174,#4063);
#4063 = DEFINITIONAL_REPRESENTATION('',(#4064),#4068);
#4064 = LINE('',#4065,#4066);
#4065 = CARTESIAN_POINT('',(-2.368882403107,-19.85143585676));
#4066 = VECTOR('',#4067,1.);
#4067 = DIRECTION('',(-1.,0.));
#4068 = ( GEOMETRIC_REPRESENTATION_CONTEXT(2) 
PARAMETRIC_REPRESENTATION_CONTEXT() REPRESENTATION_CONTEXT('2D SPACE',''
  ) );
#4069 = ORIENTED_EDGE('',*,*,#3961,.T.);
#4070 = ORIENTED_EDGE('',*,*,#4071,.T.);
#4071 = EDGE_CURVE('',#3964,#4072,#4074,.T.);
#4072 = VERTEX_POINT('',#4073);
#4073 = CARTESIAN_POINT('',(-17.5,-28.,15.));
#4074 = SURFACE_CURVE('',#4075,(#4079,#4086),.PCURVE_S1.);
#4075 = LINE('',#4076,#4077);
#4076 = CARTESIAN_POINT('',(-17.5,-28.,9.605317487626));
#4077 = VECTOR('',#4078,1.);
#4078 = DIRECTION('',(0.,0.,1.));
#4079 = PCURVE('',#3979,#4080);
#4080 = DEFINITIONAL_REPRESENTATION('',(#4081),#4085);
#4081 = LINE('',#4082,#4083);
#4082 = CARTESIAN_POINT('',(-3.394682512374,-5.));
#4083 = VECTOR('',#4084,1.);
#4084 = DIRECTION('',(1.,0.));
#4085 = ( GEOMETRIC_REPRESENTATION_CONTEXT(2) 
PARAMETRIC_REPRESENTATION_CONTEXT() REPRESENTATION_CONTEXT('2D SPACE',''
  ) );
#4086 = PCURVE('',#701,#4087);
#4087 = DEFINITIONAL_REPRESENTATION('',(#4088),#4092);
#4088 = LINE('',#4089,#4090);
#4089 = CARTESIAN_POINT('',(-3.394682512373,-19.88141420836));
#4090 = VECTOR('',#4091,1.);
#4091 = DIRECTION('',(-1.,0.));
#4092 = ( GEOMETRIC_REPRESENTATION_CONTEXT(2) 
PARAMETRIC_REPRESENTATION_CONTEXT() REPRESENTATION_CONTEXT('2D SPACE',''
  ) );
#4093 = ORIENTED_EDGE('',*,*,#4094,.T.);
#4094 = EDGE_CURVE('',#4072,#4048,#4095,.T.);
#4095 = SURFACE_CURVE('',#4096,(#4100,#4107),.PCURVE_S1.);
#4096 = LINE('',#4097,#4098);
#4097 = CARTESIAN_POINT('',(-17.5,-32.5,15.));
#4098 = VECTOR('',#4099,1.);
#4099 = DIRECTION('',(0.,-1.,0.));
#4100 = PCURVE('',#3979,#4101);
#4101 = DEFINITIONAL_REPRESENTATION('',(#4102),#4106);
#4102 = LINE('',#4103,#4104);
#4103 = CARTESIAN_POINT('',(2.,-0.5));
#4104 = VECTOR('',#4105,1.);
#4105 = DIRECTION('',(0.,1.));
#4106 = ( GEOMETRIC_REPRESENTATION_CONTEXT(2) 
PARAMETRIC_REPRESENTATION_CONTEXT() REPRESENTATION_CONTEXT('2D SPACE',''
  ) );
#4107 = PCURVE('',#4108,#4113);
#4108 = PLANE('',#4109);
#4109 = AXIS2_PLACEMENT_3D('',#4110,#4111,#4112);
#4110 = CARTESIAN_POINT('',(-31.5,-32.,15.));
#4111 = DIRECTION('',(0.,0.,1.));
#4112 = DIRECTION('',(1.,0.,-0.));
#4113 = DEFINITIONAL_REPRESENTATION('',(#4114),#4118);
#4114 = LINE('',#4115,#4116);
#4115 = CARTESIAN_POINT('',(14.,-0.5));
#4116 = VECTOR('',#4117,1.);
#4117 = DIRECTION('',(0.,-1.));
#4118 = ( GEOMETRIC_REPRESENTATION_CONTEXT(2) 
PARAMETRIC_REPRESENTATION_CONTEXT() REPRESENTATION_CONTEXT('2D SPACE',''
  ) );
#4119 = ADVANCED_FACE('',(#4120),#4108,.T.);
#4120 = FACE_BOUND('',#4121,.T.);
#4121 = EDGE_LOOP('',(#4122,#4152,#4173,#4174));
#4122 = ORIENTED_EDGE('',*,*,#4123,.F.);
#4123 = EDGE_CURVE('',#4124,#4126,#4128,.T.);
#4124 = VERTEX_POINT('',#4125);
#4125 = CARTESIAN_POINT('',(-11.5,-28.,15.));
#4126 = VERTEX_POINT('',#4127);
#4127 = CARTESIAN_POINT('',(-11.5,-30.,15.));
#4128 = SURFACE_CURVE('',#4129,(#4133,#4140),.PCURVE_S1.);
#4129 = LINE('',#4130,#4131);
#4130 = CARTESIAN_POINT('',(-11.5,-32.5,15.));
#4131 = VECTOR('',#4132,1.);
#4132 = DIRECTION('',(0.,-1.,0.));
#4133 = PCURVE('',#4108,#4134);
#4134 = DEFINITIONAL_REPRESENTATION('',(#4135),#4139);
#4135 = LINE('',#4136,#4137);
#4136 = CARTESIAN_POINT('',(20.,-0.5));
#4137 = VECTOR('',#4138,1.);
#4138 = DIRECTION('',(0.,-1.));
#4139 = ( GEOMETRIC_REPRESENTATION_CONTEXT(2) 
PARAMETRIC_REPRESENTATION_CONTEXT() REPRESENTATION_CONTEXT('2D SPACE',''
  ) );
#4140 = PCURVE('',#4141,#4146);
#4141 = PLANE('',#4142);
#4142 = AXIS2_PLACEMENT_3D('',#4143,#4144,#4145);
#4143 = CARTESIAN_POINT('',(-11.5,-33.,13.));
#4144 = DIRECTION('',(1.,0.,0.));
#4145 = DIRECTION('',(0.,0.,1.));
#4146 = DEFINITIONAL_REPRESENTATION('',(#4147),#4151);
#4147 = LINE('',#4148,#4149);
#4148 = CARTESIAN_POINT('',(2.,-0.5));
#4149 = VECTOR('',#4150,1.);
#4150 = DIRECTION('',(0.,1.));
#4151 = ( GEOMETRIC_REPRESENTATION_CONTEXT(2) 
PARAMETRIC_REPRESENTATION_CONTEXT() REPRESENTATION_CONTEXT('2D SPACE',''
  ) );
#4152 = ORIENTED_EDGE('',*,*,#4153,.T.);
#4153 = EDGE_CURVE('',#4124,#4072,#4154,.T.);
#4154 = SURFACE_CURVE('',#4155,(#4159,#4166),.PCURVE_S1.);
#4155 = LINE('',#4156,#4157);
#4156 = CARTESIAN_POINT('',(-14.55929289581,-28.,15.));
#4157 = VECTOR('',#4158,1.);
#4158 = DIRECTION('',(-1.,0.,0.));
#4159 = PCURVE('',#4108,#4160);
#4160 = DEFINITIONAL_REPRESENTATION('',(#4161),#4165);
#4161 = LINE('',#4162,#4163);
#4162 = CARTESIAN_POINT('',(16.94070710419,4.));
#4163 = VECTOR('',#4164,1.);
#4164 = DIRECTION('',(-1.,0.));
#4165 = ( GEOMETRIC_REPRESENTATION_CONTEXT(2) 
PARAMETRIC_REPRESENTATION_CONTEXT() REPRESENTATION_CONTEXT('2D SPACE',''
  ) );
#4166 = PCURVE('',#701,#4167);
#4167 = DEFINITIONAL_REPRESENTATION('',(#4168),#4172);
#4168 = LINE('',#4169,#4170);
#4169 = CARTESIAN_POINT('',(-8.789365024747,-16.94070710417));
#4170 = VECTOR('',#4171,1.);
#4171 = DIRECTION('',(0.,-1.));
#4172 = ( GEOMETRIC_REPRESENTATION_CONTEXT(2) 
PARAMETRIC_REPRESENTATION_CONTEXT() REPRESENTATION_CONTEXT('2D SPACE',''
  ) );
#4173 = ORIENTED_EDGE('',*,*,#4094,.T.);
#4174 = ORIENTED_EDGE('',*,*,#4175,.F.);
#4175 = EDGE_CURVE('',#4126,#4048,#4176,.T.);
#4176 = SURFACE_CURVE('',#4177,(#4181,#4188),.PCURVE_S1.);
#4177 = LINE('',#4178,#4179);
#4178 = CARTESIAN_POINT('',(-14.57428207161,-30.,15.));
#4179 = VECTOR('',#4180,1.);
#4180 = DIRECTION('',(-1.,0.,0.));
#4181 = PCURVE('',#4108,#4182);
#4182 = DEFINITIONAL_REPRESENTATION('',(#4183),#4187);
#4183 = LINE('',#4184,#4185);
#4184 = CARTESIAN_POINT('',(16.92571792839,2.));
#4185 = VECTOR('',#4186,1.);
#4186 = DIRECTION('',(-1.,0.));
#4187 = ( GEOMETRIC_REPRESENTATION_CONTEXT(2) 
PARAMETRIC_REPRESENTATION_CONTEXT() REPRESENTATION_CONTEXT('2D SPACE',''
  ) );
#4188 = PCURVE('',#174,#4189);
#4189 = DEFINITIONAL_REPRESENTATION('',(#4190),#4194);
#4190 = LINE('',#4191,#4192);
#4191 = CARTESIAN_POINT('',(-6.737764806213,-16.92571792837));
#4192 = VECTOR('',#4193,1.);
#4193 = DIRECTION('',(0.,-1.));
#4194 = ( GEOMETRIC_REPRESENTATION_CONTEXT(2) 
PARAMETRIC_REPRESENTATION_CONTEXT() REPRESENTATION_CONTEXT('2D SPACE',''
  ) );
#4195 = ADVANCED_FACE('',(#4196),#4141,.T.);
#4196 = FACE_BOUND('',#4197,.T.);
#4197 = EDGE_LOOP('',(#4198,#4221,#4249,#4270));
#4198 = ORIENTED_EDGE('',*,*,#4199,.F.);
#4199 = EDGE_CURVE('',#4200,#4126,#4202,.T.);
#4200 = VERTEX_POINT('',#4201);
#4201 = CARTESIAN_POINT('',(-11.5,-30.,13.7));
#4202 = SURFACE_CURVE('',#4203,(#4207,#4214),.PCURVE_S1.);
#4203 = LINE('',#4204,#4205);
#4204 = CARTESIAN_POINT('',(-11.5,-30.,10.631117596894));
#4205 = VECTOR('',#4206,1.);
#4206 = DIRECTION('',(0.,0.,1.));
#4207 = PCURVE('',#4141,#4208);
#4208 = DEFINITIONAL_REPRESENTATION('',(#4209),#4213);
#4209 = LINE('',#4210,#4211);
#4210 = CARTESIAN_POINT('',(-2.368882403106,-3.));
#4211 = VECTOR('',#4212,1.);
#4212 = DIRECTION('',(1.,0.));
#4213 = ( GEOMETRIC_REPRESENTATION_CONTEXT(2) 
PARAMETRIC_REPRESENTATION_CONTEXT() REPRESENTATION_CONTEXT('2D SPACE',''
  ) );
#4214 = PCURVE('',#174,#4215);
#4215 = DEFINITIONAL_REPRESENTATION('',(#4216),#4220);
#4216 = LINE('',#4217,#4218);
#4217 = CARTESIAN_POINT('',(-2.368882403107,-13.85143585676));
#4218 = VECTOR('',#4219,1.);
#4219 = DIRECTION('',(-1.,0.));
#4220 = ( GEOMETRIC_REPRESENTATION_CONTEXT(2) 
PARAMETRIC_REPRESENTATION_CONTEXT() REPRESENTATION_CONTEXT('2D SPACE',''
  ) );
#4221 = ORIENTED_EDGE('',*,*,#4222,.T.);
#4222 = EDGE_CURVE('',#4200,#4223,#4225,.T.);
#4223 = VERTEX_POINT('',#4224);
#4224 = CARTESIAN_POINT('',(-11.5,-28.,13.7));
#4225 = SURFACE_CURVE('',#4226,(#4230,#4237),.PCURVE_S1.);
#4226 = LINE('',#4227,#4228);
#4227 = CARTESIAN_POINT('',(-11.5,-33.,13.7));
#4228 = VECTOR('',#4229,1.);
#4229 = DIRECTION('',(0.,1.,0.));
#4230 = PCURVE('',#4141,#4231);
#4231 = DEFINITIONAL_REPRESENTATION('',(#4232),#4236);
#4232 = LINE('',#4233,#4234);
#4233 = CARTESIAN_POINT('',(0.7,0.));
#4234 = VECTOR('',#4235,1.);
#4235 = DIRECTION('',(0.,-1.));
#4236 = ( GEOMETRIC_REPRESENTATION_CONTEXT(2) 
PARAMETRIC_REPRESENTATION_CONTEXT() REPRESENTATION_CONTEXT('2D SPACE',''
  ) );
#4237 = PCURVE('',#4238,#4243);
#4238 = CYLINDRICAL_SURFACE('',#4239,0.7);
#4239 = AXIS2_PLACEMENT_3D('',#4240,#4241,#4242);
#4240 = CARTESIAN_POINT('',(-10.8,-33.,13.7));
#4241 = DIRECTION('',(0.,1.,0.));
#4242 = DIRECTION('',(-1.,0.,0.));
#4243 = DEFINITIONAL_REPRESENTATION('',(#4244),#4248);
#4244 = LINE('',#4245,#4246);
#4245 = CARTESIAN_POINT('',(6.28318530718,0.));
#4246 = VECTOR('',#4247,1.);
#4247 = DIRECTION('',(-0.,1.));
#4248 = ( GEOMETRIC_REPRESENTATION_CONTEXT(2) 
PARAMETRIC_REPRESENTATION_CONTEXT() REPRESENTATION_CONTEXT('2D SPACE',''
  ) );
#4249 = ORIENTED_EDGE('',*,*,#4250,.T.);
#4250 = EDGE_CURVE('',#4223,#4124,#4251,.T.);
#4251 = SURFACE_CURVE('',#4252,(#4256,#4263),.PCURVE_S1.);
#4252 = LINE('',#4253,#4254);
#4253 = CARTESIAN_POINT('',(-11.5,-28.,9.605317487626));
#4254 = VECTOR('',#4255,1.);
#4255 = DIRECTION('',(0.,0.,1.));
#4256 = PCURVE('',#4141,#4257);
#4257 = DEFINITIONAL_REPRESENTATION('',(#4258),#4262);
#4258 = LINE('',#4259,#4260);
#4259 = CARTESIAN_POINT('',(-3.394682512374,-5.));
#4260 = VECTOR('',#4261,1.);
#4261 = DIRECTION('',(1.,0.));
#4262 = ( GEOMETRIC_REPRESENTATION_CONTEXT(2) 
PARAMETRIC_REPRESENTATION_CONTEXT() REPRESENTATION_CONTEXT('2D SPACE',''
  ) );
#4263 = PCURVE('',#701,#4264);
#4264 = DEFINITIONAL_REPRESENTATION('',(#4265),#4269);
#4265 = LINE('',#4266,#4267);
#4266 = CARTESIAN_POINT('',(-3.394682512373,-13.88141420836));
#4267 = VECTOR('',#4268,1.);
#4268 = DIRECTION('',(-1.,0.));
#4269 = ( GEOMETRIC_REPRESENTATION_CONTEXT(2) 
PARAMETRIC_REPRESENTATION_CONTEXT() REPRESENTATION_CONTEXT('2D SPACE',''
  ) );
#4270 = ORIENTED_EDGE('',*,*,#4123,.T.);
#4271 = ADVANCED_FACE('',(#4272),#4238,.F.);
#4272 = FACE_BOUND('',#4273,.F.);
#4273 = EDGE_LOOP('',(#4274,#4302,#4330,#4356));
#4274 = ORIENTED_EDGE('',*,*,#4275,.F.);
#4275 = EDGE_CURVE('',#4276,#4223,#4278,.T.);
#4276 = VERTEX_POINT('',#4277);
#4277 = CARTESIAN_POINT('',(-10.8,-28.,13.));
#4278 = SURFACE_CURVE('',#4279,(#4284,#4291),.PCURVE_S1.);
#4279 = CIRCLE('',#4280,0.7);
#4280 = AXIS2_PLACEMENT_3D('',#4281,#4282,#4283);
#4281 = CARTESIAN_POINT('',(-10.8,-28.,13.7));
#4282 = DIRECTION('',(0.,1.,0.));
#4283 = DIRECTION('',(-1.,0.,0.));
#4284 = PCURVE('',#4238,#4285);
#4285 = DEFINITIONAL_REPRESENTATION('',(#4286),#4290);
#4286 = LINE('',#4287,#4288);
#4287 = CARTESIAN_POINT('',(-4.138911435803E-13,5.));
#4288 = VECTOR('',#4289,1.);
#4289 = DIRECTION('',(1.,-0.));
#4290 = ( GEOMETRIC_REPRESENTATION_CONTEXT(2) 
PARAMETRIC_REPRESENTATION_CONTEXT() REPRESENTATION_CONTEXT('2D SPACE',''
  ) );
#4291 = PCURVE('',#701,#4292);
#4292 = DEFINITIONAL_REPRESENTATION('',(#4293),#4301);
#4293 = ( BOUNDED_CURVE() B_SPLINE_CURVE(2,(#4294,#4295,#4296,#4297,
#4298,#4299,#4300),.UNSPECIFIED.,.T.,.F.) B_SPLINE_CURVE_WITH_KNOTS((1,2
    ,2,2,2,1),(-2.094395102393,0.,2.094395102393,4.188790204786,
6.28318530718,8.377580409573),.UNSPECIFIED.) CURVE() 
GEOMETRIC_REPRESENTATION_ITEM() RATIONAL_B_SPLINE_CURVE((1.,0.5,1.,0.5,
1.,0.5,1.)) REPRESENTATION_ITEM('') );
#4294 = CARTESIAN_POINT('',(-7.489365024747,-13.88141420836));
#4295 = CARTESIAN_POINT('',(-8.701800590045,-13.88141420836));
#4296 = CARTESIAN_POINT('',(-8.095582807396,-12.83141420836));
#4297 = CARTESIAN_POINT('',(-7.489365024747,-11.78141420836));
#4298 = CARTESIAN_POINT('',(-6.883147242098,-12.83141420836));
#4299 = CARTESIAN_POINT('',(-6.276929459449,-13.88141420836));
#4300 = CARTESIAN_POINT('',(-7.489365024747,-13.88141420836));
#4301 = ( GEOMETRIC_REPRESENTATION_CONTEXT(2) 
PARAMETRIC_REPRESENTATION_CONTEXT() REPRESENTATION_CONTEXT('2D SPACE',''
  ) );
#4302 = ORIENTED_EDGE('',*,*,#4303,.F.);
#4303 = EDGE_CURVE('',#4304,#4276,#4306,.T.);
#4304 = VERTEX_POINT('',#4305);
#4305 = CARTESIAN_POINT('',(-10.8,-30.,13.));
#4306 = SURFACE_CURVE('',#4307,(#4311,#4318),.PCURVE_S1.);
#4307 = LINE('',#4308,#4309);
#4308 = CARTESIAN_POINT('',(-10.8,-33.,13.));
#4309 = VECTOR('',#4310,1.);
#4310 = DIRECTION('',(0.,1.,0.));
#4311 = PCURVE('',#4238,#4312);
#4312 = DEFINITIONAL_REPRESENTATION('',(#4313),#4317);
#4313 = LINE('',#4314,#4315);
#4314 = CARTESIAN_POINT('',(4.712388980385,0.));
#4315 = VECTOR('',#4316,1.);
#4316 = DIRECTION('',(-0.,1.));
#4317 = ( GEOMETRIC_REPRESENTATION_CONTEXT(2) 
PARAMETRIC_REPRESENTATION_CONTEXT() REPRESENTATION_CONTEXT('2D SPACE',''
  ) );
#4318 = PCURVE('',#4319,#4324);
#4319 = PLANE('',#4320);
#4320 = AXIS2_PLACEMENT_3D('',#4321,#4322,#4323);
#4321 = CARTESIAN_POINT('',(-11.5,-33.,13.));
#4322 = DIRECTION('',(0.,0.,1.));
#4323 = DIRECTION('',(1.,0.,-0.));
#4324 = DEFINITIONAL_REPRESENTATION('',(#4325),#4329);
#4325 = LINE('',#4326,#4327);
#4326 = CARTESIAN_POINT('',(0.7,0.));
#4327 = VECTOR('',#4328,1.);
#4328 = DIRECTION('',(0.,1.));
#4329 = ( GEOMETRIC_REPRESENTATION_CONTEXT(2) 
PARAMETRIC_REPRESENTATION_CONTEXT() REPRESENTATION_CONTEXT('2D SPACE',''
  ) );
#4330 = ORIENTED_EDGE('',*,*,#4331,.T.);
#4331 = EDGE_CURVE('',#4304,#4200,#4332,.T.);
#4332 = SURFACE_CURVE('',#4333,(#4338,#4345),.PCURVE_S1.);
#4333 = CIRCLE('',#4334,0.7);
#4334 = AXIS2_PLACEMENT_3D('',#4335,#4336,#4337);
#4335 = CARTESIAN_POINT('',(-10.8,-30.,13.7));
#4336 = DIRECTION('',(0.,1.,0.));
#4337 = DIRECTION('',(-1.,0.,0.));
#4338 = PCURVE('',#4238,#4339);
#4339 = DEFINITIONAL_REPRESENTATION('',(#4340),#4344);
#4340 = LINE('',#4341,#4342);
#4341 = CARTESIAN_POINT('',(-4.138911435803E-13,3.));
#4342 = VECTOR('',#4343,1.);
#4343 = DIRECTION('',(1.,-0.));
#4344 = ( GEOMETRIC_REPRESENTATION_CONTEXT(2) 
PARAMETRIC_REPRESENTATION_CONTEXT() REPRESENTATION_CONTEXT('2D SPACE',''
  ) );
#4345 = PCURVE('',#174,#4346);
#4346 = DEFINITIONAL_REPRESENTATION('',(#4347),#4355);
#4347 = ( BOUNDED_CURVE() B_SPLINE_CURVE(2,(#4348,#4349,#4350,#4351,
#4352,#4353,#4354),.UNSPECIFIED.,.T.,.F.) B_SPLINE_CURVE_WITH_KNOTS((1,2
    ,2,2,2,1),(-2.094395102393,0.,2.094395102393,4.188790204786,
6.28318530718,8.377580409573),.UNSPECIFIED.) CURVE() 
GEOMETRIC_REPRESENTATION_ITEM() RATIONAL_B_SPLINE_CURVE((1.,0.5,1.,0.5,
1.,0.5,1.)) REPRESENTATION_ITEM('') );
#4348 = CARTESIAN_POINT('',(-5.437764806213,-13.85143585676));
#4349 = CARTESIAN_POINT('',(-6.650200371511,-13.85143585676));
#4350 = CARTESIAN_POINT('',(-6.043982588862,-12.80143585676));
#4351 = CARTESIAN_POINT('',(-5.437764806213,-11.75143585676));
#4352 = CARTESIAN_POINT('',(-4.831547023564,-12.80143585676));
#4353 = CARTESIAN_POINT('',(-4.225329240915,-13.85143585676));
#4354 = CARTESIAN_POINT('',(-5.437764806213,-13.85143585676));
#4355 = ( GEOMETRIC_REPRESENTATION_CONTEXT(2) 
PARAMETRIC_REPRESENTATION_CONTEXT() REPRESENTATION_CONTEXT('2D SPACE',''
  ) );
#4356 = ORIENTED_EDGE('',*,*,#4222,.T.);
#4357 = ADVANCED_FACE('',(#4358),#4319,.T.);
#4358 = FACE_BOUND('',#4359,.T.);
#4359 = EDGE_LOOP('',(#4360,#4383,#4384,#4407));
#4360 = ORIENTED_EDGE('',*,*,#4361,.T.);
#4361 = EDGE_CURVE('',#4362,#4276,#4364,.T.);
#4362 = VERTEX_POINT('',#4363);
#4363 = CARTESIAN_POINT('',(-9.2,-28.,13.));
#4364 = SURFACE_CURVE('',#4365,(#4369,#4376),.PCURVE_S1.);
#4365 = LINE('',#4366,#4367);
#4366 = CARTESIAN_POINT('',(-4.55929289582,-28.,13.));
#4367 = VECTOR('',#4368,1.);
#4368 = DIRECTION('',(-1.,0.,0.));
#4369 = PCURVE('',#4319,#4370);
#4370 = DEFINITIONAL_REPRESENTATION('',(#4371),#4375);
#4371 = LINE('',#4372,#4373);
#4372 = CARTESIAN_POINT('',(6.94070710418,5.));
#4373 = VECTOR('',#4374,1.);
#4374 = DIRECTION('',(-1.,0.));
#4375 = ( GEOMETRIC_REPRESENTATION_CONTEXT(2) 
PARAMETRIC_REPRESENTATION_CONTEXT() REPRESENTATION_CONTEXT('2D SPACE',''
  ) );
#4376 = PCURVE('',#701,#4377);
#4377 = DEFINITIONAL_REPRESENTATION('',(#4378),#4382);
#4378 = LINE('',#4379,#4380);
#4379 = CARTESIAN_POINT('',(-6.789365024747,-6.940707104181));
#4380 = VECTOR('',#4381,1.);
#4381 = DIRECTION('',(0.,-1.));
#4382 = ( GEOMETRIC_REPRESENTATION_CONTEXT(2) 
PARAMETRIC_REPRESENTATION_CONTEXT() REPRESENTATION_CONTEXT('2D SPACE',''
  ) );
#4383 = ORIENTED_EDGE('',*,*,#4303,.F.);
#4384 = ORIENTED_EDGE('',*,*,#4385,.F.);
#4385 = EDGE_CURVE('',#4386,#4304,#4388,.T.);
#4386 = VERTEX_POINT('',#4387);
#4387 = CARTESIAN_POINT('',(-9.2,-30.,13.));
#4388 = SURFACE_CURVE('',#4389,(#4393,#4400),.PCURVE_S1.);
#4389 = LINE('',#4390,#4391);
#4390 = CARTESIAN_POINT('',(-4.574282071616,-30.,13.));
#4391 = VECTOR('',#4392,1.);
#4392 = DIRECTION('',(-1.,0.,0.));
#4393 = PCURVE('',#4319,#4394);
#4394 = DEFINITIONAL_REPRESENTATION('',(#4395),#4399);
#4395 = LINE('',#4396,#4397);
#4396 = CARTESIAN_POINT('',(6.925717928384,3.));
#4397 = VECTOR('',#4398,1.);
#4398 = DIRECTION('',(-1.,0.));
#4399 = ( GEOMETRIC_REPRESENTATION_CONTEXT(2) 
PARAMETRIC_REPRESENTATION_CONTEXT() REPRESENTATION_CONTEXT('2D SPACE',''
  ) );
#4400 = PCURVE('',#174,#4401);
#4401 = DEFINITIONAL_REPRESENTATION('',(#4402),#4406);
#4402 = LINE('',#4403,#4404);
#4403 = CARTESIAN_POINT('',(-4.737764806213,-6.925717928384));
#4404 = VECTOR('',#4405,1.);
#4405 = DIRECTION('',(0.,-1.));
#4406 = ( GEOMETRIC_REPRESENTATION_CONTEXT(2) 
PARAMETRIC_REPRESENTATION_CONTEXT() REPRESENTATION_CONTEXT('2D SPACE',''
  ) );
#4407 = ORIENTED_EDGE('',*,*,#4408,.T.);
#4408 = EDGE_CURVE('',#4386,#4362,#4409,.T.);
#4409 = SURFACE_CURVE('',#4410,(#4414,#4421),.PCURVE_S1.);
#4410 = LINE('',#4411,#4412);
#4411 = CARTESIAN_POINT('',(-9.2,-33.,13.));
#4412 = VECTOR('',#4413,1.);
#4413 = DIRECTION('',(0.,1.,0.));
#4414 = PCURVE('',#4319,#4415);
#4415 = DEFINITIONAL_REPRESENTATION('',(#4416),#4420);
#4416 = LINE('',#4417,#4418);
#4417 = CARTESIAN_POINT('',(2.3,0.));
#4418 = VECTOR('',#4419,1.);
#4419 = DIRECTION('',(0.,1.));
#4420 = ( GEOMETRIC_REPRESENTATION_CONTEXT(2) 
PARAMETRIC_REPRESENTATION_CONTEXT() REPRESENTATION_CONTEXT('2D SPACE',''
  ) );
#4421 = PCURVE('',#4422,#4427);
#4422 = CYLINDRICAL_SURFACE('',#4423,0.7);
#4423 = AXIS2_PLACEMENT_3D('',#4424,#4425,#4426);
#4424 = CARTESIAN_POINT('',(-9.2,-33.,13.7));
#4425 = DIRECTION('',(0.,1.,0.));
#4426 = DIRECTION('',(1.,0.,-0.));
#4427 = DEFINITIONAL_REPRESENTATION('',(#4428),#4432);
#4428 = LINE('',#4429,#4430);
#4429 = CARTESIAN_POINT('',(1.570796326795,0.));
#4430 = VECTOR('',#4431,1.);
#4431 = DIRECTION('',(0.,1.));
#4432 = ( GEOMETRIC_REPRESENTATION_CONTEXT(2) 
PARAMETRIC_REPRESENTATION_CONTEXT() REPRESENTATION_CONTEXT('2D SPACE',''
  ) );
#4433 = ADVANCED_FACE('',(#4434),#4422,.F.);
#4434 = FACE_BOUND('',#4435,.F.);
#4435 = EDGE_LOOP('',(#4436,#4466,#4492,#4493));
#4436 = ORIENTED_EDGE('',*,*,#4437,.F.);
#4437 = EDGE_CURVE('',#4438,#4440,#4442,.T.);
#4438 = VERTEX_POINT('',#4439);
#4439 = CARTESIAN_POINT('',(-8.5,-30.,13.7));
#4440 = VERTEX_POINT('',#4441);
#4441 = CARTESIAN_POINT('',(-8.5,-28.,13.7));
#4442 = SURFACE_CURVE('',#4443,(#4447,#4454),.PCURVE_S1.);
#4443 = LINE('',#4444,#4445);
#4444 = CARTESIAN_POINT('',(-8.5,-33.,13.7));
#4445 = VECTOR('',#4446,1.);
#4446 = DIRECTION('',(0.,1.,0.));
#4447 = PCURVE('',#4422,#4448);
#4448 = DEFINITIONAL_REPRESENTATION('',(#4449),#4453);
#4449 = LINE('',#4450,#4451);
#4450 = CARTESIAN_POINT('',(0.,0.));
#4451 = VECTOR('',#4452,1.);
#4452 = DIRECTION('',(0.,1.));
#4453 = ( GEOMETRIC_REPRESENTATION_CONTEXT(2) 
PARAMETRIC_REPRESENTATION_CONTEXT() REPRESENTATION_CONTEXT('2D SPACE',''
  ) );
#4454 = PCURVE('',#4455,#4460);
#4455 = PLANE('',#4456);
#4456 = AXIS2_PLACEMENT_3D('',#4457,#4458,#4459);
#4457 = CARTESIAN_POINT('',(-8.5,-33.,13.));
#4458 = DIRECTION('',(1.,0.,0.));
#4459 = DIRECTION('',(0.,0.,1.));
#4460 = DEFINITIONAL_REPRESENTATION('',(#4461),#4465);
#4461 = LINE('',#4462,#4463);
#4462 = CARTESIAN_POINT('',(0.7,0.));
#4463 = VECTOR('',#4464,1.);
#4464 = DIRECTION('',(0.,-1.));
#4465 = ( GEOMETRIC_REPRESENTATION_CONTEXT(2) 
PARAMETRIC_REPRESENTATION_CONTEXT() REPRESENTATION_CONTEXT('2D SPACE',''
  ) );
#4466 = ORIENTED_EDGE('',*,*,#4467,.T.);
#4467 = EDGE_CURVE('',#4438,#4386,#4468,.T.);
#4468 = SURFACE_CURVE('',#4469,(#4474,#4481),.PCURVE_S1.);
#4469 = CIRCLE('',#4470,0.7);
#4470 = AXIS2_PLACEMENT_3D('',#4471,#4472,#4473);
#4471 = CARTESIAN_POINT('',(-9.2,-30.,13.7));
#4472 = DIRECTION('',(0.,1.,0.));
#4473 = DIRECTION('',(1.,0.,-0.));
#4474 = PCURVE('',#4422,#4475);
#4475 = DEFINITIONAL_REPRESENTATION('',(#4476),#4480);
#4476 = LINE('',#4477,#4478);
#4477 = CARTESIAN_POINT('',(0.,3.));
#4478 = VECTOR('',#4479,1.);
#4479 = DIRECTION('',(1.,0.));
#4480 = ( GEOMETRIC_REPRESENTATION_CONTEXT(2) 
PARAMETRIC_REPRESENTATION_CONTEXT() REPRESENTATION_CONTEXT('2D SPACE',''
  ) );
#4481 = PCURVE('',#174,#4482);
#4482 = DEFINITIONAL_REPRESENTATION('',(#4483),#4491);
#4483 = ( BOUNDED_CURVE() B_SPLINE_CURVE(2,(#4484,#4485,#4486,#4487,
#4488,#4489,#4490),.UNSPECIFIED.,.T.,.F.) B_SPLINE_CURVE_WITH_KNOTS((1,2
    ,2,2,2,1),(-2.094395102393,0.,2.094395102393,4.188790204786,
6.28318530718,8.377580409573),.UNSPECIFIED.) CURVE() 
GEOMETRIC_REPRESENTATION_ITEM() RATIONAL_B_SPLINE_CURVE((1.,0.5,1.,0.5,
1.,0.5,1.)) REPRESENTATION_ITEM('') );
#4484 = CARTESIAN_POINT('',(-5.437764806213,-10.85143585676));
#4485 = CARTESIAN_POINT('',(-4.225329240915,-10.85143585676));
#4486 = CARTESIAN_POINT('',(-4.831547023564,-11.90143585676));
#4487 = CARTESIAN_POINT('',(-5.437764806213,-12.95143585676));
#4488 = CARTESIAN_POINT('',(-6.043982588862,-11.90143585676));
#4489 = CARTESIAN_POINT('',(-6.650200371511,-10.85143585676));
#4490 = CARTESIAN_POINT('',(-5.437764806213,-10.85143585676));
#4491 = ( GEOMETRIC_REPRESENTATION_CONTEXT(2) 
PARAMETRIC_REPRESENTATION_CONTEXT() REPRESENTATION_CONTEXT('2D SPACE',''
  ) );
#4492 = ORIENTED_EDGE('',*,*,#4408,.T.);
#4493 = ORIENTED_EDGE('',*,*,#4494,.F.);
#4494 = EDGE_CURVE('',#4440,#4362,#4495,.T.);
#4495 = SURFACE_CURVE('',#4496,(#4501,#4508),.PCURVE_S1.);
#4496 = CIRCLE('',#4497,0.7);
#4497 = AXIS2_PLACEMENT_3D('',#4498,#4499,#4500);
#4498 = CARTESIAN_POINT('',(-9.2,-28.,13.7));
#4499 = DIRECTION('',(0.,1.,0.));
#4500 = DIRECTION('',(1.,0.,-0.));
#4501 = PCURVE('',#4422,#4502);
#4502 = DEFINITIONAL_REPRESENTATION('',(#4503),#4507);
#4503 = LINE('',#4504,#4505);
#4504 = CARTESIAN_POINT('',(0.,5.));
#4505 = VECTOR('',#4506,1.);
#4506 = DIRECTION('',(1.,0.));
#4507 = ( GEOMETRIC_REPRESENTATION_CONTEXT(2) 
PARAMETRIC_REPRESENTATION_CONTEXT() REPRESENTATION_CONTEXT('2D SPACE',''
  ) );
#4508 = PCURVE('',#701,#4509);
#4509 = DEFINITIONAL_REPRESENTATION('',(#4510),#4518);
#4510 = ( BOUNDED_CURVE() B_SPLINE_CURVE(2,(#4511,#4512,#4513,#4514,
#4515,#4516,#4517),.UNSPECIFIED.,.T.,.F.) B_SPLINE_CURVE_WITH_KNOTS((1,2
    ,2,2,2,1),(-2.094395102393,0.,2.094395102393,4.188790204786,
6.28318530718,8.377580409573),.UNSPECIFIED.) CURVE() 
GEOMETRIC_REPRESENTATION_ITEM() RATIONAL_B_SPLINE_CURVE((1.,0.5,1.,0.5,
1.,0.5,1.)) REPRESENTATION_ITEM('') );
#4511 = CARTESIAN_POINT('',(-7.489365024747,-10.88141420836));
#4512 = CARTESIAN_POINT('',(-6.276929459449,-10.88141420836));
#4513 = CARTESIAN_POINT('',(-6.883147242098,-11.93141420836));
#4514 = CARTESIAN_POINT('',(-7.489365024747,-12.98141420836));
#4515 = CARTESIAN_POINT('',(-8.095582807396,-11.93141420836));
#4516 = CARTESIAN_POINT('',(-8.701800590045,-10.88141420836));
#4517 = CARTESIAN_POINT('',(-7.489365024747,-10.88141420836));
#4518 = ( GEOMETRIC_REPRESENTATION_CONTEXT(2) 
PARAMETRIC_REPRESENTATION_CONTEXT() REPRESENTATION_CONTEXT('2D SPACE',''
  ) );
#4519 = ADVANCED_FACE('',(#4520),#4455,.F.);
#4520 = FACE_BOUND('',#4521,.F.);
#4521 = EDGE_LOOP('',(#4522,#4545,#4546,#4569));
#4522 = ORIENTED_EDGE('',*,*,#4523,.F.);
#4523 = EDGE_CURVE('',#4438,#4524,#4526,.T.);
#4524 = VERTEX_POINT('',#4525);
#4525 = CARTESIAN_POINT('',(-8.5,-30.,15.));
#4526 = SURFACE_CURVE('',#4527,(#4531,#4538),.PCURVE_S1.);
#4527 = LINE('',#4528,#4529);
#4528 = CARTESIAN_POINT('',(-8.5,-30.,10.631117596894));
#4529 = VECTOR('',#4530,1.);
#4530 = DIRECTION('',(0.,0.,1.));
#4531 = PCURVE('',#4455,#4532);
#4532 = DEFINITIONAL_REPRESENTATION('',(#4533),#4537);
#4533 = LINE('',#4534,#4535);
#4534 = CARTESIAN_POINT('',(-2.368882403106,-3.));
#4535 = VECTOR('',#4536,1.);
#4536 = DIRECTION('',(1.,0.));
#4537 = ( GEOMETRIC_REPRESENTATION_CONTEXT(2) 
PARAMETRIC_REPRESENTATION_CONTEXT() REPRESENTATION_CONTEXT('2D SPACE',''
  ) );
#4538 = PCURVE('',#174,#4539);
#4539 = DEFINITIONAL_REPRESENTATION('',(#4540),#4544);
#4540 = LINE('',#4541,#4542);
#4541 = CARTESIAN_POINT('',(-2.368882403107,-10.85143585676));
#4542 = VECTOR('',#4543,1.);
#4543 = DIRECTION('',(-1.,0.));
#4544 = ( GEOMETRIC_REPRESENTATION_CONTEXT(2) 
PARAMETRIC_REPRESENTATION_CONTEXT() REPRESENTATION_CONTEXT('2D SPACE',''
  ) );
#4545 = ORIENTED_EDGE('',*,*,#4437,.T.);
#4546 = ORIENTED_EDGE('',*,*,#4547,.T.);
#4547 = EDGE_CURVE('',#4440,#4548,#4550,.T.);
#4548 = VERTEX_POINT('',#4549);
#4549 = CARTESIAN_POINT('',(-8.5,-28.,15.));
#4550 = SURFACE_CURVE('',#4551,(#4555,#4562),.PCURVE_S1.);
#4551 = LINE('',#4552,#4553);
#4552 = CARTESIAN_POINT('',(-8.5,-28.,9.605317487626));
#4553 = VECTOR('',#4554,1.);
#4554 = DIRECTION('',(0.,0.,1.));
#4555 = PCURVE('',#4455,#4556);
#4556 = DEFINITIONAL_REPRESENTATION('',(#4557),#4561);
#4557 = LINE('',#4558,#4559);
#4558 = CARTESIAN_POINT('',(-3.394682512374,-5.));
#4559 = VECTOR('',#4560,1.);
#4560 = DIRECTION('',(1.,0.));
#4561 = ( GEOMETRIC_REPRESENTATION_CONTEXT(2) 
PARAMETRIC_REPRESENTATION_CONTEXT() REPRESENTATION_CONTEXT('2D SPACE',''
  ) );
#4562 = PCURVE('',#701,#4563);
#4563 = DEFINITIONAL_REPRESENTATION('',(#4564),#4568);
#4564 = LINE('',#4565,#4566);
#4565 = CARTESIAN_POINT('',(-3.394682512373,-10.88141420836));
#4566 = VECTOR('',#4567,1.);
#4567 = DIRECTION('',(-1.,0.));
#4568 = ( GEOMETRIC_REPRESENTATION_CONTEXT(2) 
PARAMETRIC_REPRESENTATION_CONTEXT() REPRESENTATION_CONTEXT('2D SPACE',''
  ) );
#4569 = ORIENTED_EDGE('',*,*,#4570,.T.);
#4570 = EDGE_CURVE('',#4548,#4524,#4571,.T.);
#4571 = SURFACE_CURVE('',#4572,(#4576,#4583),.PCURVE_S1.);
#4572 = LINE('',#4573,#4574);
#4573 = CARTESIAN_POINT('',(-8.5,-32.5,15.));
#4574 = VECTOR('',#4575,1.);
#4575 = DIRECTION('',(0.,-1.,0.));
#4576 = PCURVE('',#4455,#4577);
#4577 = DEFINITIONAL_REPRESENTATION('',(#4578),#4582);
#4578 = LINE('',#4579,#4580);
#4579 = CARTESIAN_POINT('',(2.,-0.5));
#4580 = VECTOR('',#4581,1.);
#4581 = DIRECTION('',(0.,1.));
#4582 = ( GEOMETRIC_REPRESENTATION_CONTEXT(2) 
PARAMETRIC_REPRESENTATION_CONTEXT() REPRESENTATION_CONTEXT('2D SPACE',''
  ) );
#4583 = PCURVE('',#4584,#4589);
#4584 = PLANE('',#4585);
#4585 = AXIS2_PLACEMENT_3D('',#4586,#4587,#4588);
#4586 = CARTESIAN_POINT('',(-31.5,-32.,15.));
#4587 = DIRECTION('',(0.,0.,1.));
#4588 = DIRECTION('',(1.,0.,-0.));
#4589 = DEFINITIONAL_REPRESENTATION('',(#4590),#4594);
#4590 = LINE('',#4591,#4592);
#4591 = CARTESIAN_POINT('',(23.,-0.5));
#4592 = VECTOR('',#4593,1.);
#4593 = DIRECTION('',(0.,-1.));
#4594 = ( GEOMETRIC_REPRESENTATION_CONTEXT(2) 
PARAMETRIC_REPRESENTATION_CONTEXT() REPRESENTATION_CONTEXT('2D SPACE',''
  ) );
#4595 = ADVANCED_FACE('',(#4596),#4584,.T.);
#4596 = FACE_BOUND('',#4597,.T.);
#4597 = EDGE_LOOP('',(#4598,#4628,#4649,#4650));
#4598 = ORIENTED_EDGE('',*,*,#4599,.F.);
#4599 = EDGE_CURVE('',#4600,#4602,#4604,.T.);
#4600 = VERTEX_POINT('',#4601);
#4601 = CARTESIAN_POINT('',(-2.5,-28.,15.));
#4602 = VERTEX_POINT('',#4603);
#4603 = CARTESIAN_POINT('',(-2.5,-30.,15.));
#4604 = SURFACE_CURVE('',#4605,(#4609,#4616),.PCURVE_S1.);
#4605 = LINE('',#4606,#4607);
#4606 = CARTESIAN_POINT('',(-2.5,-32.5,15.));
#4607 = VECTOR('',#4608,1.);
#4608 = DIRECTION('',(0.,-1.,0.));
#4609 = PCURVE('',#4584,#4610);
#4610 = DEFINITIONAL_REPRESENTATION('',(#4611),#4615);
#4611 = LINE('',#4612,#4613);
#4612 = CARTESIAN_POINT('',(29.,-0.5));
#4613 = VECTOR('',#4614,1.);
#4614 = DIRECTION('',(0.,-1.));
#4615 = ( GEOMETRIC_REPRESENTATION_CONTEXT(2) 
PARAMETRIC_REPRESENTATION_CONTEXT() REPRESENTATION_CONTEXT('2D SPACE',''
  ) );
#4616 = PCURVE('',#4617,#4622);
#4617 = PLANE('',#4618);
#4618 = AXIS2_PLACEMENT_3D('',#4619,#4620,#4621);
#4619 = CARTESIAN_POINT('',(-2.5,-33.,13.));
#4620 = DIRECTION('',(1.,0.,0.));
#4621 = DIRECTION('',(0.,0.,1.));
#4622 = DEFINITIONAL_REPRESENTATION('',(#4623),#4627);
#4623 = LINE('',#4624,#4625);
#4624 = CARTESIAN_POINT('',(2.,-0.5));
#4625 = VECTOR('',#4626,1.);
#4626 = DIRECTION('',(0.,1.));
#4627 = ( GEOMETRIC_REPRESENTATION_CONTEXT(2) 
PARAMETRIC_REPRESENTATION_CONTEXT() REPRESENTATION_CONTEXT('2D SPACE',''
  ) );
#4628 = ORIENTED_EDGE('',*,*,#4629,.T.);
#4629 = EDGE_CURVE('',#4600,#4548,#4630,.T.);
#4630 = SURFACE_CURVE('',#4631,(#4635,#4642),.PCURVE_S1.);
#4631 = LINE('',#4632,#4633);
#4632 = CARTESIAN_POINT('',(-14.55929289581,-28.,15.));
#4633 = VECTOR('',#4634,1.);
#4634 = DIRECTION('',(-1.,0.,0.));
#4635 = PCURVE('',#4584,#4636);
#4636 = DEFINITIONAL_REPRESENTATION('',(#4637),#4641);
#4637 = LINE('',#4638,#4639);
#4638 = CARTESIAN_POINT('',(16.94070710419,4.));
#4639 = VECTOR('',#4640,1.);
#4640 = DIRECTION('',(-1.,0.));
#4641 = ( GEOMETRIC_REPRESENTATION_CONTEXT(2) 
PARAMETRIC_REPRESENTATION_CONTEXT() REPRESENTATION_CONTEXT('2D SPACE',''
  ) );
#4642 = PCURVE('',#701,#4643);
#4643 = DEFINITIONAL_REPRESENTATION('',(#4644),#4648);
#4644 = LINE('',#4645,#4646);
#4645 = CARTESIAN_POINT('',(-8.789365024747,-16.94070710417));
#4646 = VECTOR('',#4647,1.);
#4647 = DIRECTION('',(0.,-1.));
#4648 = ( GEOMETRIC_REPRESENTATION_CONTEXT(2) 
PARAMETRIC_REPRESENTATION_CONTEXT() REPRESENTATION_CONTEXT('2D SPACE',''
  ) );
#4649 = ORIENTED_EDGE('',*,*,#4570,.T.);
#4650 = ORIENTED_EDGE('',*,*,#4651,.F.);
#4651 = EDGE_CURVE('',#4602,#4524,#4652,.T.);
#4652 = SURFACE_CURVE('',#4653,(#4657,#4664),.PCURVE_S1.);
#4653 = LINE('',#4654,#4655);
#4654 = CARTESIAN_POINT('',(-14.57428207161,-30.,15.));
#4655 = VECTOR('',#4656,1.);
#4656 = DIRECTION('',(-1.,0.,0.));
#4657 = PCURVE('',#4584,#4658);
#4658 = DEFINITIONAL_REPRESENTATION('',(#4659),#4663);
#4659 = LINE('',#4660,#4661);
#4660 = CARTESIAN_POINT('',(16.92571792839,2.));
#4661 = VECTOR('',#4662,1.);
#4662 = DIRECTION('',(-1.,0.));
#4663 = ( GEOMETRIC_REPRESENTATION_CONTEXT(2) 
PARAMETRIC_REPRESENTATION_CONTEXT() REPRESENTATION_CONTEXT('2D SPACE',''
  ) );
#4664 = PCURVE('',#174,#4665);
#4665 = DEFINITIONAL_REPRESENTATION('',(#4666),#4670);
#4666 = LINE('',#4667,#4668);
#4667 = CARTESIAN_POINT('',(-6.737764806213,-16.92571792837));
#4668 = VECTOR('',#4669,1.);
#4669 = DIRECTION('',(0.,-1.));
#4670 = ( GEOMETRIC_REPRESENTATION_CONTEXT(2) 
PARAMETRIC_REPRESENTATION_CONTEXT() REPRESENTATION_CONTEXT('2D SPACE',''
  ) );
#4671 = ADVANCED_FACE('',(#4672),#4617,.T.);
#4672 = FACE_BOUND('',#4673,.T.);
#4673 = EDGE_LOOP('',(#4674,#4697,#4725,#4746));
#4674 = ORIENTED_EDGE('',*,*,#4675,.F.);
#4675 = EDGE_CURVE('',#4676,#4602,#4678,.T.);
#4676 = VERTEX_POINT('',#4677);
#4677 = CARTESIAN_POINT('',(-2.5,-30.,13.7));
#4678 = SURFACE_CURVE('',#4679,(#4683,#4690),.PCURVE_S1.);
#4679 = LINE('',#4680,#4681);
#4680 = CARTESIAN_POINT('',(-2.5,-30.,10.631117596894));
#4681 = VECTOR('',#4682,1.);
#4682 = DIRECTION('',(0.,0.,1.));
#4683 = PCURVE('',#4617,#4684);
#4684 = DEFINITIONAL_REPRESENTATION('',(#4685),#4689);
#4685 = LINE('',#4686,#4687);
#4686 = CARTESIAN_POINT('',(-2.368882403106,-3.));
#4687 = VECTOR('',#4688,1.);
#4688 = DIRECTION('',(1.,0.));
#4689 = ( GEOMETRIC_REPRESENTATION_CONTEXT(2) 
PARAMETRIC_REPRESENTATION_CONTEXT() REPRESENTATION_CONTEXT('2D SPACE',''
  ) );
#4690 = PCURVE('',#174,#4691);
#4691 = DEFINITIONAL_REPRESENTATION('',(#4692),#4696);
#4692 = LINE('',#4693,#4694);
#4693 = CARTESIAN_POINT('',(-2.368882403107,-4.851435856768));
#4694 = VECTOR('',#4695,1.);
#4695 = DIRECTION('',(-1.,0.));
#4696 = ( GEOMETRIC_REPRESENTATION_CONTEXT(2) 
PARAMETRIC_REPRESENTATION_CONTEXT() REPRESENTATION_CONTEXT('2D SPACE',''
  ) );
#4697 = ORIENTED_EDGE('',*,*,#4698,.T.);
#4698 = EDGE_CURVE('',#4676,#4699,#4701,.T.);
#4699 = VERTEX_POINT('',#4700);
#4700 = CARTESIAN_POINT('',(-2.5,-28.,13.7));
#4701 = SURFACE_CURVE('',#4702,(#4706,#4713),.PCURVE_S1.);
#4702 = LINE('',#4703,#4704);
#4703 = CARTESIAN_POINT('',(-2.5,-33.,13.7));
#4704 = VECTOR('',#4705,1.);
#4705 = DIRECTION('',(0.,1.,0.));
#4706 = PCURVE('',#4617,#4707);
#4707 = DEFINITIONAL_REPRESENTATION('',(#4708),#4712);
#4708 = LINE('',#4709,#4710);
#4709 = CARTESIAN_POINT('',(0.7,0.));
#4710 = VECTOR('',#4711,1.);
#4711 = DIRECTION('',(0.,-1.));
#4712 = ( GEOMETRIC_REPRESENTATION_CONTEXT(2) 
PARAMETRIC_REPRESENTATION_CONTEXT() REPRESENTATION_CONTEXT('2D SPACE',''
  ) );
#4713 = PCURVE('',#4714,#4719);
#4714 = CYLINDRICAL_SURFACE('',#4715,0.7);
#4715 = AXIS2_PLACEMENT_3D('',#4716,#4717,#4718);
#4716 = CARTESIAN_POINT('',(-1.8,-33.,13.7));
#4717 = DIRECTION('',(0.,1.,0.));
#4718 = DIRECTION('',(-1.,0.,0.));
#4719 = DEFINITIONAL_REPRESENTATION('',(#4720),#4724);
#4720 = LINE('',#4721,#4722);
#4721 = CARTESIAN_POINT('',(6.28318530718,0.));
#4722 = VECTOR('',#4723,1.);
#4723 = DIRECTION('',(-0.,1.));
#4724 = ( GEOMETRIC_REPRESENTATION_CONTEXT(2) 
PARAMETRIC_REPRESENTATION_CONTEXT() REPRESENTATION_CONTEXT('2D SPACE',''
  ) );
#4725 = ORIENTED_EDGE('',*,*,#4726,.T.);
#4726 = EDGE_CURVE('',#4699,#4600,#4727,.T.);
#4727 = SURFACE_CURVE('',#4728,(#4732,#4739),.PCURVE_S1.);
#4728 = LINE('',#4729,#4730);
#4729 = CARTESIAN_POINT('',(-2.5,-28.,9.605317487626));
#4730 = VECTOR('',#4731,1.);
#4731 = DIRECTION('',(0.,0.,1.));
#4732 = PCURVE('',#4617,#4733);
#4733 = DEFINITIONAL_REPRESENTATION('',(#4734),#4738);
#4734 = LINE('',#4735,#4736);
#4735 = CARTESIAN_POINT('',(-3.394682512374,-5.));
#4736 = VECTOR('',#4737,1.);
#4737 = DIRECTION('',(1.,0.));
#4738 = ( GEOMETRIC_REPRESENTATION_CONTEXT(2) 
PARAMETRIC_REPRESENTATION_CONTEXT() REPRESENTATION_CONTEXT('2D SPACE',''
  ) );
#4739 = PCURVE('',#701,#4740);
#4740 = DEFINITIONAL_REPRESENTATION('',(#4741),#4745);
#4741 = LINE('',#4742,#4743);
#4742 = CARTESIAN_POINT('',(-3.394682512373,-4.881414208361));
#4743 = VECTOR('',#4744,1.);
#4744 = DIRECTION('',(-1.,0.));
#4745 = ( GEOMETRIC_REPRESENTATION_CONTEXT(2) 
PARAMETRIC_REPRESENTATION_CONTEXT() REPRESENTATION_CONTEXT('2D SPACE',''
  ) );
#4746 = ORIENTED_EDGE('',*,*,#4599,.T.);
#4747 = ADVANCED_FACE('',(#4748),#4714,.F.);
#4748 = FACE_BOUND('',#4749,.F.);
#4749 = EDGE_LOOP('',(#4750,#4778,#4806,#4832));
#4750 = ORIENTED_EDGE('',*,*,#4751,.F.);
#4751 = EDGE_CURVE('',#4752,#4699,#4754,.T.);
#4752 = VERTEX_POINT('',#4753);
#4753 = CARTESIAN_POINT('',(-1.8,-28.,13.));
#4754 = SURFACE_CURVE('',#4755,(#4760,#4767),.PCURVE_S1.);
#4755 = CIRCLE('',#4756,0.7);
#4756 = AXIS2_PLACEMENT_3D('',#4757,#4758,#4759);
#4757 = CARTESIAN_POINT('',(-1.8,-28.,13.7));
#4758 = DIRECTION('',(0.,1.,0.));
#4759 = DIRECTION('',(-1.,0.,0.));
#4760 = PCURVE('',#4714,#4761);
#4761 = DEFINITIONAL_REPRESENTATION('',(#4762),#4766);
#4762 = LINE('',#4763,#4764);
#4763 = CARTESIAN_POINT('',(-4.138911435803E-13,5.));
#4764 = VECTOR('',#4765,1.);
#4765 = DIRECTION('',(1.,-0.));
#4766 = ( GEOMETRIC_REPRESENTATION_CONTEXT(2) 
PARAMETRIC_REPRESENTATION_CONTEXT() REPRESENTATION_CONTEXT('2D SPACE',''
  ) );
#4767 = PCURVE('',#701,#4768);
#4768 = DEFINITIONAL_REPRESENTATION('',(#4769),#4777);
#4769 = ( BOUNDED_CURVE() B_SPLINE_CURVE(2,(#4770,#4771,#4772,#4773,
#4774,#4775,#4776),.UNSPECIFIED.,.T.,.F.) B_SPLINE_CURVE_WITH_KNOTS((1,2
    ,2,2,2,1),(-2.094395102393,0.,2.094395102393,4.188790204786,
6.28318530718,8.377580409573),.UNSPECIFIED.) CURVE() 
GEOMETRIC_REPRESENTATION_ITEM() RATIONAL_B_SPLINE_CURVE((1.,0.5,1.,0.5,
1.,0.5,1.)) REPRESENTATION_ITEM('') );
#4770 = CARTESIAN_POINT('',(-7.489365024747,-4.881414208361));
#4771 = CARTESIAN_POINT('',(-8.701800590045,-4.881414208361));
#4772 = CARTESIAN_POINT('',(-8.095582807396,-3.831414208361));
#4773 = CARTESIAN_POINT('',(-7.489365024747,-2.781414208361));
#4774 = CARTESIAN_POINT('',(-6.883147242098,-3.831414208361));
#4775 = CARTESIAN_POINT('',(-6.276929459449,-4.881414208361));
#4776 = CARTESIAN_POINT('',(-7.489365024747,-4.881414208361));
#4777 = ( GEOMETRIC_REPRESENTATION_CONTEXT(2) 
PARAMETRIC_REPRESENTATION_CONTEXT() REPRESENTATION_CONTEXT('2D SPACE',''
  ) );
#4778 = ORIENTED_EDGE('',*,*,#4779,.F.);
#4779 = EDGE_CURVE('',#4780,#4752,#4782,.T.);
#4780 = VERTEX_POINT('',#4781);
#4781 = CARTESIAN_POINT('',(-1.8,-30.,13.));
#4782 = SURFACE_CURVE('',#4783,(#4787,#4794),.PCURVE_S1.);
#4783 = LINE('',#4784,#4785);
#4784 = CARTESIAN_POINT('',(-1.8,-33.,13.));
#4785 = VECTOR('',#4786,1.);
#4786 = DIRECTION('',(0.,1.,0.));
#4787 = PCURVE('',#4714,#4788);
#4788 = DEFINITIONAL_REPRESENTATION('',(#4789),#4793);
#4789 = LINE('',#4790,#4791);
#4790 = CARTESIAN_POINT('',(4.712388980385,0.));
#4791 = VECTOR('',#4792,1.);
#4792 = DIRECTION('',(-0.,1.));
#4793 = ( GEOMETRIC_REPRESENTATION_CONTEXT(2) 
PARAMETRIC_REPRESENTATION_CONTEXT() REPRESENTATION_CONTEXT('2D SPACE',''
  ) );
#4794 = PCURVE('',#4795,#4800);
#4795 = PLANE('',#4796);
#4796 = AXIS2_PLACEMENT_3D('',#4797,#4798,#4799);
#4797 = CARTESIAN_POINT('',(-2.5,-33.,13.));
#4798 = DIRECTION('',(0.,0.,1.));
#4799 = DIRECTION('',(1.,0.,-0.));
#4800 = DEFINITIONAL_REPRESENTATION('',(#4801),#4805);
#4801 = LINE('',#4802,#4803);
#4802 = CARTESIAN_POINT('',(0.7,0.));
#4803 = VECTOR('',#4804,1.);
#4804 = DIRECTION('',(0.,1.));
#4805 = ( GEOMETRIC_REPRESENTATION_CONTEXT(2) 
PARAMETRIC_REPRESENTATION_CONTEXT() REPRESENTATION_CONTEXT('2D SPACE',''
  ) );
#4806 = ORIENTED_EDGE('',*,*,#4807,.T.);
#4807 = EDGE_CURVE('',#4780,#4676,#4808,.T.);
#4808 = SURFACE_CURVE('',#4809,(#4814,#4821),.PCURVE_S1.);
#4809 = CIRCLE('',#4810,0.7);
#4810 = AXIS2_PLACEMENT_3D('',#4811,#4812,#4813);
#4811 = CARTESIAN_POINT('',(-1.8,-30.,13.7));
#4812 = DIRECTION('',(0.,1.,0.));
#4813 = DIRECTION('',(-1.,0.,0.));
#4814 = PCURVE('',#4714,#4815);
#4815 = DEFINITIONAL_REPRESENTATION('',(#4816),#4820);
#4816 = LINE('',#4817,#4818);
#4817 = CARTESIAN_POINT('',(-4.138911435803E-13,3.));
#4818 = VECTOR('',#4819,1.);
#4819 = DIRECTION('',(1.,-0.));
#4820 = ( GEOMETRIC_REPRESENTATION_CONTEXT(2) 
PARAMETRIC_REPRESENTATION_CONTEXT() REPRESENTATION_CONTEXT('2D SPACE',''
  ) );
#4821 = PCURVE('',#174,#4822);
#4822 = DEFINITIONAL_REPRESENTATION('',(#4823),#4831);
#4823 = ( BOUNDED_CURVE() B_SPLINE_CURVE(2,(#4824,#4825,#4826,#4827,
#4828,#4829,#4830),.UNSPECIFIED.,.T.,.F.) B_SPLINE_CURVE_WITH_KNOTS((1,2
    ,2,2,2,1),(-2.094395102393,0.,2.094395102393,4.188790204786,
6.28318530718,8.377580409573),.UNSPECIFIED.) CURVE() 
GEOMETRIC_REPRESENTATION_ITEM() RATIONAL_B_SPLINE_CURVE((1.,0.5,1.,0.5,
1.,0.5,1.)) REPRESENTATION_ITEM('') );
#4824 = CARTESIAN_POINT('',(-5.437764806213,-4.851435856768));
#4825 = CARTESIAN_POINT('',(-6.650200371511,-4.851435856768));
#4826 = CARTESIAN_POINT('',(-6.043982588862,-3.801435856768));
#4827 = CARTESIAN_POINT('',(-5.437764806213,-2.751435856768));
#4828 = CARTESIAN_POINT('',(-4.831547023564,-3.801435856768));
#4829 = CARTESIAN_POINT('',(-4.225329240915,-4.851435856768));
#4830 = CARTESIAN_POINT('',(-5.437764806213,-4.851435856768));
#4831 = ( GEOMETRIC_REPRESENTATION_CONTEXT(2) 
PARAMETRIC_REPRESENTATION_CONTEXT() REPRESENTATION_CONTEXT('2D SPACE',''
  ) );
#4832 = ORIENTED_EDGE('',*,*,#4698,.T.);
#4833 = ADVANCED_FACE('',(#4834),#4795,.T.);
#4834 = FACE_BOUND('',#4835,.T.);
#4835 = EDGE_LOOP('',(#4836,#4859,#4860,#4883));
#4836 = ORIENTED_EDGE('',*,*,#4837,.T.);
#4837 = EDGE_CURVE('',#4838,#4752,#4840,.T.);
#4838 = VERTEX_POINT('',#4839);
#4839 = CARTESIAN_POINT('',(-0.2,-28.,13.));
#4840 = SURFACE_CURVE('',#4841,(#4845,#4852),.PCURVE_S1.);
#4841 = LINE('',#4842,#4843);
#4842 = CARTESIAN_POINT('',(-5.929289581953E-02,-28.,13.));
#4843 = VECTOR('',#4844,1.);
#4844 = DIRECTION('',(-1.,0.,0.));
#4845 = PCURVE('',#4795,#4846);
#4846 = DEFINITIONAL_REPRESENTATION('',(#4847),#4851);
#4847 = LINE('',#4848,#4849);
#4848 = CARTESIAN_POINT('',(2.44070710418,5.));
#4849 = VECTOR('',#4850,1.);
#4850 = DIRECTION('',(-1.,0.));
#4851 = ( GEOMETRIC_REPRESENTATION_CONTEXT(2) 
PARAMETRIC_REPRESENTATION_CONTEXT() REPRESENTATION_CONTEXT('2D SPACE',''
  ) );
#4852 = PCURVE('',#701,#4853);
#4853 = DEFINITIONAL_REPRESENTATION('',(#4854),#4858);
#4854 = LINE('',#4855,#4856);
#4855 = CARTESIAN_POINT('',(-6.789365024747,-2.440707104181));
#4856 = VECTOR('',#4857,1.);
#4857 = DIRECTION('',(0.,-1.));
#4858 = ( GEOMETRIC_REPRESENTATION_CONTEXT(2) 
PARAMETRIC_REPRESENTATION_CONTEXT() REPRESENTATION_CONTEXT('2D SPACE',''
  ) );
#4859 = ORIENTED_EDGE('',*,*,#4779,.F.);
#4860 = ORIENTED_EDGE('',*,*,#4861,.F.);
#4861 = EDGE_CURVE('',#4862,#4780,#4864,.T.);
#4862 = VERTEX_POINT('',#4863);
#4863 = CARTESIAN_POINT('',(-0.2,-30.,13.));
#4864 = SURFACE_CURVE('',#4865,(#4869,#4876),.PCURVE_S1.);
#4865 = LINE('',#4866,#4867);
#4866 = CARTESIAN_POINT('',(-7.428207161589E-02,-30.,13.));
#4867 = VECTOR('',#4868,1.);
#4868 = DIRECTION('',(-1.,0.,0.));
#4869 = PCURVE('',#4795,#4870);
#4870 = DEFINITIONAL_REPRESENTATION('',(#4871),#4875);
#4871 = LINE('',#4872,#4873);
#4872 = CARTESIAN_POINT('',(2.425717928384,3.));
#4873 = VECTOR('',#4874,1.);
#4874 = DIRECTION('',(-1.,0.));
#4875 = ( GEOMETRIC_REPRESENTATION_CONTEXT(2) 
PARAMETRIC_REPRESENTATION_CONTEXT() REPRESENTATION_CONTEXT('2D SPACE',''
  ) );
#4876 = PCURVE('',#174,#4877);
#4877 = DEFINITIONAL_REPRESENTATION('',(#4878),#4882);
#4878 = LINE('',#4879,#4880);
#4879 = CARTESIAN_POINT('',(-4.737764806213,-2.425717928384));
#4880 = VECTOR('',#4881,1.);
#4881 = DIRECTION('',(0.,-1.));
#4882 = ( GEOMETRIC_REPRESENTATION_CONTEXT(2) 
PARAMETRIC_REPRESENTATION_CONTEXT() REPRESENTATION_CONTEXT('2D SPACE',''
  ) );
#4883 = ORIENTED_EDGE('',*,*,#4884,.T.);
#4884 = EDGE_CURVE('',#4862,#4838,#4885,.T.);
#4885 = SURFACE_CURVE('',#4886,(#4890,#4897),.PCURVE_S1.);
#4886 = LINE('',#4887,#4888);
#4887 = CARTESIAN_POINT('',(-0.2,-33.,13.));
#4888 = VECTOR('',#4889,1.);
#4889 = DIRECTION('',(0.,1.,0.));
#4890 = PCURVE('',#4795,#4891);
#4891 = DEFINITIONAL_REPRESENTATION('',(#4892),#4896);
#4892 = LINE('',#4893,#4894);
#4893 = CARTESIAN_POINT('',(2.3,0.));
#4894 = VECTOR('',#4895,1.);
#4895 = DIRECTION('',(0.,1.));
#4896 = ( GEOMETRIC_REPRESENTATION_CONTEXT(2) 
PARAMETRIC_REPRESENTATION_CONTEXT() REPRESENTATION_CONTEXT('2D SPACE',''
  ) );
#4897 = PCURVE('',#4898,#4903);
#4898 = CYLINDRICAL_SURFACE('',#4899,0.7);
#4899 = AXIS2_PLACEMENT_3D('',#4900,#4901,#4902);
#4900 = CARTESIAN_POINT('',(-0.2,-33.,13.7));
#4901 = DIRECTION('',(0.,1.,0.));
#4902 = DIRECTION('',(1.,0.,-0.));
#4903 = DEFINITIONAL_REPRESENTATION('',(#4904),#4908);
#4904 = LINE('',#4905,#4906);
#4905 = CARTESIAN_POINT('',(1.570796326795,0.));
#4906 = VECTOR('',#4907,1.);
#4907 = DIRECTION('',(0.,1.));
#4908 = ( GEOMETRIC_REPRESENTATION_CONTEXT(2) 
PARAMETRIC_REPRESENTATION_CONTEXT() REPRESENTATION_CONTEXT('2D SPACE',''
  ) );
#4909 = ADVANCED_FACE('',(#4910),#4898,.F.);
#4910 = FACE_BOUND('',#4911,.F.);
#4911 = EDGE_LOOP('',(#4912,#4942,#4968,#4969));
#4912 = ORIENTED_EDGE('',*,*,#4913,.F.);
#4913 = EDGE_CURVE('',#4914,#4916,#4918,.T.);
#4914 = VERTEX_POINT('',#4915);
#4915 = CARTESIAN_POINT('',(0.5,-30.,13.7));
#4916 = VERTEX_POINT('',#4917);
#4917 = CARTESIAN_POINT('',(0.5,-28.,13.7));
#4918 = SURFACE_CURVE('',#4919,(#4923,#4930),.PCURVE_S1.);
#4919 = LINE('',#4920,#4921);
#4920 = CARTESIAN_POINT('',(0.5,-33.,13.7));
#4921 = VECTOR('',#4922,1.);
#4922 = DIRECTION('',(0.,1.,0.));
#4923 = PCURVE('',#4898,#4924);
#4924 = DEFINITIONAL_REPRESENTATION('',(#4925),#4929);
#4925 = LINE('',#4926,#4927);
#4926 = CARTESIAN_POINT('',(0.,0.));
#4927 = VECTOR('',#4928,1.);
#4928 = DIRECTION('',(0.,1.));
#4929 = ( GEOMETRIC_REPRESENTATION_CONTEXT(2) 
PARAMETRIC_REPRESENTATION_CONTEXT() REPRESENTATION_CONTEXT('2D SPACE',''
  ) );
#4930 = PCURVE('',#4931,#4936);
#4931 = PLANE('',#4932);
#4932 = AXIS2_PLACEMENT_3D('',#4933,#4934,#4935);
#4933 = CARTESIAN_POINT('',(0.5,-33.,13.));
#4934 = DIRECTION('',(1.,0.,0.));
#4935 = DIRECTION('',(0.,0.,1.));
#4936 = DEFINITIONAL_REPRESENTATION('',(#4937),#4941);
#4937 = LINE('',#4938,#4939);
#4938 = CARTESIAN_POINT('',(0.7,0.));
#4939 = VECTOR('',#4940,1.);
#4940 = DIRECTION('',(0.,-1.));
#4941 = ( GEOMETRIC_REPRESENTATION_CONTEXT(2) 
PARAMETRIC_REPRESENTATION_CONTEXT() REPRESENTATION_CONTEXT('2D SPACE',''
  ) );
#4942 = ORIENTED_EDGE('',*,*,#4943,.T.);
#4943 = EDGE_CURVE('',#4914,#4862,#4944,.T.);
#4944 = SURFACE_CURVE('',#4945,(#4950,#4957),.PCURVE_S1.);
#4945 = CIRCLE('',#4946,0.7);
#4946 = AXIS2_PLACEMENT_3D('',#4947,#4948,#4949);
#4947 = CARTESIAN_POINT('',(-0.2,-30.,13.7));
#4948 = DIRECTION('',(0.,1.,0.));
#4949 = DIRECTION('',(1.,0.,-0.));
#4950 = PCURVE('',#4898,#4951);
#4951 = DEFINITIONAL_REPRESENTATION('',(#4952),#4956);
#4952 = LINE('',#4953,#4954);
#4953 = CARTESIAN_POINT('',(0.,3.));
#4954 = VECTOR('',#4955,1.);
#4955 = DIRECTION('',(1.,0.));
#4956 = ( GEOMETRIC_REPRESENTATION_CONTEXT(2) 
PARAMETRIC_REPRESENTATION_CONTEXT() REPRESENTATION_CONTEXT('2D SPACE',''
  ) );
#4957 = PCURVE('',#174,#4958);
#4958 = DEFINITIONAL_REPRESENTATION('',(#4959),#4967);
#4959 = ( BOUNDED_CURVE() B_SPLINE_CURVE(2,(#4960,#4961,#4962,#4963,
#4964,#4965,#4966),.UNSPECIFIED.,.T.,.F.) B_SPLINE_CURVE_WITH_KNOTS((1,2
    ,2,2,2,1),(-2.094395102393,0.,2.094395102393,4.188790204786,
6.28318530718,8.377580409573),.UNSPECIFIED.) CURVE() 
GEOMETRIC_REPRESENTATION_ITEM() RATIONAL_B_SPLINE_CURVE((1.,0.5,1.,0.5,
1.,0.5,1.)) REPRESENTATION_ITEM('') );
#4960 = CARTESIAN_POINT('',(-5.437764806213,-1.851435856768));
#4961 = CARTESIAN_POINT('',(-4.225329240915,-1.851435856768));
#4962 = CARTESIAN_POINT('',(-4.831547023564,-2.901435856768));
#4963 = CARTESIAN_POINT('',(-5.437764806213,-3.951435856768));
#4964 = CARTESIAN_POINT('',(-6.043982588862,-2.901435856768));
#4965 = CARTESIAN_POINT('',(-6.650200371511,-1.851435856768));
#4966 = CARTESIAN_POINT('',(-5.437764806213,-1.851435856768));
#4967 = ( GEOMETRIC_REPRESENTATION_CONTEXT(2) 
PARAMETRIC_REPRESENTATION_CONTEXT() REPRESENTATION_CONTEXT('2D SPACE',''
  ) );
#4968 = ORIENTED_EDGE('',*,*,#4884,.T.);
#4969 = ORIENTED_EDGE('',*,*,#4970,.F.);
#4970 = EDGE_CURVE('',#4916,#4838,#4971,.T.);
#4971 = SURFACE_CURVE('',#4972,(#4977,#4984),.PCURVE_S1.);
#4972 = CIRCLE('',#4973,0.7);
#4973 = AXIS2_PLACEMENT_3D('',#4974,#4975,#4976);
#4974 = CARTESIAN_POINT('',(-0.2,-28.,13.7));
#4975 = DIRECTION('',(0.,1.,0.));
#4976 = DIRECTION('',(1.,0.,-0.));
#4977 = PCURVE('',#4898,#4978);
#4978 = DEFINITIONAL_REPRESENTATION('',(#4979),#4983);
#4979 = LINE('',#4980,#4981);
#4980 = CARTESIAN_POINT('',(0.,5.));
#4981 = VECTOR('',#4982,1.);
#4982 = DIRECTION('',(1.,0.));
#4983 = ( GEOMETRIC_REPRESENTATION_CONTEXT(2) 
PARAMETRIC_REPRESENTATION_CONTEXT() REPRESENTATION_CONTEXT('2D SPACE',''
  ) );
#4984 = PCURVE('',#701,#4985);
#4985 = DEFINITIONAL_REPRESENTATION('',(#4986),#4994);
#4986 = ( BOUNDED_CURVE() B_SPLINE_CURVE(2,(#4987,#4988,#4989,#4990,
#4991,#4992,#4993),.UNSPECIFIED.,.T.,.F.) B_SPLINE_CURVE_WITH_KNOTS((1,2
    ,2,2,2,1),(-2.094395102393,0.,2.094395102393,4.188790204786,
6.28318530718,8.377580409573),.UNSPECIFIED.) CURVE() 
GEOMETRIC_REPRESENTATION_ITEM() RATIONAL_B_SPLINE_CURVE((1.,0.5,1.,0.5,
1.,0.5,1.)) REPRESENTATION_ITEM('') );
#4987 = CARTESIAN_POINT('',(-7.489365024747,-1.881414208361));
#4988 = CARTESIAN_POINT('',(-6.276929459449,-1.881414208361));
#4989 = CARTESIAN_POINT('',(-6.883147242098,-2.931414208361));
#4990 = CARTESIAN_POINT('',(-7.489365024747,-3.981414208361));
#4991 = CARTESIAN_POINT('',(-8.095582807396,-2.931414208361));
#4992 = CARTESIAN_POINT('',(-8.701800590045,-1.881414208361));
#4993 = CARTESIAN_POINT('',(-7.489365024747,-1.881414208361));
#4994 = ( GEOMETRIC_REPRESENTATION_CONTEXT(2) 
PARAMETRIC_REPRESENTATION_CONTEXT() REPRESENTATION_CONTEXT('2D SPACE',''
  ) );
#4995 = ADVANCED_FACE('',(#4996),#4931,.F.);
#4996 = FACE_BOUND('',#4997,.F.);
#4997 = EDGE_LOOP('',(#4998,#5021,#5022,#5045));
#4998 = ORIENTED_EDGE('',*,*,#4999,.F.);
#4999 = EDGE_CURVE('',#4914,#5000,#5002,.T.);
#5000 = VERTEX_POINT('',#5001);
#5001 = CARTESIAN_POINT('',(0.5,-30.,15.));
#5002 = SURFACE_CURVE('',#5003,(#5007,#5014),.PCURVE_S1.);
#5003 = LINE('',#5004,#5005);
#5004 = CARTESIAN_POINT('',(0.5,-30.,10.631117596894));
#5005 = VECTOR('',#5006,1.);
#5006 = DIRECTION('',(0.,0.,1.));
#5007 = PCURVE('',#4931,#5008);
#5008 = DEFINITIONAL_REPRESENTATION('',(#5009),#5013);
#5009 = LINE('',#5010,#5011);
#5010 = CARTESIAN_POINT('',(-2.368882403106,-3.));
#5011 = VECTOR('',#5012,1.);
#5012 = DIRECTION('',(1.,0.));
#5013 = ( GEOMETRIC_REPRESENTATION_CONTEXT(2) 
PARAMETRIC_REPRESENTATION_CONTEXT() REPRESENTATION_CONTEXT('2D SPACE',''
  ) );
#5014 = PCURVE('',#174,#5015);
#5015 = DEFINITIONAL_REPRESENTATION('',(#5016),#5020);
#5016 = LINE('',#5017,#5018);
#5017 = CARTESIAN_POINT('',(-2.368882403107,-1.851435856768));
#5018 = VECTOR('',#5019,1.);
#5019 = DIRECTION('',(-1.,0.));
#5020 = ( GEOMETRIC_REPRESENTATION_CONTEXT(2) 
PARAMETRIC_REPRESENTATION_CONTEXT() REPRESENTATION_CONTEXT('2D SPACE',''
  ) );
#5021 = ORIENTED_EDGE('',*,*,#4913,.T.);
#5022 = ORIENTED_EDGE('',*,*,#5023,.T.);
#5023 = EDGE_CURVE('',#4916,#5024,#5026,.T.);
#5024 = VERTEX_POINT('',#5025);
#5025 = CARTESIAN_POINT('',(0.5,-28.,15.));
#5026 = SURFACE_CURVE('',#5027,(#5031,#5038),.PCURVE_S1.);
#5027 = LINE('',#5028,#5029);
#5028 = CARTESIAN_POINT('',(0.5,-28.,9.605317487626));
#5029 = VECTOR('',#5030,1.);
#5030 = DIRECTION('',(0.,0.,1.));
#5031 = PCURVE('',#4931,#5032);
#5032 = DEFINITIONAL_REPRESENTATION('',(#5033),#5037);
#5033 = LINE('',#5034,#5035);
#5034 = CARTESIAN_POINT('',(-3.394682512374,-5.));
#5035 = VECTOR('',#5036,1.);
#5036 = DIRECTION('',(1.,0.));
#5037 = ( GEOMETRIC_REPRESENTATION_CONTEXT(2) 
PARAMETRIC_REPRESENTATION_CONTEXT() REPRESENTATION_CONTEXT('2D SPACE',''
  ) );
#5038 = PCURVE('',#701,#5039);
#5039 = DEFINITIONAL_REPRESENTATION('',(#5040),#5044);
#5040 = LINE('',#5041,#5042);
#5041 = CARTESIAN_POINT('',(-3.394682512373,-1.881414208361));
#5042 = VECTOR('',#5043,1.);
#5043 = DIRECTION('',(-1.,0.));
#5044 = ( GEOMETRIC_REPRESENTATION_CONTEXT(2) 
PARAMETRIC_REPRESENTATION_CONTEXT() REPRESENTATION_CONTEXT('2D SPACE',''
  ) );
#5045 = ORIENTED_EDGE('',*,*,#5046,.T.);
#5046 = EDGE_CURVE('',#5024,#5000,#5047,.T.);
#5047 = SURFACE_CURVE('',#5048,(#5052,#5059),.PCURVE_S1.);
#5048 = LINE('',#5049,#5050);
#5049 = CARTESIAN_POINT('',(0.5,-32.5,15.));
#5050 = VECTOR('',#5051,1.);
#5051 = DIRECTION('',(0.,-1.,0.));
#5052 = PCURVE('',#4931,#5053);
#5053 = DEFINITIONAL_REPRESENTATION('',(#5054),#5058);
#5054 = LINE('',#5055,#5056);
#5055 = CARTESIAN_POINT('',(2.,-0.5));
#5056 = VECTOR('',#5057,1.);
#5057 = DIRECTION('',(0.,1.));
#5058 = ( GEOMETRIC_REPRESENTATION_CONTEXT(2) 
PARAMETRIC_REPRESENTATION_CONTEXT() REPRESENTATION_CONTEXT('2D SPACE',''
  ) );
#5059 = PCURVE('',#5060,#5065);
#5060 = PLANE('',#5061);
#5061 = AXIS2_PLACEMENT_3D('',#5062,#5063,#5064);
#5062 = CARTESIAN_POINT('',(-31.5,-32.,15.));
#5063 = DIRECTION('',(0.,0.,1.));
#5064 = DIRECTION('',(1.,0.,-0.));
#5065 = DEFINITIONAL_REPRESENTATION('',(#5066),#5070);
#5066 = LINE('',#5067,#5068);
#5067 = CARTESIAN_POINT('',(32.,-0.5));
#5068 = VECTOR('',#5069,1.);
#5069 = DIRECTION('',(0.,-1.));
#5070 = ( GEOMETRIC_REPRESENTATION_CONTEXT(2) 
PARAMETRIC_REPRESENTATION_CONTEXT() REPRESENTATION_CONTEXT('2D SPACE',''
  ) );
#5071 = ADVANCED_FACE('',(#5072),#5060,.T.);
#5072 = FACE_BOUND('',#5073,.T.);
#5073 = EDGE_LOOP('',(#5074,#5097,#5125,#5146));
#5074 = ORIENTED_EDGE('',*,*,#5075,.F.);
#5075 = EDGE_CURVE('',#5076,#5000,#5078,.T.);
#5076 = VERTEX_POINT('',#5077);
#5077 = CARTESIAN_POINT('',(3.,-30.,15.));
#5078 = SURFACE_CURVE('',#5079,(#5083,#5090),.PCURVE_S1.);
#5079 = LINE('',#5080,#5081);
#5080 = CARTESIAN_POINT('',(-14.57428207161,-30.,15.));
#5081 = VECTOR('',#5082,1.);
#5082 = DIRECTION('',(-1.,0.,0.));
#5083 = PCURVE('',#5060,#5084);
#5084 = DEFINITIONAL_REPRESENTATION('',(#5085),#5089);
#5085 = LINE('',#5086,#5087);
#5086 = CARTESIAN_POINT('',(16.92571792839,2.));
#5087 = VECTOR('',#5088,1.);
#5088 = DIRECTION('',(-1.,0.));
#5089 = ( GEOMETRIC_REPRESENTATION_CONTEXT(2) 
PARAMETRIC_REPRESENTATION_CONTEXT() REPRESENTATION_CONTEXT('2D SPACE',''
  ) );
#5090 = PCURVE('',#174,#5091);
#5091 = DEFINITIONAL_REPRESENTATION('',(#5092),#5096);
#5092 = LINE('',#5093,#5094);
#5093 = CARTESIAN_POINT('',(-6.737764806213,-16.92571792837));
#5094 = VECTOR('',#5095,1.);
#5095 = DIRECTION('',(0.,-1.));
#5096 = ( GEOMETRIC_REPRESENTATION_CONTEXT(2) 
PARAMETRIC_REPRESENTATION_CONTEXT() REPRESENTATION_CONTEXT('2D SPACE',''
  ) );
#5097 = ORIENTED_EDGE('',*,*,#5098,.T.);
#5098 = EDGE_CURVE('',#5076,#5099,#5101,.T.);
#5099 = VERTEX_POINT('',#5100);
#5100 = CARTESIAN_POINT('',(3.,-28.,15.));
#5101 = SURFACE_CURVE('',#5102,(#5106,#5113),.PCURVE_S1.);
#5102 = LINE('',#5103,#5104);
#5103 = CARTESIAN_POINT('',(3.,-32.,15.));
#5104 = VECTOR('',#5105,1.);
#5105 = DIRECTION('',(0.,1.,0.));
#5106 = PCURVE('',#5060,#5107);
#5107 = DEFINITIONAL_REPRESENTATION('',(#5108),#5112);
#5108 = LINE('',#5109,#5110);
#5109 = CARTESIAN_POINT('',(34.5,0.));
#5110 = VECTOR('',#5111,1.);
#5111 = DIRECTION('',(0.,1.));
#5112 = ( GEOMETRIC_REPRESENTATION_CONTEXT(2) 
PARAMETRIC_REPRESENTATION_CONTEXT() REPRESENTATION_CONTEXT('2D SPACE',''
  ) );
#5113 = PCURVE('',#5114,#5119);
#5114 = PLANE('',#5115);
#5115 = AXIS2_PLACEMENT_3D('',#5116,#5117,#5118);
#5116 = CARTESIAN_POINT('',(3.,-32.,15.));
#5117 = DIRECTION('',(1.,0.,0.));
#5118 = DIRECTION('',(0.,0.,1.));
#5119 = DEFINITIONAL_REPRESENTATION('',(#5120),#5124);
#5120 = LINE('',#5121,#5122);
#5121 = CARTESIAN_POINT('',(0.,0.));
#5122 = VECTOR('',#5123,1.);
#5123 = DIRECTION('',(0.,-1.));
#5124 = ( GEOMETRIC_REPRESENTATION_CONTEXT(2) 
PARAMETRIC_REPRESENTATION_CONTEXT() REPRESENTATION_CONTEXT('2D SPACE',''
  ) );
#5125 = ORIENTED_EDGE('',*,*,#5126,.T.);
#5126 = EDGE_CURVE('',#5099,#5024,#5127,.T.);
#5127 = SURFACE_CURVE('',#5128,(#5132,#5139),.PCURVE_S1.);
#5128 = LINE('',#5129,#5130);
#5129 = CARTESIAN_POINT('',(-14.55929289581,-28.,15.));
#5130 = VECTOR('',#5131,1.);
#5131 = DIRECTION('',(-1.,0.,0.));
#5132 = PCURVE('',#5060,#5133);
#5133 = DEFINITIONAL_REPRESENTATION('',(#5134),#5138);
#5134 = LINE('',#5135,#5136);
#5135 = CARTESIAN_POINT('',(16.94070710419,4.));
#5136 = VECTOR('',#5137,1.);
#5137 = DIRECTION('',(-1.,0.));
#5138 = ( GEOMETRIC_REPRESENTATION_CONTEXT(2) 
PARAMETRIC_REPRESENTATION_CONTEXT() REPRESENTATION_CONTEXT('2D SPACE',''
  ) );
#5139 = PCURVE('',#701,#5140);
#5140 = DEFINITIONAL_REPRESENTATION('',(#5141),#5145);
#5141 = LINE('',#5142,#5143);
#5142 = CARTESIAN_POINT('',(-8.789365024747,-16.94070710417));
#5143 = VECTOR('',#5144,1.);
#5144 = DIRECTION('',(0.,-1.));
#5145 = ( GEOMETRIC_REPRESENTATION_CONTEXT(2) 
PARAMETRIC_REPRESENTATION_CONTEXT() REPRESENTATION_CONTEXT('2D SPACE',''
  ) );
#5146 = ORIENTED_EDGE('',*,*,#5046,.T.);
#5147 = ADVANCED_FACE('',(#5148),#5114,.F.);
#5148 = FACE_BOUND('',#5149,.F.);
#5149 = EDGE_LOOP('',(#5150,#5173,#5174,#5197));
#5150 = ORIENTED_EDGE('',*,*,#5151,.F.);
#5151 = EDGE_CURVE('',#5076,#5152,#5154,.T.);
#5152 = VERTEX_POINT('',#5153);
#5153 = CARTESIAN_POINT('',(3.,-30.,37.));
#5154 = SURFACE_CURVE('',#5155,(#5159,#5166),.PCURVE_S1.);
#5155 = LINE('',#5156,#5157);
#5156 = CARTESIAN_POINT('',(3.,-30.,11.631117596893));
#5157 = VECTOR('',#5158,1.);
#5158 = DIRECTION('',(0.,0.,1.));
#5159 = PCURVE('',#5114,#5160);
#5160 = DEFINITIONAL_REPRESENTATION('',(#5161),#5165);
#5161 = LINE('',#5162,#5163);
#5162 = CARTESIAN_POINT('',(-3.368882403107,-2.));
#5163 = VECTOR('',#5164,1.);
#5164 = DIRECTION('',(1.,0.));
#5165 = ( GEOMETRIC_REPRESENTATION_CONTEXT(2) 
PARAMETRIC_REPRESENTATION_CONTEXT() REPRESENTATION_CONTEXT('2D SPACE',''
  ) );
#5166 = PCURVE('',#174,#5167);
#5167 = DEFINITIONAL_REPRESENTATION('',(#5168),#5172);
#5168 = LINE('',#5169,#5170);
#5169 = CARTESIAN_POINT('',(-3.368882403106,0.648564143232));
#5170 = VECTOR('',#5171,1.);
#5171 = DIRECTION('',(-1.,0.));
#5172 = ( GEOMETRIC_REPRESENTATION_CONTEXT(2) 
PARAMETRIC_REPRESENTATION_CONTEXT() REPRESENTATION_CONTEXT('2D SPACE',''
  ) );
#5173 = ORIENTED_EDGE('',*,*,#5098,.T.);
#5174 = ORIENTED_EDGE('',*,*,#5175,.T.);
#5175 = EDGE_CURVE('',#5099,#5176,#5178,.T.);
#5176 = VERTEX_POINT('',#5177);
#5177 = CARTESIAN_POINT('',(3.,-28.,37.));
#5178 = SURFACE_CURVE('',#5179,(#5183,#5190),.PCURVE_S1.);
#5179 = LINE('',#5180,#5181);
#5180 = CARTESIAN_POINT('',(3.,-28.,10.605317487627));
#5181 = VECTOR('',#5182,1.);
#5182 = DIRECTION('',(0.,0.,1.));
#5183 = PCURVE('',#5114,#5184);
#5184 = DEFINITIONAL_REPRESENTATION('',(#5185),#5189);
#5185 = LINE('',#5186,#5187);
#5186 = CARTESIAN_POINT('',(-4.394682512373,-4.));
#5187 = VECTOR('',#5188,1.);
#5188 = DIRECTION('',(1.,0.));
#5189 = ( GEOMETRIC_REPRESENTATION_CONTEXT(2) 
PARAMETRIC_REPRESENTATION_CONTEXT() REPRESENTATION_CONTEXT('2D SPACE',''
  ) );
#5190 = PCURVE('',#701,#5191);
#5191 = DEFINITIONAL_REPRESENTATION('',(#5192),#5196);
#5192 = LINE('',#5193,#5194);
#5193 = CARTESIAN_POINT('',(-4.394682512374,0.618585791639));
#5194 = VECTOR('',#5195,1.);
#5195 = DIRECTION('',(-1.,0.));
#5196 = ( GEOMETRIC_REPRESENTATION_CONTEXT(2) 
PARAMETRIC_REPRESENTATION_CONTEXT() REPRESENTATION_CONTEXT('2D SPACE',''
  ) );
#5197 = ORIENTED_EDGE('',*,*,#5198,.T.);
#5198 = EDGE_CURVE('',#5176,#5152,#5199,.T.);
#5199 = SURFACE_CURVE('',#5200,(#5204,#5211),.PCURVE_S1.);
#5200 = LINE('',#5201,#5202);
#5201 = CARTESIAN_POINT('',(3.,-7.,37.));
#5202 = VECTOR('',#5203,1.);
#5203 = DIRECTION('',(0.,-1.,0.));
#5204 = PCURVE('',#5114,#5205);
#5205 = DEFINITIONAL_REPRESENTATION('',(#5206),#5210);
#5206 = LINE('',#5207,#5208);
#5207 = CARTESIAN_POINT('',(22.,-25.));
#5208 = VECTOR('',#5209,1.);
#5209 = DIRECTION('',(0.,1.));
#5210 = ( GEOMETRIC_REPRESENTATION_CONTEXT(2) 
PARAMETRIC_REPRESENTATION_CONTEXT() REPRESENTATION_CONTEXT('2D SPACE',''
  ) );
#5211 = PCURVE('',#5212,#5217);
#5212 = PLANE('',#5213);
#5213 = AXIS2_PLACEMENT_3D('',#5214,#5215,#5216);
#5214 = CARTESIAN_POINT('',(30.,18.,37.));
#5215 = DIRECTION('',(-0.,-0.,-1.));
#5216 = DIRECTION('',(-1.,0.,0.));
#5217 = DEFINITIONAL_REPRESENTATION('',(#5218),#5222);
#5218 = LINE('',#5219,#5220);
#5219 = CARTESIAN_POINT('',(27.,-25.));
#5220 = VECTOR('',#5221,1.);
#5221 = DIRECTION('',(0.,-1.));
#5222 = ( GEOMETRIC_REPRESENTATION_CONTEXT(2) 
PARAMETRIC_REPRESENTATION_CONTEXT() REPRESENTATION_CONTEXT('2D SPACE',''
  ) );
#5223 = ADVANCED_FACE('',(#5224),#5212,.F.);
#5224 = FACE_BOUND('',#5225,.F.);
#5225 = EDGE_LOOP('',(#5226,#5249,#5250,#5273,#5306,#5334,#5362));
#5226 = ORIENTED_EDGE('',*,*,#5227,.T.);
#5227 = EDGE_CURVE('',#5228,#5152,#5230,.T.);
#5228 = VERTEX_POINT('',#5229);
#5229 = CARTESIAN_POINT('',(29.28,-30.,37.));
#5230 = SURFACE_CURVE('',#5231,(#5235,#5242),.PCURVE_S1.);
#5231 = LINE('',#5232,#5233);
#5232 = CARTESIAN_POINT('',(30.,-30.,37.));
#5233 = VECTOR('',#5234,1.);
#5234 = DIRECTION('',(-1.,0.,0.));
#5235 = PCURVE('',#5212,#5236);
#5236 = DEFINITIONAL_REPRESENTATION('',(#5237),#5241);
#5237 = LINE('',#5238,#5239);
#5238 = CARTESIAN_POINT('',(0.,-48.));
#5239 = VECTOR('',#5240,1.);
#5240 = DIRECTION('',(1.,0.));
#5241 = ( GEOMETRIC_REPRESENTATION_CONTEXT(2) 
PARAMETRIC_REPRESENTATION_CONTEXT() REPRESENTATION_CONTEXT('2D SPACE',''
  ) );
#5242 = PCURVE('',#174,#5243);
#5243 = DEFINITIONAL_REPRESENTATION('',(#5244),#5248);
#5244 = LINE('',#5245,#5246);
#5245 = CARTESIAN_POINT('',(-28.73776480621,27.648564143232));
#5246 = VECTOR('',#5247,1.);
#5247 = DIRECTION('',(0.,-1.));
#5248 = ( GEOMETRIC_REPRESENTATION_CONTEXT(2) 
PARAMETRIC_REPRESENTATION_CONTEXT() REPRESENTATION_CONTEXT('2D SPACE',''
  ) );
#5249 = ORIENTED_EDGE('',*,*,#5198,.F.);
#5250 = ORIENTED_EDGE('',*,*,#5251,.T.);
#5251 = EDGE_CURVE('',#5176,#5252,#5254,.T.);
#5252 = VERTEX_POINT('',#5253);
#5253 = CARTESIAN_POINT('',(20.,-28.,37.));
#5254 = SURFACE_CURVE('',#5255,(#5259,#5266),.PCURVE_S1.);
#5255 = LINE('',#5256,#5257);
#5256 = CARTESIAN_POINT('',(5.,-28.,37.));
#5257 = VECTOR('',#5258,1.);
#5258 = DIRECTION('',(1.,0.,0.));
#5259 = PCURVE('',#5212,#5260);
#5260 = DEFINITIONAL_REPRESENTATION('',(#5261),#5265);
#5261 = LINE('',#5262,#5263);
#5262 = CARTESIAN_POINT('',(25.,-46.));
#5263 = VECTOR('',#5264,1.);
#5264 = DIRECTION('',(-1.,0.));
#5265 = ( GEOMETRIC_REPRESENTATION_CONTEXT(2) 
PARAMETRIC_REPRESENTATION_CONTEXT() REPRESENTATION_CONTEXT('2D SPACE',''
  ) );
#5266 = PCURVE('',#701,#5267);
#5267 = DEFINITIONAL_REPRESENTATION('',(#5268),#5272);
#5268 = LINE('',#5269,#5270);
#5269 = CARTESIAN_POINT('',(-30.78936502474,2.618585791639));
#5270 = VECTOR('',#5271,1.);
#5271 = DIRECTION('',(0.,1.));
#5272 = ( GEOMETRIC_REPRESENTATION_CONTEXT(2) 
PARAMETRIC_REPRESENTATION_CONTEXT() REPRESENTATION_CONTEXT('2D SPACE',''
  ) );
#5273 = ORIENTED_EDGE('',*,*,#5274,.T.);
#5274 = EDGE_CURVE('',#5252,#5275,#5277,.T.);
#5275 = VERTEX_POINT('',#5276);
#5276 = CARTESIAN_POINT('',(22.,-26.,37.));
#5277 = SURFACE_CURVE('',#5278,(#5283,#5294),.PCURVE_S1.);
#5278 = CIRCLE('',#5279,2.);
#5279 = AXIS2_PLACEMENT_3D('',#5280,#5281,#5282);
#5280 = CARTESIAN_POINT('',(20.,-26.,37.));
#5281 = DIRECTION('',(0.,0.,1.));
#5282 = DIRECTION('',(1.,0.,-0.));
#5283 = PCURVE('',#5212,#5284);
#5284 = DEFINITIONAL_REPRESENTATION('',(#5285),#5293);
#5285 = ( BOUNDED_CURVE() B_SPLINE_CURVE(2,(#5286,#5287,#5288,#5289,
#5290,#5291,#5292),.UNSPECIFIED.,.T.,.F.) B_SPLINE_CURVE_WITH_KNOTS((1,2
    ,2,2,2,1),(-2.094395102393,0.,2.094395102393,4.188790204786,
6.28318530718,8.377580409573),.UNSPECIFIED.) CURVE() 
GEOMETRIC_REPRESENTATION_ITEM() RATIONAL_B_SPLINE_CURVE((1.,0.5,1.,0.5,
1.,0.5,1.)) REPRESENTATION_ITEM('') );
#5286 = CARTESIAN_POINT('',(8.,-44.));
#5287 = CARTESIAN_POINT('',(8.,-40.53589838486));
#5288 = CARTESIAN_POINT('',(11.,-42.26794919243));
#5289 = CARTESIAN_POINT('',(14.,-44.));
#5290 = CARTESIAN_POINT('',(11.,-45.73205080756));
#5291 = CARTESIAN_POINT('',(8.,-47.46410161513));
#5292 = CARTESIAN_POINT('',(8.,-44.));
#5293 = ( GEOMETRIC_REPRESENTATION_CONTEXT(2) 
PARAMETRIC_REPRESENTATION_CONTEXT() REPRESENTATION_CONTEXT('2D SPACE',''
  ) );
#5294 = PCURVE('',#5295,#5300);
#5295 = CYLINDRICAL_SURFACE('',#5296,2.);
#5296 = AXIS2_PLACEMENT_3D('',#5297,#5298,#5299);
#5297 = CARTESIAN_POINT('',(20.,-26.,34.));
#5298 = DIRECTION('',(0.,0.,1.));
#5299 = DIRECTION('',(1.,0.,-0.));
#5300 = DEFINITIONAL_REPRESENTATION('',(#5301),#5305);
#5301 = LINE('',#5302,#5303);
#5302 = CARTESIAN_POINT('',(-4.138911435803E-13,3.));
#5303 = VECTOR('',#5304,1.);
#5304 = DIRECTION('',(1.,-0.));
#5305 = ( GEOMETRIC_REPRESENTATION_CONTEXT(2) 
PARAMETRIC_REPRESENTATION_CONTEXT() REPRESENTATION_CONTEXT('2D SPACE',''
  ) );
#5306 = ORIENTED_EDGE('',*,*,#5307,.F.);
#5307 = EDGE_CURVE('',#5308,#5275,#5310,.T.);
#5308 = VERTEX_POINT('',#5309);
#5309 = CARTESIAN_POINT('',(22.,-25.,37.));
#5310 = SURFACE_CURVE('',#5311,(#5315,#5322),.PCURVE_S1.);
#5311 = LINE('',#5312,#5313);
#5312 = CARTESIAN_POINT('',(22.,-5.,37.));
#5313 = VECTOR('',#5314,1.);
#5314 = DIRECTION('',(0.,-1.,0.));
#5315 = PCURVE('',#5212,#5316);
#5316 = DEFINITIONAL_REPRESENTATION('',(#5317),#5321);
#5317 = LINE('',#5318,#5319);
#5318 = CARTESIAN_POINT('',(8.,-23.));
#5319 = VECTOR('',#5320,1.);
#5320 = DIRECTION('',(0.,-1.));
#5321 = ( GEOMETRIC_REPRESENTATION_CONTEXT(2) 
PARAMETRIC_REPRESENTATION_CONTEXT() REPRESENTATION_CONTEXT('2D SPACE',''
  ) );
#5322 = PCURVE('',#5323,#5328);
#5323 = PLANE('',#5324);
#5324 = AXIS2_PLACEMENT_3D('',#5325,#5326,#5327);
#5325 = CARTESIAN_POINT('',(22.,-28.,34.));
#5326 = DIRECTION('',(1.,0.,0.));
#5327 = DIRECTION('',(0.,0.,1.));
#5328 = DEFINITIONAL_REPRESENTATION('',(#5329),#5333);
#5329 = LINE('',#5330,#5331);
#5330 = CARTESIAN_POINT('',(3.,-23.));
#5331 = VECTOR('',#5332,1.);
#5332 = DIRECTION('',(0.,1.));
#5333 = ( GEOMETRIC_REPRESENTATION_CONTEXT(2) 
PARAMETRIC_REPRESENTATION_CONTEXT() REPRESENTATION_CONTEXT('2D SPACE',''
  ) );
#5334 = ORIENTED_EDGE('',*,*,#5335,.T.);
#5335 = EDGE_CURVE('',#5308,#5336,#5338,.T.);
#5336 = VERTEX_POINT('',#5337);
#5337 = CARTESIAN_POINT('',(29.28,-25.,37.));
#5338 = SURFACE_CURVE('',#5339,(#5343,#5350),.PCURVE_S1.);
#5339 = LINE('',#5340,#5341);
#5340 = CARTESIAN_POINT('',(0.,-25.,37.));
#5341 = VECTOR('',#5342,1.);
#5342 = DIRECTION('',(1.,0.,0.));
#5343 = PCURVE('',#5212,#5344);
#5344 = DEFINITIONAL_REPRESENTATION('',(#5345),#5349);
#5345 = LINE('',#5346,#5347);
#5346 = CARTESIAN_POINT('',(30.,-43.));
#5347 = VECTOR('',#5348,1.);
#5348 = DIRECTION('',(-1.,0.));
#5349 = ( GEOMETRIC_REPRESENTATION_CONTEXT(2) 
PARAMETRIC_REPRESENTATION_CONTEXT() REPRESENTATION_CONTEXT('2D SPACE',''
  ) );
#5350 = PCURVE('',#5351,#5356);
#5351 = PLANE('',#5352);
#5352 = AXIS2_PLACEMENT_3D('',#5353,#5354,#5355);
#5353 = CARTESIAN_POINT('',(-30.,-25.,25.5));
#5354 = DIRECTION('',(0.,1.,0.));
#5355 = DIRECTION('',(0.,-0.,1.));
#5356 = DEFINITIONAL_REPRESENTATION('',(#5357),#5361);
#5357 = LINE('',#5358,#5359);
#5358 = CARTESIAN_POINT('',(11.5,30.));
#5359 = VECTOR('',#5360,1.);
#5360 = DIRECTION('',(0.,1.));
#5361 = ( GEOMETRIC_REPRESENTATION_CONTEXT(2) 
PARAMETRIC_REPRESENTATION_CONTEXT() REPRESENTATION_CONTEXT('2D SPACE',''
  ) );
#5362 = ORIENTED_EDGE('',*,*,#5363,.T.);
#5363 = EDGE_CURVE('',#5336,#5228,#5364,.T.);
#5364 = SURFACE_CURVE('',#5365,(#5369,#5376),.PCURVE_S1.);
#5365 = LINE('',#5366,#5367);
#5366 = CARTESIAN_POINT('',(29.28,18.,37.));
#5367 = VECTOR('',#5368,1.);
#5368 = DIRECTION('',(0.,-1.,0.));
#5369 = PCURVE('',#5212,#5370);
#5370 = DEFINITIONAL_REPRESENTATION('',(#5371),#5375);
#5371 = LINE('',#5372,#5373);
#5372 = CARTESIAN_POINT('',(0.72,0.));
#5373 = VECTOR('',#5374,1.);
#5374 = DIRECTION('',(0.,-1.));
#5375 = ( GEOMETRIC_REPRESENTATION_CONTEXT(2) 
PARAMETRIC_REPRESENTATION_CONTEXT() REPRESENTATION_CONTEXT('2D SPACE',''
  ) );
#5376 = PCURVE('',#5377,#5382);
#5377 = CYLINDRICAL_SURFACE('',#5378,1.2);
#5378 = AXIS2_PLACEMENT_3D('',#5379,#5380,#5381);
#5379 = CARTESIAN_POINT('',(29.28,18.,35.8));
#5380 = DIRECTION('',(0.,-1.,0.));
#5381 = DIRECTION('',(0.882352941176,0.,0.470588235294));
#5382 = DEFINITIONAL_REPRESENTATION('',(#5383),#5387);
#5383 = LINE('',#5384,#5385);
#5384 = CARTESIAN_POINT('',(1.080839000541,0.));
#5385 = VECTOR('',#5386,1.);
#5386 = DIRECTION('',(0.,1.));
#5387 = ( GEOMETRIC_REPRESENTATION_CONTEXT(2) 
PARAMETRIC_REPRESENTATION_CONTEXT() REPRESENTATION_CONTEXT('2D SPACE',''
  ) );
#5388 = ADVANCED_FACE('',(#5389),#5377,.T.);
#5389 = FACE_BOUND('',#5390,.T.);
#5390 = EDGE_LOOP('',(#5391,#5421,#5447,#5448));
#5391 = ORIENTED_EDGE('',*,*,#5392,.F.);
#5392 = EDGE_CURVE('',#5393,#5395,#5397,.T.);
#5393 = VERTEX_POINT('',#5394);
#5394 = CARTESIAN_POINT('',(30.338823529412,-25.,36.364705882353));
#5395 = VERTEX_POINT('',#5396);
#5396 = CARTESIAN_POINT('',(30.338823529412,-30.,36.364705882353));
#5397 = SURFACE_CURVE('',#5398,(#5402,#5409),.PCURVE_S1.);
#5398 = LINE('',#5399,#5400);
#5399 = CARTESIAN_POINT('',(30.338823529412,18.,36.364705882353));
#5400 = VECTOR('',#5401,1.);
#5401 = DIRECTION('',(0.,-1.,0.));
#5402 = PCURVE('',#5377,#5403);
#5403 = DEFINITIONAL_REPRESENTATION('',(#5404),#5408);
#5404 = LINE('',#5405,#5406);
#5405 = CARTESIAN_POINT('',(0.,0.));
#5406 = VECTOR('',#5407,1.);
#5407 = DIRECTION('',(0.,1.));
#5408 = ( GEOMETRIC_REPRESENTATION_CONTEXT(2) 
PARAMETRIC_REPRESENTATION_CONTEXT() REPRESENTATION_CONTEXT('2D SPACE',''
  ) );
#5409 = PCURVE('',#5410,#5415);
#5410 = PLANE('',#5411);
#5411 = AXIS2_PLACEMENT_3D('',#5412,#5413,#5414);
#5412 = CARTESIAN_POINT('',(38.,18.,22.));
#5413 = DIRECTION('',(-0.882352941176,-0.,-0.470588235294));
#5414 = DIRECTION('',(-0.470588235294,0.,0.882352941176));
#5415 = DEFINITIONAL_REPRESENTATION('',(#5416),#5420);
#5416 = LINE('',#5417,#5418);
#5417 = CARTESIAN_POINT('',(16.28,0.));
#5418 = VECTOR('',#5419,1.);
#5419 = DIRECTION('',(0.,-1.));
#5420 = ( GEOMETRIC_REPRESENTATION_CONTEXT(2) 
PARAMETRIC_REPRESENTATION_CONTEXT() REPRESENTATION_CONTEXT('2D SPACE',''
  ) );
#5421 = ORIENTED_EDGE('',*,*,#5422,.T.);
#5422 = EDGE_CURVE('',#5393,#5336,#5423,.T.);
#5423 = SURFACE_CURVE('',#5424,(#5429,#5436),.PCURVE_S1.);
#5424 = CIRCLE('',#5425,1.2);
#5425 = AXIS2_PLACEMENT_3D('',#5426,#5427,#5428);
#5426 = CARTESIAN_POINT('',(29.28,-25.,35.8));
#5427 = DIRECTION('',(0.,-1.,0.));
#5428 = DIRECTION('',(0.882352941176,0.,0.470588235294));
#5429 = PCURVE('',#5377,#5430);
#5430 = DEFINITIONAL_REPRESENTATION('',(#5431),#5435);
#5431 = LINE('',#5432,#5433);
#5432 = CARTESIAN_POINT('',(0.,43.));
#5433 = VECTOR('',#5434,1.);
#5434 = DIRECTION('',(1.,0.));
#5435 = ( GEOMETRIC_REPRESENTATION_CONTEXT(2) 
PARAMETRIC_REPRESENTATION_CONTEXT() REPRESENTATION_CONTEXT('2D SPACE',''
  ) );
#5436 = PCURVE('',#5351,#5437);
#5437 = DEFINITIONAL_REPRESENTATION('',(#5438),#5446);
#5438 = ( BOUNDED_CURVE() B_SPLINE_CURVE(2,(#5439,#5440,#5441,#5442,
#5443,#5444,#5445),.UNSPECIFIED.,.T.,.F.) B_SPLINE_CURVE_WITH_KNOTS((1,2
    ,2,2,2,1),(-2.094395102393,0.,2.094395102393,4.188790204786,
6.28318530718,8.377580409573),.UNSPECIFIED.) CURVE() 
GEOMETRIC_REPRESENTATION_ITEM() RATIONAL_B_SPLINE_CURVE((1.,0.5,1.,0.5,
1.,0.5,1.)) REPRESENTATION_ITEM('') );
#5439 = CARTESIAN_POINT('',(10.864705882353,60.338823529412));
#5440 = CARTESIAN_POINT('',(12.698642031544,59.360724249843));
#5441 = CARTESIAN_POINT('',(10.934615133419,58.26153859551));
#5442 = CARTESIAN_POINT('',(9.170588235294,57.162352941177));
#5443 = CARTESIAN_POINT('',(9.100678984228,59.239637875078));
#5444 = CARTESIAN_POINT('',(9.030769733163,61.31692280898));
#5445 = CARTESIAN_POINT('',(10.864705882353,60.338823529412));
#5446 = ( GEOMETRIC_REPRESENTATION_CONTEXT(2) 
PARAMETRIC_REPRESENTATION_CONTEXT() REPRESENTATION_CONTEXT('2D SPACE',''
  ) );
#5447 = ORIENTED_EDGE('',*,*,#5363,.T.);
#5448 = ORIENTED_EDGE('',*,*,#5449,.F.);
#5449 = EDGE_CURVE('',#5395,#5228,#5450,.T.);
#5450 = SURFACE_CURVE('',#5451,(#5456,#5463),.PCURVE_S1.);
#5451 = CIRCLE('',#5452,1.2);
#5452 = AXIS2_PLACEMENT_3D('',#5453,#5454,#5455);
#5453 = CARTESIAN_POINT('',(29.28,-30.,35.8));
#5454 = DIRECTION('',(0.,-1.,0.));
#5455 = DIRECTION('',(0.,-0.,-1.));
#5456 = PCURVE('',#5377,#5457);
#5457 = DEFINITIONAL_REPRESENTATION('',(#5458),#5462);
#5458 = LINE('',#5459,#5460);
#5459 = CARTESIAN_POINT('',(-2.060753653049,48.));
#5460 = VECTOR('',#5461,1.);
#5461 = DIRECTION('',(1.,0.));
#5462 = ( GEOMETRIC_REPRESENTATION_CONTEXT(2) 
PARAMETRIC_REPRESENTATION_CONTEXT() REPRESENTATION_CONTEXT('2D SPACE',''
  ) );
#5463 = PCURVE('',#174,#5464);
#5464 = DEFINITIONAL_REPRESENTATION('',(#5465),#5469);
#5465 = CIRCLE('',#5466,1.2);
#5466 = AXIS2_PLACEMENT_2D('',#5467,#5468);
#5467 = CARTESIAN_POINT('',(-27.53776480621,26.928564143232));
#5468 = DIRECTION('',(1.,0.));
#5469 = ( GEOMETRIC_REPRESENTATION_CONTEXT(2) 
PARAMETRIC_REPRESENTATION_CONTEXT() REPRESENTATION_CONTEXT('2D SPACE',''
  ) );
#5470 = ADVANCED_FACE('',(#5471),#5410,.F.);
#5471 = FACE_BOUND('',#5472,.F.);
#5472 = EDGE_LOOP('',(#5473,#5503,#5531,#5552,#5553,#5576));
#5473 = ORIENTED_EDGE('',*,*,#5474,.T.);
#5474 = EDGE_CURVE('',#5475,#5477,#5479,.T.);
#5475 = VERTEX_POINT('',#5476);
#5476 = CARTESIAN_POINT('',(36.133333333333,14.,25.5));
#5477 = VERTEX_POINT('',#5478);
#5478 = CARTESIAN_POINT('',(38.,14.,22.));
#5479 = SURFACE_CURVE('',#5480,(#5484,#5491),.PCURVE_S1.);
#5480 = LINE('',#5481,#5482);
#5481 = CARTESIAN_POINT('',(37.570934256055,14.,22.804498269896));
#5482 = VECTOR('',#5483,1.);
#5483 = DIRECTION('',(0.470588235294,0.,-0.882352941176));
#5484 = PCURVE('',#5410,#5485);
#5485 = DEFINITIONAL_REPRESENTATION('',(#5486),#5490);
#5486 = LINE('',#5487,#5488);
#5487 = CARTESIAN_POINT('',(0.911764705882,-4.));
#5488 = VECTOR('',#5489,1.);
#5489 = DIRECTION('',(-1.,0.));
#5490 = ( GEOMETRIC_REPRESENTATION_CONTEXT(2) 
PARAMETRIC_REPRESENTATION_CONTEXT() REPRESENTATION_CONTEXT('2D SPACE',''
  ) );
#5491 = PCURVE('',#5492,#5497);
#5492 = PLANE('',#5493);
#5493 = AXIS2_PLACEMENT_3D('',#5494,#5495,#5496);
#5494 = CARTESIAN_POINT('',(-33.,14.,-13.8));
#5495 = DIRECTION('',(0.,1.,0.));
#5496 = DIRECTION('',(0.,-0.,1.));
#5497 = DEFINITIONAL_REPRESENTATION('',(#5498),#5502);
#5498 = LINE('',#5499,#5500);
#5499 = CARTESIAN_POINT('',(36.604498269896,70.570934256055));
#5500 = VECTOR('',#5501,1.);
#5501 = DIRECTION('',(-0.882352941176,0.470588235294));
#5502 = ( GEOMETRIC_REPRESENTATION_CONTEXT(2) 
PARAMETRIC_REPRESENTATION_CONTEXT() REPRESENTATION_CONTEXT('2D SPACE',''
  ) );
#5503 = ORIENTED_EDGE('',*,*,#5504,.T.);
#5504 = EDGE_CURVE('',#5477,#5505,#5507,.T.);
#5505 = VERTEX_POINT('',#5506);
#5506 = CARTESIAN_POINT('',(38.,-30.,22.));
#5507 = SURFACE_CURVE('',#5508,(#5512,#5519),.PCURVE_S1.);
#5508 = LINE('',#5509,#5510);
#5509 = CARTESIAN_POINT('',(38.,18.,22.));
#5510 = VECTOR('',#5511,1.);
#5511 = DIRECTION('',(0.,-1.,0.));
#5512 = PCURVE('',#5410,#5513);
#5513 = DEFINITIONAL_REPRESENTATION('',(#5514),#5518);
#5514 = LINE('',#5515,#5516);
#5515 = CARTESIAN_POINT('',(0.,0.));
#5516 = VECTOR('',#5517,1.);
#5517 = DIRECTION('',(0.,-1.));
#5518 = ( GEOMETRIC_REPRESENTATION_CONTEXT(2) 
PARAMETRIC_REPRESENTATION_CONTEXT() REPRESENTATION_CONTEXT('2D SPACE',''
  ) );
#5519 = PCURVE('',#5520,#5525);
#5520 = PLANE('',#5521);
#5521 = AXIS2_PLACEMENT_3D('',#5522,#5523,#5524);
#5522 = CARTESIAN_POINT('',(43.,18.,12.));
#5523 = DIRECTION('',(-0.894427191,-0.,-0.4472135955));
#5524 = DIRECTION('',(-0.4472135955,0.,0.894427191));
#5525 = DEFINITIONAL_REPRESENTATION('',(#5526),#5530);
#5526 = LINE('',#5527,#5528);
#5527 = CARTESIAN_POINT('',(11.180339887499,0.));
#5528 = VECTOR('',#5529,1.);
#5529 = DIRECTION('',(0.,-1.));
#5530 = ( GEOMETRIC_REPRESENTATION_CONTEXT(2) 
PARAMETRIC_REPRESENTATION_CONTEXT() REPRESENTATION_CONTEXT('2D SPACE',''
  ) );
#5531 = ORIENTED_EDGE('',*,*,#5532,.T.);
#5532 = EDGE_CURVE('',#5505,#5395,#5533,.T.);
#5533 = SURFACE_CURVE('',#5534,(#5538,#5545),.PCURVE_S1.);
#5534 = LINE('',#5535,#5536);
#5535 = CARTESIAN_POINT('',(38.,-30.,22.));
#5536 = VECTOR('',#5537,1.);
#5537 = DIRECTION('',(-0.470588235294,0.,0.882352941176));
#5538 = PCURVE('',#5410,#5539);
#5539 = DEFINITIONAL_REPRESENTATION('',(#5540),#5544);
#5540 = LINE('',#5541,#5542);
#5541 = CARTESIAN_POINT('',(0.,-48.));
#5542 = VECTOR('',#5543,1.);
#5543 = DIRECTION('',(1.,0.));
#5544 = ( GEOMETRIC_REPRESENTATION_CONTEXT(2) 
PARAMETRIC_REPRESENTATION_CONTEXT() REPRESENTATION_CONTEXT('2D SPACE',''
  ) );
#5545 = PCURVE('',#174,#5546);
#5546 = DEFINITIONAL_REPRESENTATION('',(#5547),#5551);
#5547 = LINE('',#5548,#5549);
#5548 = CARTESIAN_POINT('',(-13.73776480621,35.648564143232));
#5549 = VECTOR('',#5550,1.);
#5550 = DIRECTION('',(-0.882352941176,-0.470588235294));
#5551 = ( GEOMETRIC_REPRESENTATION_CONTEXT(2) 
PARAMETRIC_REPRESENTATION_CONTEXT() REPRESENTATION_CONTEXT('2D SPACE',''
  ) );
#5552 = ORIENTED_EDGE('',*,*,#5392,.F.);
#5553 = ORIENTED_EDGE('',*,*,#5554,.T.);
#5554 = EDGE_CURVE('',#5393,#5555,#5557,.T.);
#5555 = VERTEX_POINT('',#5556);
#5556 = CARTESIAN_POINT('',(36.133333333333,-25.,25.5));
#5557 = SURFACE_CURVE('',#5558,(#5562,#5569),.PCURVE_S1.);
#5558 = LINE('',#5559,#5560);
#5559 = CARTESIAN_POINT('',(29.743944636678,-25.,37.480103806228));
#5560 = VECTOR('',#5561,1.);
#5561 = DIRECTION('',(0.470588235294,0.,-0.882352941176));
#5562 = PCURVE('',#5410,#5563);
#5563 = DEFINITIONAL_REPRESENTATION('',(#5564),#5568);
#5564 = LINE('',#5565,#5566);
#5565 = CARTESIAN_POINT('',(17.544117647059,-43.));
#5566 = VECTOR('',#5567,1.);
#5567 = DIRECTION('',(-1.,0.));
#5568 = ( GEOMETRIC_REPRESENTATION_CONTEXT(2) 
PARAMETRIC_REPRESENTATION_CONTEXT() REPRESENTATION_CONTEXT('2D SPACE',''
  ) );
#5569 = PCURVE('',#5351,#5570);
#5570 = DEFINITIONAL_REPRESENTATION('',(#5571),#5575);
#5571 = LINE('',#5572,#5573);
#5572 = CARTESIAN_POINT('',(11.980103806228,59.743944636678));
#5573 = VECTOR('',#5574,1.);
#5574 = DIRECTION('',(-0.882352941176,0.470588235294));
#5575 = ( GEOMETRIC_REPRESENTATION_CONTEXT(2) 
PARAMETRIC_REPRESENTATION_CONTEXT() REPRESENTATION_CONTEXT('2D SPACE',''
  ) );
#5576 = ORIENTED_EDGE('',*,*,#5577,.T.);
#5577 = EDGE_CURVE('',#5555,#5475,#5578,.T.);
#5578 = SURFACE_CURVE('',#5579,(#5583,#5590),.PCURVE_S1.);
#5579 = LINE('',#5580,#5581);
#5580 = CARTESIAN_POINT('',(36.133333333333,-3.5,25.5));
#5581 = VECTOR('',#5582,1.);
#5582 = DIRECTION('',(0.,1.,0.));
#5583 = PCURVE('',#5410,#5584);
#5584 = DEFINITIONAL_REPRESENTATION('',(#5585),#5589);
#5585 = LINE('',#5586,#5587);
#5586 = CARTESIAN_POINT('',(3.966666666667,-21.5));
#5587 = VECTOR('',#5588,1.);
#5588 = DIRECTION('',(0.,1.));
#5589 = ( GEOMETRIC_REPRESENTATION_CONTEXT(2) 
PARAMETRIC_REPRESENTATION_CONTEXT() REPRESENTATION_CONTEXT('2D SPACE',''
  ) );
#5590 = PCURVE('',#5591,#5596);
#5591 = PLANE('',#5592);
#5592 = AXIS2_PLACEMENT_3D('',#5593,#5594,#5595);
#5593 = CARTESIAN_POINT('',(-30.,-25.,25.5));
#5594 = DIRECTION('',(0.,0.,1.));
#5595 = DIRECTION('',(1.,0.,-0.));
#5596 = DEFINITIONAL_REPRESENTATION('',(#5597),#5601);
#5597 = LINE('',#5598,#5599);
#5598 = CARTESIAN_POINT('',(66.133333333333,21.5));
#5599 = VECTOR('',#5600,1.);
#5600 = DIRECTION('',(0.,1.));
#5601 = ( GEOMETRIC_REPRESENTATION_CONTEXT(2) 
PARAMETRIC_REPRESENTATION_CONTEXT() REPRESENTATION_CONTEXT('2D SPACE',''
  ) );
#5602 = ADVANCED_FACE('',(#5603),#5591,.T.);
#5603 = FACE_BOUND('',#5604,.T.);
#5604 = EDGE_LOOP('',(#5605,#5628,#5656,#5677));
#5605 = ORIENTED_EDGE('',*,*,#5606,.T.);
#5606 = EDGE_CURVE('',#5475,#5607,#5609,.T.);
#5607 = VERTEX_POINT('',#5608);
#5608 = CARTESIAN_POINT('',(33.852112676056,14.,25.5));
#5609 = SURFACE_CURVE('',#5610,(#5614,#5621),.PCURVE_S1.);
#5610 = LINE('',#5611,#5612);
#5611 = CARTESIAN_POINT('',(-31.5,14.,25.5));
#5612 = VECTOR('',#5613,1.);
#5613 = DIRECTION('',(-1.,0.,0.));
#5614 = PCURVE('',#5591,#5615);
#5615 = DEFINITIONAL_REPRESENTATION('',(#5616),#5620);
#5616 = LINE('',#5617,#5618);
#5617 = CARTESIAN_POINT('',(-1.5,39.));
#5618 = VECTOR('',#5619,1.);
#5619 = DIRECTION('',(-1.,0.));
#5620 = ( GEOMETRIC_REPRESENTATION_CONTEXT(2) 
PARAMETRIC_REPRESENTATION_CONTEXT() REPRESENTATION_CONTEXT('2D SPACE',''
  ) );
#5621 = PCURVE('',#5492,#5622);
#5622 = DEFINITIONAL_REPRESENTATION('',(#5623),#5627);
#5623 = LINE('',#5624,#5625);
#5624 = CARTESIAN_POINT('',(39.3,1.5));
#5625 = VECTOR('',#5626,1.);
#5626 = DIRECTION('',(0.,-1.));
#5627 = ( GEOMETRIC_REPRESENTATION_CONTEXT(2) 
PARAMETRIC_REPRESENTATION_CONTEXT() REPRESENTATION_CONTEXT('2D SPACE',''
  ) );
#5628 = ORIENTED_EDGE('',*,*,#5629,.F.);
#5629 = EDGE_CURVE('',#5630,#5607,#5632,.T.);
#5630 = VERTEX_POINT('',#5631);
#5631 = CARTESIAN_POINT('',(33.852112676056,-25.,25.5));
#5632 = SURFACE_CURVE('',#5633,(#5637,#5644),.PCURVE_S1.);
#5633 = LINE('',#5634,#5635);
#5634 = CARTESIAN_POINT('',(33.852112676056,-4.5,25.5));
#5635 = VECTOR('',#5636,1.);
#5636 = DIRECTION('',(0.,1.,0.));
#5637 = PCURVE('',#5591,#5638);
#5638 = DEFINITIONAL_REPRESENTATION('',(#5639),#5643);
#5639 = LINE('',#5640,#5641);
#5640 = CARTESIAN_POINT('',(63.852112676056,20.5));
#5641 = VECTOR('',#5642,1.);
#5642 = DIRECTION('',(0.,1.));
#5643 = ( GEOMETRIC_REPRESENTATION_CONTEXT(2) 
PARAMETRIC_REPRESENTATION_CONTEXT() REPRESENTATION_CONTEXT('2D SPACE',''
  ) );
#5644 = PCURVE('',#5645,#5650);
#5645 = PLANE('',#5646);
#5646 = AXIS2_PLACEMENT_3D('',#5647,#5648,#5649);
#5647 = CARTESIAN_POINT('',(36.5,16.,20.8));
#5648 = DIRECTION('',(-0.871247627745,-0.,-0.490843733941));
#5649 = DIRECTION('',(-0.490843733941,0.,0.871247627745));
#5650 = DEFINITIONAL_REPRESENTATION('',(#5651),#5655);
#5651 = LINE('',#5652,#5653);
#5652 = CARTESIAN_POINT('',(5.39456275154,-20.5));
#5653 = VECTOR('',#5654,1.);
#5654 = DIRECTION('',(0.,1.));
#5655 = ( GEOMETRIC_REPRESENTATION_CONTEXT(2) 
PARAMETRIC_REPRESENTATION_CONTEXT() REPRESENTATION_CONTEXT('2D SPACE',''
  ) );
#5656 = ORIENTED_EDGE('',*,*,#5657,.T.);
#5657 = EDGE_CURVE('',#5630,#5555,#5658,.T.);
#5658 = SURFACE_CURVE('',#5659,(#5663,#5670),.PCURVE_S1.);
#5659 = LINE('',#5660,#5661);
#5660 = CARTESIAN_POINT('',(-30.,-25.,25.5));
#5661 = VECTOR('',#5662,1.);
#5662 = DIRECTION('',(1.,0.,0.));
#5663 = PCURVE('',#5591,#5664);
#5664 = DEFINITIONAL_REPRESENTATION('',(#5665),#5669);
#5665 = LINE('',#5666,#5667);
#5666 = CARTESIAN_POINT('',(0.,0.));
#5667 = VECTOR('',#5668,1.);
#5668 = DIRECTION('',(1.,0.));
#5669 = ( GEOMETRIC_REPRESENTATION_CONTEXT(2) 
PARAMETRIC_REPRESENTATION_CONTEXT() REPRESENTATION_CONTEXT('2D SPACE',''
  ) );
#5670 = PCURVE('',#5351,#5671);
#5671 = DEFINITIONAL_REPRESENTATION('',(#5672),#5676);
#5672 = LINE('',#5673,#5674);
#5673 = CARTESIAN_POINT('',(0.,0.));
#5674 = VECTOR('',#5675,1.);
#5675 = DIRECTION('',(0.,1.));
#5676 = ( GEOMETRIC_REPRESENTATION_CONTEXT(2) 
PARAMETRIC_REPRESENTATION_CONTEXT() REPRESENTATION_CONTEXT('2D SPACE',''
  ) );
#5677 = ORIENTED_EDGE('',*,*,#5577,.T.);
#5678 = ADVANCED_FACE('',(#5679),#5645,.T.);
#5679 = FACE_BOUND('',#5680,.T.);
#5680 = EDGE_LOOP('',(#5681,#5704,#5732,#5755,#5783,#5804));
#5681 = ORIENTED_EDGE('',*,*,#5682,.T.);
#5682 = EDGE_CURVE('',#5607,#5683,#5685,.T.);
#5683 = VERTEX_POINT('',#5684);
#5684 = CARTESIAN_POINT('',(36.5,14.,20.8));
#5685 = SURFACE_CURVE('',#5686,(#5690,#5697),.PCURVE_S1.);
#5686 = LINE('',#5687,#5688);
#5687 = CARTESIAN_POINT('',(35.52605029363,14.,22.528760728806));
#5688 = VECTOR('',#5689,1.);
#5689 = DIRECTION('',(0.490843733941,0.,-0.871247627745));
#5690 = PCURVE('',#5645,#5691);
#5691 = DEFINITIONAL_REPRESENTATION('',(#5692),#5696);
#5692 = LINE('',#5693,#5694);
#5693 = CARTESIAN_POINT('',(1.984235794456,-2.));
#5694 = VECTOR('',#5695,1.);
#5695 = DIRECTION('',(-1.,0.));
#5696 = ( GEOMETRIC_REPRESENTATION_CONTEXT(2) 
PARAMETRIC_REPRESENTATION_CONTEXT() REPRESENTATION_CONTEXT('2D SPACE',''
  ) );
#5697 = PCURVE('',#5492,#5698);
#5698 = DEFINITIONAL_REPRESENTATION('',(#5699),#5703);
#5699 = LINE('',#5700,#5701);
#5700 = CARTESIAN_POINT('',(36.328760728806,68.52605029363));
#5701 = VECTOR('',#5702,1.);
#5702 = DIRECTION('',(-0.871247627745,0.490843733941));
#5703 = ( GEOMETRIC_REPRESENTATION_CONTEXT(2) 
PARAMETRIC_REPRESENTATION_CONTEXT() REPRESENTATION_CONTEXT('2D SPACE',''
  ) );
#5704 = ORIENTED_EDGE('',*,*,#5705,.T.);
#5705 = EDGE_CURVE('',#5683,#5706,#5708,.T.);
#5706 = VERTEX_POINT('',#5707);
#5707 = CARTESIAN_POINT('',(36.5,-28.,20.8));
#5708 = SURFACE_CURVE('',#5709,(#5713,#5720),.PCURVE_S1.);
#5709 = LINE('',#5710,#5711);
#5710 = CARTESIAN_POINT('',(36.5,16.,20.8));
#5711 = VECTOR('',#5712,1.);
#5712 = DIRECTION('',(0.,-1.,0.));
#5713 = PCURVE('',#5645,#5714);
#5714 = DEFINITIONAL_REPRESENTATION('',(#5715),#5719);
#5715 = LINE('',#5716,#5717);
#5716 = CARTESIAN_POINT('',(0.,0.));
#5717 = VECTOR('',#5718,1.);
#5718 = DIRECTION('',(0.,-1.));
#5719 = ( GEOMETRIC_REPRESENTATION_CONTEXT(2) 
PARAMETRIC_REPRESENTATION_CONTEXT() REPRESENTATION_CONTEXT('2D SPACE',''
  ) );
#5720 = PCURVE('',#5721,#5726);
#5721 = PLANE('',#5722);
#5722 = AXIS2_PLACEMENT_3D('',#5723,#5724,#5725);
#5723 = CARTESIAN_POINT('',(41.,16.,10.7));
#5724 = DIRECTION('',(-0.913438217253,-0.,-0.406977423529));
#5725 = DIRECTION('',(-0.406977423529,0.,0.913438217253));
#5726 = DEFINITIONAL_REPRESENTATION('',(#5727),#5731);
#5727 = LINE('',#5728,#5729);
#5728 = CARTESIAN_POINT('',(11.057124400132,0.));
#5729 = VECTOR('',#5730,1.);
#5730 = DIRECTION('',(0.,-1.));
#5731 = ( GEOMETRIC_REPRESENTATION_CONTEXT(2) 
PARAMETRIC_REPRESENTATION_CONTEXT() REPRESENTATION_CONTEXT('2D SPACE',''
  ) );
#5732 = ORIENTED_EDGE('',*,*,#5733,.T.);
#5733 = EDGE_CURVE('',#5706,#5734,#5736,.T.);
#5734 = VERTEX_POINT('',#5735);
#5735 = CARTESIAN_POINT('',(28.5,-28.,35.));
#5736 = SURFACE_CURVE('',#5737,(#5741,#5748),.PCURVE_S1.);
#5737 = LINE('',#5738,#5739);
#5738 = CARTESIAN_POINT('',(36.5,-28.,20.8));
#5739 = VECTOR('',#5740,1.);
#5740 = DIRECTION('',(-0.490843733941,0.,0.871247627745));
#5741 = PCURVE('',#5645,#5742);
#5742 = DEFINITIONAL_REPRESENTATION('',(#5743),#5747);
#5743 = LINE('',#5744,#5745);
#5744 = CARTESIAN_POINT('',(0.,-44.));
#5745 = VECTOR('',#5746,1.);
#5746 = DIRECTION('',(1.,0.));
#5747 = ( GEOMETRIC_REPRESENTATION_CONTEXT(2) 
PARAMETRIC_REPRESENTATION_CONTEXT() REPRESENTATION_CONTEXT('2D SPACE',''
  ) );
#5748 = PCURVE('',#701,#5749);
#5749 = DEFINITIONAL_REPRESENTATION('',(#5750),#5754);
#5750 = LINE('',#5751,#5752);
#5751 = CARTESIAN_POINT('',(-14.58936502474,34.118585791639));
#5752 = VECTOR('',#5753,1.);
#5753 = DIRECTION('',(-0.871247627745,-0.490843733941));
#5754 = ( GEOMETRIC_REPRESENTATION_CONTEXT(2) 
PARAMETRIC_REPRESENTATION_CONTEXT() REPRESENTATION_CONTEXT('2D SPACE',''
  ) );
#5755 = ORIENTED_EDGE('',*,*,#5756,.F.);
#5756 = EDGE_CURVE('',#5757,#5734,#5759,.T.);
#5757 = VERTEX_POINT('',#5758);
#5758 = CARTESIAN_POINT('',(28.5,-25.,35.));
#5759 = SURFACE_CURVE('',#5760,(#5764,#5771),.PCURVE_S1.);
#5760 = LINE('',#5761,#5762);
#5761 = CARTESIAN_POINT('',(28.5,16.,35.));
#5762 = VECTOR('',#5763,1.);
#5763 = DIRECTION('',(0.,-1.,0.));
#5764 = PCURVE('',#5645,#5765);
#5765 = DEFINITIONAL_REPRESENTATION('',(#5766),#5770);
#5766 = LINE('',#5767,#5768);
#5767 = CARTESIAN_POINT('',(16.298466185503,0.));
#5768 = VECTOR('',#5769,1.);
#5769 = DIRECTION('',(0.,-1.));
#5770 = ( GEOMETRIC_REPRESENTATION_CONTEXT(2) 
PARAMETRIC_REPRESENTATION_CONTEXT() REPRESENTATION_CONTEXT('2D SPACE',''
  ) );
#5771 = PCURVE('',#5772,#5777);
#5772 = PLANE('',#5773);
#5773 = AXIS2_PLACEMENT_3D('',#5774,#5775,#5776);
#5774 = CARTESIAN_POINT('',(28.5,16.,35.));
#5775 = DIRECTION('',(-0.,-0.,-1.));
#5776 = DIRECTION('',(-1.,0.,0.));
#5777 = DEFINITIONAL_REPRESENTATION('',(#5778),#5782);
#5778 = LINE('',#5779,#5780);
#5779 = CARTESIAN_POINT('',(0.,0.));
#5780 = VECTOR('',#5781,1.);
#5781 = DIRECTION('',(0.,-1.));
#5782 = ( GEOMETRIC_REPRESENTATION_CONTEXT(2) 
PARAMETRIC_REPRESENTATION_CONTEXT() REPRESENTATION_CONTEXT('2D SPACE',''
  ) );
#5783 = ORIENTED_EDGE('',*,*,#5784,.T.);
#5784 = EDGE_CURVE('',#5757,#5630,#5785,.T.);
#5785 = SURFACE_CURVE('',#5786,(#5790,#5797),.PCURVE_S1.);
#5786 = LINE('',#5787,#5788);
#5787 = CARTESIAN_POINT('',(27.484189128143,-25.,36.803064297546));
#5788 = VECTOR('',#5789,1.);
#5789 = DIRECTION('',(0.490843733941,0.,-0.871247627745));
#5790 = PCURVE('',#5645,#5791);
#5791 = DEFINITIONAL_REPRESENTATION('',(#5792),#5796);
#5792 = LINE('',#5793,#5794);
#5793 = CARTESIAN_POINT('',(18.367986078732,-41.));
#5794 = VECTOR('',#5795,1.);
#5795 = DIRECTION('',(-1.,0.));
#5796 = ( GEOMETRIC_REPRESENTATION_CONTEXT(2) 
PARAMETRIC_REPRESENTATION_CONTEXT() REPRESENTATION_CONTEXT('2D SPACE',''
  ) );
#5797 = PCURVE('',#5351,#5798);
#5798 = DEFINITIONAL_REPRESENTATION('',(#5799),#5803);
#5799 = LINE('',#5800,#5801);
#5800 = CARTESIAN_POINT('',(11.303064297546,57.484189128143));
#5801 = VECTOR('',#5802,1.);
#5802 = DIRECTION('',(-0.871247627745,0.490843733941));
#5803 = ( GEOMETRIC_REPRESENTATION_CONTEXT(2) 
PARAMETRIC_REPRESENTATION_CONTEXT() REPRESENTATION_CONTEXT('2D SPACE',''
  ) );
#5804 = ORIENTED_EDGE('',*,*,#5629,.T.);
#5805 = ADVANCED_FACE('',(#5806),#5772,.T.);
#5806 = FACE_BOUND('',#5807,.T.);
#5807 = EDGE_LOOP('',(#5808,#5833,#5854,#5855,#5878));
#5808 = ORIENTED_EDGE('',*,*,#5809,.F.);
#5809 = EDGE_CURVE('',#5810,#5812,#5814,.T.);
#5810 = VERTEX_POINT('',#5811);
#5811 = CARTESIAN_POINT('',(22.,-25.,35.));
#5812 = VERTEX_POINT('',#5813);
#5813 = CARTESIAN_POINT('',(22.,-26.,35.));
#5814 = SURFACE_CURVE('',#5815,(#5819,#5826),.PCURVE_S1.);
#5815 = LINE('',#5816,#5817);
#5816 = CARTESIAN_POINT('',(22.,-6.,35.));
#5817 = VECTOR('',#5818,1.);
#5818 = DIRECTION('',(0.,-1.,0.));
#5819 = PCURVE('',#5772,#5820);
#5820 = DEFINITIONAL_REPRESENTATION('',(#5821),#5825);
#5821 = LINE('',#5822,#5823);
#5822 = CARTESIAN_POINT('',(6.5,-22.));
#5823 = VECTOR('',#5824,1.);
#5824 = DIRECTION('',(0.,-1.));
#5825 = ( GEOMETRIC_REPRESENTATION_CONTEXT(2) 
PARAMETRIC_REPRESENTATION_CONTEXT() REPRESENTATION_CONTEXT('2D SPACE',''
  ) );
#5826 = PCURVE('',#5323,#5827);
#5827 = DEFINITIONAL_REPRESENTATION('',(#5828),#5832);
#5828 = LINE('',#5829,#5830);
#5829 = CARTESIAN_POINT('',(1.,-22.));
#5830 = VECTOR('',#5831,1.);
#5831 = DIRECTION('',(0.,1.));
#5832 = ( GEOMETRIC_REPRESENTATION_CONTEXT(2) 
PARAMETRIC_REPRESENTATION_CONTEXT() REPRESENTATION_CONTEXT('2D SPACE',''
  ) );
#5833 = ORIENTED_EDGE('',*,*,#5834,.T.);
#5834 = EDGE_CURVE('',#5810,#5757,#5835,.T.);
#5835 = SURFACE_CURVE('',#5836,(#5840,#5847),.PCURVE_S1.);
#5836 = LINE('',#5837,#5838);
#5837 = CARTESIAN_POINT('',(-0.75,-25.,35.));
#5838 = VECTOR('',#5839,1.);
#5839 = DIRECTION('',(1.,0.,0.));
#5840 = PCURVE('',#5772,#5841);
#5841 = DEFINITIONAL_REPRESENTATION('',(#5842),#5846);
#5842 = LINE('',#5843,#5844);
#5843 = CARTESIAN_POINT('',(29.25,-41.));
#5844 = VECTOR('',#5845,1.);
#5845 = DIRECTION('',(-1.,0.));
#5846 = ( GEOMETRIC_REPRESENTATION_CONTEXT(2) 
PARAMETRIC_REPRESENTATION_CONTEXT() REPRESENTATION_CONTEXT('2D SPACE',''
  ) );
#5847 = PCURVE('',#5351,#5848);
#5848 = DEFINITIONAL_REPRESENTATION('',(#5849),#5853);
#5849 = LINE('',#5850,#5851);
#5850 = CARTESIAN_POINT('',(9.5,29.25));
#5851 = VECTOR('',#5852,1.);
#5852 = DIRECTION('',(0.,1.));
#5853 = ( GEOMETRIC_REPRESENTATION_CONTEXT(2) 
PARAMETRIC_REPRESENTATION_CONTEXT() REPRESENTATION_CONTEXT('2D SPACE',''
  ) );
#5854 = ORIENTED_EDGE('',*,*,#5756,.T.);
#5855 = ORIENTED_EDGE('',*,*,#5856,.T.);
#5856 = EDGE_CURVE('',#5734,#5857,#5859,.T.);
#5857 = VERTEX_POINT('',#5858);
#5858 = CARTESIAN_POINT('',(20.,-28.,35.));
#5859 = SURFACE_CURVE('',#5860,(#5864,#5871),.PCURVE_S1.);
#5860 = LINE('',#5861,#5862);
#5861 = CARTESIAN_POINT('',(28.5,-28.,35.));
#5862 = VECTOR('',#5863,1.);
#5863 = DIRECTION('',(-1.,0.,0.));
#5864 = PCURVE('',#5772,#5865);
#5865 = DEFINITIONAL_REPRESENTATION('',(#5866),#5870);
#5866 = LINE('',#5867,#5868);
#5867 = CARTESIAN_POINT('',(0.,-44.));
#5868 = VECTOR('',#5869,1.);
#5869 = DIRECTION('',(1.,0.));
#5870 = ( GEOMETRIC_REPRESENTATION_CONTEXT(2) 
PARAMETRIC_REPRESENTATION_CONTEXT() REPRESENTATION_CONTEXT('2D SPACE',''
  ) );
#5871 = PCURVE('',#701,#5872);
#5872 = DEFINITIONAL_REPRESENTATION('',(#5873),#5877);
#5873 = LINE('',#5874,#5875);
#5874 = CARTESIAN_POINT('',(-28.78936502474,26.118585791639));
#5875 = VECTOR('',#5876,1.);
#5876 = DIRECTION('',(0.,-1.));
#5877 = ( GEOMETRIC_REPRESENTATION_CONTEXT(2) 
PARAMETRIC_REPRESENTATION_CONTEXT() REPRESENTATION_CONTEXT('2D SPACE',''
  ) );
#5878 = ORIENTED_EDGE('',*,*,#5879,.T.);
#5879 = EDGE_CURVE('',#5857,#5812,#5880,.T.);
#5880 = SURFACE_CURVE('',#5881,(#5886,#5897),.PCURVE_S1.);
#5881 = CIRCLE('',#5882,2.);
#5882 = AXIS2_PLACEMENT_3D('',#5883,#5884,#5885);
#5883 = CARTESIAN_POINT('',(20.,-26.,35.));
#5884 = DIRECTION('',(0.,0.,1.));
#5885 = DIRECTION('',(1.,0.,-0.));
#5886 = PCURVE('',#5772,#5887);
#5887 = DEFINITIONAL_REPRESENTATION('',(#5888),#5896);
#5888 = ( BOUNDED_CURVE() B_SPLINE_CURVE(2,(#5889,#5890,#5891,#5892,
#5893,#5894,#5895),.UNSPECIFIED.,.T.,.F.) B_SPLINE_CURVE_WITH_KNOTS((1,2
    ,2,2,2,1),(-2.094395102393,0.,2.094395102393,4.188790204786,
6.28318530718,8.377580409573),.UNSPECIFIED.) CURVE() 
GEOMETRIC_REPRESENTATION_ITEM() RATIONAL_B_SPLINE_CURVE((1.,0.5,1.,0.5,
1.,0.5,1.)) REPRESENTATION_ITEM('') );
#5889 = CARTESIAN_POINT('',(6.5,-42.));
#5890 = CARTESIAN_POINT('',(6.5,-38.53589838486));
#5891 = CARTESIAN_POINT('',(9.5,-40.26794919243));
#5892 = CARTESIAN_POINT('',(12.5,-42.));
#5893 = CARTESIAN_POINT('',(9.5,-43.73205080756));
#5894 = CARTESIAN_POINT('',(6.5,-45.46410161513));
#5895 = CARTESIAN_POINT('',(6.5,-42.));
#5896 = ( GEOMETRIC_REPRESENTATION_CONTEXT(2) 
PARAMETRIC_REPRESENTATION_CONTEXT() REPRESENTATION_CONTEXT('2D SPACE',''
  ) );
#5897 = PCURVE('',#5295,#5898);
#5898 = DEFINITIONAL_REPRESENTATION('',(#5899),#5903);
#5899 = LINE('',#5900,#5901);
#5900 = CARTESIAN_POINT('',(-4.138911435803E-13,1.));
#5901 = VECTOR('',#5902,1.);
#5902 = DIRECTION('',(1.,-0.));
#5903 = ( GEOMETRIC_REPRESENTATION_CONTEXT(2) 
PARAMETRIC_REPRESENTATION_CONTEXT() REPRESENTATION_CONTEXT('2D SPACE',''
  ) );
#5904 = ADVANCED_FACE('',(#5905),#5721,.T.);
#5905 = FACE_BOUND('',#5906,.T.);
#5906 = EDGE_LOOP('',(#5907,#5930,#5958,#5979));
#5907 = ORIENTED_EDGE('',*,*,#5908,.T.);
#5908 = EDGE_CURVE('',#5683,#5909,#5911,.T.);
#5909 = VERTEX_POINT('',#5910);
#5910 = CARTESIAN_POINT('',(41.,14.,10.7));
#5911 = SURFACE_CURVE('',#5912,(#5916,#5923),.PCURVE_S1.);
#5912 = LINE('',#5913,#5914);
#5913 = CARTESIAN_POINT('',(39.425588908883,14.,14.23367822673));
#5914 = VECTOR('',#5915,1.);
#5915 = DIRECTION('',(0.406977423529,0.,-0.913438217253));
#5916 = PCURVE('',#5721,#5917);
#5917 = DEFINITIONAL_REPRESENTATION('',(#5918),#5922);
#5918 = LINE('',#5919,#5920);
#5919 = CARTESIAN_POINT('',(3.868546509207,-2.));
#5920 = VECTOR('',#5921,1.);
#5921 = DIRECTION('',(-1.,0.));
#5922 = ( GEOMETRIC_REPRESENTATION_CONTEXT(2) 
PARAMETRIC_REPRESENTATION_CONTEXT() REPRESENTATION_CONTEXT('2D SPACE',''
  ) );
#5923 = PCURVE('',#5492,#5924);
#5924 = DEFINITIONAL_REPRESENTATION('',(#5925),#5929);
#5925 = LINE('',#5926,#5927);
#5926 = CARTESIAN_POINT('',(28.03367822673,72.425588908883));
#5927 = VECTOR('',#5928,1.);
#5928 = DIRECTION('',(-0.913438217253,0.406977423529));
#5929 = ( GEOMETRIC_REPRESENTATION_CONTEXT(2) 
PARAMETRIC_REPRESENTATION_CONTEXT() REPRESENTATION_CONTEXT('2D SPACE',''
  ) );
#5930 = ORIENTED_EDGE('',*,*,#5931,.T.);
#5931 = EDGE_CURVE('',#5909,#5932,#5934,.T.);
#5932 = VERTEX_POINT('',#5933);
#5933 = CARTESIAN_POINT('',(41.,-28.,10.7));
#5934 = SURFACE_CURVE('',#5935,(#5939,#5946),.PCURVE_S1.);
#5935 = LINE('',#5936,#5937);
#5936 = CARTESIAN_POINT('',(41.,16.,10.7));
#5937 = VECTOR('',#5938,1.);
#5938 = DIRECTION('',(0.,-1.,0.));
#5939 = PCURVE('',#5721,#5940);
#5940 = DEFINITIONAL_REPRESENTATION('',(#5941),#5945);
#5941 = LINE('',#5942,#5943);
#5942 = CARTESIAN_POINT('',(0.,0.));
#5943 = VECTOR('',#5944,1.);
#5944 = DIRECTION('',(0.,-1.));
#5945 = ( GEOMETRIC_REPRESENTATION_CONTEXT(2) 
PARAMETRIC_REPRESENTATION_CONTEXT() REPRESENTATION_CONTEXT('2D SPACE',''
  ) );
#5946 = PCURVE('',#5947,#5952);
#5947 = PLANE('',#5948);
#5948 = AXIS2_PLACEMENT_3D('',#5949,#5950,#5951);
#5949 = CARTESIAN_POINT('',(45.,16.,-1.));
#5950 = DIRECTION('',(-0.946229146534,-0.,-0.323497144114));
#5951 = DIRECTION('',(-0.323497144114,0.,0.946229146534));
#5952 = DEFINITIONAL_REPRESENTATION('',(#5953),#5957);
#5953 = LINE('',#5954,#5955);
#5954 = CARTESIAN_POINT('',(12.364869590901,0.));
#5955 = VECTOR('',#5956,1.);
#5956 = DIRECTION('',(0.,-1.));
#5957 = ( GEOMETRIC_REPRESENTATION_CONTEXT(2) 
PARAMETRIC_REPRESENTATION_CONTEXT() REPRESENTATION_CONTEXT('2D SPACE',''
  ) );
#5958 = ORIENTED_EDGE('',*,*,#5959,.T.);
#5959 = EDGE_CURVE('',#5932,#5706,#5960,.T.);
#5960 = SURFACE_CURVE('',#5961,(#5965,#5972),.PCURVE_S1.);
#5961 = LINE('',#5962,#5963);
#5962 = CARTESIAN_POINT('',(41.,-28.,10.7));
#5963 = VECTOR('',#5964,1.);
#5964 = DIRECTION('',(-0.406977423529,0.,0.913438217253));
#5965 = PCURVE('',#5721,#5966);
#5966 = DEFINITIONAL_REPRESENTATION('',(#5967),#5971);
#5967 = LINE('',#5968,#5969);
#5968 = CARTESIAN_POINT('',(0.,-44.));
#5969 = VECTOR('',#5970,1.);
#5970 = DIRECTION('',(1.,0.));
#5971 = ( GEOMETRIC_REPRESENTATION_CONTEXT(2) 
PARAMETRIC_REPRESENTATION_CONTEXT() REPRESENTATION_CONTEXT('2D SPACE',''
  ) );
#5972 = PCURVE('',#701,#5973);
#5973 = DEFINITIONAL_REPRESENTATION('',(#5974),#5978);
#5974 = LINE('',#5975,#5976);
#5975 = CARTESIAN_POINT('',(-4.489365024747,38.618585791639));
#5976 = VECTOR('',#5977,1.);
#5977 = DIRECTION('',(-0.913438217253,-0.406977423529));
#5978 = ( GEOMETRIC_REPRESENTATION_CONTEXT(2) 
PARAMETRIC_REPRESENTATION_CONTEXT() REPRESENTATION_CONTEXT('2D SPACE',''
  ) );
#5979 = ORIENTED_EDGE('',*,*,#5705,.F.);
#5980 = ADVANCED_FACE('',(#5981),#5947,.T.);
#5981 = FACE_BOUND('',#5982,.T.);
#5982 = EDGE_LOOP('',(#5983,#6008,#6031,#6052,#6053,#6076));
#5983 = ORIENTED_EDGE('',*,*,#5984,.F.);
#5984 = EDGE_CURVE('',#5985,#5987,#5989,.T.);
#5985 = VERTEX_POINT('',#5986);
#5986 = CARTESIAN_POINT('',(45.,16.,-1.));
#5987 = VERTEX_POINT('',#5988);
#5988 = CARTESIAN_POINT('',(44.,16.,1.925));
#5989 = SURFACE_CURVE('',#5990,(#5994,#6001),.PCURVE_S1.);
#5990 = LINE('',#5991,#5992);
#5991 = CARTESIAN_POINT('',(45.,16.,-1.));
#5992 = VECTOR('',#5993,1.);
#5993 = DIRECTION('',(-0.323497144114,0.,0.946229146534));
#5994 = PCURVE('',#5947,#5995);
#5995 = DEFINITIONAL_REPRESENTATION('',(#5996),#6000);
#5996 = LINE('',#5997,#5998);
#5997 = CARTESIAN_POINT('',(0.,0.));
#5998 = VECTOR('',#5999,1.);
#5999 = DIRECTION('',(1.,0.));
#6000 = ( GEOMETRIC_REPRESENTATION_CONTEXT(2) 
PARAMETRIC_REPRESENTATION_CONTEXT() REPRESENTATION_CONTEXT('2D SPACE',''
  ) );
#6001 = PCURVE('',#645,#6002);
#6002 = DEFINITIONAL_REPRESENTATION('',(#6003),#6007);
#6003 = LINE('',#6004,#6005);
#6004 = CARTESIAN_POINT('',(7.210634975253,42.618585791639));
#6005 = VECTOR('',#6006,1.);
#6006 = DIRECTION('',(-0.946229146534,-0.323497144114));
#6007 = ( GEOMETRIC_REPRESENTATION_CONTEXT(2) 
PARAMETRIC_REPRESENTATION_CONTEXT() REPRESENTATION_CONTEXT('2D SPACE',''
  ) );
#6008 = ORIENTED_EDGE('',*,*,#6009,.T.);
#6009 = EDGE_CURVE('',#5985,#6010,#6012,.T.);
#6010 = VERTEX_POINT('',#6011);
#6011 = CARTESIAN_POINT('',(45.,-28.,-1.));
#6012 = SURFACE_CURVE('',#6013,(#6017,#6024),.PCURVE_S1.);
#6013 = LINE('',#6014,#6015);
#6014 = CARTESIAN_POINT('',(45.,16.,-1.));
#6015 = VECTOR('',#6016,1.);
#6016 = DIRECTION('',(0.,-1.,0.));
#6017 = PCURVE('',#5947,#6018);
#6018 = DEFINITIONAL_REPRESENTATION('',(#6019),#6023);
#6019 = LINE('',#6020,#6021);
#6020 = CARTESIAN_POINT('',(0.,0.));
#6021 = VECTOR('',#6022,1.);
#6022 = DIRECTION('',(0.,-1.));
#6023 = ( GEOMETRIC_REPRESENTATION_CONTEXT(2) 
PARAMETRIC_REPRESENTATION_CONTEXT() REPRESENTATION_CONTEXT('2D SPACE',''
  ) );
#6024 = PCURVE('',#673,#6025);
#6025 = DEFINITIONAL_REPRESENTATION('',(#6026),#6030);
#6026 = LINE('',#6027,#6028);
#6027 = CARTESIAN_POINT('',(17.,0.));
#6028 = VECTOR('',#6029,1.);
#6029 = DIRECTION('',(0.,-1.));
#6030 = ( GEOMETRIC_REPRESENTATION_CONTEXT(2) 
PARAMETRIC_REPRESENTATION_CONTEXT() REPRESENTATION_CONTEXT('2D SPACE',''
  ) );
#6031 = ORIENTED_EDGE('',*,*,#6032,.T.);
#6032 = EDGE_CURVE('',#6010,#5932,#6033,.T.);
#6033 = SURFACE_CURVE('',#6034,(#6038,#6045),.PCURVE_S1.);
#6034 = LINE('',#6035,#6036);
#6035 = CARTESIAN_POINT('',(45.,-28.,-1.));
#6036 = VECTOR('',#6037,1.);
#6037 = DIRECTION('',(-0.323497144114,0.,0.946229146534));
#6038 = PCURVE('',#5947,#6039);
#6039 = DEFINITIONAL_REPRESENTATION('',(#6040),#6044);
#6040 = LINE('',#6041,#6042);
#6041 = CARTESIAN_POINT('',(0.,-44.));
#6042 = VECTOR('',#6043,1.);
#6043 = DIRECTION('',(1.,0.));
#6044 = ( GEOMETRIC_REPRESENTATION_CONTEXT(2) 
PARAMETRIC_REPRESENTATION_CONTEXT() REPRESENTATION_CONTEXT('2D SPACE',''
  ) );
#6045 = PCURVE('',#701,#6046);
#6046 = DEFINITIONAL_REPRESENTATION('',(#6047),#6051);
#6047 = LINE('',#6048,#6049);
#6048 = CARTESIAN_POINT('',(7.210634975253,42.618585791639));
#6049 = VECTOR('',#6050,1.);
#6050 = DIRECTION('',(-0.946229146534,-0.323497144114));
#6051 = ( GEOMETRIC_REPRESENTATION_CONTEXT(2) 
PARAMETRIC_REPRESENTATION_CONTEXT() REPRESENTATION_CONTEXT('2D SPACE',''
  ) );
#6052 = ORIENTED_EDGE('',*,*,#5931,.F.);
#6053 = ORIENTED_EDGE('',*,*,#6054,.T.);
#6054 = EDGE_CURVE('',#5909,#6055,#6057,.T.);
#6055 = VERTEX_POINT('',#6056);
#6056 = CARTESIAN_POINT('',(44.,14.,1.925));
#6057 = SURFACE_CURVE('',#6058,(#6062,#6069),.PCURVE_S1.);
#6058 = LINE('',#6059,#6060);
#6059 = CARTESIAN_POINT('',(42.87768984237,14.,5.207757211067));
#6060 = VECTOR('',#6061,1.);
#6061 = DIRECTION('',(0.323497144114,0.,-0.946229146534));
#6062 = PCURVE('',#5947,#6063);
#6063 = DEFINITIONAL_REPRESENTATION('',(#6064),#6068);
#6064 = LINE('',#6065,#6066);
#6065 = CARTESIAN_POINT('',(6.560522082634,-2.));
#6066 = VECTOR('',#6067,1.);
#6067 = DIRECTION('',(-1.,0.));
#6068 = ( GEOMETRIC_REPRESENTATION_CONTEXT(2) 
PARAMETRIC_REPRESENTATION_CONTEXT() REPRESENTATION_CONTEXT('2D SPACE',''
  ) );
#6069 = PCURVE('',#5492,#6070);
#6070 = DEFINITIONAL_REPRESENTATION('',(#6071),#6075);
#6071 = LINE('',#6072,#6073);
#6072 = CARTESIAN_POINT('',(19.007757211067,75.87768984237));
#6073 = VECTOR('',#6074,1.);
#6074 = DIRECTION('',(-0.946229146534,0.323497144114));
#6075 = ( GEOMETRIC_REPRESENTATION_CONTEXT(2) 
PARAMETRIC_REPRESENTATION_CONTEXT() REPRESENTATION_CONTEXT('2D SPACE',''
  ) );
#6076 = ORIENTED_EDGE('',*,*,#6077,.F.);
#6077 = EDGE_CURVE('',#5987,#6055,#6078,.T.);
#6078 = SURFACE_CURVE('',#6079,(#6083,#6090),.PCURVE_S1.);
#6079 = LINE('',#6080,#6081);
#6080 = CARTESIAN_POINT('',(44.,15.,1.925));
#6081 = VECTOR('',#6082,1.);
#6082 = DIRECTION('',(0.,-1.,0.));
#6083 = PCURVE('',#5947,#6084);
#6084 = DEFINITIONAL_REPRESENTATION('',(#6085),#6089);
#6085 = LINE('',#6086,#6087);
#6086 = CARTESIAN_POINT('',(3.091217397725,-1.));
#6087 = VECTOR('',#6088,1.);
#6088 = DIRECTION('',(0.,-1.));
#6089 = ( GEOMETRIC_REPRESENTATION_CONTEXT(2) 
PARAMETRIC_REPRESENTATION_CONTEXT() REPRESENTATION_CONTEXT('2D SPACE',''
  ) );
#6090 = PCURVE('',#6091,#6096);
#6091 = PLANE('',#6092);
#6092 = AXIS2_PLACEMENT_3D('',#6093,#6094,#6095);
#6093 = CARTESIAN_POINT('',(44.,14.,-13.8));
#6094 = DIRECTION('',(1.,0.,0.));
#6095 = DIRECTION('',(0.,0.,1.));
#6096 = DEFINITIONAL_REPRESENTATION('',(#6097),#6101);
#6097 = LINE('',#6098,#6099);
#6098 = CARTESIAN_POINT('',(15.725,-1.));
#6099 = VECTOR('',#6100,1.);
#6100 = DIRECTION('',(0.,1.));
#6101 = ( GEOMETRIC_REPRESENTATION_CONTEXT(2) 
PARAMETRIC_REPRESENTATION_CONTEXT() REPRESENTATION_CONTEXT('2D SPACE',''
  ) );
#6102 = ADVANCED_FACE('',(#6103),#6091,.F.);
#6103 = FACE_BOUND('',#6104,.F.);
#6104 = EDGE_LOOP('',(#6105,#6128,#6129,#6152,#6180,#6203));
#6105 = ORIENTED_EDGE('',*,*,#6106,.F.);
#6106 = EDGE_CURVE('',#6055,#6107,#6109,.T.);
#6107 = VERTEX_POINT('',#6108);
#6108 = CARTESIAN_POINT('',(44.,14.,9.));
#6109 = SURFACE_CURVE('',#6110,(#6114,#6121),.PCURVE_S1.);
#6110 = LINE('',#6111,#6112);
#6111 = CARTESIAN_POINT('',(44.,14.,-13.8));
#6112 = VECTOR('',#6113,1.);
#6113 = DIRECTION('',(0.,0.,1.));
#6114 = PCURVE('',#6091,#6115);
#6115 = DEFINITIONAL_REPRESENTATION('',(#6116),#6120);
#6116 = LINE('',#6117,#6118);
#6117 = CARTESIAN_POINT('',(0.,0.));
#6118 = VECTOR('',#6119,1.);
#6119 = DIRECTION('',(1.,0.));
#6120 = ( GEOMETRIC_REPRESENTATION_CONTEXT(2) 
PARAMETRIC_REPRESENTATION_CONTEXT() REPRESENTATION_CONTEXT('2D SPACE',''
  ) );
#6121 = PCURVE('',#5492,#6122);
#6122 = DEFINITIONAL_REPRESENTATION('',(#6123),#6127);
#6123 = LINE('',#6124,#6125);
#6124 = CARTESIAN_POINT('',(0.,77.));
#6125 = VECTOR('',#6126,1.);
#6126 = DIRECTION('',(1.,0.));
#6127 = ( GEOMETRIC_REPRESENTATION_CONTEXT(2) 
PARAMETRIC_REPRESENTATION_CONTEXT() REPRESENTATION_CONTEXT('2D SPACE',''
  ) );
#6128 = ORIENTED_EDGE('',*,*,#6077,.F.);
#6129 = ORIENTED_EDGE('',*,*,#6130,.F.);
#6130 = EDGE_CURVE('',#6131,#5987,#6133,.T.);
#6131 = VERTEX_POINT('',#6132);
#6132 = CARTESIAN_POINT('',(44.,16.,-12.8));
#6133 = SURFACE_CURVE('',#6134,(#6138,#6145),.PCURVE_S1.);
#6134 = LINE('',#6135,#6136);
#6135 = CARTESIAN_POINT('',(44.,16.,-3.794682512374));
#6136 = VECTOR('',#6137,1.);
#6137 = DIRECTION('',(0.,0.,1.));
#6138 = PCURVE('',#6091,#6139);
#6139 = DEFINITIONAL_REPRESENTATION('',(#6140),#6144);
#6140 = LINE('',#6141,#6142);
#6141 = CARTESIAN_POINT('',(10.005317487626,-2.));
#6142 = VECTOR('',#6143,1.);
#6143 = DIRECTION('',(1.,0.));
#6144 = ( GEOMETRIC_REPRESENTATION_CONTEXT(2) 
PARAMETRIC_REPRESENTATION_CONTEXT() REPRESENTATION_CONTEXT('2D SPACE',''
  ) );
#6145 = PCURVE('',#645,#6146);
#6146 = DEFINITIONAL_REPRESENTATION('',(#6147),#6151);
#6147 = LINE('',#6148,#6149);
#6148 = CARTESIAN_POINT('',(10.005317487627,41.618585791639));
#6149 = VECTOR('',#6150,1.);
#6150 = DIRECTION('',(-1.,0.));
#6151 = ( GEOMETRIC_REPRESENTATION_CONTEXT(2) 
PARAMETRIC_REPRESENTATION_CONTEXT() REPRESENTATION_CONTEXT('2D SPACE',''
  ) );
#6152 = ORIENTED_EDGE('',*,*,#6153,.T.);
#6153 = EDGE_CURVE('',#6131,#6154,#6156,.T.);
#6154 = VERTEX_POINT('',#6155);
#6155 = CARTESIAN_POINT('',(44.,18.,-12.8));
#6156 = SURFACE_CURVE('',#6157,(#6161,#6168),.PCURVE_S1.);
#6157 = LINE('',#6158,#6159);
#6158 = CARTESIAN_POINT('',(44.,14.,-12.8));
#6159 = VECTOR('',#6160,1.);
#6160 = DIRECTION('',(0.,1.,0.));
#6161 = PCURVE('',#6091,#6162);
#6162 = DEFINITIONAL_REPRESENTATION('',(#6163),#6167);
#6163 = LINE('',#6164,#6165);
#6164 = CARTESIAN_POINT('',(1.,0.));
#6165 = VECTOR('',#6166,1.);
#6166 = DIRECTION('',(0.,-1.));
#6167 = ( GEOMETRIC_REPRESENTATION_CONTEXT(2) 
PARAMETRIC_REPRESENTATION_CONTEXT() REPRESENTATION_CONTEXT('2D SPACE',''
  ) );
#6168 = PCURVE('',#6169,#6174);
#6169 = CYLINDRICAL_SURFACE('',#6170,1.);
#6170 = AXIS2_PLACEMENT_3D('',#6171,#6172,#6173);
#6171 = CARTESIAN_POINT('',(43.,14.,-12.8));
#6172 = DIRECTION('',(0.,1.,0.));
#6173 = DIRECTION('',(1.,0.,-0.));
#6174 = DEFINITIONAL_REPRESENTATION('',(#6175),#6179);
#6175 = LINE('',#6176,#6177);
#6176 = CARTESIAN_POINT('',(0.,0.));
#6177 = VECTOR('',#6178,1.);
#6178 = DIRECTION('',(0.,1.));
#6179 = ( GEOMETRIC_REPRESENTATION_CONTEXT(2) 
PARAMETRIC_REPRESENTATION_CONTEXT() REPRESENTATION_CONTEXT('2D SPACE',''
  ) );
#6180 = ORIENTED_EDGE('',*,*,#6181,.T.);
#6181 = EDGE_CURVE('',#6154,#6182,#6184,.T.);
#6182 = VERTEX_POINT('',#6183);
#6183 = CARTESIAN_POINT('',(44.,18.,9.));
#6184 = SURFACE_CURVE('',#6185,(#6189,#6196),.PCURVE_S1.);
#6185 = LINE('',#6186,#6187);
#6186 = CARTESIAN_POINT('',(44.,18.,-2.768882403106));
#6187 = VECTOR('',#6188,1.);
#6188 = DIRECTION('',(0.,0.,1.));
#6189 = PCURVE('',#6091,#6190);
#6190 = DEFINITIONAL_REPRESENTATION('',(#6191),#6195);
#6191 = LINE('',#6192,#6193);
#6192 = CARTESIAN_POINT('',(11.031117596894,-4.));
#6193 = VECTOR('',#6194,1.);
#6194 = DIRECTION('',(1.,0.));
#6195 = ( GEOMETRIC_REPRESENTATION_CONTEXT(2) 
PARAMETRIC_REPRESENTATION_CONTEXT() REPRESENTATION_CONTEXT('2D SPACE',''
  ) );
#6196 = PCURVE('',#118,#6197);
#6197 = DEFINITIONAL_REPRESENTATION('',(#6198),#6202);
#6198 = LINE('',#6199,#6200);
#6199 = CARTESIAN_POINT('',(11.031117596893,41.648564143232));
#6200 = VECTOR('',#6201,1.);
#6201 = DIRECTION('',(-1.,0.));
#6202 = ( GEOMETRIC_REPRESENTATION_CONTEXT(2) 
PARAMETRIC_REPRESENTATION_CONTEXT() REPRESENTATION_CONTEXT('2D SPACE',''
  ) );
#6203 = ORIENTED_EDGE('',*,*,#6204,.T.);
#6204 = EDGE_CURVE('',#6182,#6107,#6205,.T.);
#6205 = SURFACE_CURVE('',#6206,(#6210,#6217),.PCURVE_S1.);
#6206 = LINE('',#6207,#6208);
#6207 = CARTESIAN_POINT('',(44.,16.,9.));
#6208 = VECTOR('',#6209,1.);
#6209 = DIRECTION('',(0.,-1.,0.));
#6210 = PCURVE('',#6091,#6211);
#6211 = DEFINITIONAL_REPRESENTATION('',(#6212),#6216);
#6212 = LINE('',#6213,#6214);
#6213 = CARTESIAN_POINT('',(22.8,-2.));
#6214 = VECTOR('',#6215,1.);
#6215 = DIRECTION('',(0.,1.));
#6216 = ( GEOMETRIC_REPRESENTATION_CONTEXT(2) 
PARAMETRIC_REPRESENTATION_CONTEXT() REPRESENTATION_CONTEXT('2D SPACE',''
  ) );
#6217 = PCURVE('',#6218,#6223);
#6218 = PLANE('',#6219);
#6219 = AXIS2_PLACEMENT_3D('',#6220,#6221,#6222);
#6220 = CARTESIAN_POINT('',(47.,18.,0.));
#6221 = DIRECTION('',(-0.948683298051,-0.,-0.316227766017));
#6222 = DIRECTION('',(-0.316227766017,0.,0.948683298051));
#6223 = DEFINITIONAL_REPRESENTATION('',(#6224),#6228);
#6224 = LINE('',#6225,#6226);
#6225 = CARTESIAN_POINT('',(9.486832980505,-2.));
#6226 = VECTOR('',#6227,1.);
#6227 = DIRECTION('',(0.,-1.));
#6228 = ( GEOMETRIC_REPRESENTATION_CONTEXT(2) 
PARAMETRIC_REPRESENTATION_CONTEXT() REPRESENTATION_CONTEXT('2D SPACE',''
  ) );
#6229 = ADVANCED_FACE('',(#6230),#6218,.F.);
#6230 = FACE_BOUND('',#6231,.F.);
#6231 = EDGE_LOOP('',(#6232,#6255,#6283,#6306,#6334,#6355));
#6232 = ORIENTED_EDGE('',*,*,#6233,.F.);
#6233 = EDGE_CURVE('',#6234,#6182,#6236,.T.);
#6234 = VERTEX_POINT('',#6235);
#6235 = CARTESIAN_POINT('',(46.938419957661,18.,0.184740127018));
#6236 = SURFACE_CURVE('',#6237,(#6241,#6248),.PCURVE_S1.);
#6237 = LINE('',#6238,#6239);
#6238 = CARTESIAN_POINT('',(47.,18.,0.));
#6239 = VECTOR('',#6240,1.);
#6240 = DIRECTION('',(-0.316227766017,0.,0.948683298051));
#6241 = PCURVE('',#6218,#6242);
#6242 = DEFINITIONAL_REPRESENTATION('',(#6243),#6247);
#6243 = LINE('',#6244,#6245);
#6244 = CARTESIAN_POINT('',(0.,0.));
#6245 = VECTOR('',#6246,1.);
#6246 = DIRECTION('',(1.,0.));
#6247 = ( GEOMETRIC_REPRESENTATION_CONTEXT(2) 
PARAMETRIC_REPRESENTATION_CONTEXT() REPRESENTATION_CONTEXT('2D SPACE',''
  ) );
#6248 = PCURVE('',#118,#6249);
#6249 = DEFINITIONAL_REPRESENTATION('',(#6250),#6254);
#6250 = LINE('',#6251,#6252);
#6251 = CARTESIAN_POINT('',(8.262235193787,44.648564143232));
#6252 = VECTOR('',#6253,1.);
#6253 = DIRECTION('',(-0.948683298051,-0.316227766017));
#6254 = ( GEOMETRIC_REPRESENTATION_CONTEXT(2) 
PARAMETRIC_REPRESENTATION_CONTEXT() REPRESENTATION_CONTEXT('2D SPACE',''
  ) );
#6255 = ORIENTED_EDGE('',*,*,#6256,.T.);
#6256 = EDGE_CURVE('',#6234,#6257,#6259,.T.);
#6257 = VERTEX_POINT('',#6258);
#6258 = CARTESIAN_POINT('',(46.938419957661,-30.,0.184740127018));
#6259 = SURFACE_CURVE('',#6260,(#6264,#6271),.PCURVE_S1.);
#6260 = LINE('',#6261,#6262);
#6261 = CARTESIAN_POINT('',(46.938419957661,18.,0.184740127018));
#6262 = VECTOR('',#6263,1.);
#6263 = DIRECTION('',(0.,-1.,0.));
#6264 = PCURVE('',#6218,#6265);
#6265 = DEFINITIONAL_REPRESENTATION('',(#6266),#6270);
#6266 = LINE('',#6267,#6268);
#6267 = CARTESIAN_POINT('',(0.194733192202,0.));
#6268 = VECTOR('',#6269,1.);
#6269 = DIRECTION('',(0.,-1.));
#6270 = ( GEOMETRIC_REPRESENTATION_CONTEXT(2) 
PARAMETRIC_REPRESENTATION_CONTEXT() REPRESENTATION_CONTEXT('2D SPACE',''
  ) );
#6271 = PCURVE('',#6272,#6277);
#6272 = CYLINDRICAL_SURFACE('',#6273,1.2);
#6273 = AXIS2_PLACEMENT_3D('',#6274,#6275,#6276);
#6274 = CARTESIAN_POINT('',(45.8,18.,-0.194733192202));
#6275 = DIRECTION('',(0.,-1.,0.));
#6276 = DIRECTION('',(1.,0.,0.));
#6277 = DEFINITIONAL_REPRESENTATION('',(#6278),#6282);
#6278 = LINE('',#6279,#6280);
#6279 = CARTESIAN_POINT('',(0.321750554397,0.));
#6280 = VECTOR('',#6281,1.);
#6281 = DIRECTION('',(0.,1.));
#6282 = ( GEOMETRIC_REPRESENTATION_CONTEXT(2) 
PARAMETRIC_REPRESENTATION_CONTEXT() REPRESENTATION_CONTEXT('2D SPACE',''
  ) );
#6283 = ORIENTED_EDGE('',*,*,#6284,.T.);
#6284 = EDGE_CURVE('',#6257,#6285,#6287,.T.);
#6285 = VERTEX_POINT('',#6286);
#6286 = CARTESIAN_POINT('',(43.026968338458,-30.,11.919094984625));
#6287 = SURFACE_CURVE('',#6288,(#6292,#6299),.PCURVE_S1.);
#6288 = LINE('',#6289,#6290);
#6289 = CARTESIAN_POINT('',(47.,-30.,0.));
#6290 = VECTOR('',#6291,1.);
#6291 = DIRECTION('',(-0.316227766017,0.,0.948683298051));
#6292 = PCURVE('',#6218,#6293);
#6293 = DEFINITIONAL_REPRESENTATION('',(#6294),#6298);
#6294 = LINE('',#6295,#6296);
#6295 = CARTESIAN_POINT('',(0.,-48.));
#6296 = VECTOR('',#6297,1.);
#6297 = DIRECTION('',(1.,0.));
#6298 = ( GEOMETRIC_REPRESENTATION_CONTEXT(2) 
PARAMETRIC_REPRESENTATION_CONTEXT() REPRESENTATION_CONTEXT('2D SPACE',''
  ) );
#6299 = PCURVE('',#174,#6300);
#6300 = DEFINITIONAL_REPRESENTATION('',(#6301),#6305);
#6301 = LINE('',#6302,#6303);
#6302 = CARTESIAN_POINT('',(8.262235193787,44.648564143232));
#6303 = VECTOR('',#6304,1.);
#6304 = DIRECTION('',(-0.948683298051,-0.316227766017));
#6305 = ( GEOMETRIC_REPRESENTATION_CONTEXT(2) 
PARAMETRIC_REPRESENTATION_CONTEXT() REPRESENTATION_CONTEXT('2D SPACE',''
  ) );
#6306 = ORIENTED_EDGE('',*,*,#6307,.F.);
#6307 = EDGE_CURVE('',#6308,#6285,#6310,.T.);
#6308 = VERTEX_POINT('',#6309);
#6309 = CARTESIAN_POINT('',(43.026968338458,14.,11.919094984625));
#6310 = SURFACE_CURVE('',#6311,(#6315,#6322),.PCURVE_S1.);
#6311 = LINE('',#6312,#6313);
#6312 = CARTESIAN_POINT('',(43.026968338458,18.,11.919094984625));
#6313 = VECTOR('',#6314,1.);
#6314 = DIRECTION('',(0.,-1.,0.));
#6315 = PCURVE('',#6218,#6316);
#6316 = DEFINITIONAL_REPRESENTATION('',(#6317),#6321);
#6317 = LINE('',#6318,#6319);
#6318 = CARTESIAN_POINT('',(12.563829266435,0.));
#6319 = VECTOR('',#6320,1.);
#6320 = DIRECTION('',(0.,-1.));
#6321 = ( GEOMETRIC_REPRESENTATION_CONTEXT(2) 
PARAMETRIC_REPRESENTATION_CONTEXT() REPRESENTATION_CONTEXT('2D SPACE',''
  ) );
#6322 = PCURVE('',#6323,#6328);
#6323 = CYLINDRICAL_SURFACE('',#6324,1.2);
#6324 = AXIS2_PLACEMENT_3D('',#6325,#6326,#6327);
#6325 = CARTESIAN_POINT('',(41.888548380798,18.,11.539621665405));
#6326 = DIRECTION('',(0.,-1.,0.));
#6327 = DIRECTION('',(0.948683298051,0.,0.316227766017));
#6328 = DEFINITIONAL_REPRESENTATION('',(#6329),#6333);
#6329 = LINE('',#6330,#6331);
#6330 = CARTESIAN_POINT('',(0.,0.));
#6331 = VECTOR('',#6332,1.);
#6332 = DIRECTION('',(0.,1.));
#6333 = ( GEOMETRIC_REPRESENTATION_CONTEXT(2) 
PARAMETRIC_REPRESENTATION_CONTEXT() REPRESENTATION_CONTEXT('2D SPACE',''
  ) );
#6334 = ORIENTED_EDGE('',*,*,#6335,.T.);
#6335 = EDGE_CURVE('',#6308,#6107,#6336,.T.);
#6336 = SURFACE_CURVE('',#6337,(#6341,#6348),.PCURVE_S1.);
#6337 = LINE('',#6338,#6339);
#6338 = CARTESIAN_POINT('',(45.07,14.,5.79));
#6339 = VECTOR('',#6340,1.);
#6340 = DIRECTION('',(0.316227766017,0.,-0.948683298051));
#6341 = PCURVE('',#6218,#6342);
#6342 = DEFINITIONAL_REPRESENTATION('',(#6343),#6347);
#6343 = LINE('',#6344,#6345);
#6344 = CARTESIAN_POINT('',(6.103195884125,-4.));
#6345 = VECTOR('',#6346,1.);
#6346 = DIRECTION('',(-1.,0.));
#6347 = ( GEOMETRIC_REPRESENTATION_CONTEXT(2) 
PARAMETRIC_REPRESENTATION_CONTEXT() REPRESENTATION_CONTEXT('2D SPACE',''
  ) );
#6348 = PCURVE('',#5492,#6349);
#6349 = DEFINITIONAL_REPRESENTATION('',(#6350),#6354);
#6350 = LINE('',#6351,#6352);
#6351 = CARTESIAN_POINT('',(19.59,78.07));
#6352 = VECTOR('',#6353,1.);
#6353 = DIRECTION('',(-0.948683298051,0.316227766017));
#6354 = ( GEOMETRIC_REPRESENTATION_CONTEXT(2) 
PARAMETRIC_REPRESENTATION_CONTEXT() REPRESENTATION_CONTEXT('2D SPACE',''
  ) );
#6355 = ORIENTED_EDGE('',*,*,#6204,.F.);
#6356 = ADVANCED_FACE('',(#6357),#6323,.T.);
#6357 = FACE_BOUND('',#6358,.T.);
#6358 = EDGE_LOOP('',(#6359,#6360,#6388,#6411));
#6359 = ORIENTED_EDGE('',*,*,#6307,.F.);
#6360 = ORIENTED_EDGE('',*,*,#6361,.T.);
#6361 = EDGE_CURVE('',#6308,#6362,#6364,.T.);
#6362 = VERTEX_POINT('',#6363);
#6363 = CARTESIAN_POINT('',(42.961861009998,14.,12.076277980005));
#6364 = SURFACE_CURVE('',#6365,(#6370,#6377),.PCURVE_S1.);
#6365 = CIRCLE('',#6366,1.2);
#6366 = AXIS2_PLACEMENT_3D('',#6367,#6368,#6369);
#6367 = CARTESIAN_POINT('',(41.888548380798,14.,11.539621665405));
#6368 = DIRECTION('',(0.,-1.,0.));
#6369 = DIRECTION('',(0.948683298051,0.,0.316227766017));
#6370 = PCURVE('',#6323,#6371);
#6371 = DEFINITIONAL_REPRESENTATION('',(#6372),#6376);
#6372 = LINE('',#6373,#6374);
#6373 = CARTESIAN_POINT('',(0.,4.));
#6374 = VECTOR('',#6375,1.);
#6375 = DIRECTION('',(1.,0.));
#6376 = ( GEOMETRIC_REPRESENTATION_CONTEXT(2) 
PARAMETRIC_REPRESENTATION_CONTEXT() REPRESENTATION_CONTEXT('2D SPACE',''
  ) );
#6377 = PCURVE('',#5492,#6378);
#6378 = DEFINITIONAL_REPRESENTATION('',(#6379),#6387);
#6379 = ( BOUNDED_CURVE() B_SPLINE_CURVE(2,(#6380,#6381,#6382,#6383,
#6384,#6385,#6386),.UNSPECIFIED.,.T.,.F.) B_SPLINE_CURVE_WITH_KNOTS((1,2
    ,2,2,2,1),(-2.094395102393,0.,2.094395102393,4.188790204786,
6.28318530718,8.377580409573),.UNSPECIFIED.) CURVE() 
GEOMETRIC_REPRESENTATION_ITEM() RATIONAL_B_SPLINE_CURVE((1.,0.5,1.,0.5,
1.,0.5,1.)) REPRESENTATION_ITEM('') );
#6380 = CARTESIAN_POINT('',(25.719094984625,76.026968338459));
#6381 = CARTESIAN_POINT('',(27.690896191644,75.369701269452));
#6382 = CARTESIAN_POINT('',(26.135785609304,73.990704867465));
#6383 = CARTESIAN_POINT('',(24.580675026965,72.611708465477));
#6384 = CARTESIAN_POINT('',(24.163984402286,74.647971936471));
#6385 = CARTESIAN_POINT('',(23.747293777607,76.684235407465));
#6386 = CARTESIAN_POINT('',(25.719094984625,76.026968338459));
#6387 = ( GEOMETRIC_REPRESENTATION_CONTEXT(2) 
PARAMETRIC_REPRESENTATION_CONTEXT() REPRESENTATION_CONTEXT('2D SPACE',''
  ) );
#6388 = ORIENTED_EDGE('',*,*,#6389,.T.);
#6389 = EDGE_CURVE('',#6362,#6390,#6392,.T.);
#6390 = VERTEX_POINT('',#6391);
#6391 = CARTESIAN_POINT('',(42.961861009998,-30.,12.076277980005));
#6392 = SURFACE_CURVE('',#6393,(#6397,#6404),.PCURVE_S1.);
#6393 = LINE('',#6394,#6395);
#6394 = CARTESIAN_POINT('',(42.961861009998,18.,12.076277980005));
#6395 = VECTOR('',#6396,1.);
#6396 = DIRECTION('',(0.,-1.,0.));
#6397 = PCURVE('',#6323,#6398);
#6398 = DEFINITIONAL_REPRESENTATION('',(#6399),#6403);
#6399 = LINE('',#6400,#6401);
#6400 = CARTESIAN_POINT('',(0.141897054604,0.));
#6401 = VECTOR('',#6402,1.);
#6402 = DIRECTION('',(0.,1.));
#6403 = ( GEOMETRIC_REPRESENTATION_CONTEXT(2) 
PARAMETRIC_REPRESENTATION_CONTEXT() REPRESENTATION_CONTEXT('2D SPACE',''
  ) );
#6404 = PCURVE('',#5520,#6405);
#6405 = DEFINITIONAL_REPRESENTATION('',(#6406),#6410);
#6406 = LINE('',#6407,#6408);
#6407 = CARTESIAN_POINT('',(8.528137423855E-02,0.));
#6408 = VECTOR('',#6409,1.);
#6409 = DIRECTION('',(0.,-1.));
#6410 = ( GEOMETRIC_REPRESENTATION_CONTEXT(2) 
PARAMETRIC_REPRESENTATION_CONTEXT() REPRESENTATION_CONTEXT('2D SPACE',''
  ) );
#6411 = ORIENTED_EDGE('',*,*,#6412,.F.);
#6412 = EDGE_CURVE('',#6285,#6390,#6413,.T.);
#6413 = SURFACE_CURVE('',#6414,(#6419,#6426),.PCURVE_S1.);
#6414 = CIRCLE('',#6415,1.2);
#6415 = AXIS2_PLACEMENT_3D('',#6416,#6417,#6418);
#6416 = CARTESIAN_POINT('',(41.888548380798,-30.,11.539621665405));
#6417 = DIRECTION('',(0.,-1.,0.));
#6418 = DIRECTION('',(0.,-0.,-1.));
#6419 = PCURVE('',#6323,#6420);
#6420 = DEFINITIONAL_REPRESENTATION('',(#6421),#6425);
#6421 = LINE('',#6422,#6423);
#6422 = CARTESIAN_POINT('',(-1.892546881192,48.));
#6423 = VECTOR('',#6424,1.);
#6424 = DIRECTION('',(1.,0.));
#6425 = ( GEOMETRIC_REPRESENTATION_CONTEXT(2) 
PARAMETRIC_REPRESENTATION_CONTEXT() REPRESENTATION_CONTEXT('2D SPACE',''
  ) );
#6426 = PCURVE('',#174,#6427);
#6427 = DEFINITIONAL_REPRESENTATION('',(#6428),#6432);
#6428 = CIRCLE('',#6429,1.2);
#6429 = AXIS2_PLACEMENT_2D('',#6430,#6431);
#6430 = CARTESIAN_POINT('',(-3.277386471618,39.53711252403));
#6431 = DIRECTION('',(1.,0.));
#6432 = ( GEOMETRIC_REPRESENTATION_CONTEXT(2) 
PARAMETRIC_REPRESENTATION_CONTEXT() REPRESENTATION_CONTEXT('2D SPACE',''
  ) );
#6433 = ADVANCED_FACE('',(#6434),#6272,.T.);
#6434 = FACE_BOUND('',#6435,.T.);
#6435 = EDGE_LOOP('',(#6436,#6460,#6461,#6485));
#6436 = ORIENTED_EDGE('',*,*,#6437,.T.);
#6437 = EDGE_CURVE('',#6438,#6234,#6440,.T.);
#6438 = VERTEX_POINT('',#6439);
#6439 = CARTESIAN_POINT('',(47.,18.,-0.194733192202));
#6440 = SURFACE_CURVE('',#6441,(#6446,#6453),.PCURVE_S1.);
#6441 = CIRCLE('',#6442,1.2);
#6442 = AXIS2_PLACEMENT_3D('',#6443,#6444,#6445);
#6443 = CARTESIAN_POINT('',(45.8,18.,-0.194733192202));
#6444 = DIRECTION('',(0.,-1.,0.));
#6445 = DIRECTION('',(0.,-0.,-1.));
#6446 = PCURVE('',#6272,#6447);
#6447 = DEFINITIONAL_REPRESENTATION('',(#6448),#6452);
#6448 = LINE('',#6449,#6450);
#6449 = CARTESIAN_POINT('',(-1.570796326795,0.));
#6450 = VECTOR('',#6451,1.);
#6451 = DIRECTION('',(1.,0.));
#6452 = ( GEOMETRIC_REPRESENTATION_CONTEXT(2) 
PARAMETRIC_REPRESENTATION_CONTEXT() REPRESENTATION_CONTEXT('2D SPACE',''
  ) );
#6453 = PCURVE('',#118,#6454);
#6454 = DEFINITIONAL_REPRESENTATION('',(#6455),#6459);
#6455 = CIRCLE('',#6456,1.2);
#6456 = AXIS2_PLACEMENT_2D('',#6457,#6458);
#6457 = CARTESIAN_POINT('',(8.456968385989,43.448564143232));
#6458 = DIRECTION('',(1.,0.));
#6459 = ( GEOMETRIC_REPRESENTATION_CONTEXT(2) 
PARAMETRIC_REPRESENTATION_CONTEXT() REPRESENTATION_CONTEXT('2D SPACE',''
  ) );
#6460 = ORIENTED_EDGE('',*,*,#6256,.T.);
#6461 = ORIENTED_EDGE('',*,*,#6462,.F.);
#6462 = EDGE_CURVE('',#6463,#6257,#6465,.T.);
#6463 = VERTEX_POINT('',#6464);
#6464 = CARTESIAN_POINT('',(47.,-30.,-0.194733192202));
#6465 = SURFACE_CURVE('',#6466,(#6471,#6478),.PCURVE_S1.);
#6466 = CIRCLE('',#6467,1.2);
#6467 = AXIS2_PLACEMENT_3D('',#6468,#6469,#6470);
#6468 = CARTESIAN_POINT('',(45.8,-30.,-0.194733192202));
#6469 = DIRECTION('',(0.,-1.,0.));
#6470 = DIRECTION('',(0.,-0.,-1.));
#6471 = PCURVE('',#6272,#6472);
#6472 = DEFINITIONAL_REPRESENTATION('',(#6473),#6477);
#6473 = LINE('',#6474,#6475);
#6474 = CARTESIAN_POINT('',(-1.570796326795,48.));
#6475 = VECTOR('',#6476,1.);
#6476 = DIRECTION('',(1.,0.));
#6477 = ( GEOMETRIC_REPRESENTATION_CONTEXT(2) 
PARAMETRIC_REPRESENTATION_CONTEXT() REPRESENTATION_CONTEXT('2D SPACE',''
  ) );
#6478 = PCURVE('',#174,#6479);
#6479 = DEFINITIONAL_REPRESENTATION('',(#6480),#6484);
#6480 = CIRCLE('',#6481,1.2);
#6481 = AXIS2_PLACEMENT_2D('',#6482,#6483);
#6482 = CARTESIAN_POINT('',(8.456968385989,43.448564143232));
#6483 = DIRECTION('',(1.,0.));
#6484 = ( GEOMETRIC_REPRESENTATION_CONTEXT(2) 
PARAMETRIC_REPRESENTATION_CONTEXT() REPRESENTATION_CONTEXT('2D SPACE',''
  ) );
#6485 = ORIENTED_EDGE('',*,*,#6486,.F.);
#6486 = EDGE_CURVE('',#6438,#6463,#6487,.T.);
#6487 = SURFACE_CURVE('',#6488,(#6492,#6499),.PCURVE_S1.);
#6488 = LINE('',#6489,#6490);
#6489 = CARTESIAN_POINT('',(47.,18.,-0.194733192202));
#6490 = VECTOR('',#6491,1.);
#6491 = DIRECTION('',(0.,-1.,0.));
#6492 = PCURVE('',#6272,#6493);
#6493 = DEFINITIONAL_REPRESENTATION('',(#6494),#6498);
#6494 = LINE('',#6495,#6496);
#6495 = CARTESIAN_POINT('',(0.,0.));
#6496 = VECTOR('',#6497,1.);
#6497 = DIRECTION('',(0.,1.));
#6498 = ( GEOMETRIC_REPRESENTATION_CONTEXT(2) 
PARAMETRIC_REPRESENTATION_CONTEXT() REPRESENTATION_CONTEXT('2D SPACE',''
  ) );
#6499 = PCURVE('',#6500,#6505);
#6500 = PLANE('',#6501);
#6501 = AXIS2_PLACEMENT_3D('',#6502,#6503,#6504);
#6502 = CARTESIAN_POINT('',(47.,18.,-15.8));
#6503 = DIRECTION('',(-1.,0.,0.));
#6504 = DIRECTION('',(0.,0.,1.));
#6505 = DEFINITIONAL_REPRESENTATION('',(#6506),#6510);
#6506 = LINE('',#6507,#6508);
#6507 = CARTESIAN_POINT('',(15.605266807798,0.));
#6508 = VECTOR('',#6509,1.);
#6509 = DIRECTION('',(0.,-1.));
#6510 = ( GEOMETRIC_REPRESENTATION_CONTEXT(2) 
PARAMETRIC_REPRESENTATION_CONTEXT() REPRESENTATION_CONTEXT('2D SPACE',''
  ) );
#6511 = ADVANCED_FACE('',(#6512),#6500,.F.);
#6512 = FACE_BOUND('',#6513,.F.);
#6513 = EDGE_LOOP('',(#6514,#6537,#6560,#6581));
#6514 = ORIENTED_EDGE('',*,*,#6515,.F.);
#6515 = EDGE_CURVE('',#6516,#6438,#6518,.T.);
#6516 = VERTEX_POINT('',#6517);
#6517 = CARTESIAN_POINT('',(47.,18.,-14.6));
#6518 = SURFACE_CURVE('',#6519,(#6523,#6530),.PCURVE_S1.);
#6519 = LINE('',#6520,#6521);
#6520 = CARTESIAN_POINT('',(47.,18.,-15.8));
#6521 = VECTOR('',#6522,1.);
#6522 = DIRECTION('',(0.,0.,1.));
#6523 = PCURVE('',#6500,#6524);
#6524 = DEFINITIONAL_REPRESENTATION('',(#6525),#6529);
#6525 = LINE('',#6526,#6527);
#6526 = CARTESIAN_POINT('',(0.,0.));
#6527 = VECTOR('',#6528,1.);
#6528 = DIRECTION('',(1.,0.));
#6529 = ( GEOMETRIC_REPRESENTATION_CONTEXT(2) 
PARAMETRIC_REPRESENTATION_CONTEXT() REPRESENTATION_CONTEXT('2D SPACE',''
  ) );
#6530 = PCURVE('',#118,#6531);
#6531 = DEFINITIONAL_REPRESENTATION('',(#6532),#6536);
#6532 = LINE('',#6533,#6534);
#6533 = CARTESIAN_POINT('',(24.062235193787,44.648564143232));
#6534 = VECTOR('',#6535,1.);
#6535 = DIRECTION('',(-1.,0.));
#6536 = ( GEOMETRIC_REPRESENTATION_CONTEXT(2) 
PARAMETRIC_REPRESENTATION_CONTEXT() REPRESENTATION_CONTEXT('2D SPACE',''
  ) );
#6537 = ORIENTED_EDGE('',*,*,#6538,.T.);
#6538 = EDGE_CURVE('',#6516,#6539,#6541,.T.);
#6539 = VERTEX_POINT('',#6540);
#6540 = CARTESIAN_POINT('',(47.,-30.,-14.6));
#6541 = SURFACE_CURVE('',#6542,(#6546,#6553),.PCURVE_S1.);
#6542 = LINE('',#6543,#6544);
#6543 = CARTESIAN_POINT('',(47.,18.,-14.6));
#6544 = VECTOR('',#6545,1.);
#6545 = DIRECTION('',(0.,-1.,0.));
#6546 = PCURVE('',#6500,#6547);
#6547 = DEFINITIONAL_REPRESENTATION('',(#6548),#6552);
#6548 = LINE('',#6549,#6550);
#6549 = CARTESIAN_POINT('',(1.2,0.));
#6550 = VECTOR('',#6551,1.);
#6551 = DIRECTION('',(0.,-1.));
#6552 = ( GEOMETRIC_REPRESENTATION_CONTEXT(2) 
PARAMETRIC_REPRESENTATION_CONTEXT() REPRESENTATION_CONTEXT('2D SPACE',''
  ) );
#6553 = PCURVE('',#200,#6554);
#6554 = DEFINITIONAL_REPRESENTATION('',(#6555),#6559);
#6555 = LINE('',#6556,#6557);
#6556 = CARTESIAN_POINT('',(1.570796326795,0.));
#6557 = VECTOR('',#6558,1.);
#6558 = DIRECTION('',(0.,1.));
#6559 = ( GEOMETRIC_REPRESENTATION_CONTEXT(2) 
PARAMETRIC_REPRESENTATION_CONTEXT() REPRESENTATION_CONTEXT('2D SPACE',''
  ) );
#6560 = ORIENTED_EDGE('',*,*,#6561,.T.);
#6561 = EDGE_CURVE('',#6539,#6463,#6562,.T.);
#6562 = SURFACE_CURVE('',#6563,(#6567,#6574),.PCURVE_S1.);
#6563 = LINE('',#6564,#6565);
#6564 = CARTESIAN_POINT('',(47.,-30.,-15.8));
#6565 = VECTOR('',#6566,1.);
#6566 = DIRECTION('',(0.,0.,1.));
#6567 = PCURVE('',#6500,#6568);
#6568 = DEFINITIONAL_REPRESENTATION('',(#6569),#6573);
#6569 = LINE('',#6570,#6571);
#6570 = CARTESIAN_POINT('',(0.,-48.));
#6571 = VECTOR('',#6572,1.);
#6572 = DIRECTION('',(1.,0.));
#6573 = ( GEOMETRIC_REPRESENTATION_CONTEXT(2) 
PARAMETRIC_REPRESENTATION_CONTEXT() REPRESENTATION_CONTEXT('2D SPACE',''
  ) );
#6574 = PCURVE('',#174,#6575);
#6575 = DEFINITIONAL_REPRESENTATION('',(#6576),#6580);
#6576 = LINE('',#6577,#6578);
#6577 = CARTESIAN_POINT('',(24.062235193787,44.648564143232));
#6578 = VECTOR('',#6579,1.);
#6579 = DIRECTION('',(-1.,0.));
#6580 = ( GEOMETRIC_REPRESENTATION_CONTEXT(2) 
PARAMETRIC_REPRESENTATION_CONTEXT() REPRESENTATION_CONTEXT('2D SPACE',''
  ) );
#6581 = ORIENTED_EDGE('',*,*,#6486,.F.);
#6582 = ADVANCED_FACE('',(#6583),#6169,.F.);
#6583 = FACE_BOUND('',#6584,.F.);
#6584 = EDGE_LOOP('',(#6585,#6586,#6614,#6642));
#6585 = ORIENTED_EDGE('',*,*,#6153,.F.);
#6586 = ORIENTED_EDGE('',*,*,#6587,.T.);
#6587 = EDGE_CURVE('',#6131,#6588,#6590,.T.);
#6588 = VERTEX_POINT('',#6589);
#6589 = CARTESIAN_POINT('',(43.,16.,-13.8));
#6590 = SURFACE_CURVE('',#6591,(#6596,#6603),.PCURVE_S1.);
#6591 = CIRCLE('',#6592,1.);
#6592 = AXIS2_PLACEMENT_3D('',#6593,#6594,#6595);
#6593 = CARTESIAN_POINT('',(43.,16.,-12.8));
#6594 = DIRECTION('',(0.,1.,0.));
#6595 = DIRECTION('',(1.,0.,-0.));
#6596 = PCURVE('',#6169,#6597);
#6597 = DEFINITIONAL_REPRESENTATION('',(#6598),#6602);
#6598 = LINE('',#6599,#6600);
#6599 = CARTESIAN_POINT('',(0.,2.));
#6600 = VECTOR('',#6601,1.);
#6601 = DIRECTION('',(1.,0.));
#6602 = ( GEOMETRIC_REPRESENTATION_CONTEXT(2) 
PARAMETRIC_REPRESENTATION_CONTEXT() REPRESENTATION_CONTEXT('2D SPACE',''
  ) );
#6603 = PCURVE('',#645,#6604);
#6604 = DEFINITIONAL_REPRESENTATION('',(#6605),#6613);
#6605 = ( BOUNDED_CURVE() B_SPLINE_CURVE(2,(#6606,#6607,#6608,#6609,
#6610,#6611,#6612),.UNSPECIFIED.,.T.,.F.) B_SPLINE_CURVE_WITH_KNOTS((1,2
    ,2,2,2,1),(-2.094395102393,0.,2.094395102393,4.188790204786,
6.28318530718,8.377580409573),.UNSPECIFIED.) CURVE() 
GEOMETRIC_REPRESENTATION_ITEM() RATIONAL_B_SPLINE_CURVE((1.,0.5,1.,0.5,
1.,0.5,1.)) REPRESENTATION_ITEM('') );
#6606 = CARTESIAN_POINT('',(19.010634975253,41.618585791639));
#6607 = CARTESIAN_POINT('',(20.742685782822,41.618585791639));
#6608 = CARTESIAN_POINT('',(19.876660379037,40.118585791639));
#6609 = CARTESIAN_POINT('',(19.010634975253,38.618585791639));
#6610 = CARTESIAN_POINT('',(18.144609571469,40.118585791639));
#6611 = CARTESIAN_POINT('',(17.278584167684,41.618585791639));
#6612 = CARTESIAN_POINT('',(19.010634975253,41.618585791639));
#6613 = ( GEOMETRIC_REPRESENTATION_CONTEXT(2) 
PARAMETRIC_REPRESENTATION_CONTEXT() REPRESENTATION_CONTEXT('2D SPACE',''
  ) );
#6614 = ORIENTED_EDGE('',*,*,#6615,.T.);
#6615 = EDGE_CURVE('',#6588,#6616,#6618,.T.);
#6616 = VERTEX_POINT('',#6617);
#6617 = CARTESIAN_POINT('',(43.,18.,-13.8));
#6618 = SURFACE_CURVE('',#6619,(#6623,#6630),.PCURVE_S1.);
#6619 = LINE('',#6620,#6621);
#6620 = CARTESIAN_POINT('',(43.,14.,-13.8));
#6621 = VECTOR('',#6622,1.);
#6622 = DIRECTION('',(0.,1.,0.));
#6623 = PCURVE('',#6169,#6624);
#6624 = DEFINITIONAL_REPRESENTATION('',(#6625),#6629);
#6625 = LINE('',#6626,#6627);
#6626 = CARTESIAN_POINT('',(1.570796326795,0.));
#6627 = VECTOR('',#6628,1.);
#6628 = DIRECTION('',(0.,1.));
#6629 = ( GEOMETRIC_REPRESENTATION_CONTEXT(2) 
PARAMETRIC_REPRESENTATION_CONTEXT() REPRESENTATION_CONTEXT('2D SPACE',''
  ) );
#6630 = PCURVE('',#6631,#6636);
#6631 = PLANE('',#6632);
#6632 = AXIS2_PLACEMENT_3D('',#6633,#6634,#6635);
#6633 = CARTESIAN_POINT('',(-33.,14.,-13.8));
#6634 = DIRECTION('',(0.,0.,1.));
#6635 = DIRECTION('',(1.,0.,-0.));
#6636 = DEFINITIONAL_REPRESENTATION('',(#6637),#6641);
#6637 = LINE('',#6638,#6639);
#6638 = CARTESIAN_POINT('',(76.,0.));
#6639 = VECTOR('',#6640,1.);
#6640 = DIRECTION('',(0.,1.));
#6641 = ( GEOMETRIC_REPRESENTATION_CONTEXT(2) 
PARAMETRIC_REPRESENTATION_CONTEXT() REPRESENTATION_CONTEXT('2D SPACE',''
  ) );
#6642 = ORIENTED_EDGE('',*,*,#6643,.F.);
#6643 = EDGE_CURVE('',#6154,#6616,#6644,.T.);
#6644 = SURFACE_CURVE('',#6645,(#6650,#6657),.PCURVE_S1.);
#6645 = CIRCLE('',#6646,1.);
#6646 = AXIS2_PLACEMENT_3D('',#6647,#6648,#6649);
#6647 = CARTESIAN_POINT('',(43.,18.,-12.8));
#6648 = DIRECTION('',(0.,1.,0.));
#6649 = DIRECTION('',(1.,0.,-0.));
#6650 = PCURVE('',#6169,#6651);
#6651 = DEFINITIONAL_REPRESENTATION('',(#6652),#6656);
#6652 = LINE('',#6653,#6654);
#6653 = CARTESIAN_POINT('',(0.,4.));
#6654 = VECTOR('',#6655,1.);
#6655 = DIRECTION('',(1.,0.));
#6656 = ( GEOMETRIC_REPRESENTATION_CONTEXT(2) 
PARAMETRIC_REPRESENTATION_CONTEXT() REPRESENTATION_CONTEXT('2D SPACE',''
  ) );
#6657 = PCURVE('',#118,#6658);
#6658 = DEFINITIONAL_REPRESENTATION('',(#6659),#6667);
#6659 = ( BOUNDED_CURVE() B_SPLINE_CURVE(2,(#6660,#6661,#6662,#6663,
#6664,#6665,#6666),.UNSPECIFIED.,.T.,.F.) B_SPLINE_CURVE_WITH_KNOTS((1,2
    ,2,2,2,1),(-2.094395102393,0.,2.094395102393,4.188790204786,
6.28318530718,8.377580409573),.UNSPECIFIED.) CURVE() 
GEOMETRIC_REPRESENTATION_ITEM() RATIONAL_B_SPLINE_CURVE((1.,0.5,1.,0.5,
1.,0.5,1.)) REPRESENTATION_ITEM('') );
#6660 = CARTESIAN_POINT('',(21.062235193787,41.648564143232));
#6661 = CARTESIAN_POINT('',(22.794286001356,41.648564143232));
#6662 = CARTESIAN_POINT('',(21.928260597571,40.148564143232));
#6663 = CARTESIAN_POINT('',(21.062235193787,38.648564143232));
#6664 = CARTESIAN_POINT('',(20.196209790003,40.148564143232));
#6665 = CARTESIAN_POINT('',(19.330184386218,41.648564143232));
#6666 = CARTESIAN_POINT('',(21.062235193787,41.648564143232));
#6667 = ( GEOMETRIC_REPRESENTATION_CONTEXT(2) 
PARAMETRIC_REPRESENTATION_CONTEXT() REPRESENTATION_CONTEXT('2D SPACE',''
  ) );
#6668 = ADVANCED_FACE('',(#6669),#6631,.T.);
#6669 = FACE_BOUND('',#6670,.T.);
#6670 = EDGE_LOOP('',(#6671,#6694,#6695,#6718,#6742));
#6671 = ORIENTED_EDGE('',*,*,#6672,.F.);
#6672 = EDGE_CURVE('',#6588,#6673,#6675,.T.);
#6673 = VERTEX_POINT('',#6674);
#6674 = CARTESIAN_POINT('',(39.5,16.,-13.8));
#6675 = SURFACE_CURVE('',#6676,(#6680,#6687),.PCURVE_S1.);
#6676 = LINE('',#6677,#6678);
#6677 = CARTESIAN_POINT('',(-15.30929289582,16.,-13.8));
#6678 = VECTOR('',#6679,1.);
#6679 = DIRECTION('',(-1.,0.,0.));
#6680 = PCURVE('',#6631,#6681);
#6681 = DEFINITIONAL_REPRESENTATION('',(#6682),#6686);
#6682 = LINE('',#6683,#6684);
#6683 = CARTESIAN_POINT('',(17.69070710418,2.));
#6684 = VECTOR('',#6685,1.);
#6685 = DIRECTION('',(-1.,0.));
#6686 = ( GEOMETRIC_REPRESENTATION_CONTEXT(2) 
PARAMETRIC_REPRESENTATION_CONTEXT() REPRESENTATION_CONTEXT('2D SPACE',''
  ) );
#6687 = PCURVE('',#645,#6688);
#6688 = DEFINITIONAL_REPRESENTATION('',(#6689),#6693);
#6689 = LINE('',#6690,#6691);
#6690 = CARTESIAN_POINT('',(20.010634975253,-17.69070710418));
#6691 = VECTOR('',#6692,1.);
#6692 = DIRECTION('',(0.,-1.));
#6693 = ( GEOMETRIC_REPRESENTATION_CONTEXT(2) 
PARAMETRIC_REPRESENTATION_CONTEXT() REPRESENTATION_CONTEXT('2D SPACE',''
  ) );
#6694 = ORIENTED_EDGE('',*,*,#6615,.T.);
#6695 = ORIENTED_EDGE('',*,*,#6696,.T.);
#6696 = EDGE_CURVE('',#6616,#6697,#6699,.T.);
#6697 = VERTEX_POINT('',#6698);
#6698 = CARTESIAN_POINT('',(38.5,18.,-13.8));
#6699 = SURFACE_CURVE('',#6700,(#6704,#6711),.PCURVE_S1.);
#6700 = LINE('',#6701,#6702);
#6701 = CARTESIAN_POINT('',(-15.32428207161,18.,-13.8));
#6702 = VECTOR('',#6703,1.);
#6703 = DIRECTION('',(-1.,0.,0.));
#6704 = PCURVE('',#6631,#6705);
#6705 = DEFINITIONAL_REPRESENTATION('',(#6706),#6710);
#6706 = LINE('',#6707,#6708);
#6707 = CARTESIAN_POINT('',(17.67571792839,4.));
#6708 = VECTOR('',#6709,1.);
#6709 = DIRECTION('',(-1.,0.));
#6710 = ( GEOMETRIC_REPRESENTATION_CONTEXT(2) 
PARAMETRIC_REPRESENTATION_CONTEXT() REPRESENTATION_CONTEXT('2D SPACE',''
  ) );
#6711 = PCURVE('',#118,#6712);
#6712 = DEFINITIONAL_REPRESENTATION('',(#6713),#6717);
#6713 = LINE('',#6714,#6715);
#6714 = CARTESIAN_POINT('',(22.062235193787,-17.67571792837));
#6715 = VECTOR('',#6716,1.);
#6716 = DIRECTION('',(0.,-1.));
#6717 = ( GEOMETRIC_REPRESENTATION_CONTEXT(2) 
PARAMETRIC_REPRESENTATION_CONTEXT() REPRESENTATION_CONTEXT('2D SPACE',''
  ) );
#6718 = ORIENTED_EDGE('',*,*,#6719,.F.);
#6719 = EDGE_CURVE('',#6720,#6697,#6722,.T.);
#6720 = VERTEX_POINT('',#6721);
#6721 = CARTESIAN_POINT('',(39.5,17.,-13.8));
#6722 = SURFACE_CURVE('',#6723,(#6728,#6735),.PCURVE_S1.);
#6723 = CIRCLE('',#6724,1.);
#6724 = AXIS2_PLACEMENT_3D('',#6725,#6726,#6727);
#6725 = CARTESIAN_POINT('',(38.5,17.,-13.8));
#6726 = DIRECTION('',(0.,0.,1.));
#6727 = DIRECTION('',(1.,0.,-0.));
#6728 = PCURVE('',#6631,#6729);
#6729 = DEFINITIONAL_REPRESENTATION('',(#6730),#6734);
#6730 = CIRCLE('',#6731,1.);
#6731 = AXIS2_PLACEMENT_2D('',#6732,#6733);
#6732 = CARTESIAN_POINT('',(71.5,3.));
#6733 = DIRECTION('',(1.,0.));
#6734 = ( GEOMETRIC_REPRESENTATION_CONTEXT(2) 
PARAMETRIC_REPRESENTATION_CONTEXT() REPRESENTATION_CONTEXT('2D SPACE',''
  ) );
#6735 = PCURVE('',#1663,#6736);
#6736 = DEFINITIONAL_REPRESENTATION('',(#6737),#6741);
#6737 = LINE('',#6738,#6739);
#6738 = CARTESIAN_POINT('',(0.,2.));
#6739 = VECTOR('',#6740,1.);
#6740 = DIRECTION('',(1.,0.));
#6741 = ( GEOMETRIC_REPRESENTATION_CONTEXT(2) 
PARAMETRIC_REPRESENTATION_CONTEXT() REPRESENTATION_CONTEXT('2D SPACE',''
  ) );
#6742 = ORIENTED_EDGE('',*,*,#6743,.F.);
#6743 = EDGE_CURVE('',#6673,#6720,#6744,.T.);
#6744 = SURFACE_CURVE('',#6745,(#6749,#6756),.PCURVE_S1.);
#6745 = LINE('',#6746,#6747);
#6746 = CARTESIAN_POINT('',(39.5,12.5,-13.8));
#6747 = VECTOR('',#6748,1.);
#6748 = DIRECTION('',(0.,1.,0.));
#6749 = PCURVE('',#6631,#6750);
#6750 = DEFINITIONAL_REPRESENTATION('',(#6751),#6755);
#6751 = LINE('',#6752,#6753);
#6752 = CARTESIAN_POINT('',(72.5,-1.5));
#6753 = VECTOR('',#6754,1.);
#6754 = DIRECTION('',(0.,1.));
#6755 = ( GEOMETRIC_REPRESENTATION_CONTEXT(2) 
PARAMETRIC_REPRESENTATION_CONTEXT() REPRESENTATION_CONTEXT('2D SPACE',''
  ) );
#6756 = PCURVE('',#617,#6757);
#6757 = DEFINITIONAL_REPRESENTATION('',(#6758),#6762);
#6758 = LINE('',#6759,#6760);
#6759 = CARTESIAN_POINT('',(2.,-1.5));
#6760 = VECTOR('',#6761,1.);
#6761 = DIRECTION('',(0.,-1.));
#6762 = ( GEOMETRIC_REPRESENTATION_CONTEXT(2) 
PARAMETRIC_REPRESENTATION_CONTEXT() REPRESENTATION_CONTEXT('2D SPACE',''
  ) );
#6763 = ADVANCED_FACE('',(#6764),#5520,.F.);
#6764 = FACE_BOUND('',#6765,.F.);
#6765 = EDGE_LOOP('',(#6766,#6787,#6788,#6809));
#6766 = ORIENTED_EDGE('',*,*,#6767,.T.);
#6767 = EDGE_CURVE('',#5477,#6362,#6768,.T.);
#6768 = SURFACE_CURVE('',#6769,(#6773,#6780),.PCURVE_S1.);
#6769 = LINE('',#6770,#6771);
#6770 = CARTESIAN_POINT('',(40.56,14.,16.88));
#6771 = VECTOR('',#6772,1.);
#6772 = DIRECTION('',(0.4472135955,0.,-0.894427191));
#6773 = PCURVE('',#5520,#6774);
#6774 = DEFINITIONAL_REPRESENTATION('',(#6775),#6779);
#6775 = LINE('',#6776,#6777);
#6776 = CARTESIAN_POINT('',(5.456005865099,-4.));
#6777 = VECTOR('',#6778,1.);
#6778 = DIRECTION('',(-1.,0.));
#6779 = ( GEOMETRIC_REPRESENTATION_CONTEXT(2) 
PARAMETRIC_REPRESENTATION_CONTEXT() REPRESENTATION_CONTEXT('2D SPACE',''
  ) );
#6780 = PCURVE('',#5492,#6781);
#6781 = DEFINITIONAL_REPRESENTATION('',(#6782),#6786);
#6782 = LINE('',#6783,#6784);
#6783 = CARTESIAN_POINT('',(30.68,73.56));
#6784 = VECTOR('',#6785,1.);
#6785 = DIRECTION('',(-0.894427191,0.4472135955));
#6786 = ( GEOMETRIC_REPRESENTATION_CONTEXT(2) 
PARAMETRIC_REPRESENTATION_CONTEXT() REPRESENTATION_CONTEXT('2D SPACE',''
  ) );
#6787 = ORIENTED_EDGE('',*,*,#6389,.T.);
#6788 = ORIENTED_EDGE('',*,*,#6789,.T.);
#6789 = EDGE_CURVE('',#6390,#5505,#6790,.T.);
#6790 = SURFACE_CURVE('',#6791,(#6795,#6802),.PCURVE_S1.);
#6791 = LINE('',#6792,#6793);
#6792 = CARTESIAN_POINT('',(43.,-30.,12.));
#6793 = VECTOR('',#6794,1.);
#6794 = DIRECTION('',(-0.4472135955,0.,0.894427191));
#6795 = PCURVE('',#5520,#6796);
#6796 = DEFINITIONAL_REPRESENTATION('',(#6797),#6801);
#6797 = LINE('',#6798,#6799);
#6798 = CARTESIAN_POINT('',(0.,-48.));
#6799 = VECTOR('',#6800,1.);
#6800 = DIRECTION('',(1.,0.));
#6801 = ( GEOMETRIC_REPRESENTATION_CONTEXT(2) 
PARAMETRIC_REPRESENTATION_CONTEXT() REPRESENTATION_CONTEXT('2D SPACE',''
  ) );
#6802 = PCURVE('',#174,#6803);
#6803 = DEFINITIONAL_REPRESENTATION('',(#6804),#6808);
#6804 = LINE('',#6805,#6806);
#6805 = CARTESIAN_POINT('',(-3.737764806213,40.648564143232));
#6806 = VECTOR('',#6807,1.);
#6807 = DIRECTION('',(-0.894427191,-0.4472135955));
#6808 = ( GEOMETRIC_REPRESENTATION_CONTEXT(2) 
PARAMETRIC_REPRESENTATION_CONTEXT() REPRESENTATION_CONTEXT('2D SPACE',''
  ) );
#6809 = ORIENTED_EDGE('',*,*,#5504,.F.);
#6810 = ADVANCED_FACE('',(#6811),#5492,.T.);
#6811 = FACE_BOUND('',#6812,.T.);
#6812 = EDGE_LOOP('',(#6813,#6814,#6815,#6816,#6817,#6818,#6819,#6820,
    #6821));
#6813 = ORIENTED_EDGE('',*,*,#6106,.F.);
#6814 = ORIENTED_EDGE('',*,*,#6054,.F.);
#6815 = ORIENTED_EDGE('',*,*,#5908,.F.);
#6816 = ORIENTED_EDGE('',*,*,#5682,.F.);
#6817 = ORIENTED_EDGE('',*,*,#5606,.F.);
#6818 = ORIENTED_EDGE('',*,*,#5474,.T.);
#6819 = ORIENTED_EDGE('',*,*,#6767,.T.);
#6820 = ORIENTED_EDGE('',*,*,#6361,.F.);
#6821 = ORIENTED_EDGE('',*,*,#6335,.T.);
#6822 = ADVANCED_FACE('',(#6823),#5351,.T.);
#6823 = FACE_BOUND('',#6824,.T.);
#6824 = EDGE_LOOP('',(#6825,#6826,#6827,#6828,#6849,#6850,#6851));
#6825 = ORIENTED_EDGE('',*,*,#5657,.F.);
#6826 = ORIENTED_EDGE('',*,*,#5784,.F.);
#6827 = ORIENTED_EDGE('',*,*,#5834,.F.);
#6828 = ORIENTED_EDGE('',*,*,#6829,.F.);
#6829 = EDGE_CURVE('',#5308,#5810,#6830,.T.);
#6830 = SURFACE_CURVE('',#6831,(#6835,#6842),.PCURVE_S1.);
#6831 = LINE('',#6832,#6833);
#6832 = CARTESIAN_POINT('',(22.,-25.,29.75));
#6833 = VECTOR('',#6834,1.);
#6834 = DIRECTION('',(0.,0.,-1.));
#6835 = PCURVE('',#5351,#6836);
#6836 = DEFINITIONAL_REPRESENTATION('',(#6837),#6841);
#6837 = LINE('',#6838,#6839);
#6838 = CARTESIAN_POINT('',(4.25,52.));
#6839 = VECTOR('',#6840,1.);
#6840 = DIRECTION('',(-1.,0.));
#6841 = ( GEOMETRIC_REPRESENTATION_CONTEXT(2) 
PARAMETRIC_REPRESENTATION_CONTEXT() REPRESENTATION_CONTEXT('2D SPACE',''
  ) );
#6842 = PCURVE('',#5323,#6843);
#6843 = DEFINITIONAL_REPRESENTATION('',(#6844),#6848);
#6844 = LINE('',#6845,#6846);
#6845 = CARTESIAN_POINT('',(-4.25,-3.));
#6846 = VECTOR('',#6847,1.);
#6847 = DIRECTION('',(-1.,0.));
#6848 = ( GEOMETRIC_REPRESENTATION_CONTEXT(2) 
PARAMETRIC_REPRESENTATION_CONTEXT() REPRESENTATION_CONTEXT('2D SPACE',''
  ) );
#6849 = ORIENTED_EDGE('',*,*,#5335,.T.);
#6850 = ORIENTED_EDGE('',*,*,#5422,.F.);
#6851 = ORIENTED_EDGE('',*,*,#5554,.T.);
#6852 = ADVANCED_FACE('',(#6853),#5323,.F.);
#6853 = FACE_BOUND('',#6854,.F.);
#6854 = EDGE_LOOP('',(#6855,#6856,#6877,#6878));
#6855 = ORIENTED_EDGE('',*,*,#5307,.T.);
#6856 = ORIENTED_EDGE('',*,*,#6857,.F.);
#6857 = EDGE_CURVE('',#5812,#5275,#6858,.T.);
#6858 = SURFACE_CURVE('',#6859,(#6863,#6870),.PCURVE_S1.);
#6859 = LINE('',#6860,#6861);
#6860 = CARTESIAN_POINT('',(22.,-26.,34.));
#6861 = VECTOR('',#6862,1.);
#6862 = DIRECTION('',(0.,0.,1.));
#6863 = PCURVE('',#5323,#6864);
#6864 = DEFINITIONAL_REPRESENTATION('',(#6865),#6869);
#6865 = LINE('',#6866,#6867);
#6866 = CARTESIAN_POINT('',(0.,-2.));
#6867 = VECTOR('',#6868,1.);
#6868 = DIRECTION('',(1.,0.));
#6869 = ( GEOMETRIC_REPRESENTATION_CONTEXT(2) 
PARAMETRIC_REPRESENTATION_CONTEXT() REPRESENTATION_CONTEXT('2D SPACE',''
  ) );
#6870 = PCURVE('',#5295,#6871);
#6871 = DEFINITIONAL_REPRESENTATION('',(#6872),#6876);
#6872 = LINE('',#6873,#6874);
#6873 = CARTESIAN_POINT('',(6.28318530718,0.));
#6874 = VECTOR('',#6875,1.);
#6875 = DIRECTION('',(-0.,1.));
#6876 = ( GEOMETRIC_REPRESENTATION_CONTEXT(2) 
PARAMETRIC_REPRESENTATION_CONTEXT() REPRESENTATION_CONTEXT('2D SPACE',''
  ) );
#6877 = ORIENTED_EDGE('',*,*,#5809,.F.);
#6878 = ORIENTED_EDGE('',*,*,#6829,.F.);
#6879 = ADVANCED_FACE('',(#6880),#5295,.F.);
#6880 = FACE_BOUND('',#6881,.F.);
#6881 = EDGE_LOOP('',(#6882,#6883,#6904,#6905));
#6882 = ORIENTED_EDGE('',*,*,#5274,.F.);
#6883 = ORIENTED_EDGE('',*,*,#6884,.F.);
#6884 = EDGE_CURVE('',#5857,#5252,#6885,.T.);
#6885 = SURFACE_CURVE('',#6886,(#6890,#6897),.PCURVE_S1.);
#6886 = LINE('',#6887,#6888);
#6887 = CARTESIAN_POINT('',(20.,-28.,34.));
#6888 = VECTOR('',#6889,1.);
#6889 = DIRECTION('',(0.,0.,1.));
#6890 = PCURVE('',#5295,#6891);
#6891 = DEFINITIONAL_REPRESENTATION('',(#6892),#6896);
#6892 = LINE('',#6893,#6894);
#6893 = CARTESIAN_POINT('',(4.712388980385,0.));
#6894 = VECTOR('',#6895,1.);
#6895 = DIRECTION('',(-0.,1.));
#6896 = ( GEOMETRIC_REPRESENTATION_CONTEXT(2) 
PARAMETRIC_REPRESENTATION_CONTEXT() REPRESENTATION_CONTEXT('2D SPACE',''
  ) );
#6897 = PCURVE('',#701,#6898);
#6898 = DEFINITIONAL_REPRESENTATION('',(#6899),#6903);
#6899 = LINE('',#6900,#6901);
#6900 = CARTESIAN_POINT('',(-27.78936502474,17.618585791639));
#6901 = VECTOR('',#6902,1.);
#6902 = DIRECTION('',(-1.,0.));
#6903 = ( GEOMETRIC_REPRESENTATION_CONTEXT(2) 
PARAMETRIC_REPRESENTATION_CONTEXT() REPRESENTATION_CONTEXT('2D SPACE',''
  ) );
#6904 = ORIENTED_EDGE('',*,*,#5879,.T.);
#6905 = ORIENTED_EDGE('',*,*,#6857,.T.);
#6906 = ADVANCED_FACE('',(#6907),#3005,.T.);
#6907 = FACE_BOUND('',#6908,.T.);
#6908 = EDGE_LOOP('',(#6909,#6910,#6933,#6956,#6977,#6978));
#6909 = ORIENTED_EDGE('',*,*,#3325,.T.);
#6910 = ORIENTED_EDGE('',*,*,#6911,.T.);
#6911 = EDGE_CURVE('',#3303,#6912,#6914,.T.);
#6912 = VERTEX_POINT('',#6913);
#6913 = CARTESIAN_POINT('',(-37.,-28.,23.2));
#6914 = SURFACE_CURVE('',#6915,(#6919,#6926),.PCURVE_S1.);
#6915 = LINE('',#6916,#6917);
#6916 = CARTESIAN_POINT('',(-27.5,-28.,35.));
#6917 = VECTOR('',#6918,1.);
#6918 = DIRECTION('',(-0.627107106498,0.,-0.778933037545));
#6919 = PCURVE('',#3005,#6920);
#6920 = DEFINITIONAL_REPRESENTATION('',(#6921),#6925);
#6921 = LINE('',#6922,#6923);
#6922 = CARTESIAN_POINT('',(-0.,-44.));
#6923 = VECTOR('',#6924,1.);
#6924 = DIRECTION('',(1.,0.));
#6925 = ( GEOMETRIC_REPRESENTATION_CONTEXT(2) 
PARAMETRIC_REPRESENTATION_CONTEXT() REPRESENTATION_CONTEXT('2D SPACE',''
  ) );
#6926 = PCURVE('',#701,#6927);
#6927 = DEFINITIONAL_REPRESENTATION('',(#6928),#6932);
#6928 = LINE('',#6929,#6930);
#6929 = CARTESIAN_POINT('',(-28.78936502474,-29.88141420836));
#6930 = VECTOR('',#6931,1.);
#6931 = DIRECTION('',(0.778933037545,-0.627107106498));
#6932 = ( GEOMETRIC_REPRESENTATION_CONTEXT(2) 
PARAMETRIC_REPRESENTATION_CONTEXT() REPRESENTATION_CONTEXT('2D SPACE',''
  ) );
#6933 = ORIENTED_EDGE('',*,*,#6934,.F.);
#6934 = EDGE_CURVE('',#6935,#6912,#6937,.T.);
#6935 = VERTEX_POINT('',#6936);
#6936 = CARTESIAN_POINT('',(-37.,16.,23.2));
#6937 = SURFACE_CURVE('',#6938,(#6942,#6949),.PCURVE_S1.);
#6938 = LINE('',#6939,#6940);
#6939 = CARTESIAN_POINT('',(-37.,16.,23.2));
#6940 = VECTOR('',#6941,1.);
#6941 = DIRECTION('',(0.,-1.,0.));
#6942 = PCURVE('',#3005,#6943);
#6943 = DEFINITIONAL_REPRESENTATION('',(#6944),#6948);
#6944 = LINE('',#6945,#6946);
#6945 = CARTESIAN_POINT('',(15.148927354767,0.));
#6946 = VECTOR('',#6947,1.);
#6947 = DIRECTION('',(-0.,-1.));
#6948 = ( GEOMETRIC_REPRESENTATION_CONTEXT(2) 
PARAMETRIC_REPRESENTATION_CONTEXT() REPRESENTATION_CONTEXT('2D SPACE',''
  ) );
#6949 = PCURVE('',#325,#6950);
#6950 = DEFINITIONAL_REPRESENTATION('',(#6951),#6955);
#6951 = LINE('',#6952,#6953);
#6952 = CARTESIAN_POINT('',(0.,0.));
#6953 = VECTOR('',#6954,1.);
#6954 = DIRECTION('',(0.,-1.));
#6955 = ( GEOMETRIC_REPRESENTATION_CONTEXT(2) 
PARAMETRIC_REPRESENTATION_CONTEXT() REPRESENTATION_CONTEXT('2D SPACE',''
  ) );
#6956 = ORIENTED_EDGE('',*,*,#6957,.F.);
#6957 = EDGE_CURVE('',#2990,#6935,#6958,.T.);
#6958 = SURFACE_CURVE('',#6959,(#6963,#6970),.PCURVE_S1.);
#6959 = LINE('',#6960,#6961);
#6960 = CARTESIAN_POINT('',(-27.5,16.,35.));
#6961 = VECTOR('',#6962,1.);
#6962 = DIRECTION('',(-0.627107106498,0.,-0.778933037545));
#6963 = PCURVE('',#3005,#6964);
#6964 = DEFINITIONAL_REPRESENTATION('',(#6965),#6969);
#6965 = LINE('',#6966,#6967);
#6966 = CARTESIAN_POINT('',(0.,0.));
#6967 = VECTOR('',#6968,1.);
#6968 = DIRECTION('',(1.,0.));
#6969 = ( GEOMETRIC_REPRESENTATION_CONTEXT(2) 
PARAMETRIC_REPRESENTATION_CONTEXT() REPRESENTATION_CONTEXT('2D SPACE',''
  ) );
#6970 = PCURVE('',#2258,#6971);
#6971 = DEFINITIONAL_REPRESENTATION('',(#6972),#6976);
#6972 = LINE('',#6973,#6974);
#6973 = CARTESIAN_POINT('',(-28.78936502474,-29.88141420836));
#6974 = VECTOR('',#6975,1.);
#6975 = DIRECTION('',(0.778933037545,-0.627107106498));
#6976 = ( GEOMETRIC_REPRESENTATION_CONTEXT(2) 
PARAMETRIC_REPRESENTATION_CONTEXT() REPRESENTATION_CONTEXT('2D SPACE',''
  ) );
#6977 = ORIENTED_EDGE('',*,*,#2989,.T.);
#6978 = ORIENTED_EDGE('',*,*,#6979,.T.);
#6979 = EDGE_CURVE('',#2960,#3326,#6980,.T.);
#6980 = SURFACE_CURVE('',#6981,(#6985,#6992),.PCURVE_S1.);
#6981 = LINE('',#6982,#6983);
#6982 = CARTESIAN_POINT('',(-40.50025055558,14.,18.852320362543));
#6983 = VECTOR('',#6984,1.);
#6984 = DIRECTION('',(0.627107106498,-0.,0.778933037545));
#6985 = PCURVE('',#3005,#6986);
#6986 = DEFINITIONAL_REPRESENTATION('',(#6987),#6991);
#6987 = LINE('',#6988,#6989);
#6988 = CARTESIAN_POINT('',(20.730510658973,-2.));
#6989 = VECTOR('',#6990,1.);
#6990 = DIRECTION('',(-1.,0.));
#6991 = ( GEOMETRIC_REPRESENTATION_CONTEXT(2) 
PARAMETRIC_REPRESENTATION_CONTEXT() REPRESENTATION_CONTEXT('2D SPACE',''
  ) );
#6992 = PCURVE('',#2977,#6993);
#6993 = DEFINITIONAL_REPRESENTATION('',(#6994),#6998);
#6994 = LINE('',#6995,#6996);
#6995 = CARTESIAN_POINT('',(32.652320362543,-7.50025055558));
#6996 = VECTOR('',#6997,1.);
#6997 = DIRECTION('',(0.778933037545,0.627107106498));
#6998 = ( GEOMETRIC_REPRESENTATION_CONTEXT(2) 
PARAMETRIC_REPRESENTATION_CONTEXT() REPRESENTATION_CONTEXT('2D SPACE',''
  ) );
#6999 = ADVANCED_FACE('',(#7000),#2977,.T.);
#7000 = FACE_BOUND('',#7001,.T.);
#7001 = EDGE_LOOP('',(#7002,#7003,#7004,#7005,#7006));
#7002 = ORIENTED_EDGE('',*,*,#6979,.F.);
#7003 = ORIENTED_EDGE('',*,*,#2959,.T.);
#7004 = ORIENTED_EDGE('',*,*,#3092,.T.);
#7005 = ORIENTED_EDGE('',*,*,#3225,.T.);
#7006 = ORIENTED_EDGE('',*,*,#3348,.T.);
#7007 = ADVANCED_FACE('',(#7008),#2258,.T.);
#7008 = FACE_BOUND('',#7009,.T.);
#7009 = EDGE_LOOP('',(#7010,#7011,#7012,#7013));
#7010 = ORIENTED_EDGE('',*,*,#2240,.F.);
#7011 = ORIENTED_EDGE('',*,*,#3017,.T.);
#7012 = ORIENTED_EDGE('',*,*,#6957,.T.);
#7013 = ORIENTED_EDGE('',*,*,#7014,.T.);
#7014 = EDGE_CURVE('',#6935,#2243,#7015,.T.);
#7015 = SURFACE_CURVE('',#7016,(#7020,#7027),.PCURVE_S1.);
#7016 = LINE('',#7017,#7018);
#7017 = CARTESIAN_POINT('',(-37.,16.,23.2));
#7018 = VECTOR('',#7019,1.);
#7019 = DIRECTION('',(0.,0.,-1.));
#7020 = PCURVE('',#2258,#7021);
#7021 = DEFINITIONAL_REPRESENTATION('',(#7022),#7026);
#7022 = LINE('',#7023,#7024);
#7023 = CARTESIAN_POINT('',(-16.98936502474,-39.38141420836));
#7024 = VECTOR('',#7025,1.);
#7025 = DIRECTION('',(1.,0.));
#7026 = ( GEOMETRIC_REPRESENTATION_CONTEXT(2) 
PARAMETRIC_REPRESENTATION_CONTEXT() REPRESENTATION_CONTEXT('2D SPACE',''
  ) );
#7027 = PCURVE('',#325,#7028);
#7028 = DEFINITIONAL_REPRESENTATION('',(#7029),#7033);
#7029 = LINE('',#7030,#7031);
#7030 = CARTESIAN_POINT('',(0.,0.));
#7031 = VECTOR('',#7032,1.);
#7032 = DIRECTION('',(1.,0.));
#7033 = ( GEOMETRIC_REPRESENTATION_CONTEXT(2) 
PARAMETRIC_REPRESENTATION_CONTEXT() REPRESENTATION_CONTEXT('2D SPACE',''
  ) );
#7034 = ADVANCED_FACE('',(#7035),#2200,.T.);
#7035 = FACE_BOUND('',#7036,.T.);
#7036 = EDGE_LOOP('',(#7037,#7038,#7062,#7083));
#7037 = ORIENTED_EDGE('',*,*,#2184,.F.);
#7038 = ORIENTED_EDGE('',*,*,#7039,.T.);
#7039 = EDGE_CURVE('',#2157,#7040,#7042,.T.);
#7040 = VERTEX_POINT('',#7041);
#7041 = CARTESIAN_POINT('',(-31.5,18.,-13.8));
#7042 = SURFACE_CURVE('',#7043,(#7048,#7055),.PCURVE_S1.);
#7043 = CIRCLE('',#7044,1.);
#7044 = AXIS2_PLACEMENT_3D('',#7045,#7046,#7047);
#7045 = CARTESIAN_POINT('',(-31.5,17.,-13.8));
#7046 = DIRECTION('',(0.,0.,1.));
#7047 = DIRECTION('',(1.,0.,-0.));
#7048 = PCURVE('',#2200,#7049);
#7049 = DEFINITIONAL_REPRESENTATION('',(#7050),#7054);
#7050 = LINE('',#7051,#7052);
#7051 = CARTESIAN_POINT('',(0.,2.));
#7052 = VECTOR('',#7053,1.);
#7053 = DIRECTION('',(1.,0.));
#7054 = ( GEOMETRIC_REPRESENTATION_CONTEXT(2) 
PARAMETRIC_REPRESENTATION_CONTEXT() REPRESENTATION_CONTEXT('2D SPACE',''
  ) );
#7055 = PCURVE('',#2172,#7056);
#7056 = DEFINITIONAL_REPRESENTATION('',(#7057),#7061);
#7057 = CIRCLE('',#7058,1.);
#7058 = AXIS2_PLACEMENT_2D('',#7059,#7060);
#7059 = CARTESIAN_POINT('',(1.5,3.));
#7060 = DIRECTION('',(1.,0.));
#7061 = ( GEOMETRIC_REPRESENTATION_CONTEXT(2) 
PARAMETRIC_REPRESENTATION_CONTEXT() REPRESENTATION_CONTEXT('2D SPACE',''
  ) );
#7062 = ORIENTED_EDGE('',*,*,#7063,.T.);
#7063 = EDGE_CURVE('',#7040,#2368,#7064,.T.);
#7064 = SURFACE_CURVE('',#7065,(#7069,#7076),.PCURVE_S1.);
#7065 = LINE('',#7066,#7067);
#7066 = CARTESIAN_POINT('',(-31.5,18.,-15.8));
#7067 = VECTOR('',#7068,1.);
#7068 = DIRECTION('',(0.,0.,1.));
#7069 = PCURVE('',#2200,#7070);
#7070 = DEFINITIONAL_REPRESENTATION('',(#7071),#7075);
#7071 = LINE('',#7072,#7073);
#7072 = CARTESIAN_POINT('',(1.570796326795,0.));
#7073 = VECTOR('',#7074,1.);
#7074 = DIRECTION('',(0.,1.));
#7075 = ( GEOMETRIC_REPRESENTATION_CONTEXT(2) 
PARAMETRIC_REPRESENTATION_CONTEXT() REPRESENTATION_CONTEXT('2D SPACE',''
  ) );
#7076 = PCURVE('',#118,#7077);
#7077 = DEFINITIONAL_REPRESENTATION('',(#7078),#7082);
#7078 = LINE('',#7079,#7080);
#7079 = CARTESIAN_POINT('',(24.062235193787,-33.85143585676));
#7080 = VECTOR('',#7081,1.);
#7081 = DIRECTION('',(-1.,0.));
#7082 = ( GEOMETRIC_REPRESENTATION_CONTEXT(2) 
PARAMETRIC_REPRESENTATION_CONTEXT() REPRESENTATION_CONTEXT('2D SPACE',''
  ) );
#7083 = ORIENTED_EDGE('',*,*,#2367,.F.);
#7084 = ADVANCED_FACE('',(#7085),#2172,.T.);
#7085 = FACE_BOUND('',#7086,.T.);
#7086 = EDGE_LOOP('',(#7087,#7088,#7109));
#7087 = ORIENTED_EDGE('',*,*,#2156,.T.);
#7088 = ORIENTED_EDGE('',*,*,#7089,.T.);
#7089 = EDGE_CURVE('',#2134,#7040,#7090,.T.);
#7090 = SURFACE_CURVE('',#7091,(#7095,#7102),.PCURVE_S1.);
#7091 = LINE('',#7092,#7093);
#7092 = CARTESIAN_POINT('',(-15.32428207161,18.,-13.8));
#7093 = VECTOR('',#7094,1.);
#7094 = DIRECTION('',(-1.,0.,0.));
#7095 = PCURVE('',#2172,#7096);
#7096 = DEFINITIONAL_REPRESENTATION('',(#7097),#7101);
#7097 = LINE('',#7098,#7099);
#7098 = CARTESIAN_POINT('',(17.67571792839,4.));
#7099 = VECTOR('',#7100,1.);
#7100 = DIRECTION('',(-1.,0.));
#7101 = ( GEOMETRIC_REPRESENTATION_CONTEXT(2) 
PARAMETRIC_REPRESENTATION_CONTEXT() REPRESENTATION_CONTEXT('2D SPACE',''
  ) );
#7102 = PCURVE('',#118,#7103);
#7103 = DEFINITIONAL_REPRESENTATION('',(#7104),#7108);
#7104 = LINE('',#7105,#7106);
#7105 = CARTESIAN_POINT('',(22.062235193787,-17.67571792837));
#7106 = VECTOR('',#7107,1.);
#7107 = DIRECTION('',(0.,-1.));
#7108 = ( GEOMETRIC_REPRESENTATION_CONTEXT(2) 
PARAMETRIC_REPRESENTATION_CONTEXT() REPRESENTATION_CONTEXT('2D SPACE',''
  ) );
#7109 = ORIENTED_EDGE('',*,*,#7039,.F.);
#7110 = ADVANCED_FACE('',(#7111),#1663,.T.);
#7111 = FACE_BOUND('',#7112,.T.);
#7112 = EDGE_LOOP('',(#7113,#7134,#7135,#7156));
#7113 = ORIENTED_EDGE('',*,*,#7114,.F.);
#7114 = EDGE_CURVE('',#6720,#1624,#7115,.T.);
#7115 = SURFACE_CURVE('',#7116,(#7120,#7127),.PCURVE_S1.);
#7116 = LINE('',#7117,#7118);
#7117 = CARTESIAN_POINT('',(39.5,17.,-15.8));
#7118 = VECTOR('',#7119,1.);
#7119 = DIRECTION('',(0.,0.,1.));
#7120 = PCURVE('',#1663,#7121);
#7121 = DEFINITIONAL_REPRESENTATION('',(#7122),#7126);
#7122 = LINE('',#7123,#7124);
#7123 = CARTESIAN_POINT('',(0.,0.));
#7124 = VECTOR('',#7125,1.);
#7125 = DIRECTION('',(0.,1.));
#7126 = ( GEOMETRIC_REPRESENTATION_CONTEXT(2) 
PARAMETRIC_REPRESENTATION_CONTEXT() REPRESENTATION_CONTEXT('2D SPACE',''
  ) );
#7127 = PCURVE('',#617,#7128);
#7128 = DEFINITIONAL_REPRESENTATION('',(#7129),#7133);
#7129 = LINE('',#7130,#7131);
#7130 = CARTESIAN_POINT('',(0.,-6.));
#7131 = VECTOR('',#7132,1.);
#7132 = DIRECTION('',(1.,0.));
#7133 = ( GEOMETRIC_REPRESENTATION_CONTEXT(2) 
PARAMETRIC_REPRESENTATION_CONTEXT() REPRESENTATION_CONTEXT('2D SPACE',''
  ) );
#7134 = ORIENTED_EDGE('',*,*,#6719,.T.);
#7135 = ORIENTED_EDGE('',*,*,#7136,.T.);
#7136 = EDGE_CURVE('',#6697,#1647,#7137,.T.);
#7137 = SURFACE_CURVE('',#7138,(#7142,#7149),.PCURVE_S1.);
#7138 = LINE('',#7139,#7140);
#7139 = CARTESIAN_POINT('',(38.5,18.,-15.8));
#7140 = VECTOR('',#7141,1.);
#7141 = DIRECTION('',(0.,0.,1.));
#7142 = PCURVE('',#1663,#7143);
#7143 = DEFINITIONAL_REPRESENTATION('',(#7144),#7148);
#7144 = LINE('',#7145,#7146);
#7145 = CARTESIAN_POINT('',(1.570796326795,0.));
#7146 = VECTOR('',#7147,1.);
#7147 = DIRECTION('',(0.,1.));
#7148 = ( GEOMETRIC_REPRESENTATION_CONTEXT(2) 
PARAMETRIC_REPRESENTATION_CONTEXT() REPRESENTATION_CONTEXT('2D SPACE',''
  ) );
#7149 = PCURVE('',#118,#7150);
#7150 = DEFINITIONAL_REPRESENTATION('',(#7151),#7155);
#7151 = LINE('',#7152,#7153);
#7152 = CARTESIAN_POINT('',(24.062235193787,36.148564143232));
#7153 = VECTOR('',#7154,1.);
#7154 = DIRECTION('',(-1.,0.));
#7155 = ( GEOMETRIC_REPRESENTATION_CONTEXT(2) 
PARAMETRIC_REPRESENTATION_CONTEXT() REPRESENTATION_CONTEXT('2D SPACE',''
  ) );
#7156 = ORIENTED_EDGE('',*,*,#1646,.F.);
#7157 = ADVANCED_FACE('',(#7158),#1223,.T.);
#7158 = FACE_BOUND('',#7159,.T.);
#7159 = EDGE_LOOP('',(#7160,#7161,#7182,#7183));
#7160 = ORIENTED_EDGE('',*,*,#1207,.F.);
#7161 = ORIENTED_EDGE('',*,*,#7162,.T.);
#7162 = EDGE_CURVE('',#1180,#1367,#7163,.T.);
#7163 = SURFACE_CURVE('',#7164,(#7168,#7175),.PCURVE_S1.);
#7164 = LINE('',#7165,#7166);
#7165 = CARTESIAN_POINT('',(33.8,12.3,-14.6));
#7166 = VECTOR('',#7167,1.);
#7167 = DIRECTION('',(0.,0.,1.));
#7168 = PCURVE('',#1223,#7169);
#7169 = DEFINITIONAL_REPRESENTATION('',(#7170),#7174);
#7170 = LINE('',#7171,#7172);
#7171 = CARTESIAN_POINT('',(0.,0.));
#7172 = VECTOR('',#7173,1.);
#7173 = DIRECTION('',(1.,0.));
#7174 = ( GEOMETRIC_REPRESENTATION_CONTEXT(2) 
PARAMETRIC_REPRESENTATION_CONTEXT() REPRESENTATION_CONTEXT('2D SPACE',''
  ) );
#7175 = PCURVE('',#1195,#7176);
#7176 = DEFINITIONAL_REPRESENTATION('',(#7177),#7181);
#7177 = LINE('',#7178,#7179);
#7178 = CARTESIAN_POINT('',(0.,0.));
#7179 = VECTOR('',#7180,1.);
#7180 = DIRECTION('',(1.,0.));
#7181 = ( GEOMETRIC_REPRESENTATION_CONTEXT(2) 
PARAMETRIC_REPRESENTATION_CONTEXT() REPRESENTATION_CONTEXT('2D SPACE',''
  ) );
#7182 = ORIENTED_EDGE('',*,*,#1391,.T.);
#7183 = ORIENTED_EDGE('',*,*,#1320,.F.);
#7184 = ADVANCED_FACE('',(#7185),#1195,.T.);
#7185 = FACE_BOUND('',#7186,.T.);
#7186 = EDGE_LOOP('',(#7187,#7188,#7189,#7190));
#7187 = ORIENTED_EDGE('',*,*,#1366,.F.);
#7188 = ORIENTED_EDGE('',*,*,#7162,.F.);
#7189 = ORIENTED_EDGE('',*,*,#1177,.F.);
#7190 = ORIENTED_EDGE('',*,*,#7191,.T.);
#7191 = EDGE_CURVE('',#1178,#1369,#7192,.T.);
#7192 = SURFACE_CURVE('',#7193,(#7197,#7204),.PCURVE_S1.);
#7193 = LINE('',#7194,#7195);
#7194 = CARTESIAN_POINT('',(33.8,18.,-3.168882403107));
#7195 = VECTOR('',#7196,1.);
#7196 = DIRECTION('',(0.,-0.,1.));
#7197 = PCURVE('',#1195,#7198);
#7198 = DEFINITIONAL_REPRESENTATION('',(#7199),#7203);
#7199 = LINE('',#7200,#7201);
#7200 = CARTESIAN_POINT('',(11.431117596893,-5.7));
#7201 = VECTOR('',#7202,1.);
#7202 = DIRECTION('',(1.,0.));
#7203 = ( GEOMETRIC_REPRESENTATION_CONTEXT(2) 
PARAMETRIC_REPRESENTATION_CONTEXT() REPRESENTATION_CONTEXT('2D SPACE',''
  ) );
#7204 = PCURVE('',#118,#7205);
#7205 = DEFINITIONAL_REPRESENTATION('',(#7206),#7210);
#7206 = LINE('',#7207,#7208);
#7207 = CARTESIAN_POINT('',(11.431117596894,31.448564143232));
#7208 = VECTOR('',#7209,1.);
#7209 = DIRECTION('',(-1.,0.));
#7210 = ( GEOMETRIC_REPRESENTATION_CONTEXT(2) 
PARAMETRIC_REPRESENTATION_CONTEXT() REPRESENTATION_CONTEXT('2D SPACE',''
  ) );
#7211 = ADVANCED_FACE('',(#7212),#986,.T.);
#7212 = FACE_BOUND('',#7213,.T.);
#7213 = EDGE_LOOP('',(#7214,#7249,#7270,#7271));
#7214 = ORIENTED_EDGE('',*,*,#7215,.T.);
#7215 = EDGE_CURVE('',#7216,#7218,#7220,.T.);
#7216 = VERTEX_POINT('',#7217);
#7217 = CARTESIAN_POINT('',(-37.,-23.13397459621,-12.6));
#7218 = VERTEX_POINT('',#7219);
#7219 = CARTESIAN_POINT('',(-36.5,-23.,-12.6));
#7220 = SURFACE_CURVE('',#7221,(#7226,#7233),.PCURVE_S1.);
#7221 = CIRCLE('',#7222,1.);
#7222 = AXIS2_PLACEMENT_3D('',#7223,#7224,#7225);
#7223 = CARTESIAN_POINT('',(-36.5,-24.,-12.6));
#7224 = DIRECTION('',(-0.,-0.,-1.));
#7225 = DIRECTION('',(0.,-1.,0.));
#7226 = PCURVE('',#986,#7227);
#7227 = DEFINITIONAL_REPRESENTATION('',(#7228),#7232);
#7228 = LINE('',#7229,#7230);
#7229 = CARTESIAN_POINT('',(7.853981633975,3.2));
#7230 = VECTOR('',#7231,1.);
#7231 = DIRECTION('',(-1.,0.));
#7232 = ( GEOMETRIC_REPRESENTATION_CONTEXT(2) 
PARAMETRIC_REPRESENTATION_CONTEXT() REPRESENTATION_CONTEXT('2D SPACE',''
  ) );
#7233 = PCURVE('',#7234,#7239);
#7234 = PLANE('',#7235);
#7235 = AXIS2_PLACEMENT_3D('',#7236,#7237,#7238);
#7236 = CARTESIAN_POINT('',(-37.5,-30.,-12.6));
#7237 = DIRECTION('',(0.,0.,1.));
#7238 = DIRECTION('',(1.,0.,-0.));
#7239 = DEFINITIONAL_REPRESENTATION('',(#7240),#7248);
#7240 = ( BOUNDED_CURVE() B_SPLINE_CURVE(2,(#7241,#7242,#7243,#7244,
#7245,#7246,#7247),.UNSPECIFIED.,.T.,.F.) B_SPLINE_CURVE_WITH_KNOTS((1,2
    ,2,2,2,1),(-2.094395102393,0.,2.094395102393,4.188790204786,
6.28318530718,8.377580409573),.UNSPECIFIED.) CURVE() 
GEOMETRIC_REPRESENTATION_ITEM() RATIONAL_B_SPLINE_CURVE((1.,0.5,1.,0.5,
1.,0.5,1.)) REPRESENTATION_ITEM('') );
#7241 = CARTESIAN_POINT('',(1.,5.));
#7242 = CARTESIAN_POINT('',(-0.732050807569,5.));
#7243 = CARTESIAN_POINT('',(0.133974596216,6.5));
#7244 = CARTESIAN_POINT('',(1.,8.));
#7245 = CARTESIAN_POINT('',(1.866025403784,6.5));
#7246 = CARTESIAN_POINT('',(2.732050807569,5.));
#7247 = CARTESIAN_POINT('',(1.,5.));
#7248 = ( GEOMETRIC_REPRESENTATION_CONTEXT(2) 
PARAMETRIC_REPRESENTATION_CONTEXT() REPRESENTATION_CONTEXT('2D SPACE',''
  ) );
#7249 = ORIENTED_EDGE('',*,*,#7250,.F.);
#7250 = EDGE_CURVE('',#940,#7218,#7251,.T.);
#7251 = SURFACE_CURVE('',#7252,(#7256,#7263),.PCURVE_S1.);
#7252 = LINE('',#7253,#7254);
#7253 = CARTESIAN_POINT('',(-36.5,-23.,-15.8));
#7254 = VECTOR('',#7255,1.);
#7255 = DIRECTION('',(0.,0.,1.));
#7256 = PCURVE('',#986,#7257);
#7257 = DEFINITIONAL_REPRESENTATION('',(#7258),#7262);
#7258 = LINE('',#7259,#7260);
#7259 = CARTESIAN_POINT('',(4.712388980385,0.));
#7260 = VECTOR('',#7261,1.);
#7261 = DIRECTION('',(-0.,1.));
#7262 = ( GEOMETRIC_REPRESENTATION_CONTEXT(2) 
PARAMETRIC_REPRESENTATION_CONTEXT() REPRESENTATION_CONTEXT('2D SPACE',''
  ) );
#7263 = PCURVE('',#955,#7264);
#7264 = DEFINITIONAL_REPRESENTATION('',(#7265),#7269);
#7265 = LINE('',#7266,#7267);
#7266 = CARTESIAN_POINT('',(0.,1.));
#7267 = VECTOR('',#7268,1.);
#7268 = DIRECTION('',(1.,0.));
#7269 = ( GEOMETRIC_REPRESENTATION_CONTEXT(2) 
PARAMETRIC_REPRESENTATION_CONTEXT() REPRESENTATION_CONTEXT('2D SPACE',''
  ) );
#7270 = ORIENTED_EDGE('',*,*,#967,.F.);
#7271 = ORIENTED_EDGE('',*,*,#7272,.T.);
#7272 = EDGE_CURVE('',#308,#7216,#7273,.T.);
#7273 = SURFACE_CURVE('',#7274,(#7278,#7284),.PCURVE_S1.);
#7274 = LINE('',#7275,#7276);
#7275 = CARTESIAN_POINT('',(-37.,-23.13397459621,-15.8));
#7276 = VECTOR('',#7277,1.);
#7277 = DIRECTION('',(0.,0.,1.));
#7278 = PCURVE('',#986,#7279);
#7279 = DEFINITIONAL_REPRESENTATION('',(#7280),#7283);
#7280 = B_SPLINE_CURVE_WITH_KNOTS('',1,(#7281,#7282),.UNSPECIFIED.,.F.,
  .F.,(2,2),(-5.999999999062E-07,3.2000006),.PIECEWISE_BEZIER_KNOTS.);
#7281 = CARTESIAN_POINT('',(5.235987755983,-5.999999999062E-07));
#7282 = CARTESIAN_POINT('',(5.235987755983,3.2000006));
#7283 = ( GEOMETRIC_REPRESENTATION_CONTEXT(2) 
PARAMETRIC_REPRESENTATION_CONTEXT() REPRESENTATION_CONTEXT('2D SPACE',''
  ) );
#7284 = PCURVE('',#325,#7285);
#7285 = DEFINITIONAL_REPRESENTATION('',(#7286),#7290);
#7286 = LINE('',#7287,#7288);
#7287 = CARTESIAN_POINT('',(39.,-39.13397459621));
#7288 = VECTOR('',#7289,1.);
#7289 = DIRECTION('',(-1.,0.));
#7290 = ( GEOMETRIC_REPRESENTATION_CONTEXT(2) 
PARAMETRIC_REPRESENTATION_CONTEXT() REPRESENTATION_CONTEXT('2D SPACE',''
  ) );
#7291 = ADVANCED_FACE('',(#7292,#7409),#7234,.T.);
#7292 = FACE_BOUND('',#7293,.T.);
#7293 = EDGE_LOOP('',(#7294,#7295,#7318,#7341,#7364,#7388));
#7294 = ORIENTED_EDGE('',*,*,#7215,.F.);
#7295 = ORIENTED_EDGE('',*,*,#7296,.T.);
#7296 = EDGE_CURVE('',#7216,#7297,#7299,.T.);
#7297 = VERTEX_POINT('',#7298);
#7298 = CARTESIAN_POINT('',(-37.,-28.,-12.6));
#7299 = SURFACE_CURVE('',#7300,(#7304,#7311),.PCURVE_S1.);
#7300 = LINE('',#7301,#7302);
#7301 = CARTESIAN_POINT('',(-37.,-7.,-12.6));
#7302 = VECTOR('',#7303,1.);
#7303 = DIRECTION('',(0.,-1.,0.));
#7304 = PCURVE('',#7234,#7305);
#7305 = DEFINITIONAL_REPRESENTATION('',(#7306),#7310);
#7306 = LINE('',#7307,#7308);
#7307 = CARTESIAN_POINT('',(0.5,23.));
#7308 = VECTOR('',#7309,1.);
#7309 = DIRECTION('',(0.,-1.));
#7310 = ( GEOMETRIC_REPRESENTATION_CONTEXT(2) 
PARAMETRIC_REPRESENTATION_CONTEXT() REPRESENTATION_CONTEXT('2D SPACE',''
  ) );
#7311 = PCURVE('',#325,#7312);
#7312 = DEFINITIONAL_REPRESENTATION('',(#7313),#7317);
#7313 = LINE('',#7314,#7315);
#7314 = CARTESIAN_POINT('',(35.8,-23.));
#7315 = VECTOR('',#7316,1.);
#7316 = DIRECTION('',(0.,-1.));
#7317 = ( GEOMETRIC_REPRESENTATION_CONTEXT(2) 
PARAMETRIC_REPRESENTATION_CONTEXT() REPRESENTATION_CONTEXT('2D SPACE',''
  ) );
#7318 = ORIENTED_EDGE('',*,*,#7319,.F.);
#7319 = EDGE_CURVE('',#7320,#7297,#7322,.T.);
#7320 = VERTEX_POINT('',#7321);
#7321 = CARTESIAN_POINT('',(-30.5,-28.,-12.6));
#7322 = SURFACE_CURVE('',#7323,(#7327,#7334),.PCURVE_S1.);
#7323 = LINE('',#7324,#7325);
#7324 = CARTESIAN_POINT('',(-17.55929289582,-28.,-12.6));
#7325 = VECTOR('',#7326,1.);
#7326 = DIRECTION('',(-1.,0.,0.));
#7327 = PCURVE('',#7234,#7328);
#7328 = DEFINITIONAL_REPRESENTATION('',(#7329),#7333);
#7329 = LINE('',#7330,#7331);
#7330 = CARTESIAN_POINT('',(19.94070710418,2.));
#7331 = VECTOR('',#7332,1.);
#7332 = DIRECTION('',(-1.,0.));
#7333 = ( GEOMETRIC_REPRESENTATION_CONTEXT(2) 
PARAMETRIC_REPRESENTATION_CONTEXT() REPRESENTATION_CONTEXT('2D SPACE',''
  ) );
#7334 = PCURVE('',#701,#7335);
#7335 = DEFINITIONAL_REPRESENTATION('',(#7336),#7340);
#7336 = LINE('',#7337,#7338);
#7337 = CARTESIAN_POINT('',(18.810634975253,-19.94070710418));
#7338 = VECTOR('',#7339,1.);
#7339 = DIRECTION('',(0.,-1.));
#7340 = ( GEOMETRIC_REPRESENTATION_CONTEXT(2) 
PARAMETRIC_REPRESENTATION_CONTEXT() REPRESENTATION_CONTEXT('2D SPACE',''
  ) );
#7341 = ORIENTED_EDGE('',*,*,#7342,.T.);
#7342 = EDGE_CURVE('',#7320,#7343,#7345,.T.);
#7343 = VERTEX_POINT('',#7344);
#7344 = CARTESIAN_POINT('',(-30.5,-24.,-12.6));
#7345 = SURFACE_CURVE('',#7346,(#7350,#7357),.PCURVE_S1.);
#7346 = LINE('',#7347,#7348);
#7347 = CARTESIAN_POINT('',(-30.5,-30.,-12.6));
#7348 = VECTOR('',#7349,1.);
#7349 = DIRECTION('',(0.,1.,0.));
#7350 = PCURVE('',#7234,#7351);
#7351 = DEFINITIONAL_REPRESENTATION('',(#7352),#7356);
#7352 = LINE('',#7353,#7354);
#7353 = CARTESIAN_POINT('',(7.,0.));
#7354 = VECTOR('',#7355,1.);
#7355 = DIRECTION('',(0.,1.));
#7356 = ( GEOMETRIC_REPRESENTATION_CONTEXT(2) 
PARAMETRIC_REPRESENTATION_CONTEXT() REPRESENTATION_CONTEXT('2D SPACE',''
  ) );
#7357 = PCURVE('',#898,#7358);
#7358 = DEFINITIONAL_REPRESENTATION('',(#7359),#7363);
#7359 = LINE('',#7360,#7361);
#7360 = CARTESIAN_POINT('',(3.2,0.));
#7361 = VECTOR('',#7362,1.);
#7362 = DIRECTION('',(0.,-1.));
#7363 = ( GEOMETRIC_REPRESENTATION_CONTEXT(2) 
PARAMETRIC_REPRESENTATION_CONTEXT() REPRESENTATION_CONTEXT('2D SPACE',''
  ) );
#7364 = ORIENTED_EDGE('',*,*,#7365,.T.);
#7365 = EDGE_CURVE('',#7343,#7366,#7368,.T.);
#7366 = VERTEX_POINT('',#7367);
#7367 = CARTESIAN_POINT('',(-31.5,-23.,-12.6));
#7368 = SURFACE_CURVE('',#7369,(#7374,#7381),.PCURVE_S1.);
#7369 = CIRCLE('',#7370,1.);
#7370 = AXIS2_PLACEMENT_3D('',#7371,#7372,#7373);
#7371 = CARTESIAN_POINT('',(-31.5,-24.,-12.6));
#7372 = DIRECTION('',(0.,0.,1.));
#7373 = DIRECTION('',(0.,-1.,0.));
#7374 = PCURVE('',#7234,#7375);
#7375 = DEFINITIONAL_REPRESENTATION('',(#7376),#7380);
#7376 = CIRCLE('',#7377,1.);
#7377 = AXIS2_PLACEMENT_2D('',#7378,#7379);
#7378 = CARTESIAN_POINT('',(6.,6.));
#7379 = DIRECTION('',(0.,-1.));
#7380 = ( GEOMETRIC_REPRESENTATION_CONTEXT(2) 
PARAMETRIC_REPRESENTATION_CONTEXT() REPRESENTATION_CONTEXT('2D SPACE',''
  ) );
#7381 = PCURVE('',#927,#7382);
#7382 = DEFINITIONAL_REPRESENTATION('',(#7383),#7387);
#7383 = LINE('',#7384,#7385);
#7384 = CARTESIAN_POINT('',(-1.570796326795,3.2));
#7385 = VECTOR('',#7386,1.);
#7386 = DIRECTION('',(1.,0.));
#7387 = ( GEOMETRIC_REPRESENTATION_CONTEXT(2) 
PARAMETRIC_REPRESENTATION_CONTEXT() REPRESENTATION_CONTEXT('2D SPACE',''
  ) );
#7388 = ORIENTED_EDGE('',*,*,#7389,.F.);
#7389 = EDGE_CURVE('',#7218,#7366,#7390,.T.);
#7390 = SURFACE_CURVE('',#7391,(#7395,#7402),.PCURVE_S1.);
#7391 = LINE('',#7392,#7393);
#7392 = CARTESIAN_POINT('',(-37.5,-23.,-12.6));
#7393 = VECTOR('',#7394,1.);
#7394 = DIRECTION('',(1.,0.,0.));
#7395 = PCURVE('',#7234,#7396);
#7396 = DEFINITIONAL_REPRESENTATION('',(#7397),#7401);
#7397 = LINE('',#7398,#7399);
#7398 = CARTESIAN_POINT('',(0.,7.));
#7399 = VECTOR('',#7400,1.);
#7400 = DIRECTION('',(1.,0.));
#7401 = ( GEOMETRIC_REPRESENTATION_CONTEXT(2) 
PARAMETRIC_REPRESENTATION_CONTEXT() REPRESENTATION_CONTEXT('2D SPACE',''
  ) );
#7402 = PCURVE('',#955,#7403);
#7403 = DEFINITIONAL_REPRESENTATION('',(#7404),#7408);
#7404 = LINE('',#7405,#7406);
#7405 = CARTESIAN_POINT('',(3.2,0.));
#7406 = VECTOR('',#7407,1.);
#7407 = DIRECTION('',(0.,1.));
#7408 = ( GEOMETRIC_REPRESENTATION_CONTEXT(2) 
PARAMETRIC_REPRESENTATION_CONTEXT() REPRESENTATION_CONTEXT('2D SPACE',''
  ) );
#7409 = FACE_BOUND('',#7410,.T.);
#7410 = EDGE_LOOP('',(#7411));
#7411 = ORIENTED_EDGE('',*,*,#7412,.F.);
#7412 = EDGE_CURVE('',#7413,#7413,#7415,.T.);
#7413 = VERTEX_POINT('',#7414);
#7414 = CARTESIAN_POINT('',(-32.85,-26.5,-12.6));
#7415 = SURFACE_CURVE('',#7416,(#7421,#7428),.PCURVE_S1.);
#7416 = CIRCLE('',#7417,1.15);
#7417 = AXIS2_PLACEMENT_3D('',#7418,#7419,#7420);
#7418 = CARTESIAN_POINT('',(-34.,-26.5,-12.6));
#7419 = DIRECTION('',(0.,0.,1.));
#7420 = DIRECTION('',(1.,0.,-0.));
#7421 = PCURVE('',#7234,#7422);
#7422 = DEFINITIONAL_REPRESENTATION('',(#7423),#7427);
#7423 = CIRCLE('',#7424,1.15);
#7424 = AXIS2_PLACEMENT_2D('',#7425,#7426);
#7425 = CARTESIAN_POINT('',(3.5,3.5));
#7426 = DIRECTION('',(1.,0.));
#7427 = ( GEOMETRIC_REPRESENTATION_CONTEXT(2) 
PARAMETRIC_REPRESENTATION_CONTEXT() REPRESENTATION_CONTEXT('2D SPACE',''
  ) );
#7428 = PCURVE('',#7429,#7434);
#7429 = CYLINDRICAL_SURFACE('',#7430,1.15);
#7430 = AXIS2_PLACEMENT_3D('',#7431,#7432,#7433);
#7431 = CARTESIAN_POINT('',(-34.,-26.5,-16.01));
#7432 = DIRECTION('',(0.,0.,1.));
#7433 = DIRECTION('',(1.,0.,-0.));
#7434 = DEFINITIONAL_REPRESENTATION('',(#7435),#7439);
#7435 = LINE('',#7436,#7437);
#7436 = CARTESIAN_POINT('',(0.,3.41));
#7437 = VECTOR('',#7438,1.);
#7438 = DIRECTION('',(1.,0.));
#7439 = ( GEOMETRIC_REPRESENTATION_CONTEXT(2) 
PARAMETRIC_REPRESENTATION_CONTEXT() REPRESENTATION_CONTEXT('2D SPACE',''
  ) );
#7440 = ADVANCED_FACE('',(#7441),#7429,.F.);
#7441 = FACE_BOUND('',#7442,.F.);
#7442 = EDGE_LOOP('',(#7443,#7472,#7493,#7494));
#7443 = ORIENTED_EDGE('',*,*,#7444,.T.);
#7444 = EDGE_CURVE('',#7445,#7445,#7447,.T.);
#7445 = VERTEX_POINT('',#7446);
#7446 = CARTESIAN_POINT('',(-32.85,-26.5,-12.8));
#7447 = SURFACE_CURVE('',#7448,(#7453,#7460),.PCURVE_S1.);
#7448 = CIRCLE('',#7449,1.15);
#7449 = AXIS2_PLACEMENT_3D('',#7450,#7451,#7452);
#7450 = CARTESIAN_POINT('',(-34.,-26.5,-12.8));
#7451 = DIRECTION('',(0.,0.,1.));
#7452 = DIRECTION('',(1.,0.,-0.));
#7453 = PCURVE('',#7429,#7454);
#7454 = DEFINITIONAL_REPRESENTATION('',(#7455),#7459);
#7455 = LINE('',#7456,#7457);
#7456 = CARTESIAN_POINT('',(0.,3.21));
#7457 = VECTOR('',#7458,1.);
#7458 = DIRECTION('',(1.,0.));
#7459 = ( GEOMETRIC_REPRESENTATION_CONTEXT(2) 
PARAMETRIC_REPRESENTATION_CONTEXT() REPRESENTATION_CONTEXT('2D SPACE',''
  ) );
#7460 = PCURVE('',#7461,#7466);
#7461 = PLANE('',#7462);
#7462 = AXIS2_PLACEMENT_3D('',#7463,#7464,#7465);
#7463 = CARTESIAN_POINT('',(-36.2,-36.,-12.8));
#7464 = DIRECTION('',(0.,0.,1.));
#7465 = DIRECTION('',(1.,0.,-0.));
#7466 = DEFINITIONAL_REPRESENTATION('',(#7467),#7471);
#7467 = CIRCLE('',#7468,1.15);
#7468 = AXIS2_PLACEMENT_2D('',#7469,#7470);
#7469 = CARTESIAN_POINT('',(2.2,9.5));
#7470 = DIRECTION('',(1.,0.));
#7471 = ( GEOMETRIC_REPRESENTATION_CONTEXT(2) 
PARAMETRIC_REPRESENTATION_CONTEXT() REPRESENTATION_CONTEXT('2D SPACE',''
  ) );
#7472 = ORIENTED_EDGE('',*,*,#7473,.F.);
#7473 = EDGE_CURVE('',#7413,#7445,#7474,.T.);
#7474 = SEAM_CURVE('',#7475,(#7479,#7486),.PCURVE_S1.);
#7475 = LINE('',#7476,#7477);
#7476 = CARTESIAN_POINT('',(-32.85,-26.5,-12.6));
#7477 = VECTOR('',#7478,1.);
#7478 = DIRECTION('',(0.,0.,-1.));
#7479 = PCURVE('',#7429,#7480);
#7480 = DEFINITIONAL_REPRESENTATION('',(#7481),#7485);
#7481 = LINE('',#7482,#7483);
#7482 = CARTESIAN_POINT('',(6.28318530718,3.41));
#7483 = VECTOR('',#7484,1.);
#7484 = DIRECTION('',(-0.,-1.));
#7485 = ( GEOMETRIC_REPRESENTATION_CONTEXT(2) 
PARAMETRIC_REPRESENTATION_CONTEXT() REPRESENTATION_CONTEXT('2D SPACE',''
  ) );
#7486 = PCURVE('',#7429,#7487);
#7487 = DEFINITIONAL_REPRESENTATION('',(#7488),#7492);
#7488 = LINE('',#7489,#7490);
#7489 = CARTESIAN_POINT('',(0.,3.41));
#7490 = VECTOR('',#7491,1.);
#7491 = DIRECTION('',(-0.,-1.));
#7492 = ( GEOMETRIC_REPRESENTATION_CONTEXT(2) 
PARAMETRIC_REPRESENTATION_CONTEXT() REPRESENTATION_CONTEXT('2D SPACE',''
  ) );
#7493 = ORIENTED_EDGE('',*,*,#7412,.F.);
#7494 = ORIENTED_EDGE('',*,*,#7473,.T.);
#7495 = ADVANCED_FACE('',(#7496,#7605),#7461,.F.);
#7496 = FACE_BOUND('',#7497,.F.);
#7497 = EDGE_LOOP('',(#7498,#7528,#7556,#7584));
#7498 = ORIENTED_EDGE('',*,*,#7499,.T.);
#7499 = EDGE_CURVE('',#7500,#7502,#7504,.T.);
#7500 = VERTEX_POINT('',#7501);
#7501 = CARTESIAN_POINT('',(-31.8,-30.,-12.8));
#7502 = VERTEX_POINT('',#7503);
#7503 = CARTESIAN_POINT('',(-31.8,-24.3,-12.8));
#7504 = SURFACE_CURVE('',#7505,(#7509,#7516),.PCURVE_S1.);
#7505 = LINE('',#7506,#7507);
#7506 = CARTESIAN_POINT('',(-31.8,-30.,-12.8));
#7507 = VECTOR('',#7508,1.);
#7508 = DIRECTION('',(6.232831015439E-16,1.,-6.232831015439E-16));
#7509 = PCURVE('',#7461,#7510);
#7510 = DEFINITIONAL_REPRESENTATION('',(#7511),#7515);
#7511 = LINE('',#7512,#7513);
#7512 = CARTESIAN_POINT('',(4.4,6.));
#7513 = VECTOR('',#7514,1.);
#7514 = DIRECTION('',(6.232831015439E-16,1.));
#7515 = ( GEOMETRIC_REPRESENTATION_CONTEXT(2) 
PARAMETRIC_REPRESENTATION_CONTEXT() REPRESENTATION_CONTEXT('2D SPACE',''
  ) );
#7516 = PCURVE('',#7517,#7522);
#7517 = PLANE('',#7518);
#7518 = AXIS2_PLACEMENT_3D('',#7519,#7520,#7521);
#7519 = CARTESIAN_POINT('',(-31.8,-36.,-14.6));
#7520 = DIRECTION('',(1.,0.,-0.));
#7521 = DIRECTION('',(0.,0.,1.));
#7522 = DEFINITIONAL_REPRESENTATION('',(#7523),#7527);
#7523 = LINE('',#7524,#7525);
#7524 = CARTESIAN_POINT('',(1.8,-6.));
#7525 = VECTOR('',#7526,1.);
#7526 = DIRECTION('',(-6.232831015439E-16,-1.));
#7527 = ( GEOMETRIC_REPRESENTATION_CONTEXT(2) 
PARAMETRIC_REPRESENTATION_CONTEXT() REPRESENTATION_CONTEXT('2D SPACE',''
  ) );
#7528 = ORIENTED_EDGE('',*,*,#7529,.F.);
#7529 = EDGE_CURVE('',#7530,#7502,#7532,.T.);
#7530 = VERTEX_POINT('',#7531);
#7531 = CARTESIAN_POINT('',(-36.2,-24.3,-12.8));
#7532 = SURFACE_CURVE('',#7533,(#7537,#7544),.PCURVE_S1.);
#7533 = LINE('',#7534,#7535);
#7534 = CARTESIAN_POINT('',(-36.2,-24.3,-12.8));
#7535 = VECTOR('',#7536,1.);
#7536 = DIRECTION('',(1.,0.,0.));
#7537 = PCURVE('',#7461,#7538);
#7538 = DEFINITIONAL_REPRESENTATION('',(#7539),#7543);
#7539 = LINE('',#7540,#7541);
#7540 = CARTESIAN_POINT('',(0.,11.7));
#7541 = VECTOR('',#7542,1.);
#7542 = DIRECTION('',(1.,0.));
#7543 = ( GEOMETRIC_REPRESENTATION_CONTEXT(2) 
PARAMETRIC_REPRESENTATION_CONTEXT() REPRESENTATION_CONTEXT('2D SPACE',''
  ) );
#7544 = PCURVE('',#7545,#7550);
#7545 = PLANE('',#7546);
#7546 = AXIS2_PLACEMENT_3D('',#7547,#7548,#7549);
#7547 = CARTESIAN_POINT('',(-36.2,-24.3,-14.6));
#7548 = DIRECTION('',(0.,1.,0.));
#7549 = DIRECTION('',(0.,-0.,1.));
#7550 = DEFINITIONAL_REPRESENTATION('',(#7551),#7555);
#7551 = LINE('',#7552,#7553);
#7552 = CARTESIAN_POINT('',(1.8,0.));
#7553 = VECTOR('',#7554,1.);
#7554 = DIRECTION('',(0.,1.));
#7555 = ( GEOMETRIC_REPRESENTATION_CONTEXT(2) 
PARAMETRIC_REPRESENTATION_CONTEXT() REPRESENTATION_CONTEXT('2D SPACE',''
  ) );
#7556 = ORIENTED_EDGE('',*,*,#7557,.T.);
#7557 = EDGE_CURVE('',#7530,#7558,#7560,.T.);
#7558 = VERTEX_POINT('',#7559);
#7559 = CARTESIAN_POINT('',(-36.2,-30.,-12.8));
#7560 = SURFACE_CURVE('',#7561,(#7565,#7572),.PCURVE_S1.);
#7561 = LINE('',#7562,#7563);
#7562 = CARTESIAN_POINT('',(-36.2,-24.3,-12.8));
#7563 = VECTOR('',#7564,1.);
#7564 = DIRECTION('',(0.,-1.,0.));
#7565 = PCURVE('',#7461,#7566);
#7566 = DEFINITIONAL_REPRESENTATION('',(#7567),#7571);
#7567 = LINE('',#7568,#7569);
#7568 = CARTESIAN_POINT('',(0.,11.7));
#7569 = VECTOR('',#7570,1.);
#7570 = DIRECTION('',(0.,-1.));
#7571 = ( GEOMETRIC_REPRESENTATION_CONTEXT(2) 
PARAMETRIC_REPRESENTATION_CONTEXT() REPRESENTATION_CONTEXT('2D SPACE',''
  ) );
#7572 = PCURVE('',#7573,#7578);
#7573 = PLANE('',#7574);
#7574 = AXIS2_PLACEMENT_3D('',#7575,#7576,#7577);
#7575 = CARTESIAN_POINT('',(-36.2,-36.,-14.6));
#7576 = DIRECTION('',(1.,0.,-0.));
#7577 = DIRECTION('',(0.,0.,1.));
#7578 = DEFINITIONAL_REPRESENTATION('',(#7579),#7583);
#7579 = LINE('',#7580,#7581);
#7580 = CARTESIAN_POINT('',(1.8,-11.7));
#7581 = VECTOR('',#7582,1.);
#7582 = DIRECTION('',(0.,1.));
#7583 = ( GEOMETRIC_REPRESENTATION_CONTEXT(2) 
PARAMETRIC_REPRESENTATION_CONTEXT() REPRESENTATION_CONTEXT('2D SPACE',''
  ) );
#7584 = ORIENTED_EDGE('',*,*,#7585,.F.);
#7585 = EDGE_CURVE('',#7500,#7558,#7586,.T.);
#7586 = SURFACE_CURVE('',#7587,(#7591,#7598),.PCURVE_S1.);
#7587 = LINE('',#7588,#7589);
#7588 = CARTESIAN_POINT('',(-16.92428207161,-30.,-12.8));
#7589 = VECTOR('',#7590,1.);
#7590 = DIRECTION('',(-1.,0.,0.));
#7591 = PCURVE('',#7461,#7592);
#7592 = DEFINITIONAL_REPRESENTATION('',(#7593),#7597);
#7593 = LINE('',#7594,#7595);
#7594 = CARTESIAN_POINT('',(19.27571792839,6.));
#7595 = VECTOR('',#7596,1.);
#7596 = DIRECTION('',(-1.,0.));
#7597 = ( GEOMETRIC_REPRESENTATION_CONTEXT(2) 
PARAMETRIC_REPRESENTATION_CONTEXT() REPRESENTATION_CONTEXT('2D SPACE',''
  ) );
#7598 = PCURVE('',#174,#7599);
#7599 = DEFINITIONAL_REPRESENTATION('',(#7600),#7604);
#7600 = LINE('',#7601,#7602);
#7601 = CARTESIAN_POINT('',(21.062235193787,-19.27571792837));
#7602 = VECTOR('',#7603,1.);
#7603 = DIRECTION('',(0.,-1.));
#7604 = ( GEOMETRIC_REPRESENTATION_CONTEXT(2) 
PARAMETRIC_REPRESENTATION_CONTEXT() REPRESENTATION_CONTEXT('2D SPACE',''
  ) );
#7605 = FACE_BOUND('',#7606,.F.);
#7606 = EDGE_LOOP('',(#7607));
#7607 = ORIENTED_EDGE('',*,*,#7444,.F.);
#7608 = ADVANCED_FACE('',(#7609),#7573,.T.);
#7609 = FACE_BOUND('',#7610,.T.);
#7610 = EDGE_LOOP('',(#7611,#7634,#7662,#7683));
#7611 = ORIENTED_EDGE('',*,*,#7612,.F.);
#7612 = EDGE_CURVE('',#7613,#7558,#7615,.T.);
#7613 = VERTEX_POINT('',#7614);
#7614 = CARTESIAN_POINT('',(-36.2,-30.,-14.6));
#7615 = SURFACE_CURVE('',#7616,(#7620,#7627),.PCURVE_S1.);
#7616 = LINE('',#7617,#7618);
#7617 = CARTESIAN_POINT('',(-36.2,-30.,-3.168882403107));
#7618 = VECTOR('',#7619,1.);
#7619 = DIRECTION('',(0.,-0.,1.));
#7620 = PCURVE('',#7573,#7621);
#7621 = DEFINITIONAL_REPRESENTATION('',(#7622),#7626);
#7622 = LINE('',#7623,#7624);
#7623 = CARTESIAN_POINT('',(11.431117596893,-6.));
#7624 = VECTOR('',#7625,1.);
#7625 = DIRECTION('',(1.,0.));
#7626 = ( GEOMETRIC_REPRESENTATION_CONTEXT(2) 
PARAMETRIC_REPRESENTATION_CONTEXT() REPRESENTATION_CONTEXT('2D SPACE',''
  ) );
#7627 = PCURVE('',#174,#7628);
#7628 = DEFINITIONAL_REPRESENTATION('',(#7629),#7633);
#7629 = LINE('',#7630,#7631);
#7630 = CARTESIAN_POINT('',(11.431117596894,-38.55143585676));
#7631 = VECTOR('',#7632,1.);
#7632 = DIRECTION('',(-1.,0.));
#7633 = ( GEOMETRIC_REPRESENTATION_CONTEXT(2) 
PARAMETRIC_REPRESENTATION_CONTEXT() REPRESENTATION_CONTEXT('2D SPACE',''
  ) );
#7634 = ORIENTED_EDGE('',*,*,#7635,.F.);
#7635 = EDGE_CURVE('',#7636,#7613,#7638,.T.);
#7636 = VERTEX_POINT('',#7637);
#7637 = CARTESIAN_POINT('',(-36.2,-24.3,-14.6));
#7638 = SURFACE_CURVE('',#7639,(#7643,#7650),.PCURVE_S1.);
#7639 = LINE('',#7640,#7641);
#7640 = CARTESIAN_POINT('',(-36.2,-24.3,-14.6));
#7641 = VECTOR('',#7642,1.);
#7642 = DIRECTION('',(0.,-1.,0.));
#7643 = PCURVE('',#7573,#7644);
#7644 = DEFINITIONAL_REPRESENTATION('',(#7645),#7649);
#7645 = LINE('',#7646,#7647);
#7646 = CARTESIAN_POINT('',(0.,-11.7));
#7647 = VECTOR('',#7648,1.);
#7648 = DIRECTION('',(0.,1.));
#7649 = ( GEOMETRIC_REPRESENTATION_CONTEXT(2) 
PARAMETRIC_REPRESENTATION_CONTEXT() REPRESENTATION_CONTEXT('2D SPACE',''
  ) );
#7650 = PCURVE('',#7651,#7656);
#7651 = PLANE('',#7652);
#7652 = AXIS2_PLACEMENT_3D('',#7653,#7654,#7655);
#7653 = CARTESIAN_POINT('',(-36.2,-36.,-14.6));
#7654 = DIRECTION('',(0.,0.,1.));
#7655 = DIRECTION('',(1.,0.,-0.));
#7656 = DEFINITIONAL_REPRESENTATION('',(#7657),#7661);
#7657 = LINE('',#7658,#7659);
#7658 = CARTESIAN_POINT('',(0.,11.7));
#7659 = VECTOR('',#7660,1.);
#7660 = DIRECTION('',(0.,-1.));
#7661 = ( GEOMETRIC_REPRESENTATION_CONTEXT(2) 
PARAMETRIC_REPRESENTATION_CONTEXT() REPRESENTATION_CONTEXT('2D SPACE',''
  ) );
#7662 = ORIENTED_EDGE('',*,*,#7663,.T.);
#7663 = EDGE_CURVE('',#7636,#7530,#7664,.T.);
#7664 = SURFACE_CURVE('',#7665,(#7669,#7676),.PCURVE_S1.);
#7665 = LINE('',#7666,#7667);
#7666 = CARTESIAN_POINT('',(-36.2,-24.3,-14.6));
#7667 = VECTOR('',#7668,1.);
#7668 = DIRECTION('',(0.,0.,1.));
#7669 = PCURVE('',#7573,#7670);
#7670 = DEFINITIONAL_REPRESENTATION('',(#7671),#7675);
#7671 = LINE('',#7672,#7673);
#7672 = CARTESIAN_POINT('',(0.,-11.7));
#7673 = VECTOR('',#7674,1.);
#7674 = DIRECTION('',(1.,0.));
#7675 = ( GEOMETRIC_REPRESENTATION_CONTEXT(2) 
PARAMETRIC_REPRESENTATION_CONTEXT() REPRESENTATION_CONTEXT('2D SPACE',''
  ) );
#7676 = PCURVE('',#7545,#7677);
#7677 = DEFINITIONAL_REPRESENTATION('',(#7678),#7682);
#7678 = LINE('',#7679,#7680);
#7679 = CARTESIAN_POINT('',(0.,0.));
#7680 = VECTOR('',#7681,1.);
#7681 = DIRECTION('',(1.,0.));
#7682 = ( GEOMETRIC_REPRESENTATION_CONTEXT(2) 
PARAMETRIC_REPRESENTATION_CONTEXT() REPRESENTATION_CONTEXT('2D SPACE',''
  ) );
#7683 = ORIENTED_EDGE('',*,*,#7557,.T.);
#7684 = ADVANCED_FACE('',(#7685,#7755),#7651,.T.);
#7685 = FACE_BOUND('',#7686,.T.);
#7686 = EDGE_LOOP('',(#7687,#7712,#7733,#7734));
#7687 = ORIENTED_EDGE('',*,*,#7688,.T.);
#7688 = EDGE_CURVE('',#7689,#7691,#7693,.T.);
#7689 = VERTEX_POINT('',#7690);
#7690 = CARTESIAN_POINT('',(-31.8,-30.,-14.6));
#7691 = VERTEX_POINT('',#7692);
#7692 = CARTESIAN_POINT('',(-31.8,-24.3,-14.6));
#7693 = SURFACE_CURVE('',#7694,(#7698,#7705),.PCURVE_S1.);
#7694 = LINE('',#7695,#7696);
#7695 = CARTESIAN_POINT('',(-31.8,-30.,-14.6));
#7696 = VECTOR('',#7697,1.);
#7697 = DIRECTION('',(6.232831015439E-16,1.,0.));
#7698 = PCURVE('',#7651,#7699);
#7699 = DEFINITIONAL_REPRESENTATION('',(#7700),#7704);
#7700 = LINE('',#7701,#7702);
#7701 = CARTESIAN_POINT('',(4.4,6.));
#7702 = VECTOR('',#7703,1.);
#7703 = DIRECTION('',(6.232831015439E-16,1.));
#7704 = ( GEOMETRIC_REPRESENTATION_CONTEXT(2) 
PARAMETRIC_REPRESENTATION_CONTEXT() REPRESENTATION_CONTEXT('2D SPACE',''
  ) );
#7705 = PCURVE('',#7517,#7706);
#7706 = DEFINITIONAL_REPRESENTATION('',(#7707),#7711);
#7707 = LINE('',#7708,#7709);
#7708 = CARTESIAN_POINT('',(0.,-6.));
#7709 = VECTOR('',#7710,1.);
#7710 = DIRECTION('',(0.,-1.));
#7711 = ( GEOMETRIC_REPRESENTATION_CONTEXT(2) 
PARAMETRIC_REPRESENTATION_CONTEXT() REPRESENTATION_CONTEXT('2D SPACE',''
  ) );
#7712 = ORIENTED_EDGE('',*,*,#7713,.F.);
#7713 = EDGE_CURVE('',#7636,#7691,#7714,.T.);
#7714 = SURFACE_CURVE('',#7715,(#7719,#7726),.PCURVE_S1.);
#7715 = LINE('',#7716,#7717);
#7716 = CARTESIAN_POINT('',(-36.2,-24.3,-14.6));
#7717 = VECTOR('',#7718,1.);
#7718 = DIRECTION('',(1.,0.,0.));
#7719 = PCURVE('',#7651,#7720);
#7720 = DEFINITIONAL_REPRESENTATION('',(#7721),#7725);
#7721 = LINE('',#7722,#7723);
#7722 = CARTESIAN_POINT('',(0.,11.7));
#7723 = VECTOR('',#7724,1.);
#7724 = DIRECTION('',(1.,0.));
#7725 = ( GEOMETRIC_REPRESENTATION_CONTEXT(2) 
PARAMETRIC_REPRESENTATION_CONTEXT() REPRESENTATION_CONTEXT('2D SPACE',''
  ) );
#7726 = PCURVE('',#7545,#7727);
#7727 = DEFINITIONAL_REPRESENTATION('',(#7728),#7732);
#7728 = LINE('',#7729,#7730);
#7729 = CARTESIAN_POINT('',(0.,0.));
#7730 = VECTOR('',#7731,1.);
#7731 = DIRECTION('',(0.,1.));
#7732 = ( GEOMETRIC_REPRESENTATION_CONTEXT(2) 
PARAMETRIC_REPRESENTATION_CONTEXT() REPRESENTATION_CONTEXT('2D SPACE',''
  ) );
#7733 = ORIENTED_EDGE('',*,*,#7635,.T.);
#7734 = ORIENTED_EDGE('',*,*,#7735,.F.);
#7735 = EDGE_CURVE('',#7689,#7613,#7736,.T.);
#7736 = SURFACE_CURVE('',#7737,(#7741,#7748),.PCURVE_S1.);
#7737 = LINE('',#7738,#7739);
#7738 = CARTESIAN_POINT('',(-16.92428207161,-30.,-14.6));
#7739 = VECTOR('',#7740,1.);
#7740 = DIRECTION('',(-1.,0.,0.));
#7741 = PCURVE('',#7651,#7742);
#7742 = DEFINITIONAL_REPRESENTATION('',(#7743),#7747);
#7743 = LINE('',#7744,#7745);
#7744 = CARTESIAN_POINT('',(19.27571792839,6.));
#7745 = VECTOR('',#7746,1.);
#7746 = DIRECTION('',(-1.,0.));
#7747 = ( GEOMETRIC_REPRESENTATION_CONTEXT(2) 
PARAMETRIC_REPRESENTATION_CONTEXT() REPRESENTATION_CONTEXT('2D SPACE',''
  ) );
#7748 = PCURVE('',#174,#7749);
#7749 = DEFINITIONAL_REPRESENTATION('',(#7750),#7754);
#7750 = LINE('',#7751,#7752);
#7751 = CARTESIAN_POINT('',(22.862235193787,-19.27571792837));
#7752 = VECTOR('',#7753,1.);
#7753 = DIRECTION('',(0.,-1.));
#7754 = ( GEOMETRIC_REPRESENTATION_CONTEXT(2) 
PARAMETRIC_REPRESENTATION_CONTEXT() REPRESENTATION_CONTEXT('2D SPACE',''
  ) );
#7755 = FACE_BOUND('',#7756,.T.);
#7756 = EDGE_LOOP('',(#7757));
#7757 = ORIENTED_EDGE('',*,*,#7758,.F.);
#7758 = EDGE_CURVE('',#7759,#7759,#7761,.T.);
#7759 = VERTEX_POINT('',#7760);
#7760 = CARTESIAN_POINT('',(-32.85,-26.5,-14.6));
#7761 = SURFACE_CURVE('',#7762,(#7767,#7774),.PCURVE_S1.);
#7762 = CIRCLE('',#7763,1.15);
#7763 = AXIS2_PLACEMENT_3D('',#7764,#7765,#7766);
#7764 = CARTESIAN_POINT('',(-34.,-26.5,-14.6));
#7765 = DIRECTION('',(0.,0.,1.));
#7766 = DIRECTION('',(1.,0.,-0.));
#7767 = PCURVE('',#7651,#7768);
#7768 = DEFINITIONAL_REPRESENTATION('',(#7769),#7773);
#7769 = CIRCLE('',#7770,1.15);
#7770 = AXIS2_PLACEMENT_2D('',#7771,#7772);
#7771 = CARTESIAN_POINT('',(2.2,9.5));
#7772 = DIRECTION('',(1.,0.));
#7773 = ( GEOMETRIC_REPRESENTATION_CONTEXT(2) 
PARAMETRIC_REPRESENTATION_CONTEXT() REPRESENTATION_CONTEXT('2D SPACE',''
  ) );
#7774 = PCURVE('',#7775,#7780);
#7775 = CYLINDRICAL_SURFACE('',#7776,1.15);
#7776 = AXIS2_PLACEMENT_3D('',#7777,#7778,#7779);
#7777 = CARTESIAN_POINT('',(-34.,-26.5,-16.01));
#7778 = DIRECTION('',(0.,0.,1.));
#7779 = DIRECTION('',(1.,0.,-0.));
#7780 = DEFINITIONAL_REPRESENTATION('',(#7781),#7785);
#7781 = LINE('',#7782,#7783);
#7782 = CARTESIAN_POINT('',(0.,1.41));
#7783 = VECTOR('',#7784,1.);
#7784 = DIRECTION('',(1.,0.));
#7785 = ( GEOMETRIC_REPRESENTATION_CONTEXT(2) 
PARAMETRIC_REPRESENTATION_CONTEXT() REPRESENTATION_CONTEXT('2D SPACE',''
  ) );
#7786 = ADVANCED_FACE('',(#7787),#7775,.F.);
#7787 = FACE_BOUND('',#7788,.F.);
#7788 = EDGE_LOOP('',(#7789,#7812,#7839,#7840));
#7789 = ORIENTED_EDGE('',*,*,#7790,.T.);
#7790 = EDGE_CURVE('',#7759,#7791,#7793,.T.);
#7791 = VERTEX_POINT('',#7792);
#7792 = CARTESIAN_POINT('',(-32.85,-26.5,-16.));
#7793 = SEAM_CURVE('',#7794,(#7798,#7805),.PCURVE_S1.);
#7794 = LINE('',#7795,#7796);
#7795 = CARTESIAN_POINT('',(-32.85,-26.5,-12.6));
#7796 = VECTOR('',#7797,1.);
#7797 = DIRECTION('',(0.,0.,-1.));
#7798 = PCURVE('',#7775,#7799);
#7799 = DEFINITIONAL_REPRESENTATION('',(#7800),#7804);
#7800 = LINE('',#7801,#7802);
#7801 = CARTESIAN_POINT('',(4.138911435803E-13,3.41));
#7802 = VECTOR('',#7803,1.);
#7803 = DIRECTION('',(-0.,-1.));
#7804 = ( GEOMETRIC_REPRESENTATION_CONTEXT(2) 
PARAMETRIC_REPRESENTATION_CONTEXT() REPRESENTATION_CONTEXT('2D SPACE',''
  ) );
#7805 = PCURVE('',#7775,#7806);
#7806 = DEFINITIONAL_REPRESENTATION('',(#7807),#7811);
#7807 = LINE('',#7808,#7809);
#7808 = CARTESIAN_POINT('',(6.28318530718,3.41));
#7809 = VECTOR('',#7810,1.);
#7810 = DIRECTION('',(-0.,-1.));
#7811 = ( GEOMETRIC_REPRESENTATION_CONTEXT(2) 
PARAMETRIC_REPRESENTATION_CONTEXT() REPRESENTATION_CONTEXT('2D SPACE',''
  ) );
#7812 = ORIENTED_EDGE('',*,*,#7813,.T.);
#7813 = EDGE_CURVE('',#7791,#7791,#7814,.T.);
#7814 = SURFACE_CURVE('',#7815,(#7820,#7827),.PCURVE_S1.);
#7815 = CIRCLE('',#7816,1.15);
#7816 = AXIS2_PLACEMENT_3D('',#7817,#7818,#7819);
#7817 = CARTESIAN_POINT('',(-34.,-26.5,-16.));
#7818 = DIRECTION('',(0.,0.,1.));
#7819 = DIRECTION('',(1.,0.,-0.));
#7820 = PCURVE('',#7775,#7821);
#7821 = DEFINITIONAL_REPRESENTATION('',(#7822),#7826);
#7822 = LINE('',#7823,#7824);
#7823 = CARTESIAN_POINT('',(0.,1.E-02));
#7824 = VECTOR('',#7825,1.);
#7825 = DIRECTION('',(1.,0.));
#7826 = ( GEOMETRIC_REPRESENTATION_CONTEXT(2) 
PARAMETRIC_REPRESENTATION_CONTEXT() REPRESENTATION_CONTEXT('2D SPACE',''
  ) );
#7827 = PCURVE('',#7828,#7833);
#7828 = PLANE('',#7829);
#7829 = AXIS2_PLACEMENT_3D('',#7830,#7831,#7832);
#7830 = CARTESIAN_POINT('',(-34.,-26.5,-16.));
#7831 = DIRECTION('',(0.,0.,1.));
#7832 = DIRECTION('',(1.,0.,-0.));
#7833 = DEFINITIONAL_REPRESENTATION('',(#7834),#7838);
#7834 = CIRCLE('',#7835,1.15);
#7835 = AXIS2_PLACEMENT_2D('',#7836,#7837);
#7836 = CARTESIAN_POINT('',(0.,0.));
#7837 = DIRECTION('',(1.,0.));
#7838 = ( GEOMETRIC_REPRESENTATION_CONTEXT(2) 
PARAMETRIC_REPRESENTATION_CONTEXT() REPRESENTATION_CONTEXT('2D SPACE',''
  ) );
#7839 = ORIENTED_EDGE('',*,*,#7790,.F.);
#7840 = ORIENTED_EDGE('',*,*,#7758,.F.);
#7841 = ADVANCED_FACE('',(#7842,#7868),#7828,.F.);
#7842 = FACE_BOUND('',#7843,.F.);
#7843 = EDGE_LOOP('',(#7844));
#7844 = ORIENTED_EDGE('',*,*,#7845,.T.);
#7845 = EDGE_CURVE('',#7846,#7846,#7848,.T.);
#7846 = VERTEX_POINT('',#7847);
#7847 = CARTESIAN_POINT('',(-31.,-26.5,-16.));
#7848 = SURFACE_CURVE('',#7849,(#7854,#7861),.PCURVE_S1.);
#7849 = CIRCLE('',#7850,3.);
#7850 = AXIS2_PLACEMENT_3D('',#7851,#7852,#7853);
#7851 = CARTESIAN_POINT('',(-34.,-26.5,-16.));
#7852 = DIRECTION('',(0.,0.,1.));
#7853 = DIRECTION('',(1.,0.,-0.));
#7854 = PCURVE('',#7828,#7855);
#7855 = DEFINITIONAL_REPRESENTATION('',(#7856),#7860);
#7856 = CIRCLE('',#7857,3.);
#7857 = AXIS2_PLACEMENT_2D('',#7858,#7859);
#7858 = CARTESIAN_POINT('',(0.,0.));
#7859 = DIRECTION('',(1.,0.));
#7860 = ( GEOMETRIC_REPRESENTATION_CONTEXT(2) 
PARAMETRIC_REPRESENTATION_CONTEXT() REPRESENTATION_CONTEXT('2D SPACE',''
  ) );
#7861 = PCURVE('',#231,#7862);
#7862 = DEFINITIONAL_REPRESENTATION('',(#7863),#7867);
#7863 = LINE('',#7864,#7865);
#7864 = CARTESIAN_POINT('',(0.,0.));
#7865 = VECTOR('',#7866,1.);
#7866 = DIRECTION('',(1.,0.));
#7867 = ( GEOMETRIC_REPRESENTATION_CONTEXT(2) 
PARAMETRIC_REPRESENTATION_CONTEXT() REPRESENTATION_CONTEXT('2D SPACE',''
  ) );
#7868 = FACE_BOUND('',#7869,.F.);
#7869 = EDGE_LOOP('',(#7870));
#7870 = ORIENTED_EDGE('',*,*,#7813,.F.);
#7871 = ADVANCED_FACE('',(#7872),#7545,.F.);
#7872 = FACE_BOUND('',#7873,.F.);
#7873 = EDGE_LOOP('',(#7874,#7875,#7876,#7877));
#7874 = ORIENTED_EDGE('',*,*,#7713,.F.);
#7875 = ORIENTED_EDGE('',*,*,#7663,.T.);
#7876 = ORIENTED_EDGE('',*,*,#7529,.T.);
#7877 = ORIENTED_EDGE('',*,*,#7878,.F.);
#7878 = EDGE_CURVE('',#7691,#7502,#7879,.T.);
#7879 = SURFACE_CURVE('',#7880,(#7884,#7891),.PCURVE_S1.);
#7880 = LINE('',#7881,#7882);
#7881 = CARTESIAN_POINT('',(-31.8,-24.3,-14.6));
#7882 = VECTOR('',#7883,1.);
#7883 = DIRECTION('',(0.,0.,1.));
#7884 = PCURVE('',#7545,#7885);
#7885 = DEFINITIONAL_REPRESENTATION('',(#7886),#7890);
#7886 = LINE('',#7887,#7888);
#7887 = CARTESIAN_POINT('',(0.,4.4));
#7888 = VECTOR('',#7889,1.);
#7889 = DIRECTION('',(1.,0.));
#7890 = ( GEOMETRIC_REPRESENTATION_CONTEXT(2) 
PARAMETRIC_REPRESENTATION_CONTEXT() REPRESENTATION_CONTEXT('2D SPACE',''
  ) );
#7891 = PCURVE('',#7517,#7892);
#7892 = DEFINITIONAL_REPRESENTATION('',(#7893),#7897);
#7893 = LINE('',#7894,#7895);
#7894 = CARTESIAN_POINT('',(0.,-11.7));
#7895 = VECTOR('',#7896,1.);
#7896 = DIRECTION('',(1.,0.));
#7897 = ( GEOMETRIC_REPRESENTATION_CONTEXT(2) 
PARAMETRIC_REPRESENTATION_CONTEXT() REPRESENTATION_CONTEXT('2D SPACE',''
  ) );
#7898 = ADVANCED_FACE('',(#7899),#7517,.F.);
#7899 = FACE_BOUND('',#7900,.F.);
#7900 = EDGE_LOOP('',(#7901,#7902,#7923,#7924));
#7901 = ORIENTED_EDGE('',*,*,#7499,.F.);
#7902 = ORIENTED_EDGE('',*,*,#7903,.F.);
#7903 = EDGE_CURVE('',#7689,#7500,#7904,.T.);
#7904 = SURFACE_CURVE('',#7905,(#7909,#7916),.PCURVE_S1.);
#7905 = LINE('',#7906,#7907);
#7906 = CARTESIAN_POINT('',(-31.8,-30.,-3.168882403107));
#7907 = VECTOR('',#7908,1.);
#7908 = DIRECTION('',(0.,-0.,1.));
#7909 = PCURVE('',#7517,#7910);
#7910 = DEFINITIONAL_REPRESENTATION('',(#7911),#7915);
#7911 = LINE('',#7912,#7913);
#7912 = CARTESIAN_POINT('',(11.431117596893,-6.));
#7913 = VECTOR('',#7914,1.);
#7914 = DIRECTION('',(1.,0.));
#7915 = ( GEOMETRIC_REPRESENTATION_CONTEXT(2) 
PARAMETRIC_REPRESENTATION_CONTEXT() REPRESENTATION_CONTEXT('2D SPACE',''
  ) );
#7916 = PCURVE('',#174,#7917);
#7917 = DEFINITIONAL_REPRESENTATION('',(#7918),#7922);
#7918 = LINE('',#7919,#7920);
#7919 = CARTESIAN_POINT('',(11.431117596894,-34.15143585676));
#7920 = VECTOR('',#7921,1.);
#7921 = DIRECTION('',(-1.,0.));
#7922 = ( GEOMETRIC_REPRESENTATION_CONTEXT(2) 
PARAMETRIC_REPRESENTATION_CONTEXT() REPRESENTATION_CONTEXT('2D SPACE',''
  ) );
#7923 = ORIENTED_EDGE('',*,*,#7688,.T.);
#7924 = ORIENTED_EDGE('',*,*,#7878,.T.);
#7925 = ADVANCED_FACE('',(#7926),#955,.T.);
#7926 = FACE_BOUND('',#7927,.T.);
#7927 = EDGE_LOOP('',(#7928,#7929,#7930,#7931));
#7928 = ORIENTED_EDGE('',*,*,#939,.F.);
#7929 = ORIENTED_EDGE('',*,*,#7250,.T.);
#7930 = ORIENTED_EDGE('',*,*,#7389,.T.);
#7931 = ORIENTED_EDGE('',*,*,#7932,.F.);
#7932 = EDGE_CURVE('',#911,#7366,#7933,.T.);
#7933 = SURFACE_CURVE('',#7934,(#7938,#7945),.PCURVE_S1.);
#7934 = LINE('',#7935,#7936);
#7935 = CARTESIAN_POINT('',(-31.5,-23.,-15.8));
#7936 = VECTOR('',#7937,1.);
#7937 = DIRECTION('',(0.,0.,1.));
#7938 = PCURVE('',#955,#7939);
#7939 = DEFINITIONAL_REPRESENTATION('',(#7940),#7944);
#7940 = LINE('',#7941,#7942);
#7941 = CARTESIAN_POINT('',(0.,6.));
#7942 = VECTOR('',#7943,1.);
#7943 = DIRECTION('',(1.,0.));
#7944 = ( GEOMETRIC_REPRESENTATION_CONTEXT(2) 
PARAMETRIC_REPRESENTATION_CONTEXT() REPRESENTATION_CONTEXT('2D SPACE',''
  ) );
#7945 = PCURVE('',#927,#7946);
#7946 = DEFINITIONAL_REPRESENTATION('',(#7947),#7951);
#7947 = LINE('',#7948,#7949);
#7948 = CARTESIAN_POINT('',(1.570796326795,0.));
#7949 = VECTOR('',#7950,1.);
#7950 = DIRECTION('',(0.,1.));
#7951 = ( GEOMETRIC_REPRESENTATION_CONTEXT(2) 
PARAMETRIC_REPRESENTATION_CONTEXT() REPRESENTATION_CONTEXT('2D SPACE',''
  ) );
#7952 = ADVANCED_FACE('',(#7953),#927,.T.);
#7953 = FACE_BOUND('',#7954,.T.);
#7954 = EDGE_LOOP('',(#7955,#7956,#7957,#7958));
#7955 = ORIENTED_EDGE('',*,*,#910,.T.);
#7956 = ORIENTED_EDGE('',*,*,#7932,.T.);
#7957 = ORIENTED_EDGE('',*,*,#7365,.F.);
#7958 = ORIENTED_EDGE('',*,*,#7959,.F.);
#7959 = EDGE_CURVE('',#883,#7343,#7960,.T.);
#7960 = SURFACE_CURVE('',#7961,(#7965,#7972),.PCURVE_S1.);
#7961 = LINE('',#7962,#7963);
#7962 = CARTESIAN_POINT('',(-30.5,-24.,-15.8));
#7963 = VECTOR('',#7964,1.);
#7964 = DIRECTION('',(0.,0.,1.));
#7965 = PCURVE('',#927,#7966);
#7966 = DEFINITIONAL_REPRESENTATION('',(#7967),#7971);
#7967 = LINE('',#7968,#7969);
#7968 = CARTESIAN_POINT('',(0.,0.));
#7969 = VECTOR('',#7970,1.);
#7970 = DIRECTION('',(0.,1.));
#7971 = ( GEOMETRIC_REPRESENTATION_CONTEXT(2) 
PARAMETRIC_REPRESENTATION_CONTEXT() REPRESENTATION_CONTEXT('2D SPACE',''
  ) );
#7972 = PCURVE('',#898,#7973);
#7973 = DEFINITIONAL_REPRESENTATION('',(#7974),#7978);
#7974 = LINE('',#7975,#7976);
#7975 = CARTESIAN_POINT('',(0.,-6.));
#7976 = VECTOR('',#7977,1.);
#7977 = DIRECTION('',(1.,0.));
#7978 = ( GEOMETRIC_REPRESENTATION_CONTEXT(2) 
PARAMETRIC_REPRESENTATION_CONTEXT() REPRESENTATION_CONTEXT('2D SPACE',''
  ) );
#7979 = ADVANCED_FACE('',(#7980),#898,.T.);
#7980 = FACE_BOUND('',#7981,.T.);
#7981 = EDGE_LOOP('',(#7982,#7983,#8004,#8005));
#7982 = ORIENTED_EDGE('',*,*,#7342,.F.);
#7983 = ORIENTED_EDGE('',*,*,#7984,.F.);
#7984 = EDGE_CURVE('',#860,#7320,#7985,.T.);
#7985 = SURFACE_CURVE('',#7986,(#7990,#7997),.PCURVE_S1.);
#7986 = LINE('',#7987,#7988);
#7987 = CARTESIAN_POINT('',(-30.5,-28.,-4.794682512374));
#7988 = VECTOR('',#7989,1.);
#7989 = DIRECTION('',(0.,0.,1.));
#7990 = PCURVE('',#898,#7991);
#7991 = DEFINITIONAL_REPRESENTATION('',(#7992),#7996);
#7992 = LINE('',#7993,#7994);
#7993 = CARTESIAN_POINT('',(11.005317487626,-2.));
#7994 = VECTOR('',#7995,1.);
#7995 = DIRECTION('',(1.,0.));
#7996 = ( GEOMETRIC_REPRESENTATION_CONTEXT(2) 
PARAMETRIC_REPRESENTATION_CONTEXT() REPRESENTATION_CONTEXT('2D SPACE',''
  ) );
#7997 = PCURVE('',#701,#7998);
#7998 = DEFINITIONAL_REPRESENTATION('',(#7999),#8003);
#7999 = LINE('',#8000,#8001);
#8000 = CARTESIAN_POINT('',(11.005317487627,-32.88141420836));
#8001 = VECTOR('',#8002,1.);
#8002 = DIRECTION('',(-1.,0.));
#8003 = ( GEOMETRIC_REPRESENTATION_CONTEXT(2) 
PARAMETRIC_REPRESENTATION_CONTEXT() REPRESENTATION_CONTEXT('2D SPACE',''
  ) );
#8004 = ORIENTED_EDGE('',*,*,#882,.T.);
#8005 = ORIENTED_EDGE('',*,*,#7959,.T.);
#8006 = ADVANCED_FACE('',(#8007),#847,.F.);
#8007 = FACE_BOUND('',#8008,.F.);
#8008 = EDGE_LOOP('',(#8009,#8039,#8060,#8061));
#8009 = ORIENTED_EDGE('',*,*,#8010,.F.);
#8010 = EDGE_CURVE('',#8011,#8013,#8015,.T.);
#8011 = VERTEX_POINT('',#8012);
#8012 = CARTESIAN_POINT('',(32.5,-28.,-12.6));
#8013 = VERTEX_POINT('',#8014);
#8014 = CARTESIAN_POINT('',(32.5,-24.,-12.6));
#8015 = SURFACE_CURVE('',#8016,(#8020,#8027),.PCURVE_S1.);
#8016 = LINE('',#8017,#8018);
#8017 = CARTESIAN_POINT('',(32.5,-30.,-12.6));
#8018 = VECTOR('',#8019,1.);
#8019 = DIRECTION('',(0.,1.,0.));
#8020 = PCURVE('',#847,#8021);
#8021 = DEFINITIONAL_REPRESENTATION('',(#8022),#8026);
#8022 = LINE('',#8023,#8024);
#8023 = CARTESIAN_POINT('',(3.2,0.));
#8024 = VECTOR('',#8025,1.);
#8025 = DIRECTION('',(0.,-1.));
#8026 = ( GEOMETRIC_REPRESENTATION_CONTEXT(2) 
PARAMETRIC_REPRESENTATION_CONTEXT() REPRESENTATION_CONTEXT('2D SPACE',''
  ) );
#8027 = PCURVE('',#8028,#8033);
#8028 = PLANE('',#8029);
#8029 = AXIS2_PLACEMENT_3D('',#8030,#8031,#8032);
#8030 = CARTESIAN_POINT('',(32.5,-30.,-12.6));
#8031 = DIRECTION('',(0.,0.,1.));
#8032 = DIRECTION('',(1.,0.,-0.));
#8033 = DEFINITIONAL_REPRESENTATION('',(#8034),#8038);
#8034 = LINE('',#8035,#8036);
#8035 = CARTESIAN_POINT('',(0.,0.));
#8036 = VECTOR('',#8037,1.);
#8037 = DIRECTION('',(0.,1.));
#8038 = ( GEOMETRIC_REPRESENTATION_CONTEXT(2) 
PARAMETRIC_REPRESENTATION_CONTEXT() REPRESENTATION_CONTEXT('2D SPACE',''
  ) );
#8039 = ORIENTED_EDGE('',*,*,#8040,.F.);
#8040 = EDGE_CURVE('',#832,#8011,#8041,.T.);
#8041 = SURFACE_CURVE('',#8042,(#8046,#8053),.PCURVE_S1.);
#8042 = LINE('',#8043,#8044);
#8043 = CARTESIAN_POINT('',(32.5,-28.,-4.794682512374));
#8044 = VECTOR('',#8045,1.);
#8045 = DIRECTION('',(0.,0.,1.));
#8046 = PCURVE('',#847,#8047);
#8047 = DEFINITIONAL_REPRESENTATION('',(#8048),#8052);
#8048 = LINE('',#8049,#8050);
#8049 = CARTESIAN_POINT('',(11.005317487626,-2.));
#8050 = VECTOR('',#8051,1.);
#8051 = DIRECTION('',(1.,0.));
#8052 = ( GEOMETRIC_REPRESENTATION_CONTEXT(2) 
PARAMETRIC_REPRESENTATION_CONTEXT() REPRESENTATION_CONTEXT('2D SPACE',''
  ) );
#8053 = PCURVE('',#701,#8054);
#8054 = DEFINITIONAL_REPRESENTATION('',(#8055),#8059);
#8055 = LINE('',#8056,#8057);
#8056 = CARTESIAN_POINT('',(11.005317487627,30.118585791639));
#8057 = VECTOR('',#8058,1.);
#8058 = DIRECTION('',(-1.,0.));
#8059 = ( GEOMETRIC_REPRESENTATION_CONTEXT(2) 
PARAMETRIC_REPRESENTATION_CONTEXT() REPRESENTATION_CONTEXT('2D SPACE',''
  ) );
#8060 = ORIENTED_EDGE('',*,*,#831,.T.);
#8061 = ORIENTED_EDGE('',*,*,#8062,.T.);
#8062 = EDGE_CURVE('',#799,#8013,#8063,.T.);
#8063 = SURFACE_CURVE('',#8064,(#8068,#8075),.PCURVE_S1.);
#8064 = LINE('',#8065,#8066);
#8065 = CARTESIAN_POINT('',(32.5,-24.,-15.8));
#8066 = VECTOR('',#8067,1.);
#8067 = DIRECTION('',(0.,0.,1.));
#8068 = PCURVE('',#847,#8069);
#8069 = DEFINITIONAL_REPRESENTATION('',(#8070),#8074);
#8070 = LINE('',#8071,#8072);
#8071 = CARTESIAN_POINT('',(0.,-6.));
#8072 = VECTOR('',#8073,1.);
#8073 = DIRECTION('',(1.,0.));
#8074 = ( GEOMETRIC_REPRESENTATION_CONTEXT(2) 
PARAMETRIC_REPRESENTATION_CONTEXT() REPRESENTATION_CONTEXT('2D SPACE',''
  ) );
#8075 = PCURVE('',#819,#8076);
#8076 = DEFINITIONAL_REPRESENTATION('',(#8077),#8081);
#8077 = LINE('',#8078,#8079);
#8078 = CARTESIAN_POINT('',(6.28318530718,0.));
#8079 = VECTOR('',#8080,1.);
#8080 = DIRECTION('',(-0.,1.));
#8081 = ( GEOMETRIC_REPRESENTATION_CONTEXT(2) 
PARAMETRIC_REPRESENTATION_CONTEXT() REPRESENTATION_CONTEXT('2D SPACE',''
  ) );
#8082 = ADVANCED_FACE('',(#8083,#8205),#8028,.T.);
#8083 = FACE_BOUND('',#8084,.T.);
#8084 = EDGE_LOOP('',(#8085,#8086,#8109,#8132,#8156,#8179));
#8085 = ORIENTED_EDGE('',*,*,#8010,.F.);
#8086 = ORIENTED_EDGE('',*,*,#8087,.F.);
#8087 = EDGE_CURVE('',#8088,#8011,#8090,.T.);
#8088 = VERTEX_POINT('',#8089);
#8089 = CARTESIAN_POINT('',(39.5,-28.,-12.6));
#8090 = SURFACE_CURVE('',#8091,(#8095,#8102),.PCURVE_S1.);
#8091 = LINE('',#8092,#8093);
#8092 = CARTESIAN_POINT('',(17.44070710418,-28.,-12.6));
#8093 = VECTOR('',#8094,1.);
#8094 = DIRECTION('',(-1.,0.,0.));
#8095 = PCURVE('',#8028,#8096);
#8096 = DEFINITIONAL_REPRESENTATION('',(#8097),#8101);
#8097 = LINE('',#8098,#8099);
#8098 = CARTESIAN_POINT('',(-15.05929289582,2.));
#8099 = VECTOR('',#8100,1.);
#8100 = DIRECTION('',(-1.,0.));
#8101 = ( GEOMETRIC_REPRESENTATION_CONTEXT(2) 
PARAMETRIC_REPRESENTATION_CONTEXT() REPRESENTATION_CONTEXT('2D SPACE',''
  ) );
#8102 = PCURVE('',#701,#8103);
#8103 = DEFINITIONAL_REPRESENTATION('',(#8104),#8108);
#8104 = LINE('',#8105,#8106);
#8105 = CARTESIAN_POINT('',(18.810634975253,15.059292895819));
#8106 = VECTOR('',#8107,1.);
#8107 = DIRECTION('',(0.,-1.));
#8108 = ( GEOMETRIC_REPRESENTATION_CONTEXT(2) 
PARAMETRIC_REPRESENTATION_CONTEXT() REPRESENTATION_CONTEXT('2D SPACE',''
  ) );
#8109 = ORIENTED_EDGE('',*,*,#8110,.T.);
#8110 = EDGE_CURVE('',#8088,#8111,#8113,.T.);
#8111 = VERTEX_POINT('',#8112);
#8112 = CARTESIAN_POINT('',(39.5,-24.,-12.6));
#8113 = SURFACE_CURVE('',#8114,(#8118,#8125),.PCURVE_S1.);
#8114 = LINE('',#8115,#8116);
#8115 = CARTESIAN_POINT('',(39.5,-30.,-12.6));
#8116 = VECTOR('',#8117,1.);
#8117 = DIRECTION('',(0.,1.,0.));
#8118 = PCURVE('',#8028,#8119);
#8119 = DEFINITIONAL_REPRESENTATION('',(#8120),#8124);
#8120 = LINE('',#8121,#8122);
#8121 = CARTESIAN_POINT('',(7.,0.));
#8122 = VECTOR('',#8123,1.);
#8123 = DIRECTION('',(0.,1.));
#8124 = ( GEOMETRIC_REPRESENTATION_CONTEXT(2) 
PARAMETRIC_REPRESENTATION_CONTEXT() REPRESENTATION_CONTEXT('2D SPACE',''
  ) );
#8125 = PCURVE('',#729,#8126);
#8126 = DEFINITIONAL_REPRESENTATION('',(#8127),#8131);
#8127 = LINE('',#8128,#8129);
#8128 = CARTESIAN_POINT('',(3.2,0.));
#8129 = VECTOR('',#8130,1.);
#8130 = DIRECTION('',(0.,-1.));
#8131 = ( GEOMETRIC_REPRESENTATION_CONTEXT(2) 
PARAMETRIC_REPRESENTATION_CONTEXT() REPRESENTATION_CONTEXT('2D SPACE',''
  ) );
#8132 = ORIENTED_EDGE('',*,*,#8133,.T.);
#8133 = EDGE_CURVE('',#8111,#8134,#8136,.T.);
#8134 = VERTEX_POINT('',#8135);
#8135 = CARTESIAN_POINT('',(38.5,-23.,-12.6));
#8136 = SURFACE_CURVE('',#8137,(#8142,#8149),.PCURVE_S1.);
#8137 = CIRCLE('',#8138,1.);
#8138 = AXIS2_PLACEMENT_3D('',#8139,#8140,#8141);
#8139 = CARTESIAN_POINT('',(38.5,-24.,-12.6));
#8140 = DIRECTION('',(0.,0.,1.));
#8141 = DIRECTION('',(0.,-1.,0.));
#8142 = PCURVE('',#8028,#8143);
#8143 = DEFINITIONAL_REPRESENTATION('',(#8144),#8148);
#8144 = CIRCLE('',#8145,1.);
#8145 = AXIS2_PLACEMENT_2D('',#8146,#8147);
#8146 = CARTESIAN_POINT('',(6.,6.));
#8147 = DIRECTION('',(0.,-1.));
#8148 = ( GEOMETRIC_REPRESENTATION_CONTEXT(2) 
PARAMETRIC_REPRESENTATION_CONTEXT() REPRESENTATION_CONTEXT('2D SPACE',''
  ) );
#8149 = PCURVE('',#758,#8150);
#8150 = DEFINITIONAL_REPRESENTATION('',(#8151),#8155);
#8151 = LINE('',#8152,#8153);
#8152 = CARTESIAN_POINT('',(-1.570796326795,3.2));
#8153 = VECTOR('',#8154,1.);
#8154 = DIRECTION('',(1.,0.));
#8155 = ( GEOMETRIC_REPRESENTATION_CONTEXT(2) 
PARAMETRIC_REPRESENTATION_CONTEXT() REPRESENTATION_CONTEXT('2D SPACE',''
  ) );
#8156 = ORIENTED_EDGE('',*,*,#8157,.F.);
#8157 = EDGE_CURVE('',#8158,#8134,#8160,.T.);
#8158 = VERTEX_POINT('',#8159);
#8159 = CARTESIAN_POINT('',(33.5,-23.,-12.6));
#8160 = SURFACE_CURVE('',#8161,(#8165,#8172),.PCURVE_S1.);
#8161 = LINE('',#8162,#8163);
#8162 = CARTESIAN_POINT('',(32.5,-23.,-12.6));
#8163 = VECTOR('',#8164,1.);
#8164 = DIRECTION('',(1.,0.,0.));
#8165 = PCURVE('',#8028,#8166);
#8166 = DEFINITIONAL_REPRESENTATION('',(#8167),#8171);
#8167 = LINE('',#8168,#8169);
#8168 = CARTESIAN_POINT('',(0.,7.));
#8169 = VECTOR('',#8170,1.);
#8170 = DIRECTION('',(1.,0.));
#8171 = ( GEOMETRIC_REPRESENTATION_CONTEXT(2) 
PARAMETRIC_REPRESENTATION_CONTEXT() REPRESENTATION_CONTEXT('2D SPACE',''
  ) );
#8172 = PCURVE('',#786,#8173);
#8173 = DEFINITIONAL_REPRESENTATION('',(#8174),#8178);
#8174 = LINE('',#8175,#8176);
#8175 = CARTESIAN_POINT('',(3.2,0.));
#8176 = VECTOR('',#8177,1.);
#8177 = DIRECTION('',(0.,1.));
#8178 = ( GEOMETRIC_REPRESENTATION_CONTEXT(2) 
PARAMETRIC_REPRESENTATION_CONTEXT() REPRESENTATION_CONTEXT('2D SPACE',''
  ) );
#8179 = ORIENTED_EDGE('',*,*,#8180,.F.);
#8180 = EDGE_CURVE('',#8013,#8158,#8181,.T.);
#8181 = SURFACE_CURVE('',#8182,(#8187,#8198),.PCURVE_S1.);
#8182 = CIRCLE('',#8183,1.);
#8183 = AXIS2_PLACEMENT_3D('',#8184,#8185,#8186);
#8184 = CARTESIAN_POINT('',(33.5,-24.,-12.6));
#8185 = DIRECTION('',(-0.,-0.,-1.));
#8186 = DIRECTION('',(0.,-1.,0.));
#8187 = PCURVE('',#8028,#8188);
#8188 = DEFINITIONAL_REPRESENTATION('',(#8189),#8197);
#8189 = ( BOUNDED_CURVE() B_SPLINE_CURVE(2,(#8190,#8191,#8192,#8193,
#8194,#8195,#8196),.UNSPECIFIED.,.T.,.F.) B_SPLINE_CURVE_WITH_KNOTS((1,2
    ,2,2,2,1),(-2.094395102393,0.,2.094395102393,4.188790204786,
6.28318530718,8.377580409573),.UNSPECIFIED.) CURVE() 
GEOMETRIC_REPRESENTATION_ITEM() RATIONAL_B_SPLINE_CURVE((1.,0.5,1.,0.5,
1.,0.5,1.)) REPRESENTATION_ITEM('') );
#8190 = CARTESIAN_POINT('',(1.,5.));
#8191 = CARTESIAN_POINT('',(-0.732050807569,5.));
#8192 = CARTESIAN_POINT('',(0.133974596216,6.5));
#8193 = CARTESIAN_POINT('',(1.,8.));
#8194 = CARTESIAN_POINT('',(1.866025403784,6.5));
#8195 = CARTESIAN_POINT('',(2.732050807569,5.));
#8196 = CARTESIAN_POINT('',(1.,5.));
#8197 = ( GEOMETRIC_REPRESENTATION_CONTEXT(2) 
PARAMETRIC_REPRESENTATION_CONTEXT() REPRESENTATION_CONTEXT('2D SPACE',''
  ) );
#8198 = PCURVE('',#819,#8199);
#8199 = DEFINITIONAL_REPRESENTATION('',(#8200),#8204);
#8200 = LINE('',#8201,#8202);
#8201 = CARTESIAN_POINT('',(7.853981633975,3.2));
#8202 = VECTOR('',#8203,1.);
#8203 = DIRECTION('',(-1.,0.));
#8204 = ( GEOMETRIC_REPRESENTATION_CONTEXT(2) 
PARAMETRIC_REPRESENTATION_CONTEXT() REPRESENTATION_CONTEXT('2D SPACE',''
  ) );
#8205 = FACE_BOUND('',#8206,.T.);
#8206 = EDGE_LOOP('',(#8207));
#8207 = ORIENTED_EDGE('',*,*,#8208,.F.);
#8208 = EDGE_CURVE('',#8209,#8209,#8211,.T.);
#8209 = VERTEX_POINT('',#8210);
#8210 = CARTESIAN_POINT('',(37.15,-26.5,-12.6));
#8211 = SURFACE_CURVE('',#8212,(#8217,#8224),.PCURVE_S1.);
#8212 = CIRCLE('',#8213,1.15);
#8213 = AXIS2_PLACEMENT_3D('',#8214,#8215,#8216);
#8214 = CARTESIAN_POINT('',(36.,-26.5,-12.6));
#8215 = DIRECTION('',(0.,0.,1.));
#8216 = DIRECTION('',(1.,0.,-0.));
#8217 = PCURVE('',#8028,#8218);
#8218 = DEFINITIONAL_REPRESENTATION('',(#8219),#8223);
#8219 = CIRCLE('',#8220,1.15);
#8220 = AXIS2_PLACEMENT_2D('',#8221,#8222);
#8221 = CARTESIAN_POINT('',(3.5,3.5));
#8222 = DIRECTION('',(1.,0.));
#8223 = ( GEOMETRIC_REPRESENTATION_CONTEXT(2) 
PARAMETRIC_REPRESENTATION_CONTEXT() REPRESENTATION_CONTEXT('2D SPACE',''
  ) );
#8224 = PCURVE('',#8225,#8230);
#8225 = CYLINDRICAL_SURFACE('',#8226,1.15);
#8226 = AXIS2_PLACEMENT_3D('',#8227,#8228,#8229);
#8227 = CARTESIAN_POINT('',(36.,-26.5,-16.01));
#8228 = DIRECTION('',(0.,0.,1.));
#8229 = DIRECTION('',(1.,0.,-0.));
#8230 = DEFINITIONAL_REPRESENTATION('',(#8231),#8235);
#8231 = LINE('',#8232,#8233);
#8232 = CARTESIAN_POINT('',(0.,3.41));
#8233 = VECTOR('',#8234,1.);
#8234 = DIRECTION('',(1.,0.));
#8235 = ( GEOMETRIC_REPRESENTATION_CONTEXT(2) 
PARAMETRIC_REPRESENTATION_CONTEXT() REPRESENTATION_CONTEXT('2D SPACE',''
  ) );
#8236 = ADVANCED_FACE('',(#8237),#8225,.F.);
#8237 = FACE_BOUND('',#8238,.F.);
#8238 = EDGE_LOOP('',(#8239,#8268,#8289,#8290));
#8239 = ORIENTED_EDGE('',*,*,#8240,.T.);
#8240 = EDGE_CURVE('',#8241,#8241,#8243,.T.);
#8241 = VERTEX_POINT('',#8242);
#8242 = CARTESIAN_POINT('',(37.15,-26.5,-12.8));
#8243 = SURFACE_CURVE('',#8244,(#8249,#8256),.PCURVE_S1.);
#8244 = CIRCLE('',#8245,1.15);
#8245 = AXIS2_PLACEMENT_3D('',#8246,#8247,#8248);
#8246 = CARTESIAN_POINT('',(36.,-26.5,-12.8));
#8247 = DIRECTION('',(0.,0.,1.));
#8248 = DIRECTION('',(1.,0.,-0.));
#8249 = PCURVE('',#8225,#8250);
#8250 = DEFINITIONAL_REPRESENTATION('',(#8251),#8255);
#8251 = LINE('',#8252,#8253);
#8252 = CARTESIAN_POINT('',(0.,3.21));
#8253 = VECTOR('',#8254,1.);
#8254 = DIRECTION('',(1.,0.));
#8255 = ( GEOMETRIC_REPRESENTATION_CONTEXT(2) 
PARAMETRIC_REPRESENTATION_CONTEXT() REPRESENTATION_CONTEXT('2D SPACE',''
  ) );
#8256 = PCURVE('',#8257,#8262);
#8257 = PLANE('',#8258);
#8258 = AXIS2_PLACEMENT_3D('',#8259,#8260,#8261);
#8259 = CARTESIAN_POINT('',(33.8,-36.,-12.8));
#8260 = DIRECTION('',(0.,0.,1.));
#8261 = DIRECTION('',(1.,0.,-0.));
#8262 = DEFINITIONAL_REPRESENTATION('',(#8263),#8267);
#8263 = CIRCLE('',#8264,1.15);
#8264 = AXIS2_PLACEMENT_2D('',#8265,#8266);
#8265 = CARTESIAN_POINT('',(2.2,9.5));
#8266 = DIRECTION('',(1.,0.));
#8267 = ( GEOMETRIC_REPRESENTATION_CONTEXT(2) 
PARAMETRIC_REPRESENTATION_CONTEXT() REPRESENTATION_CONTEXT('2D SPACE',''
  ) );
#8268 = ORIENTED_EDGE('',*,*,#8269,.F.);
#8269 = EDGE_CURVE('',#8209,#8241,#8270,.T.);
#8270 = SEAM_CURVE('',#8271,(#8275,#8282),.PCURVE_S1.);
#8271 = LINE('',#8272,#8273);
#8272 = CARTESIAN_POINT('',(37.15,-26.5,-12.6));
#8273 = VECTOR('',#8274,1.);
#8274 = DIRECTION('',(0.,-1.044915787883E-15,-1.));
#8275 = PCURVE('',#8225,#8276);
#8276 = DEFINITIONAL_REPRESENTATION('',(#8277),#8281);
#8277 = LINE('',#8278,#8279);
#8278 = CARTESIAN_POINT('',(6.28318530718,3.41));
#8279 = VECTOR('',#8280,1.);
#8280 = DIRECTION('',(-0.,-1.));
#8281 = ( GEOMETRIC_REPRESENTATION_CONTEXT(2) 
PARAMETRIC_REPRESENTATION_CONTEXT() REPRESENTATION_CONTEXT('2D SPACE',''
  ) );
#8282 = PCURVE('',#8225,#8283);
#8283 = DEFINITIONAL_REPRESENTATION('',(#8284),#8288);
#8284 = LINE('',#8285,#8286);
#8285 = CARTESIAN_POINT('',(0.,3.41));
#8286 = VECTOR('',#8287,1.);
#8287 = DIRECTION('',(-0.,-1.));
#8288 = ( GEOMETRIC_REPRESENTATION_CONTEXT(2) 
PARAMETRIC_REPRESENTATION_CONTEXT() REPRESENTATION_CONTEXT('2D SPACE',''
  ) );
#8289 = ORIENTED_EDGE('',*,*,#8208,.F.);
#8290 = ORIENTED_EDGE('',*,*,#8269,.T.);
#8291 = ADVANCED_FACE('',(#8292,#8401),#8257,.F.);
#8292 = FACE_BOUND('',#8293,.F.);
#8293 = EDGE_LOOP('',(#8294,#8324,#8352,#8380));
#8294 = ORIENTED_EDGE('',*,*,#8295,.T.);
#8295 = EDGE_CURVE('',#8296,#8298,#8300,.T.);
#8296 = VERTEX_POINT('',#8297);
#8297 = CARTESIAN_POINT('',(38.2,-30.,-12.8));
#8298 = VERTEX_POINT('',#8299);
#8299 = CARTESIAN_POINT('',(38.2,-24.3,-12.8));
#8300 = SURFACE_CURVE('',#8301,(#8305,#8312),.PCURVE_S1.);
#8301 = LINE('',#8302,#8303);
#8302 = CARTESIAN_POINT('',(38.2,-30.,-12.8));
#8303 = VECTOR('',#8304,1.);
#8304 = DIRECTION('',(1.246566203088E-15,1.,-6.232831015439E-16));
#8305 = PCURVE('',#8257,#8306);
#8306 = DEFINITIONAL_REPRESENTATION('',(#8307),#8311);
#8307 = LINE('',#8308,#8309);
#8308 = CARTESIAN_POINT('',(4.4,6.));
#8309 = VECTOR('',#8310,1.);
#8310 = DIRECTION('',(1.246566203088E-15,1.));
#8311 = ( GEOMETRIC_REPRESENTATION_CONTEXT(2) 
PARAMETRIC_REPRESENTATION_CONTEXT() REPRESENTATION_CONTEXT('2D SPACE',''
  ) );
#8312 = PCURVE('',#8313,#8318);
#8313 = PLANE('',#8314);
#8314 = AXIS2_PLACEMENT_3D('',#8315,#8316,#8317);
#8315 = CARTESIAN_POINT('',(38.2,-36.,-14.6));
#8316 = DIRECTION('',(1.,0.,-0.));
#8317 = DIRECTION('',(0.,0.,1.));
#8318 = DEFINITIONAL_REPRESENTATION('',(#8319),#8323);
#8319 = LINE('',#8320,#8321);
#8320 = CARTESIAN_POINT('',(1.8,-6.));
#8321 = VECTOR('',#8322,1.);
#8322 = DIRECTION('',(-6.232831015439E-16,-1.));
#8323 = ( GEOMETRIC_REPRESENTATION_CONTEXT(2) 
PARAMETRIC_REPRESENTATION_CONTEXT() REPRESENTATION_CONTEXT('2D SPACE',''
  ) );
#8324 = ORIENTED_EDGE('',*,*,#8325,.F.);
#8325 = EDGE_CURVE('',#8326,#8298,#8328,.T.);
#8326 = VERTEX_POINT('',#8327);
#8327 = CARTESIAN_POINT('',(33.8,-24.3,-12.8));
#8328 = SURFACE_CURVE('',#8329,(#8333,#8340),.PCURVE_S1.);
#8329 = LINE('',#8330,#8331);
#8330 = CARTESIAN_POINT('',(33.8,-24.3,-12.8));
#8331 = VECTOR('',#8332,1.);
#8332 = DIRECTION('',(1.,0.,0.));
#8333 = PCURVE('',#8257,#8334);
#8334 = DEFINITIONAL_REPRESENTATION('',(#8335),#8339);
#8335 = LINE('',#8336,#8337);
#8336 = CARTESIAN_POINT('',(0.,11.7));
#8337 = VECTOR('',#8338,1.);
#8338 = DIRECTION('',(1.,0.));
#8339 = ( GEOMETRIC_REPRESENTATION_CONTEXT(2) 
PARAMETRIC_REPRESENTATION_CONTEXT() REPRESENTATION_CONTEXT('2D SPACE',''
  ) );
#8340 = PCURVE('',#8341,#8346);
#8341 = PLANE('',#8342);
#8342 = AXIS2_PLACEMENT_3D('',#8343,#8344,#8345);
#8343 = CARTESIAN_POINT('',(33.8,-24.3,-14.6));
#8344 = DIRECTION('',(0.,1.,0.));
#8345 = DIRECTION('',(0.,-0.,1.));
#8346 = DEFINITIONAL_REPRESENTATION('',(#8347),#8351);
#8347 = LINE('',#8348,#8349);
#8348 = CARTESIAN_POINT('',(1.8,0.));
#8349 = VECTOR('',#8350,1.);
#8350 = DIRECTION('',(0.,1.));
#8351 = ( GEOMETRIC_REPRESENTATION_CONTEXT(2) 
PARAMETRIC_REPRESENTATION_CONTEXT() REPRESENTATION_CONTEXT('2D SPACE',''
  ) );
#8352 = ORIENTED_EDGE('',*,*,#8353,.F.);
#8353 = EDGE_CURVE('',#8354,#8326,#8356,.T.);
#8354 = VERTEX_POINT('',#8355);
#8355 = CARTESIAN_POINT('',(33.8,-30.,-12.8));
#8356 = SURFACE_CURVE('',#8357,(#8361,#8368),.PCURVE_S1.);
#8357 = LINE('',#8358,#8359);
#8358 = CARTESIAN_POINT('',(33.8,-30.,-12.8));
#8359 = VECTOR('',#8360,1.);
#8360 = DIRECTION('',(0.,1.,0.));
#8361 = PCURVE('',#8257,#8362);
#8362 = DEFINITIONAL_REPRESENTATION('',(#8363),#8367);
#8363 = LINE('',#8364,#8365);
#8364 = CARTESIAN_POINT('',(0.,6.));
#8365 = VECTOR('',#8366,1.);
#8366 = DIRECTION('',(0.,1.));
#8367 = ( GEOMETRIC_REPRESENTATION_CONTEXT(2) 
PARAMETRIC_REPRESENTATION_CONTEXT() REPRESENTATION_CONTEXT('2D SPACE',''
  ) );
#8368 = PCURVE('',#8369,#8374);
#8369 = PLANE('',#8370);
#8370 = AXIS2_PLACEMENT_3D('',#8371,#8372,#8373);
#8371 = CARTESIAN_POINT('',(33.8,-36.,-14.6));
#8372 = DIRECTION('',(1.,0.,-0.));
#8373 = DIRECTION('',(0.,0.,1.));
#8374 = DEFINITIONAL_REPRESENTATION('',(#8375),#8379);
#8375 = LINE('',#8376,#8377);
#8376 = CARTESIAN_POINT('',(1.8,-6.));
#8377 = VECTOR('',#8378,1.);
#8378 = DIRECTION('',(0.,-1.));
#8379 = ( GEOMETRIC_REPRESENTATION_CONTEXT(2) 
PARAMETRIC_REPRESENTATION_CONTEXT() REPRESENTATION_CONTEXT('2D SPACE',''
  ) );
#8380 = ORIENTED_EDGE('',*,*,#8381,.F.);
#8381 = EDGE_CURVE('',#8296,#8354,#8382,.T.);
#8382 = SURFACE_CURVE('',#8383,(#8387,#8394),.PCURVE_S1.);
#8383 = LINE('',#8384,#8385);
#8384 = CARTESIAN_POINT('',(18.075717928384,-30.,-12.8));
#8385 = VECTOR('',#8386,1.);
#8386 = DIRECTION('',(-1.,0.,0.));
#8387 = PCURVE('',#8257,#8388);
#8388 = DEFINITIONAL_REPRESENTATION('',(#8389),#8393);
#8389 = LINE('',#8390,#8391);
#8390 = CARTESIAN_POINT('',(-15.72428207161,6.));
#8391 = VECTOR('',#8392,1.);
#8392 = DIRECTION('',(-1.,0.));
#8393 = ( GEOMETRIC_REPRESENTATION_CONTEXT(2) 
PARAMETRIC_REPRESENTATION_CONTEXT() REPRESENTATION_CONTEXT('2D SPACE',''
  ) );
#8394 = PCURVE('',#174,#8395);
#8395 = DEFINITIONAL_REPRESENTATION('',(#8396),#8400);
#8396 = LINE('',#8397,#8398);
#8397 = CARTESIAN_POINT('',(21.062235193787,15.724282071616));
#8398 = VECTOR('',#8399,1.);
#8399 = DIRECTION('',(0.,-1.));
#8400 = ( GEOMETRIC_REPRESENTATION_CONTEXT(2) 
PARAMETRIC_REPRESENTATION_CONTEXT() REPRESENTATION_CONTEXT('2D SPACE',''
  ) );
#8401 = FACE_BOUND('',#8402,.F.);
#8402 = EDGE_LOOP('',(#8403));
#8403 = ORIENTED_EDGE('',*,*,#8240,.F.);
#8404 = ADVANCED_FACE('',(#8405),#8369,.T.);
#8405 = FACE_BOUND('',#8406,.T.);
#8406 = EDGE_LOOP('',(#8407,#8408,#8431,#8459));
#8407 = ORIENTED_EDGE('',*,*,#8353,.F.);
#8408 = ORIENTED_EDGE('',*,*,#8409,.F.);
#8409 = EDGE_CURVE('',#8410,#8354,#8412,.T.);
#8410 = VERTEX_POINT('',#8411);
#8411 = CARTESIAN_POINT('',(33.8,-30.,-14.6));
#8412 = SURFACE_CURVE('',#8413,(#8417,#8424),.PCURVE_S1.);
#8413 = LINE('',#8414,#8415);
#8414 = CARTESIAN_POINT('',(33.8,-30.,-3.168882403107));
#8415 = VECTOR('',#8416,1.);
#8416 = DIRECTION('',(0.,-0.,1.));
#8417 = PCURVE('',#8369,#8418);
#8418 = DEFINITIONAL_REPRESENTATION('',(#8419),#8423);
#8419 = LINE('',#8420,#8421);
#8420 = CARTESIAN_POINT('',(11.431117596893,-6.));
#8421 = VECTOR('',#8422,1.);
#8422 = DIRECTION('',(1.,0.));
#8423 = ( GEOMETRIC_REPRESENTATION_CONTEXT(2) 
PARAMETRIC_REPRESENTATION_CONTEXT() REPRESENTATION_CONTEXT('2D SPACE',''
  ) );
#8424 = PCURVE('',#174,#8425);
#8425 = DEFINITIONAL_REPRESENTATION('',(#8426),#8430);
#8426 = LINE('',#8427,#8428);
#8427 = CARTESIAN_POINT('',(11.431117596894,31.448564143232));
#8428 = VECTOR('',#8429,1.);
#8429 = DIRECTION('',(-1.,0.));
#8430 = ( GEOMETRIC_REPRESENTATION_CONTEXT(2) 
PARAMETRIC_REPRESENTATION_CONTEXT() REPRESENTATION_CONTEXT('2D SPACE',''
  ) );
#8431 = ORIENTED_EDGE('',*,*,#8432,.F.);
#8432 = EDGE_CURVE('',#8433,#8410,#8435,.T.);
#8433 = VERTEX_POINT('',#8434);
#8434 = CARTESIAN_POINT('',(33.8,-24.3,-14.6));
#8435 = SURFACE_CURVE('',#8436,(#8440,#8447),.PCURVE_S1.);
#8436 = LINE('',#8437,#8438);
#8437 = CARTESIAN_POINT('',(33.8,-24.3,-14.6));
#8438 = VECTOR('',#8439,1.);
#8439 = DIRECTION('',(0.,-1.,0.));
#8440 = PCURVE('',#8369,#8441);
#8441 = DEFINITIONAL_REPRESENTATION('',(#8442),#8446);
#8442 = LINE('',#8443,#8444);
#8443 = CARTESIAN_POINT('',(0.,-11.7));
#8444 = VECTOR('',#8445,1.);
#8445 = DIRECTION('',(0.,1.));
#8446 = ( GEOMETRIC_REPRESENTATION_CONTEXT(2) 
PARAMETRIC_REPRESENTATION_CONTEXT() REPRESENTATION_CONTEXT('2D SPACE',''
  ) );
#8447 = PCURVE('',#8448,#8453);
#8448 = PLANE('',#8449);
#8449 = AXIS2_PLACEMENT_3D('',#8450,#8451,#8452);
#8450 = CARTESIAN_POINT('',(33.8,-36.,-14.6));
#8451 = DIRECTION('',(0.,0.,1.));
#8452 = DIRECTION('',(1.,0.,-0.));
#8453 = DEFINITIONAL_REPRESENTATION('',(#8454),#8458);
#8454 = LINE('',#8455,#8456);
#8455 = CARTESIAN_POINT('',(0.,11.7));
#8456 = VECTOR('',#8457,1.);
#8457 = DIRECTION('',(0.,-1.));
#8458 = ( GEOMETRIC_REPRESENTATION_CONTEXT(2) 
PARAMETRIC_REPRESENTATION_CONTEXT() REPRESENTATION_CONTEXT('2D SPACE',''
  ) );
#8459 = ORIENTED_EDGE('',*,*,#8460,.T.);
#8460 = EDGE_CURVE('',#8433,#8326,#8461,.T.);
#8461 = SURFACE_CURVE('',#8462,(#8466,#8473),.PCURVE_S1.);
#8462 = LINE('',#8463,#8464);
#8463 = CARTESIAN_POINT('',(33.8,-24.3,-14.6));
#8464 = VECTOR('',#8465,1.);
#8465 = DIRECTION('',(0.,0.,1.));
#8466 = PCURVE('',#8369,#8467);
#8467 = DEFINITIONAL_REPRESENTATION('',(#8468),#8472);
#8468 = LINE('',#8469,#8470);
#8469 = CARTESIAN_POINT('',(0.,-11.7));
#8470 = VECTOR('',#8471,1.);
#8471 = DIRECTION('',(1.,0.));
#8472 = ( GEOMETRIC_REPRESENTATION_CONTEXT(2) 
PARAMETRIC_REPRESENTATION_CONTEXT() REPRESENTATION_CONTEXT('2D SPACE',''
  ) );
#8473 = PCURVE('',#8341,#8474);
#8474 = DEFINITIONAL_REPRESENTATION('',(#8475),#8479);
#8475 = LINE('',#8476,#8477);
#8476 = CARTESIAN_POINT('',(0.,0.));
#8477 = VECTOR('',#8478,1.);
#8478 = DIRECTION('',(1.,0.));
#8479 = ( GEOMETRIC_REPRESENTATION_CONTEXT(2) 
PARAMETRIC_REPRESENTATION_CONTEXT() REPRESENTATION_CONTEXT('2D SPACE',''
  ) );
#8480 = ADVANCED_FACE('',(#8481,#8551),#8448,.T.);
#8481 = FACE_BOUND('',#8482,.T.);
#8482 = EDGE_LOOP('',(#8483,#8508,#8529,#8530));
#8483 = ORIENTED_EDGE('',*,*,#8484,.T.);
#8484 = EDGE_CURVE('',#8485,#8487,#8489,.T.);
#8485 = VERTEX_POINT('',#8486);
#8486 = CARTESIAN_POINT('',(38.2,-30.,-14.6));
#8487 = VERTEX_POINT('',#8488);
#8488 = CARTESIAN_POINT('',(38.2,-24.3,-14.6));
#8489 = SURFACE_CURVE('',#8490,(#8494,#8501),.PCURVE_S1.);
#8490 = LINE('',#8491,#8492);
#8491 = CARTESIAN_POINT('',(38.2,-30.,-14.6));
#8492 = VECTOR('',#8493,1.);
#8493 = DIRECTION('',(1.246566203088E-15,1.,0.));
#8494 = PCURVE('',#8448,#8495);
#8495 = DEFINITIONAL_REPRESENTATION('',(#8496),#8500);
#8496 = LINE('',#8497,#8498);
#8497 = CARTESIAN_POINT('',(4.4,6.));
#8498 = VECTOR('',#8499,1.);
#8499 = DIRECTION('',(1.246566203088E-15,1.));
#8500 = ( GEOMETRIC_REPRESENTATION_CONTEXT(2) 
PARAMETRIC_REPRESENTATION_CONTEXT() REPRESENTATION_CONTEXT('2D SPACE',''
  ) );
#8501 = PCURVE('',#8313,#8502);
#8502 = DEFINITIONAL_REPRESENTATION('',(#8503),#8507);
#8503 = LINE('',#8504,#8505);
#8504 = CARTESIAN_POINT('',(0.,-6.));
#8505 = VECTOR('',#8506,1.);
#8506 = DIRECTION('',(0.,-1.));
#8507 = ( GEOMETRIC_REPRESENTATION_CONTEXT(2) 
PARAMETRIC_REPRESENTATION_CONTEXT() REPRESENTATION_CONTEXT('2D SPACE',''
  ) );
#8508 = ORIENTED_EDGE('',*,*,#8509,.F.);
#8509 = EDGE_CURVE('',#8433,#8487,#8510,.T.);
#8510 = SURFACE_CURVE('',#8511,(#8515,#8522),.PCURVE_S1.);
#8511 = LINE('',#8512,#8513);
#8512 = CARTESIAN_POINT('',(33.8,-24.3,-14.6));
#8513 = VECTOR('',#8514,1.);
#8514 = DIRECTION('',(1.,0.,0.));
#8515 = PCURVE('',#8448,#8516);
#8516 = DEFINITIONAL_REPRESENTATION('',(#8517),#8521);
#8517 = LINE('',#8518,#8519);
#8518 = CARTESIAN_POINT('',(0.,11.7));
#8519 = VECTOR('',#8520,1.);
#8520 = DIRECTION('',(1.,0.));
#8521 = ( GEOMETRIC_REPRESENTATION_CONTEXT(2) 
PARAMETRIC_REPRESENTATION_CONTEXT() REPRESENTATION_CONTEXT('2D SPACE',''
  ) );
#8522 = PCURVE('',#8341,#8523);
#8523 = DEFINITIONAL_REPRESENTATION('',(#8524),#8528);
#8524 = LINE('',#8525,#8526);
#8525 = CARTESIAN_POINT('',(0.,0.));
#8526 = VECTOR('',#8527,1.);
#8527 = DIRECTION('',(0.,1.));
#8528 = ( GEOMETRIC_REPRESENTATION_CONTEXT(2) 
PARAMETRIC_REPRESENTATION_CONTEXT() REPRESENTATION_CONTEXT('2D SPACE',''
  ) );
#8529 = ORIENTED_EDGE('',*,*,#8432,.T.);
#8530 = ORIENTED_EDGE('',*,*,#8531,.F.);
#8531 = EDGE_CURVE('',#8485,#8410,#8532,.T.);
#8532 = SURFACE_CURVE('',#8533,(#8537,#8544),.PCURVE_S1.);
#8533 = LINE('',#8534,#8535);
#8534 = CARTESIAN_POINT('',(18.075717928384,-30.,-14.6));
#8535 = VECTOR('',#8536,1.);
#8536 = DIRECTION('',(-1.,0.,0.));
#8537 = PCURVE('',#8448,#8538);
#8538 = DEFINITIONAL_REPRESENTATION('',(#8539),#8543);
#8539 = LINE('',#8540,#8541);
#8540 = CARTESIAN_POINT('',(-15.72428207161,6.));
#8541 = VECTOR('',#8542,1.);
#8542 = DIRECTION('',(-1.,0.));
#8543 = ( GEOMETRIC_REPRESENTATION_CONTEXT(2) 
PARAMETRIC_REPRESENTATION_CONTEXT() REPRESENTATION_CONTEXT('2D SPACE',''
  ) );
#8544 = PCURVE('',#174,#8545);
#8545 = DEFINITIONAL_REPRESENTATION('',(#8546),#8550);
#8546 = LINE('',#8547,#8548);
#8547 = CARTESIAN_POINT('',(22.862235193787,15.724282071616));
#8548 = VECTOR('',#8549,1.);
#8549 = DIRECTION('',(0.,-1.));
#8550 = ( GEOMETRIC_REPRESENTATION_CONTEXT(2) 
PARAMETRIC_REPRESENTATION_CONTEXT() REPRESENTATION_CONTEXT('2D SPACE',''
  ) );
#8551 = FACE_BOUND('',#8552,.T.);
#8552 = EDGE_LOOP('',(#8553));
#8553 = ORIENTED_EDGE('',*,*,#8554,.F.);
#8554 = EDGE_CURVE('',#8555,#8555,#8557,.T.);
#8555 = VERTEX_POINT('',#8556);
#8556 = CARTESIAN_POINT('',(37.15,-26.5,-14.6));
#8557 = SURFACE_CURVE('',#8558,(#8563,#8570),.PCURVE_S1.);
#8558 = CIRCLE('',#8559,1.15);
#8559 = AXIS2_PLACEMENT_3D('',#8560,#8561,#8562);
#8560 = CARTESIAN_POINT('',(36.,-26.5,-14.6));
#8561 = DIRECTION('',(0.,0.,1.));
#8562 = DIRECTION('',(1.,0.,-0.));
#8563 = PCURVE('',#8448,#8564);
#8564 = DEFINITIONAL_REPRESENTATION('',(#8565),#8569);
#8565 = CIRCLE('',#8566,1.15);
#8566 = AXIS2_PLACEMENT_2D('',#8567,#8568);
#8567 = CARTESIAN_POINT('',(2.2,9.5));
#8568 = DIRECTION('',(1.,0.));
#8569 = ( GEOMETRIC_REPRESENTATION_CONTEXT(2) 
PARAMETRIC_REPRESENTATION_CONTEXT() REPRESENTATION_CONTEXT('2D SPACE',''
  ) );
#8570 = PCURVE('',#8571,#8576);
#8571 = CYLINDRICAL_SURFACE('',#8572,1.15);
#8572 = AXIS2_PLACEMENT_3D('',#8573,#8574,#8575);
#8573 = CARTESIAN_POINT('',(36.,-26.5,-16.01));
#8574 = DIRECTION('',(0.,0.,1.));
#8575 = DIRECTION('',(1.,0.,-0.));
#8576 = DEFINITIONAL_REPRESENTATION('',(#8577),#8581);
#8577 = LINE('',#8578,#8579);
#8578 = CARTESIAN_POINT('',(0.,1.41));
#8579 = VECTOR('',#8580,1.);
#8580 = DIRECTION('',(1.,0.));
#8581 = ( GEOMETRIC_REPRESENTATION_CONTEXT(2) 
PARAMETRIC_REPRESENTATION_CONTEXT() REPRESENTATION_CONTEXT('2D SPACE',''
  ) );
#8582 = ADVANCED_FACE('',(#8583),#8571,.F.);
#8583 = FACE_BOUND('',#8584,.F.);
#8584 = EDGE_LOOP('',(#8585,#8608,#8635,#8636));
#8585 = ORIENTED_EDGE('',*,*,#8586,.T.);
#8586 = EDGE_CURVE('',#8555,#8587,#8589,.T.);
#8587 = VERTEX_POINT('',#8588);
#8588 = CARTESIAN_POINT('',(37.15,-26.5,-16.));
#8589 = SEAM_CURVE('',#8590,(#8594,#8601),.PCURVE_S1.);
#8590 = LINE('',#8591,#8592);
#8591 = CARTESIAN_POINT('',(37.15,-26.5,-12.6));
#8592 = VECTOR('',#8593,1.);
#8593 = DIRECTION('',(0.,-1.044915787883E-15,-1.));
#8594 = PCURVE('',#8571,#8595);
#8595 = DEFINITIONAL_REPRESENTATION('',(#8596),#8600);
#8596 = LINE('',#8597,#8598);
#8597 = CARTESIAN_POINT('',(4.138911435803E-13,3.41));
#8598 = VECTOR('',#8599,1.);
#8599 = DIRECTION('',(-0.,-1.));
#8600 = ( GEOMETRIC_REPRESENTATION_CONTEXT(2) 
PARAMETRIC_REPRESENTATION_CONTEXT() REPRESENTATION_CONTEXT('2D SPACE',''
  ) );
#8601 = PCURVE('',#8571,#8602);
#8602 = DEFINITIONAL_REPRESENTATION('',(#8603),#8607);
#8603 = LINE('',#8604,#8605);
#8604 = CARTESIAN_POINT('',(6.28318530718,3.41));
#8605 = VECTOR('',#8606,1.);
#8606 = DIRECTION('',(-0.,-1.));
#8607 = ( GEOMETRIC_REPRESENTATION_CONTEXT(2) 
PARAMETRIC_REPRESENTATION_CONTEXT() REPRESENTATION_CONTEXT('2D SPACE',''
  ) );
#8608 = ORIENTED_EDGE('',*,*,#8609,.T.);
#8609 = EDGE_CURVE('',#8587,#8587,#8610,.T.);
#8610 = SURFACE_CURVE('',#8611,(#8616,#8623),.PCURVE_S1.);
#8611 = CIRCLE('',#8612,1.15);
#8612 = AXIS2_PLACEMENT_3D('',#8613,#8614,#8615);
#8613 = CARTESIAN_POINT('',(36.,-26.5,-16.));
#8614 = DIRECTION('',(0.,0.,1.));
#8615 = DIRECTION('',(1.,0.,-0.));
#8616 = PCURVE('',#8571,#8617);
#8617 = DEFINITIONAL_REPRESENTATION('',(#8618),#8622);
#8618 = LINE('',#8619,#8620);
#8619 = CARTESIAN_POINT('',(0.,1.E-02));
#8620 = VECTOR('',#8621,1.);
#8621 = DIRECTION('',(1.,0.));
#8622 = ( GEOMETRIC_REPRESENTATION_CONTEXT(2) 
PARAMETRIC_REPRESENTATION_CONTEXT() REPRESENTATION_CONTEXT('2D SPACE',''
  ) );
#8623 = PCURVE('',#8624,#8629);
#8624 = PLANE('',#8625);
#8625 = AXIS2_PLACEMENT_3D('',#8626,#8627,#8628);
#8626 = CARTESIAN_POINT('',(36.,-26.5,-16.));
#8627 = DIRECTION('',(0.,0.,1.));
#8628 = DIRECTION('',(1.,0.,-0.));
#8629 = DEFINITIONAL_REPRESENTATION('',(#8630),#8634);
#8630 = CIRCLE('',#8631,1.15);
#8631 = AXIS2_PLACEMENT_2D('',#8632,#8633);
#8632 = CARTESIAN_POINT('',(0.,0.));
#8633 = DIRECTION('',(1.,0.));
#8634 = ( GEOMETRIC_REPRESENTATION_CONTEXT(2) 
PARAMETRIC_REPRESENTATION_CONTEXT() REPRESENTATION_CONTEXT('2D SPACE',''
  ) );
#8635 = ORIENTED_EDGE('',*,*,#8586,.F.);
#8636 = ORIENTED_EDGE('',*,*,#8554,.F.);
#8637 = ADVANCED_FACE('',(#8638,#8664),#8624,.F.);
#8638 = FACE_BOUND('',#8639,.F.);
#8639 = EDGE_LOOP('',(#8640));
#8640 = ORIENTED_EDGE('',*,*,#8641,.T.);
#8641 = EDGE_CURVE('',#8642,#8642,#8644,.T.);
#8642 = VERTEX_POINT('',#8643);
#8643 = CARTESIAN_POINT('',(39.,-26.5,-16.));
#8644 = SURFACE_CURVE('',#8645,(#8650,#8657),.PCURVE_S1.);
#8645 = CIRCLE('',#8646,3.);
#8646 = AXIS2_PLACEMENT_3D('',#8647,#8648,#8649);
#8647 = CARTESIAN_POINT('',(36.,-26.5,-16.));
#8648 = DIRECTION('',(0.,0.,1.));
#8649 = DIRECTION('',(1.,0.,-0.));
#8650 = PCURVE('',#8624,#8651);
#8651 = DEFINITIONAL_REPRESENTATION('',(#8652),#8656);
#8652 = CIRCLE('',#8653,3.);
#8653 = AXIS2_PLACEMENT_2D('',#8654,#8655);
#8654 = CARTESIAN_POINT('',(0.,0.));
#8655 = DIRECTION('',(1.,0.));
#8656 = ( GEOMETRIC_REPRESENTATION_CONTEXT(2) 
PARAMETRIC_REPRESENTATION_CONTEXT() REPRESENTATION_CONTEXT('2D SPACE',''
  ) );
#8657 = PCURVE('',#262,#8658);
#8658 = DEFINITIONAL_REPRESENTATION('',(#8659),#8663);
#8659 = LINE('',#8660,#8661);
#8660 = CARTESIAN_POINT('',(0.,0.));
#8661 = VECTOR('',#8662,1.);
#8662 = DIRECTION('',(1.,0.));
#8663 = ( GEOMETRIC_REPRESENTATION_CONTEXT(2) 
PARAMETRIC_REPRESENTATION_CONTEXT() REPRESENTATION_CONTEXT('2D SPACE',''
  ) );
#8664 = FACE_BOUND('',#8665,.F.);
#8665 = EDGE_LOOP('',(#8666));
#8666 = ORIENTED_EDGE('',*,*,#8609,.F.);
#8667 = ADVANCED_FACE('',(#8668),#8341,.F.);
#8668 = FACE_BOUND('',#8669,.F.);
#8669 = EDGE_LOOP('',(#8670,#8671,#8672,#8673));
#8670 = ORIENTED_EDGE('',*,*,#8509,.F.);
#8671 = ORIENTED_EDGE('',*,*,#8460,.T.);
#8672 = ORIENTED_EDGE('',*,*,#8325,.T.);
#8673 = ORIENTED_EDGE('',*,*,#8674,.F.);
#8674 = EDGE_CURVE('',#8487,#8298,#8675,.T.);
#8675 = SURFACE_CURVE('',#8676,(#8680,#8687),.PCURVE_S1.);
#8676 = LINE('',#8677,#8678);
#8677 = CARTESIAN_POINT('',(38.2,-24.3,-14.6));
#8678 = VECTOR('',#8679,1.);
#8679 = DIRECTION('',(0.,0.,1.));
#8680 = PCURVE('',#8341,#8681);
#8681 = DEFINITIONAL_REPRESENTATION('',(#8682),#8686);
#8682 = LINE('',#8683,#8684);
#8683 = CARTESIAN_POINT('',(0.,4.4));
#8684 = VECTOR('',#8685,1.);
#8685 = DIRECTION('',(1.,0.));
#8686 = ( GEOMETRIC_REPRESENTATION_CONTEXT(2) 
PARAMETRIC_REPRESENTATION_CONTEXT() REPRESENTATION_CONTEXT('2D SPACE',''
  ) );
#8687 = PCURVE('',#8313,#8688);
#8688 = DEFINITIONAL_REPRESENTATION('',(#8689),#8693);
#8689 = LINE('',#8690,#8691);
#8690 = CARTESIAN_POINT('',(0.,-11.7));
#8691 = VECTOR('',#8692,1.);
#8692 = DIRECTION('',(1.,0.));
#8693 = ( GEOMETRIC_REPRESENTATION_CONTEXT(2) 
PARAMETRIC_REPRESENTATION_CONTEXT() REPRESENTATION_CONTEXT('2D SPACE',''
  ) );
#8694 = ADVANCED_FACE('',(#8695),#8313,.F.);
#8695 = FACE_BOUND('',#8696,.F.);
#8696 = EDGE_LOOP('',(#8697,#8698,#8719,#8720));
#8697 = ORIENTED_EDGE('',*,*,#8295,.F.);
#8698 = ORIENTED_EDGE('',*,*,#8699,.F.);
#8699 = EDGE_CURVE('',#8485,#8296,#8700,.T.);
#8700 = SURFACE_CURVE('',#8701,(#8705,#8712),.PCURVE_S1.);
#8701 = LINE('',#8702,#8703);
#8702 = CARTESIAN_POINT('',(38.2,-30.,-3.168882403107));
#8703 = VECTOR('',#8704,1.);
#8704 = DIRECTION('',(0.,-0.,1.));
#8705 = PCURVE('',#8313,#8706);
#8706 = DEFINITIONAL_REPRESENTATION('',(#8707),#8711);
#8707 = LINE('',#8708,#8709);
#8708 = CARTESIAN_POINT('',(11.431117596893,-6.));
#8709 = VECTOR('',#8710,1.);
#8710 = DIRECTION('',(1.,0.));
#8711 = ( GEOMETRIC_REPRESENTATION_CONTEXT(2) 
PARAMETRIC_REPRESENTATION_CONTEXT() REPRESENTATION_CONTEXT('2D SPACE',''
  ) );
#8712 = PCURVE('',#174,#8713);
#8713 = DEFINITIONAL_REPRESENTATION('',(#8714),#8718);
#8714 = LINE('',#8715,#8716);
#8715 = CARTESIAN_POINT('',(11.431117596894,35.848564143232));
#8716 = VECTOR('',#8717,1.);
#8717 = DIRECTION('',(-1.,0.));
#8718 = ( GEOMETRIC_REPRESENTATION_CONTEXT(2) 
PARAMETRIC_REPRESENTATION_CONTEXT() REPRESENTATION_CONTEXT('2D SPACE',''
  ) );
#8719 = ORIENTED_EDGE('',*,*,#8484,.T.);
#8720 = ORIENTED_EDGE('',*,*,#8674,.T.);
#8721 = ADVANCED_FACE('',(#8722),#819,.T.);
#8722 = FACE_BOUND('',#8723,.T.);
#8723 = EDGE_LOOP('',(#8724,#8725,#8726,#8747));
#8724 = ORIENTED_EDGE('',*,*,#8062,.T.);
#8725 = ORIENTED_EDGE('',*,*,#8180,.T.);
#8726 = ORIENTED_EDGE('',*,*,#8727,.F.);
#8727 = EDGE_CURVE('',#771,#8158,#8728,.T.);
#8728 = SURFACE_CURVE('',#8729,(#8733,#8740),.PCURVE_S1.);
#8729 = LINE('',#8730,#8731);
#8730 = CARTESIAN_POINT('',(33.5,-23.,-15.8));
#8731 = VECTOR('',#8732,1.);
#8732 = DIRECTION('',(0.,0.,1.));
#8733 = PCURVE('',#819,#8734);
#8734 = DEFINITIONAL_REPRESENTATION('',(#8735),#8739);
#8735 = LINE('',#8736,#8737);
#8736 = CARTESIAN_POINT('',(4.712388980385,0.));
#8737 = VECTOR('',#8738,1.);
#8738 = DIRECTION('',(-0.,1.));
#8739 = ( GEOMETRIC_REPRESENTATION_CONTEXT(2) 
PARAMETRIC_REPRESENTATION_CONTEXT() REPRESENTATION_CONTEXT('2D SPACE',''
  ) );
#8740 = PCURVE('',#786,#8741);
#8741 = DEFINITIONAL_REPRESENTATION('',(#8742),#8746);
#8742 = LINE('',#8743,#8744);
#8743 = CARTESIAN_POINT('',(0.,1.));
#8744 = VECTOR('',#8745,1.);
#8745 = DIRECTION('',(1.,0.));
#8746 = ( GEOMETRIC_REPRESENTATION_CONTEXT(2) 
PARAMETRIC_REPRESENTATION_CONTEXT() REPRESENTATION_CONTEXT('2D SPACE',''
  ) );
#8747 = ORIENTED_EDGE('',*,*,#798,.F.);
#8748 = ADVANCED_FACE('',(#8749),#786,.T.);
#8749 = FACE_BOUND('',#8750,.T.);
#8750 = EDGE_LOOP('',(#8751,#8752,#8753,#8754));
#8751 = ORIENTED_EDGE('',*,*,#770,.F.);
#8752 = ORIENTED_EDGE('',*,*,#8727,.T.);
#8753 = ORIENTED_EDGE('',*,*,#8157,.T.);
#8754 = ORIENTED_EDGE('',*,*,#8755,.F.);
#8755 = EDGE_CURVE('',#742,#8134,#8756,.T.);
#8756 = SURFACE_CURVE('',#8757,(#8761,#8768),.PCURVE_S1.);
#8757 = LINE('',#8758,#8759);
#8758 = CARTESIAN_POINT('',(38.5,-23.,-15.8));
#8759 = VECTOR('',#8760,1.);
#8760 = DIRECTION('',(0.,0.,1.));
#8761 = PCURVE('',#786,#8762);
#8762 = DEFINITIONAL_REPRESENTATION('',(#8763),#8767);
#8763 = LINE('',#8764,#8765);
#8764 = CARTESIAN_POINT('',(0.,6.));
#8765 = VECTOR('',#8766,1.);
#8766 = DIRECTION('',(1.,0.));
#8767 = ( GEOMETRIC_REPRESENTATION_CONTEXT(2) 
PARAMETRIC_REPRESENTATION_CONTEXT() REPRESENTATION_CONTEXT('2D SPACE',''
  ) );
#8768 = PCURVE('',#758,#8769);
#8769 = DEFINITIONAL_REPRESENTATION('',(#8770),#8774);
#8770 = LINE('',#8771,#8772);
#8771 = CARTESIAN_POINT('',(1.570796326795,0.));
#8772 = VECTOR('',#8773,1.);
#8773 = DIRECTION('',(0.,1.));
#8774 = ( GEOMETRIC_REPRESENTATION_CONTEXT(2) 
PARAMETRIC_REPRESENTATION_CONTEXT() REPRESENTATION_CONTEXT('2D SPACE',''
  ) );
#8775 = ADVANCED_FACE('',(#8776),#758,.T.);
#8776 = FACE_BOUND('',#8777,.T.);
#8777 = EDGE_LOOP('',(#8778,#8779,#8780,#8781));
#8778 = ORIENTED_EDGE('',*,*,#741,.T.);
#8779 = ORIENTED_EDGE('',*,*,#8755,.T.);
#8780 = ORIENTED_EDGE('',*,*,#8133,.F.);
#8781 = ORIENTED_EDGE('',*,*,#8782,.F.);
#8782 = EDGE_CURVE('',#714,#8111,#8783,.T.);
#8783 = SURFACE_CURVE('',#8784,(#8788,#8795),.PCURVE_S1.);
#8784 = LINE('',#8785,#8786);
#8785 = CARTESIAN_POINT('',(39.5,-24.,-15.8));
#8786 = VECTOR('',#8787,1.);
#8787 = DIRECTION('',(0.,0.,1.));
#8788 = PCURVE('',#758,#8789);
#8789 = DEFINITIONAL_REPRESENTATION('',(#8790),#8794);
#8790 = LINE('',#8791,#8792);
#8791 = CARTESIAN_POINT('',(0.,0.));
#8792 = VECTOR('',#8793,1.);
#8793 = DIRECTION('',(0.,1.));
#8794 = ( GEOMETRIC_REPRESENTATION_CONTEXT(2) 
PARAMETRIC_REPRESENTATION_CONTEXT() REPRESENTATION_CONTEXT('2D SPACE',''
  ) );
#8795 = PCURVE('',#729,#8796);
#8796 = DEFINITIONAL_REPRESENTATION('',(#8797),#8801);
#8797 = LINE('',#8798,#8799);
#8798 = CARTESIAN_POINT('',(0.,-6.));
#8799 = VECTOR('',#8800,1.);
#8800 = DIRECTION('',(1.,0.));
#8801 = ( GEOMETRIC_REPRESENTATION_CONTEXT(2) 
PARAMETRIC_REPRESENTATION_CONTEXT() REPRESENTATION_CONTEXT('2D SPACE',''
  ) );
#8802 = ADVANCED_FACE('',(#8803),#729,.T.);
#8803 = FACE_BOUND('',#8804,.T.);
#8804 = EDGE_LOOP('',(#8805,#8806,#8827,#8828));
#8805 = ORIENTED_EDGE('',*,*,#8110,.F.);
#8806 = ORIENTED_EDGE('',*,*,#8807,.F.);
#8807 = EDGE_CURVE('',#686,#8088,#8808,.T.);
#8808 = SURFACE_CURVE('',#8809,(#8813,#8820),.PCURVE_S1.);
#8809 = LINE('',#8810,#8811);
#8810 = CARTESIAN_POINT('',(39.5,-28.,-4.794682512374));
#8811 = VECTOR('',#8812,1.);
#8812 = DIRECTION('',(0.,0.,1.));
#8813 = PCURVE('',#729,#8814);
#8814 = DEFINITIONAL_REPRESENTATION('',(#8815),#8819);
#8815 = LINE('',#8816,#8817);
#8816 = CARTESIAN_POINT('',(11.005317487626,-2.));
#8817 = VECTOR('',#8818,1.);
#8818 = DIRECTION('',(1.,0.));
#8819 = ( GEOMETRIC_REPRESENTATION_CONTEXT(2) 
PARAMETRIC_REPRESENTATION_CONTEXT() REPRESENTATION_CONTEXT('2D SPACE',''
  ) );
#8820 = PCURVE('',#701,#8821);
#8821 = DEFINITIONAL_REPRESENTATION('',(#8822),#8826);
#8822 = LINE('',#8823,#8824);
#8823 = CARTESIAN_POINT('',(11.005317487627,37.118585791639));
#8824 = VECTOR('',#8825,1.);
#8825 = DIRECTION('',(-1.,0.));
#8826 = ( GEOMETRIC_REPRESENTATION_CONTEXT(2) 
PARAMETRIC_REPRESENTATION_CONTEXT() REPRESENTATION_CONTEXT('2D SPACE',''
  ) );
#8827 = ORIENTED_EDGE('',*,*,#713,.T.);
#8828 = ORIENTED_EDGE('',*,*,#8782,.T.);
#8829 = ADVANCED_FACE('',(#8830),#701,.F.);
#8830 = FACE_BOUND('',#8831,.F.);
#8831 = EDGE_LOOP('',(#8832,#8833,#8834,#8855,#8856,#8857,#8858,#8859,
    #8860,#8861,#8862,#8883,#8884,#8885,#8886,#8887,#8888,#8889,#8890,
    #8891,#8892,#8893,#8894,#8895,#8896,#8897,#8898,#8899,#8900,#8901,
    #8902,#8903,#8904,#8905,#8906,#8907,#8908));
#8832 = ORIENTED_EDGE('',*,*,#3302,.T.);
#8833 = ORIENTED_EDGE('',*,*,#6911,.T.);
#8834 = ORIENTED_EDGE('',*,*,#8835,.T.);
#8835 = EDGE_CURVE('',#6912,#7297,#8836,.T.);
#8836 = SURFACE_CURVE('',#8837,(#8841,#8848),.PCURVE_S1.);
#8837 = LINE('',#8838,#8839);
#8838 = CARTESIAN_POINT('',(-37.,-28.,23.2));
#8839 = VECTOR('',#8840,1.);
#8840 = DIRECTION('',(0.,0.,-1.));
#8841 = PCURVE('',#701,#8842);
#8842 = DEFINITIONAL_REPRESENTATION('',(#8843),#8847);
#8843 = LINE('',#8844,#8845);
#8844 = CARTESIAN_POINT('',(-16.98936502474,-39.38141420836));
#8845 = VECTOR('',#8846,1.);
#8846 = DIRECTION('',(1.,0.));
#8847 = ( GEOMETRIC_REPRESENTATION_CONTEXT(2) 
PARAMETRIC_REPRESENTATION_CONTEXT() REPRESENTATION_CONTEXT('2D SPACE',''
  ) );
#8848 = PCURVE('',#325,#8849);
#8849 = DEFINITIONAL_REPRESENTATION('',(#8850),#8854);
#8850 = LINE('',#8851,#8852);
#8851 = CARTESIAN_POINT('',(0.,-44.));
#8852 = VECTOR('',#8853,1.);
#8853 = DIRECTION('',(1.,0.));
#8854 = ( GEOMETRIC_REPRESENTATION_CONTEXT(2) 
PARAMETRIC_REPRESENTATION_CONTEXT() REPRESENTATION_CONTEXT('2D SPACE',''
  ) );
#8855 = ORIENTED_EDGE('',*,*,#7319,.F.);
#8856 = ORIENTED_EDGE('',*,*,#7984,.F.);
#8857 = ORIENTED_EDGE('',*,*,#859,.T.);
#8858 = ORIENTED_EDGE('',*,*,#8040,.T.);
#8859 = ORIENTED_EDGE('',*,*,#8087,.F.);
#8860 = ORIENTED_EDGE('',*,*,#8807,.F.);
#8861 = ORIENTED_EDGE('',*,*,#685,.T.);
#8862 = ORIENTED_EDGE('',*,*,#8863,.T.);
#8863 = EDGE_CURVE('',#658,#6010,#8864,.T.);
#8864 = SURFACE_CURVE('',#8865,(#8869,#8876),.PCURVE_S1.);
#8865 = LINE('',#8866,#8867);
#8866 = CARTESIAN_POINT('',(45.,-28.,-18.));
#8867 = VECTOR('',#8868,1.);
#8868 = DIRECTION('',(0.,0.,1.));
#8869 = PCURVE('',#701,#8870);
#8870 = DEFINITIONAL_REPRESENTATION('',(#8871),#8875);
#8871 = LINE('',#8872,#8873);
#8872 = CARTESIAN_POINT('',(24.210634975253,42.618585791639));
#8873 = VECTOR('',#8874,1.);
#8874 = DIRECTION('',(-1.,0.));
#8875 = ( GEOMETRIC_REPRESENTATION_CONTEXT(2) 
PARAMETRIC_REPRESENTATION_CONTEXT() REPRESENTATION_CONTEXT('2D SPACE',''
  ) );
#8876 = PCURVE('',#673,#8877);
#8877 = DEFINITIONAL_REPRESENTATION('',(#8878),#8882);
#8878 = LINE('',#8879,#8880);
#8879 = CARTESIAN_POINT('',(0.,-44.));
#8880 = VECTOR('',#8881,1.);
#8881 = DIRECTION('',(1.,0.));
#8882 = ( GEOMETRIC_REPRESENTATION_CONTEXT(2) 
PARAMETRIC_REPRESENTATION_CONTEXT() REPRESENTATION_CONTEXT('2D SPACE',''
  ) );
#8883 = ORIENTED_EDGE('',*,*,#6032,.T.);
#8884 = ORIENTED_EDGE('',*,*,#5959,.T.);
#8885 = ORIENTED_EDGE('',*,*,#5733,.T.);
#8886 = ORIENTED_EDGE('',*,*,#5856,.T.);
#8887 = ORIENTED_EDGE('',*,*,#6884,.T.);
#8888 = ORIENTED_EDGE('',*,*,#5251,.F.);
#8889 = ORIENTED_EDGE('',*,*,#5175,.F.);
#8890 = ORIENTED_EDGE('',*,*,#5126,.T.);
#8891 = ORIENTED_EDGE('',*,*,#5023,.F.);
#8892 = ORIENTED_EDGE('',*,*,#4970,.T.);
#8893 = ORIENTED_EDGE('',*,*,#4837,.T.);
#8894 = ORIENTED_EDGE('',*,*,#4751,.T.);
#8895 = ORIENTED_EDGE('',*,*,#4726,.T.);
#8896 = ORIENTED_EDGE('',*,*,#4629,.T.);
#8897 = ORIENTED_EDGE('',*,*,#4547,.F.);
#8898 = ORIENTED_EDGE('',*,*,#4494,.T.);
#8899 = ORIENTED_EDGE('',*,*,#4361,.T.);
#8900 = ORIENTED_EDGE('',*,*,#4275,.T.);
#8901 = ORIENTED_EDGE('',*,*,#4250,.T.);
#8902 = ORIENTED_EDGE('',*,*,#4153,.T.);
#8903 = ORIENTED_EDGE('',*,*,#4071,.F.);
#8904 = ORIENTED_EDGE('',*,*,#4018,.T.);
#8905 = ORIENTED_EDGE('',*,*,#3885,.T.);
#8906 = ORIENTED_EDGE('',*,*,#3799,.T.);
#8907 = ORIENTED_EDGE('',*,*,#3774,.T.);
#8908 = ORIENTED_EDGE('',*,*,#3699,.T.);
#8909 = ADVANCED_FACE('',(#8910),#673,.T.);
#8910 = FACE_BOUND('',#8911,.T.);
#8911 = EDGE_LOOP('',(#8912,#8933,#8934,#8935));
#8912 = ORIENTED_EDGE('',*,*,#8913,.F.);
#8913 = EDGE_CURVE('',#630,#5985,#8914,.T.);
#8914 = SURFACE_CURVE('',#8915,(#8919,#8926),.PCURVE_S1.);
#8915 = LINE('',#8916,#8917);
#8916 = CARTESIAN_POINT('',(45.,16.,-18.));
#8917 = VECTOR('',#8918,1.);
#8918 = DIRECTION('',(0.,0.,1.));
#8919 = PCURVE('',#673,#8920);
#8920 = DEFINITIONAL_REPRESENTATION('',(#8921),#8925);
#8921 = LINE('',#8922,#8923);
#8922 = CARTESIAN_POINT('',(0.,0.));
#8923 = VECTOR('',#8924,1.);
#8924 = DIRECTION('',(1.,0.));
#8925 = ( GEOMETRIC_REPRESENTATION_CONTEXT(2) 
PARAMETRIC_REPRESENTATION_CONTEXT() REPRESENTATION_CONTEXT('2D SPACE',''
  ) );
#8926 = PCURVE('',#645,#8927);
#8927 = DEFINITIONAL_REPRESENTATION('',(#8928),#8932);
#8928 = LINE('',#8929,#8930);
#8929 = CARTESIAN_POINT('',(24.210634975253,42.618585791639));
#8930 = VECTOR('',#8931,1.);
#8931 = DIRECTION('',(-1.,0.));
#8932 = ( GEOMETRIC_REPRESENTATION_CONTEXT(2) 
PARAMETRIC_REPRESENTATION_CONTEXT() REPRESENTATION_CONTEXT('2D SPACE',''
  ) );
#8933 = ORIENTED_EDGE('',*,*,#657,.T.);
#8934 = ORIENTED_EDGE('',*,*,#8863,.T.);
#8935 = ORIENTED_EDGE('',*,*,#6009,.F.);
#8936 = ADVANCED_FACE('',(#8937),#645,.T.);
#8937 = FACE_BOUND('',#8938,.T.);
#8938 = EDGE_LOOP('',(#8939,#8940,#8941,#8962,#8963,#8964,#8965));
#8939 = ORIENTED_EDGE('',*,*,#6587,.T.);
#8940 = ORIENTED_EDGE('',*,*,#6672,.T.);
#8941 = ORIENTED_EDGE('',*,*,#8942,.F.);
#8942 = EDGE_CURVE('',#602,#6673,#8943,.T.);
#8943 = SURFACE_CURVE('',#8944,(#8948,#8955),.PCURVE_S1.);
#8944 = LINE('',#8945,#8946);
#8945 = CARTESIAN_POINT('',(39.5,16.,-4.794682512374));
#8946 = VECTOR('',#8947,1.);
#8947 = DIRECTION('',(0.,0.,1.));
#8948 = PCURVE('',#645,#8949);
#8949 = DEFINITIONAL_REPRESENTATION('',(#8950),#8954);
#8950 = LINE('',#8951,#8952);
#8951 = CARTESIAN_POINT('',(11.005317487627,37.118585791639));
#8952 = VECTOR('',#8953,1.);
#8953 = DIRECTION('',(-1.,0.));
#8954 = ( GEOMETRIC_REPRESENTATION_CONTEXT(2) 
PARAMETRIC_REPRESENTATION_CONTEXT() REPRESENTATION_CONTEXT('2D SPACE',''
  ) );
#8955 = PCURVE('',#617,#8956);
#8956 = DEFINITIONAL_REPRESENTATION('',(#8957),#8961);
#8957 = LINE('',#8958,#8959);
#8958 = CARTESIAN_POINT('',(11.005317487626,-5.));
#8959 = VECTOR('',#8960,1.);
#8960 = DIRECTION('',(1.,0.));
#8961 = ( GEOMETRIC_REPRESENTATION_CONTEXT(2) 
PARAMETRIC_REPRESENTATION_CONTEXT() REPRESENTATION_CONTEXT('2D SPACE',''
  ) );
#8962 = ORIENTED_EDGE('',*,*,#629,.T.);
#8963 = ORIENTED_EDGE('',*,*,#8913,.T.);
#8964 = ORIENTED_EDGE('',*,*,#5984,.T.);
#8965 = ORIENTED_EDGE('',*,*,#6130,.F.);
#8966 = ADVANCED_FACE('',(#8967),#617,.T.);
#8967 = FACE_BOUND('',#8968,.T.);
#8968 = EDGE_LOOP('',(#8969,#8970,#8991,#8992,#8993,#8994));
#8969 = ORIENTED_EDGE('',*,*,#1623,.F.);
#8970 = ORIENTED_EDGE('',*,*,#8971,.F.);
#8971 = EDGE_CURVE('',#569,#1596,#8972,.T.);
#8972 = SURFACE_CURVE('',#8973,(#8977,#8984),.PCURVE_S1.);
#8973 = LINE('',#8974,#8975);
#8974 = CARTESIAN_POINT('',(39.5,12.,-15.8));
#8975 = VECTOR('',#8976,1.);
#8976 = DIRECTION('',(0.,0.,1.));
#8977 = PCURVE('',#617,#8978);
#8978 = DEFINITIONAL_REPRESENTATION('',(#8979),#8983);
#8979 = LINE('',#8980,#8981);
#8980 = CARTESIAN_POINT('',(0.,-1.));
#8981 = VECTOR('',#8982,1.);
#8982 = DIRECTION('',(1.,0.));
#8983 = ( GEOMETRIC_REPRESENTATION_CONTEXT(2) 
PARAMETRIC_REPRESENTATION_CONTEXT() REPRESENTATION_CONTEXT('2D SPACE',''
  ) );
#8984 = PCURVE('',#589,#8985);
#8985 = DEFINITIONAL_REPRESENTATION('',(#8986),#8990);
#8986 = LINE('',#8987,#8988);
#8987 = CARTESIAN_POINT('',(6.28318530718,0.));
#8988 = VECTOR('',#8989,1.);
#8989 = DIRECTION('',(-0.,1.));
#8990 = ( GEOMETRIC_REPRESENTATION_CONTEXT(2) 
PARAMETRIC_REPRESENTATION_CONTEXT() REPRESENTATION_CONTEXT('2D SPACE',''
  ) );
#8991 = ORIENTED_EDGE('',*,*,#601,.T.);
#8992 = ORIENTED_EDGE('',*,*,#8942,.T.);
#8993 = ORIENTED_EDGE('',*,*,#6743,.T.);
#8994 = ORIENTED_EDGE('',*,*,#7114,.T.);
#8995 = ADVANCED_FACE('',(#8996),#589,.T.);
#8996 = FACE_BOUND('',#8997,.T.);
#8997 = EDGE_LOOP('',(#8998,#8999,#9000,#9021));
#8998 = ORIENTED_EDGE('',*,*,#8971,.T.);
#8999 = ORIENTED_EDGE('',*,*,#1595,.T.);
#9000 = ORIENTED_EDGE('',*,*,#9001,.F.);
#9001 = EDGE_CURVE('',#541,#1573,#9002,.T.);
#9002 = SURFACE_CURVE('',#9003,(#9007,#9014),.PCURVE_S1.);
#9003 = LINE('',#9004,#9005);
#9004 = CARTESIAN_POINT('',(38.5,11.,-15.8));
#9005 = VECTOR('',#9006,1.);
#9006 = DIRECTION('',(0.,0.,1.));
#9007 = PCURVE('',#589,#9008);
#9008 = DEFINITIONAL_REPRESENTATION('',(#9009),#9013);
#9009 = LINE('',#9010,#9011);
#9010 = CARTESIAN_POINT('',(4.712388980385,0.));
#9011 = VECTOR('',#9012,1.);
#9012 = DIRECTION('',(-0.,1.));
#9013 = ( GEOMETRIC_REPRESENTATION_CONTEXT(2) 
PARAMETRIC_REPRESENTATION_CONTEXT() REPRESENTATION_CONTEXT('2D SPACE',''
  ) );
#9014 = PCURVE('',#556,#9015);
#9015 = DEFINITIONAL_REPRESENTATION('',(#9016),#9020);
#9016 = LINE('',#9017,#9018);
#9017 = CARTESIAN_POINT('',(0.,6.));
#9018 = VECTOR('',#9019,1.);
#9019 = DIRECTION('',(1.,0.));
#9020 = ( GEOMETRIC_REPRESENTATION_CONTEXT(2) 
PARAMETRIC_REPRESENTATION_CONTEXT() REPRESENTATION_CONTEXT('2D SPACE',''
  ) );
#9021 = ORIENTED_EDGE('',*,*,#568,.F.);
#9022 = ADVANCED_FACE('',(#9023),#556,.F.);
#9023 = FACE_BOUND('',#9024,.F.);
#9024 = EDGE_LOOP('',(#9025,#9026,#9047,#9048));
#9025 = ORIENTED_EDGE('',*,*,#540,.F.);
#9026 = ORIENTED_EDGE('',*,*,#9027,.T.);
#9027 = EDGE_CURVE('',#512,#1549,#9028,.T.);
#9028 = SURFACE_CURVE('',#9029,(#9033,#9040),.PCURVE_S1.);
#9029 = LINE('',#9030,#9031);
#9030 = CARTESIAN_POINT('',(33.5,11.,-15.8));
#9031 = VECTOR('',#9032,1.);
#9032 = DIRECTION('',(0.,0.,1.));
#9033 = PCURVE('',#556,#9034);
#9034 = DEFINITIONAL_REPRESENTATION('',(#9035),#9039);
#9035 = LINE('',#9036,#9037);
#9036 = CARTESIAN_POINT('',(0.,1.));
#9037 = VECTOR('',#9038,1.);
#9038 = DIRECTION('',(1.,0.));
#9039 = ( GEOMETRIC_REPRESENTATION_CONTEXT(2) 
PARAMETRIC_REPRESENTATION_CONTEXT() REPRESENTATION_CONTEXT('2D SPACE',''
  ) );
#9040 = PCURVE('',#528,#9041);
#9041 = DEFINITIONAL_REPRESENTATION('',(#9042),#9046);
#9042 = LINE('',#9043,#9044);
#9043 = CARTESIAN_POINT('',(1.570796326795,0.));
#9044 = VECTOR('',#9045,1.);
#9045 = DIRECTION('',(0.,1.));
#9046 = ( GEOMETRIC_REPRESENTATION_CONTEXT(2) 
PARAMETRIC_REPRESENTATION_CONTEXT() REPRESENTATION_CONTEXT('2D SPACE',''
  ) );
#9047 = ORIENTED_EDGE('',*,*,#1572,.T.);
#9048 = ORIENTED_EDGE('',*,*,#9001,.F.);
#9049 = ADVANCED_FACE('',(#9050),#528,.T.);
#9050 = FACE_BOUND('',#9051,.T.);
#9051 = EDGE_LOOP('',(#9052,#9053,#9054,#9055));
#9052 = ORIENTED_EDGE('',*,*,#511,.T.);
#9053 = ORIENTED_EDGE('',*,*,#9027,.T.);
#9054 = ORIENTED_EDGE('',*,*,#1548,.F.);
#9055 = ORIENTED_EDGE('',*,*,#9056,.F.);
#9056 = EDGE_CURVE('',#484,#1524,#9057,.T.);
#9057 = SURFACE_CURVE('',#9058,(#9062,#9069),.PCURVE_S1.);
#9058 = LINE('',#9059,#9060);
#9059 = CARTESIAN_POINT('',(32.5,12.,-15.8));
#9060 = VECTOR('',#9061,1.);
#9061 = DIRECTION('',(0.,0.,1.));
#9062 = PCURVE('',#528,#9063);
#9063 = DEFINITIONAL_REPRESENTATION('',(#9064),#9068);
#9064 = LINE('',#9065,#9066);
#9065 = CARTESIAN_POINT('',(0.,0.));
#9066 = VECTOR('',#9067,1.);
#9067 = DIRECTION('',(0.,1.));
#9068 = ( GEOMETRIC_REPRESENTATION_CONTEXT(2) 
PARAMETRIC_REPRESENTATION_CONTEXT() REPRESENTATION_CONTEXT('2D SPACE',''
  ) );
#9069 = PCURVE('',#499,#9070);
#9070 = DEFINITIONAL_REPRESENTATION('',(#9071),#9075);
#9071 = LINE('',#9072,#9073);
#9072 = CARTESIAN_POINT('',(0.,-1.));
#9073 = VECTOR('',#9074,1.);
#9074 = DIRECTION('',(1.,0.));
#9075 = ( GEOMETRIC_REPRESENTATION_CONTEXT(2) 
PARAMETRIC_REPRESENTATION_CONTEXT() REPRESENTATION_CONTEXT('2D SPACE',''
  ) );
#9076 = ADVANCED_FACE('',(#9077),#499,.F.);
#9077 = FACE_BOUND('',#9078,.F.);
#9078 = EDGE_LOOP('',(#9079,#9080,#9081,#9082,#9103,#9104));
#9079 = ORIENTED_EDGE('',*,*,#1523,.F.);
#9080 = ORIENTED_EDGE('',*,*,#9056,.F.);
#9081 = ORIENTED_EDGE('',*,*,#483,.T.);
#9082 = ORIENTED_EDGE('',*,*,#9083,.T.);
#9083 = EDGE_CURVE('',#456,#1813,#9084,.T.);
#9084 = SURFACE_CURVE('',#9085,(#9089,#9096),.PCURVE_S1.);
#9085 = LINE('',#9086,#9087);
#9086 = CARTESIAN_POINT('',(32.5,16.,-4.794682512374));
#9087 = VECTOR('',#9088,1.);
#9088 = DIRECTION('',(0.,0.,1.));
#9089 = PCURVE('',#499,#9090);
#9090 = DEFINITIONAL_REPRESENTATION('',(#9091),#9095);
#9091 = LINE('',#9092,#9093);
#9092 = CARTESIAN_POINT('',(11.005317487626,-5.));
#9093 = VECTOR('',#9094,1.);
#9094 = DIRECTION('',(1.,0.));
#9095 = ( GEOMETRIC_REPRESENTATION_CONTEXT(2) 
PARAMETRIC_REPRESENTATION_CONTEXT() REPRESENTATION_CONTEXT('2D SPACE',''
  ) );
#9096 = PCURVE('',#471,#9097);
#9097 = DEFINITIONAL_REPRESENTATION('',(#9098),#9102);
#9098 = LINE('',#9099,#9100);
#9099 = CARTESIAN_POINT('',(11.005317487627,30.118585791639));
#9100 = VECTOR('',#9101,1.);
#9101 = DIRECTION('',(-1.,0.));
#9102 = ( GEOMETRIC_REPRESENTATION_CONTEXT(2) 
PARAMETRIC_REPRESENTATION_CONTEXT() REPRESENTATION_CONTEXT('2D SPACE',''
  ) );
#9103 = ORIENTED_EDGE('',*,*,#1837,.T.);
#9104 = ORIENTED_EDGE('',*,*,#1788,.T.);
#9105 = ADVANCED_FACE('',(#9106),#471,.T.);
#9106 = FACE_BOUND('',#9107,.T.);
#9107 = EDGE_LOOP('',(#9108,#9109,#9110,#9111,#9112,#9113));
#9108 = ORIENTED_EDGE('',*,*,#455,.T.);
#9109 = ORIENTED_EDGE('',*,*,#9083,.T.);
#9110 = ORIENTED_EDGE('',*,*,#1812,.T.);
#9111 = ORIENTED_EDGE('',*,*,#1911,.F.);
#9112 = ORIENTED_EDGE('',*,*,#2064,.T.);
#9113 = ORIENTED_EDGE('',*,*,#9114,.F.);
#9114 = EDGE_CURVE('',#428,#2042,#9115,.T.);
#9115 = SURFACE_CURVE('',#9116,(#9120,#9127),.PCURVE_S1.);
#9116 = LINE('',#9117,#9118);
#9117 = CARTESIAN_POINT('',(-30.5,16.,-4.794682512374));
#9118 = VECTOR('',#9119,1.);
#9119 = DIRECTION('',(0.,0.,1.));
#9120 = PCURVE('',#471,#9121);
#9121 = DEFINITIONAL_REPRESENTATION('',(#9122),#9126);
#9122 = LINE('',#9123,#9124);
#9123 = CARTESIAN_POINT('',(11.005317487627,-32.88141420836));
#9124 = VECTOR('',#9125,1.);
#9125 = DIRECTION('',(-1.,0.));
#9126 = ( GEOMETRIC_REPRESENTATION_CONTEXT(2) 
PARAMETRIC_REPRESENTATION_CONTEXT() REPRESENTATION_CONTEXT('2D SPACE',''
  ) );
#9127 = PCURVE('',#443,#9128);
#9128 = DEFINITIONAL_REPRESENTATION('',(#9129),#9133);
#9129 = LINE('',#9130,#9131);
#9130 = CARTESIAN_POINT('',(11.005317487626,-5.));
#9131 = VECTOR('',#9132,1.);
#9132 = DIRECTION('',(1.,0.));
#9133 = ( GEOMETRIC_REPRESENTATION_CONTEXT(2) 
PARAMETRIC_REPRESENTATION_CONTEXT() REPRESENTATION_CONTEXT('2D SPACE',''
  ) );
#9134 = ADVANCED_FACE('',(#9135),#443,.T.);
#9135 = FACE_BOUND('',#9136,.T.);
#9136 = EDGE_LOOP('',(#9137,#9138,#9159,#9160));
#9137 = ORIENTED_EDGE('',*,*,#2041,.T.);
#9138 = ORIENTED_EDGE('',*,*,#9139,.F.);
#9139 = EDGE_CURVE('',#395,#2018,#9140,.T.);
#9140 = SURFACE_CURVE('',#9141,(#9145,#9152),.PCURVE_S1.);
#9141 = LINE('',#9142,#9143);
#9142 = CARTESIAN_POINT('',(-30.5,12.,-15.8));
#9143 = VECTOR('',#9144,1.);
#9144 = DIRECTION('',(0.,0.,1.));
#9145 = PCURVE('',#443,#9146);
#9146 = DEFINITIONAL_REPRESENTATION('',(#9147),#9151);
#9147 = LINE('',#9148,#9149);
#9148 = CARTESIAN_POINT('',(0.,-1.));
#9149 = VECTOR('',#9150,1.);
#9150 = DIRECTION('',(1.,0.));
#9151 = ( GEOMETRIC_REPRESENTATION_CONTEXT(2) 
PARAMETRIC_REPRESENTATION_CONTEXT() REPRESENTATION_CONTEXT('2D SPACE',''
  ) );
#9152 = PCURVE('',#415,#9153);
#9153 = DEFINITIONAL_REPRESENTATION('',(#9154),#9158);
#9154 = LINE('',#9155,#9156);
#9155 = CARTESIAN_POINT('',(6.28318530718,0.));
#9156 = VECTOR('',#9157,1.);
#9157 = DIRECTION('',(-0.,1.));
#9158 = ( GEOMETRIC_REPRESENTATION_CONTEXT(2) 
PARAMETRIC_REPRESENTATION_CONTEXT() REPRESENTATION_CONTEXT('2D SPACE',''
  ) );
#9159 = ORIENTED_EDGE('',*,*,#427,.T.);
#9160 = ORIENTED_EDGE('',*,*,#9114,.T.);
#9161 = ADVANCED_FACE('',(#9162),#415,.T.);
#9162 = FACE_BOUND('',#9163,.T.);
#9163 = EDGE_LOOP('',(#9164,#9165,#9166,#9167,#9168,#9169));
#9164 = ORIENTED_EDGE('',*,*,#394,.F.);
#9165 = ORIENTED_EDGE('',*,*,#9139,.T.);
#9166 = ORIENTED_EDGE('',*,*,#2017,.F.);
#9167 = ORIENTED_EDGE('',*,*,#2110,.T.);
#9168 = ORIENTED_EDGE('',*,*,#2340,.T.);
#9169 = ORIENTED_EDGE('',*,*,#9170,.F.);
#9170 = EDGE_CURVE('',#367,#2318,#9171,.T.);
#9171 = SURFACE_CURVE('',#9172,(#9176,#9183),.PCURVE_S1.);
#9172 = LINE('',#9173,#9174);
#9173 = CARTESIAN_POINT('',(-31.5,11.,-15.8));
#9174 = VECTOR('',#9175,1.);
#9175 = DIRECTION('',(0.,0.,1.));
#9176 = PCURVE('',#415,#9177);
#9177 = DEFINITIONAL_REPRESENTATION('',(#9178),#9182);
#9178 = LINE('',#9179,#9180);
#9179 = CARTESIAN_POINT('',(4.712388980385,0.));
#9180 = VECTOR('',#9181,1.);
#9181 = DIRECTION('',(-0.,1.));
#9182 = ( GEOMETRIC_REPRESENTATION_CONTEXT(2) 
PARAMETRIC_REPRESENTATION_CONTEXT() REPRESENTATION_CONTEXT('2D SPACE',''
  ) );
#9183 = PCURVE('',#382,#9184);
#9184 = DEFINITIONAL_REPRESENTATION('',(#9185),#9189);
#9185 = LINE('',#9186,#9187);
#9186 = CARTESIAN_POINT('',(0.,6.));
#9187 = VECTOR('',#9188,1.);
#9188 = DIRECTION('',(1.,0.));
#9189 = ( GEOMETRIC_REPRESENTATION_CONTEXT(2) 
PARAMETRIC_REPRESENTATION_CONTEXT() REPRESENTATION_CONTEXT('2D SPACE',''
  ) );
#9190 = ADVANCED_FACE('',(#9191),#382,.F.);
#9191 = FACE_BOUND('',#9192,.F.);
#9192 = EDGE_LOOP('',(#9193,#9194,#9215,#9216));
#9193 = ORIENTED_EDGE('',*,*,#366,.F.);
#9194 = ORIENTED_EDGE('',*,*,#9195,.T.);
#9195 = EDGE_CURVE('',#338,#2294,#9196,.T.);
#9196 = SURFACE_CURVE('',#9197,(#9201,#9208),.PCURVE_S1.);
#9197 = LINE('',#9198,#9199);
#9198 = CARTESIAN_POINT('',(-36.5,11.,-15.8));
#9199 = VECTOR('',#9200,1.);
#9200 = DIRECTION('',(0.,0.,1.));
#9201 = PCURVE('',#382,#9202);
#9202 = DEFINITIONAL_REPRESENTATION('',(#9203),#9207);
#9203 = LINE('',#9204,#9205);
#9204 = CARTESIAN_POINT('',(0.,1.));
#9205 = VECTOR('',#9206,1.);
#9206 = DIRECTION('',(1.,0.));
#9207 = ( GEOMETRIC_REPRESENTATION_CONTEXT(2) 
PARAMETRIC_REPRESENTATION_CONTEXT() REPRESENTATION_CONTEXT('2D SPACE',''
  ) );
#9208 = PCURVE('',#354,#9209);
#9209 = DEFINITIONAL_REPRESENTATION('',(#9210),#9214);
#9210 = LINE('',#9211,#9212);
#9211 = CARTESIAN_POINT('',(1.570796326795,0.));
#9212 = VECTOR('',#9213,1.);
#9213 = DIRECTION('',(0.,1.));
#9214 = ( GEOMETRIC_REPRESENTATION_CONTEXT(2) 
PARAMETRIC_REPRESENTATION_CONTEXT() REPRESENTATION_CONTEXT('2D SPACE',''
  ) );
#9215 = ORIENTED_EDGE('',*,*,#2317,.T.);
#9216 = ORIENTED_EDGE('',*,*,#9170,.F.);
#9217 = ADVANCED_FACE('',(#9218),#354,.T.);
#9218 = FACE_BOUND('',#9219,.T.);
#9219 = EDGE_LOOP('',(#9220,#9240,#9241,#9242));
#9220 = ORIENTED_EDGE('',*,*,#9221,.F.);
#9221 = EDGE_CURVE('',#310,#2271,#9222,.T.);
#9222 = SURFACE_CURVE('',#9223,(#9227,#9233),.PCURVE_S1.);
#9223 = LINE('',#9224,#9225);
#9224 = CARTESIAN_POINT('',(-37.,11.133974596216,-15.8));
#9225 = VECTOR('',#9226,1.);
#9226 = DIRECTION('',(0.,0.,1.));
#9227 = PCURVE('',#354,#9228);
#9228 = DEFINITIONAL_REPRESENTATION('',(#9229),#9232);
#9229 = B_SPLINE_CURVE_WITH_KNOTS('',1,(#9230,#9231),.UNSPECIFIED.,.F.,
  .F.,(2,2),(-5.999999999062E-07,3.2000006),.PIECEWISE_BEZIER_KNOTS.);
#9230 = CARTESIAN_POINT('',(1.047197551197,-5.999999999062E-07));
#9231 = CARTESIAN_POINT('',(1.047197551197,3.2000006));
#9232 = ( GEOMETRIC_REPRESENTATION_CONTEXT(2) 
PARAMETRIC_REPRESENTATION_CONTEXT() REPRESENTATION_CONTEXT('2D SPACE',''
  ) );
#9233 = PCURVE('',#325,#9234);
#9234 = DEFINITIONAL_REPRESENTATION('',(#9235),#9239);
#9235 = LINE('',#9236,#9237);
#9236 = CARTESIAN_POINT('',(39.,-4.866025403784));
#9237 = VECTOR('',#9238,1.);
#9238 = DIRECTION('',(-1.,0.));
#9239 = ( GEOMETRIC_REPRESENTATION_CONTEXT(2) 
PARAMETRIC_REPRESENTATION_CONTEXT() REPRESENTATION_CONTEXT('2D SPACE',''
  ) );
#9240 = ORIENTED_EDGE('',*,*,#337,.T.);
#9241 = ORIENTED_EDGE('',*,*,#9195,.T.);
#9242 = ORIENTED_EDGE('',*,*,#2293,.F.);
#9243 = ADVANCED_FACE('',(#9244),#325,.T.);
#9244 = FACE_BOUND('',#9245,.T.);
#9245 = EDGE_LOOP('',(#9246,#9247,#9248,#9249,#9250,#9251,#9252,#9253));
#9246 = ORIENTED_EDGE('',*,*,#7014,.F.);
#9247 = ORIENTED_EDGE('',*,*,#6934,.T.);
#9248 = ORIENTED_EDGE('',*,*,#8835,.T.);
#9249 = ORIENTED_EDGE('',*,*,#7296,.F.);
#9250 = ORIENTED_EDGE('',*,*,#7272,.F.);
#9251 = ORIENTED_EDGE('',*,*,#307,.T.);
#9252 = ORIENTED_EDGE('',*,*,#9221,.T.);
#9253 = ORIENTED_EDGE('',*,*,#2270,.F.);
#9254 = ADVANCED_FACE('',(#9255),#293,.T.);
#9255 = FACE_BOUND('',#9256,.T.);
#9256 = EDGE_LOOP('',(#9257,#9258,#9279,#9280));
#9257 = ORIENTED_EDGE('',*,*,#276,.F.);
#9258 = ORIENTED_EDGE('',*,*,#9259,.F.);
#9259 = EDGE_CURVE('',#2876,#277,#9260,.T.);
#9260 = SEAM_CURVE('',#9261,(#9265,#9272),.PCURVE_S1.);
#9261 = LINE('',#9262,#9263);
#9262 = CARTESIAN_POINT('',(-31.,14.5,-16.));
#9263 = VECTOR('',#9264,1.);
#9264 = DIRECTION('',(0.,0.,1.));
#9265 = PCURVE('',#293,#9266);
#9266 = DEFINITIONAL_REPRESENTATION('',(#9267),#9271);
#9267 = LINE('',#9268,#9269);
#9268 = CARTESIAN_POINT('',(0.,-0.));
#9269 = VECTOR('',#9270,1.);
#9270 = DIRECTION('',(0.,1.));
#9271 = ( GEOMETRIC_REPRESENTATION_CONTEXT(2) 
PARAMETRIC_REPRESENTATION_CONTEXT() REPRESENTATION_CONTEXT('2D SPACE',''
  ) );
#9272 = PCURVE('',#293,#9273);
#9273 = DEFINITIONAL_REPRESENTATION('',(#9274),#9278);
#9274 = LINE('',#9275,#9276);
#9275 = CARTESIAN_POINT('',(6.28318530718,-0.));
#9276 = VECTOR('',#9277,1.);
#9277 = DIRECTION('',(0.,1.));
#9278 = ( GEOMETRIC_REPRESENTATION_CONTEXT(2) 
PARAMETRIC_REPRESENTATION_CONTEXT() REPRESENTATION_CONTEXT('2D SPACE',''
  ) );
#9279 = ORIENTED_EDGE('',*,*,#2875,.T.);
#9280 = ORIENTED_EDGE('',*,*,#9259,.T.);
#9281 = ADVANCED_FACE('',(#9282),#262,.T.);
#9282 = FACE_BOUND('',#9283,.T.);
#9283 = EDGE_LOOP('',(#9284,#9285,#9306,#9307));
#9284 = ORIENTED_EDGE('',*,*,#245,.F.);
#9285 = ORIENTED_EDGE('',*,*,#9286,.F.);
#9286 = EDGE_CURVE('',#8642,#246,#9287,.T.);
#9287 = SEAM_CURVE('',#9288,(#9292,#9299),.PCURVE_S1.);
#9288 = LINE('',#9289,#9290);
#9289 = CARTESIAN_POINT('',(39.,-26.5,-16.));
#9290 = VECTOR('',#9291,1.);
#9291 = DIRECTION('',(0.,0.,1.));
#9292 = PCURVE('',#262,#9293);
#9293 = DEFINITIONAL_REPRESENTATION('',(#9294),#9298);
#9294 = LINE('',#9295,#9296);
#9295 = CARTESIAN_POINT('',(0.,-0.));
#9296 = VECTOR('',#9297,1.);
#9297 = DIRECTION('',(0.,1.));
#9298 = ( GEOMETRIC_REPRESENTATION_CONTEXT(2) 
PARAMETRIC_REPRESENTATION_CONTEXT() REPRESENTATION_CONTEXT('2D SPACE',''
  ) );
#9299 = PCURVE('',#262,#9300);
#9300 = DEFINITIONAL_REPRESENTATION('',(#9301),#9305);
#9301 = LINE('',#9302,#9303);
#9302 = CARTESIAN_POINT('',(6.28318530718,-0.));
#9303 = VECTOR('',#9304,1.);
#9304 = DIRECTION('',(0.,1.));
#9305 = ( GEOMETRIC_REPRESENTATION_CONTEXT(2) 
PARAMETRIC_REPRESENTATION_CONTEXT() REPRESENTATION_CONTEXT('2D SPACE',''
  ) );
#9306 = ORIENTED_EDGE('',*,*,#8641,.T.);
#9307 = ORIENTED_EDGE('',*,*,#9286,.T.);
#9308 = ADVANCED_FACE('',(#9309),#231,.T.);
#9309 = FACE_BOUND('',#9310,.T.);
#9310 = EDGE_LOOP('',(#9311,#9312,#9333,#9334));
#9311 = ORIENTED_EDGE('',*,*,#214,.F.);
#9312 = ORIENTED_EDGE('',*,*,#9313,.F.);
#9313 = EDGE_CURVE('',#7846,#215,#9314,.T.);
#9314 = SEAM_CURVE('',#9315,(#9319,#9326),.PCURVE_S1.);
#9315 = LINE('',#9316,#9317);
#9316 = CARTESIAN_POINT('',(-31.,-26.5,-16.));
#9317 = VECTOR('',#9318,1.);
#9318 = DIRECTION('',(0.,0.,1.));
#9319 = PCURVE('',#231,#9320);
#9320 = DEFINITIONAL_REPRESENTATION('',(#9321),#9325);
#9321 = LINE('',#9322,#9323);
#9322 = CARTESIAN_POINT('',(0.,-0.));
#9323 = VECTOR('',#9324,1.);
#9324 = DIRECTION('',(0.,1.));
#9325 = ( GEOMETRIC_REPRESENTATION_CONTEXT(2) 
PARAMETRIC_REPRESENTATION_CONTEXT() REPRESENTATION_CONTEXT('2D SPACE',''
  ) );
#9326 = PCURVE('',#231,#9327);
#9327 = DEFINITIONAL_REPRESENTATION('',(#9328),#9332);
#9328 = LINE('',#9329,#9330);
#9329 = CARTESIAN_POINT('',(6.28318530718,-0.));
#9330 = VECTOR('',#9331,1.);
#9331 = DIRECTION('',(0.,1.));
#9332 = ( GEOMETRIC_REPRESENTATION_CONTEXT(2) 
PARAMETRIC_REPRESENTATION_CONTEXT() REPRESENTATION_CONTEXT('2D SPACE',''
  ) );
#9333 = ORIENTED_EDGE('',*,*,#7845,.T.);
#9334 = ORIENTED_EDGE('',*,*,#9313,.T.);
#9335 = ADVANCED_FACE('',(#9336),#200,.T.);
#9336 = FACE_BOUND('',#9337,.T.);
#9337 = EDGE_LOOP('',(#9338,#9360,#9361,#9383));
#9338 = ORIENTED_EDGE('',*,*,#9339,.T.);
#9339 = EDGE_CURVE('',#98,#6516,#9340,.T.);
#9340 = SURFACE_CURVE('',#9341,(#9346,#9353),.PCURVE_S1.);
#9341 = CIRCLE('',#9342,1.2);
#9342 = AXIS2_PLACEMENT_3D('',#9343,#9344,#9345);
#9343 = CARTESIAN_POINT('',(45.8,18.,-14.6));
#9344 = DIRECTION('',(0.,-1.,0.));
#9345 = DIRECTION('',(0.,-0.,-1.));
#9346 = PCURVE('',#200,#9347);
#9347 = DEFINITIONAL_REPRESENTATION('',(#9348),#9352);
#9348 = LINE('',#9349,#9350);
#9349 = CARTESIAN_POINT('',(0.,0.));
#9350 = VECTOR('',#9351,1.);
#9351 = DIRECTION('',(1.,0.));
#9352 = ( GEOMETRIC_REPRESENTATION_CONTEXT(2) 
PARAMETRIC_REPRESENTATION_CONTEXT() REPRESENTATION_CONTEXT('2D SPACE',''
  ) );
#9353 = PCURVE('',#118,#9354);
#9354 = DEFINITIONAL_REPRESENTATION('',(#9355),#9359);
#9355 = CIRCLE('',#9356,1.2);
#9356 = AXIS2_PLACEMENT_2D('',#9357,#9358);
#9357 = CARTESIAN_POINT('',(22.862235193787,43.448564143232));
#9358 = DIRECTION('',(1.,0.));
#9359 = ( GEOMETRIC_REPRESENTATION_CONTEXT(2) 
PARAMETRIC_REPRESENTATION_CONTEXT() REPRESENTATION_CONTEXT('2D SPACE',''
  ) );
#9360 = ORIENTED_EDGE('',*,*,#6538,.T.);
#9361 = ORIENTED_EDGE('',*,*,#9362,.F.);
#9362 = EDGE_CURVE('',#159,#6539,#9363,.T.);
#9363 = SURFACE_CURVE('',#9364,(#9369,#9376),.PCURVE_S1.);
#9364 = CIRCLE('',#9365,1.2);
#9365 = AXIS2_PLACEMENT_3D('',#9366,#9367,#9368);
#9366 = CARTESIAN_POINT('',(45.8,-30.,-14.6));
#9367 = DIRECTION('',(0.,-1.,0.));
#9368 = DIRECTION('',(0.,-0.,-1.));
#9369 = PCURVE('',#200,#9370);
#9370 = DEFINITIONAL_REPRESENTATION('',(#9371),#9375);
#9371 = LINE('',#9372,#9373);
#9372 = CARTESIAN_POINT('',(0.,48.));
#9373 = VECTOR('',#9374,1.);
#9374 = DIRECTION('',(1.,0.));
#9375 = ( GEOMETRIC_REPRESENTATION_CONTEXT(2) 
PARAMETRIC_REPRESENTATION_CONTEXT() REPRESENTATION_CONTEXT('2D SPACE',''
  ) );
#9376 = PCURVE('',#174,#9377);
#9377 = DEFINITIONAL_REPRESENTATION('',(#9378),#9382);
#9378 = CIRCLE('',#9379,1.2);
#9379 = AXIS2_PLACEMENT_2D('',#9380,#9381);
#9380 = CARTESIAN_POINT('',(22.862235193787,43.448564143232));
#9381 = DIRECTION('',(1.,0.));
#9382 = ( GEOMETRIC_REPRESENTATION_CONTEXT(2) 
PARAMETRIC_REPRESENTATION_CONTEXT() REPRESENTATION_CONTEXT('2D SPACE',''
  ) );
#9383 = ORIENTED_EDGE('',*,*,#186,.F.);
#9384 = ADVANCED_FACE('',(#9385,#9447,#9453),#174,.T.);
#9385 = FACE_BOUND('',#9386,.T.);
#9386 = EDGE_LOOP('',(#9387,#9413,#9414,#9415,#9416,#9417,#9418,#9419,
    #9420,#9421,#9422,#9423,#9424,#9425,#9426,#9427,#9428,#9429,#9430,
    #9431,#9432,#9433,#9434,#9435,#9436,#9437,#9438,#9439,#9440,#9441,
    #9442,#9443,#9444,#9445,#9446));
#9387 = ORIENTED_EDGE('',*,*,#9388,.F.);
#9388 = EDGE_CURVE('',#131,#3601,#9389,.T.);
#9389 = SURFACE_CURVE('',#9390,(#9395,#9406),.PCURVE_S1.);
#9390 = CIRCLE('',#9391,1.2);
#9391 = AXIS2_PLACEMENT_3D('',#9392,#9393,#9394);
#9392 = CARTESIAN_POINT('',(-37.8,-30.,-14.6));
#9393 = DIRECTION('',(0.,1.,0.));
#9394 = DIRECTION('',(0.,0.,-1.));
#9395 = PCURVE('',#174,#9396);
#9396 = DEFINITIONAL_REPRESENTATION('',(#9397),#9405);
#9397 = ( BOUNDED_CURVE() B_SPLINE_CURVE(2,(#9398,#9399,#9400,#9401,
#9402,#9403,#9404),.UNSPECIFIED.,.T.,.F.) B_SPLINE_CURVE_WITH_KNOTS((1,2
    ,2,2,2,1),(-2.094395102393,0.,2.094395102393,4.188790204786,
6.28318530718,8.377580409573),.UNSPECIFIED.) CURVE() 
GEOMETRIC_REPRESENTATION_ITEM() RATIONAL_B_SPLINE_CURVE((1.,0.5,1.,0.5,
1.,0.5,1.)) REPRESENTATION_ITEM('') );
#9398 = CARTESIAN_POINT('',(24.062235193787,-40.15143585676));
#9399 = CARTESIAN_POINT('',(24.062235193787,-42.22989682585));
#9400 = CARTESIAN_POINT('',(22.262235193787,-41.1906663413));
#9401 = CARTESIAN_POINT('',(20.462235193787,-40.15143585676));
#9402 = CARTESIAN_POINT('',(22.262235193787,-39.11220537222));
#9403 = CARTESIAN_POINT('',(24.062235193787,-38.07297488768));
#9404 = CARTESIAN_POINT('',(24.062235193787,-40.15143585676));
#9405 = ( GEOMETRIC_REPRESENTATION_CONTEXT(2) 
PARAMETRIC_REPRESENTATION_CONTEXT() REPRESENTATION_CONTEXT('2D SPACE',''
  ) );
#9406 = PCURVE('',#146,#9407);
#9407 = DEFINITIONAL_REPRESENTATION('',(#9408),#9412);
#9408 = LINE('',#9409,#9410);
#9409 = CARTESIAN_POINT('',(6.28318530718,48.));
#9410 = VECTOR('',#9411,1.);
#9411 = DIRECTION('',(-1.,0.));
#9412 = ( GEOMETRIC_REPRESENTATION_CONTEXT(2) 
PARAMETRIC_REPRESENTATION_CONTEXT() REPRESENTATION_CONTEXT('2D SPACE',''
  ) );
#9413 = ORIENTED_EDGE('',*,*,#158,.F.);
#9414 = ORIENTED_EDGE('',*,*,#9362,.T.);
#9415 = ORIENTED_EDGE('',*,*,#6561,.T.);
#9416 = ORIENTED_EDGE('',*,*,#6462,.T.);
#9417 = ORIENTED_EDGE('',*,*,#6284,.T.);
#9418 = ORIENTED_EDGE('',*,*,#6412,.T.);
#9419 = ORIENTED_EDGE('',*,*,#6789,.T.);
#9420 = ORIENTED_EDGE('',*,*,#5532,.T.);
#9421 = ORIENTED_EDGE('',*,*,#5449,.T.);
#9422 = ORIENTED_EDGE('',*,*,#5227,.T.);
#9423 = ORIENTED_EDGE('',*,*,#5151,.F.);
#9424 = ORIENTED_EDGE('',*,*,#5075,.T.);
#9425 = ORIENTED_EDGE('',*,*,#4999,.F.);
#9426 = ORIENTED_EDGE('',*,*,#4943,.T.);
#9427 = ORIENTED_EDGE('',*,*,#4861,.T.);
#9428 = ORIENTED_EDGE('',*,*,#4807,.T.);
#9429 = ORIENTED_EDGE('',*,*,#4675,.T.);
#9430 = ORIENTED_EDGE('',*,*,#4651,.T.);
#9431 = ORIENTED_EDGE('',*,*,#4523,.F.);
#9432 = ORIENTED_EDGE('',*,*,#4467,.T.);
#9433 = ORIENTED_EDGE('',*,*,#4385,.T.);
#9434 = ORIENTED_EDGE('',*,*,#4331,.T.);
#9435 = ORIENTED_EDGE('',*,*,#4199,.T.);
#9436 = ORIENTED_EDGE('',*,*,#4175,.T.);
#9437 = ORIENTED_EDGE('',*,*,#4047,.F.);
#9438 = ORIENTED_EDGE('',*,*,#3991,.T.);
#9439 = ORIENTED_EDGE('',*,*,#3909,.T.);
#9440 = ORIENTED_EDGE('',*,*,#3855,.T.);
#9441 = ORIENTED_EDGE('',*,*,#3723,.T.);
#9442 = ORIENTED_EDGE('',*,*,#3648,.T.);
#9443 = ORIENTED_EDGE('',*,*,#3249,.T.);
#9444 = ORIENTED_EDGE('',*,*,#3446,.T.);
#9445 = ORIENTED_EDGE('',*,*,#3550,.T.);
#9446 = ORIENTED_EDGE('',*,*,#3600,.T.);
#9447 = FACE_BOUND('',#9448,.T.);
#9448 = EDGE_LOOP('',(#9449,#9450,#9451,#9452));
#9449 = ORIENTED_EDGE('',*,*,#7735,.T.);
#9450 = ORIENTED_EDGE('',*,*,#7612,.T.);
#9451 = ORIENTED_EDGE('',*,*,#7585,.F.);
#9452 = ORIENTED_EDGE('',*,*,#7903,.F.);
#9453 = FACE_BOUND('',#9454,.T.);
#9454 = EDGE_LOOP('',(#9455,#9456,#9457,#9458));
#9455 = ORIENTED_EDGE('',*,*,#8531,.T.);
#9456 = ORIENTED_EDGE('',*,*,#8409,.T.);
#9457 = ORIENTED_EDGE('',*,*,#8381,.F.);
#9458 = ORIENTED_EDGE('',*,*,#8699,.F.);
#9459 = ADVANCED_FACE('',(#9460),#146,.T.);
#9460 = FACE_BOUND('',#9461,.T.);
#9461 = EDGE_LOOP('',(#9462,#9463,#9464,#9465));
#9462 = ORIENTED_EDGE('',*,*,#130,.T.);
#9463 = ORIENTED_EDGE('',*,*,#9388,.T.);
#9464 = ORIENTED_EDGE('',*,*,#3623,.F.);
#9465 = ORIENTED_EDGE('',*,*,#9466,.F.);
#9466 = EDGE_CURVE('',#96,#3577,#9467,.T.);
#9467 = SURFACE_CURVE('',#9468,(#9473,#9480),.PCURVE_S1.);
#9468 = CIRCLE('',#9469,1.2);
#9469 = AXIS2_PLACEMENT_3D('',#9470,#9471,#9472);
#9470 = CARTESIAN_POINT('',(-37.8,18.,-14.6));
#9471 = DIRECTION('',(0.,1.,0.));
#9472 = DIRECTION('',(0.,0.,-1.));
#9473 = PCURVE('',#146,#9474);
#9474 = DEFINITIONAL_REPRESENTATION('',(#9475),#9479);
#9475 = LINE('',#9476,#9477);
#9476 = CARTESIAN_POINT('',(6.28318530718,0.));
#9477 = VECTOR('',#9478,1.);
#9478 = DIRECTION('',(-1.,0.));
#9479 = ( GEOMETRIC_REPRESENTATION_CONTEXT(2) 
PARAMETRIC_REPRESENTATION_CONTEXT() REPRESENTATION_CONTEXT('2D SPACE',''
  ) );
#9480 = PCURVE('',#118,#9481);
#9481 = DEFINITIONAL_REPRESENTATION('',(#9482),#9490);
#9482 = ( BOUNDED_CURVE() B_SPLINE_CURVE(2,(#9483,#9484,#9485,#9486,
#9487,#9488,#9489),.UNSPECIFIED.,.T.,.F.) B_SPLINE_CURVE_WITH_KNOTS((1,2
    ,2,2,2,1),(-2.094395102393,0.,2.094395102393,4.188790204786,
6.28318530718,8.377580409573),.UNSPECIFIED.) CURVE() 
GEOMETRIC_REPRESENTATION_ITEM() RATIONAL_B_SPLINE_CURVE((1.,0.5,1.,0.5,
1.,0.5,1.)) REPRESENTATION_ITEM('') );
#9483 = CARTESIAN_POINT('',(24.062235193787,-40.15143585676));
#9484 = CARTESIAN_POINT('',(24.062235193787,-42.22989682585));
#9485 = CARTESIAN_POINT('',(22.262235193787,-41.1906663413));
#9486 = CARTESIAN_POINT('',(20.462235193787,-40.15143585676));
#9487 = CARTESIAN_POINT('',(22.262235193787,-39.11220537222));
#9488 = CARTESIAN_POINT('',(24.062235193787,-38.07297488768));
#9489 = CARTESIAN_POINT('',(24.062235193787,-40.15143585676));
#9490 = ( GEOMETRIC_REPRESENTATION_CONTEXT(2) 
PARAMETRIC_REPRESENTATION_CONTEXT() REPRESENTATION_CONTEXT('2D SPACE',''
  ) );
#9491 = ADVANCED_FACE('',(#9492,#9520,#9526),#118,.F.);
#9492 = FACE_BOUND('',#9493,.F.);
#9493 = EDGE_LOOP('',(#9494,#9495,#9496,#9497,#9498,#9499,#9500,#9501,
    #9502,#9503,#9504,#9505,#9506,#9507,#9508,#9509,#9510,#9511,#9512,
    #9513,#9514,#9515,#9516,#9517,#9518,#9519));
#9494 = ORIENTED_EDGE('',*,*,#9466,.F.);
#9495 = ORIENTED_EDGE('',*,*,#95,.T.);
#9496 = ORIENTED_EDGE('',*,*,#9339,.T.);
#9497 = ORIENTED_EDGE('',*,*,#6515,.T.);
#9498 = ORIENTED_EDGE('',*,*,#6437,.T.);
#9499 = ORIENTED_EDGE('',*,*,#6233,.T.);
#9500 = ORIENTED_EDGE('',*,*,#6181,.F.);
#9501 = ORIENTED_EDGE('',*,*,#6643,.T.);
#9502 = ORIENTED_EDGE('',*,*,#6696,.T.);
#9503 = ORIENTED_EDGE('',*,*,#7136,.T.);
#9504 = ORIENTED_EDGE('',*,*,#1675,.F.);
#9505 = ORIENTED_EDGE('',*,*,#1736,.F.);
#9506 = ORIENTED_EDGE('',*,*,#1859,.T.);
#9507 = ORIENTED_EDGE('',*,*,#1962,.F.);
#9508 = ORIENTED_EDGE('',*,*,#2086,.F.);
#9509 = ORIENTED_EDGE('',*,*,#2133,.T.);
#9510 = ORIENTED_EDGE('',*,*,#7089,.T.);
#9511 = ORIENTED_EDGE('',*,*,#7063,.T.);
#9512 = ORIENTED_EDGE('',*,*,#2391,.F.);
#9513 = ORIENTED_EDGE('',*,*,#3039,.T.);
#9514 = ORIENTED_EDGE('',*,*,#3144,.T.);
#9515 = ORIENTED_EDGE('',*,*,#3203,.F.);
#9516 = ORIENTED_EDGE('',*,*,#3370,.T.);
#9517 = ORIENTED_EDGE('',*,*,#3422,.T.);
#9518 = ORIENTED_EDGE('',*,*,#3498,.T.);
#9519 = ORIENTED_EDGE('',*,*,#3576,.T.);
#9520 = FACE_BOUND('',#9521,.F.);
#9521 = EDGE_LOOP('',(#9522,#9523,#9524,#9525));
#9522 = ORIENTED_EDGE('',*,*,#2765,.T.);
#9523 = ORIENTED_EDGE('',*,*,#2935,.T.);
#9524 = ORIENTED_EDGE('',*,*,#2615,.F.);
#9525 = ORIENTED_EDGE('',*,*,#2694,.F.);
#9526 = FACE_BOUND('',#9527,.F.);
#9527 = EDGE_LOOP('',(#9528,#9529,#9530,#9531));
#9528 = ORIENTED_EDGE('',*,*,#1263,.T.);
#9529 = ORIENTED_EDGE('',*,*,#7191,.T.);
#9530 = ORIENTED_EDGE('',*,*,#1413,.F.);
#9531 = ORIENTED_EDGE('',*,*,#1342,.F.);
#9532 = ( GEOMETRIC_REPRESENTATION_CONTEXT(3) 
GLOBAL_UNCERTAINTY_ASSIGNED_CONTEXT((#9536)) 
GLOBAL_UNIT_ASSIGNED_CONTEXT((#9533,#9534,#9535)) REPRESENTATION_CONTEXT
('Context #1','3D Context with UNIT and UNCERTAINTY') );
#9533 = ( LENGTH_UNIT() NAMED_UNIT(*) SI_UNIT(.MILLI.,.METRE.) );
#9534 = ( NAMED_UNIT(*) PLANE_ANGLE_UNIT() SI_UNIT($,.RADIAN.) );
#9535 = ( NAMED_UNIT(*) SI_UNIT($,.STERADIAN.) SOLID_ANGLE_UNIT() );
#9536 = UNCERTAINTY_MEASURE_WITH_UNIT(LENGTH_MEASURE(1.E-07),#9533,
  'distance_accuracy_value','confusion accuracy');
#9537 = CONTEXT_DEPENDENT_SHAPE_REPRESENTATION(#9538,#9540);
#9538 = ( REPRESENTATION_RELATIONSHIP('','',#88,#10) 
REPRESENTATION_RELATIONSHIP_WITH_TRANSFORMATION(#9539) 
SHAPE_REPRESENTATION_RELATIONSHIP() );
#9539 = ITEM_DEFINED_TRANSFORMATION('','',#11,#15);
#9540 = PRODUCT_DEFINITION_SHAPE('Placement','Placement of an item',
  #9541);
#9541 = NEXT_ASSEMBLY_USAGE_OCCURRENCE('16','boot','',#5,#83,$);
#9542 = PRODUCT_RELATED_PRODUCT_CATEGORY('part',$,(#85));
#9543 = SHAPE_DEFINITION_REPRESENTATION(#9544,#9550);
#9544 = PRODUCT_DEFINITION_SHAPE('','',#9545);
#9545 = PRODUCT_DEFINITION('design','',#9546,#9549);
#9546 = PRODUCT_DEFINITION_FORMATION('','',#9547);
#9547 = PRODUCT('yoke','yoke','',(#9548));
#9548 = PRODUCT_CONTEXT('',#2,'mechanical');
#9549 = PRODUCT_DEFINITION_CONTEXT('part definition',#2,'design');
#9550 = ADVANCED_BREP_SHAPE_REPRESENTATION('',(#11,#9551),#14235);
#9551 = MANIFOLD_SOLID_BREP('',#9552);
#9552 = CLOSED_SHELL('',(#9553,#9673,#9759,#9835,#9913,#10094,#10180,
    #10251,#10329,#10405,#10483,#10554,#10615,#10670,#10788,#10859,
    #10908,#10957,#10984,#11012,#11638,#11688,#11760,#11808,#11856,
    #11888,#11960,#12008,#12056,#12088,#12138,#12210,#12258,#12306,
    #12338,#12388,#12460,#12508,#12556,#12588,#12638,#12666,#12947,
    #13191,#13241,#13291,#13341,#13391,#13441,#13515,#13542,#13584,
    #13591,#13827,#13877,#13927,#13981,#14035,#14089,#14159,#14186,
    #14228));
#9553 = ADVANCED_FACE('',(#9554),#9568,.F.);
#9554 = FACE_BOUND('',#9555,.F.);
#9555 = EDGE_LOOP('',(#9556,#9591,#9619,#9647));
#9556 = ORIENTED_EDGE('',*,*,#9557,.F.);
#9557 = EDGE_CURVE('',#9558,#9560,#9562,.T.);
#9558 = VERTEX_POINT('',#9559);
#9559 = CARTESIAN_POINT('',(-39.,-27.,-16.));
#9560 = VERTEX_POINT('',#9561);
#9561 = CARTESIAN_POINT('',(-39.,15.,-16.));
#9562 = SURFACE_CURVE('',#9563,(#9567,#9579),.PCURVE_S1.);
#9563 = LINE('',#9564,#9565);
#9564 = CARTESIAN_POINT('',(-39.,-30.,-16.));
#9565 = VECTOR('',#9566,1.);
#9566 = DIRECTION('',(0.,1.,0.));
#9567 = PCURVE('',#9568,#9573);
#9568 = PLANE('',#9569);
#9569 = AXIS2_PLACEMENT_3D('',#9570,#9571,#9572);
#9570 = CARTESIAN_POINT('',(-39.,-30.,-19.));
#9571 = DIRECTION('',(1.,0.,0.));
#9572 = DIRECTION('',(0.,0.,1.));
#9573 = DEFINITIONAL_REPRESENTATION('',(#9574),#9578);
#9574 = LINE('',#9575,#9576);
#9575 = CARTESIAN_POINT('',(3.,0.));
#9576 = VECTOR('',#9577,1.);
#9577 = DIRECTION('',(0.,-1.));
#9578 = ( GEOMETRIC_REPRESENTATION_CONTEXT(2) 
PARAMETRIC_REPRESENTATION_CONTEXT() REPRESENTATION_CONTEXT('2D SPACE',''
  ) );
#9579 = PCURVE('',#9580,#9585);
#9580 = PLANE('',#9581);
#9581 = AXIS2_PLACEMENT_3D('',#9582,#9583,#9584);
#9582 = CARTESIAN_POINT('',(-39.,-30.,-16.));
#9583 = DIRECTION('',(0.,0.,1.));
#9584 = DIRECTION('',(1.,0.,-0.));
#9585 = DEFINITIONAL_REPRESENTATION('',(#9586),#9590);
#9586 = LINE('',#9587,#9588);
#9587 = CARTESIAN_POINT('',(0.,0.));
#9588 = VECTOR('',#9589,1.);
#9589 = DIRECTION('',(0.,1.));
#9590 = ( GEOMETRIC_REPRESENTATION_CONTEXT(2) 
PARAMETRIC_REPRESENTATION_CONTEXT() REPRESENTATION_CONTEXT('2D SPACE',''
  ) );
#9591 = ORIENTED_EDGE('',*,*,#9592,.F.);
#9592 = EDGE_CURVE('',#9593,#9558,#9595,.T.);
#9593 = VERTEX_POINT('',#9594);
#9594 = CARTESIAN_POINT('',(-39.,-27.,-19.));
#9595 = SURFACE_CURVE('',#9596,(#9600,#9607),.PCURVE_S1.);
#9596 = LINE('',#9597,#9598);
#9597 = CARTESIAN_POINT('',(-39.,-27.,-19.));
#9598 = VECTOR('',#9599,1.);
#9599 = DIRECTION('',(0.,0.,1.));
#9600 = PCURVE('',#9568,#9601);
#9601 = DEFINITIONAL_REPRESENTATION('',(#9602),#9606);
#9602 = LINE('',#9603,#9604);
#9603 = CARTESIAN_POINT('',(0.,-3.));
#9604 = VECTOR('',#9605,1.);
#9605 = DIRECTION('',(1.,0.));
#9606 = ( GEOMETRIC_REPRESENTATION_CONTEXT(2) 
PARAMETRIC_REPRESENTATION_CONTEXT() REPRESENTATION_CONTEXT('2D SPACE',''
  ) );
#9607 = PCURVE('',#9608,#9613);
#9608 = CYLINDRICAL_SURFACE('',#9609,3.);
#9609 = AXIS2_PLACEMENT_3D('',#9610,#9611,#9612);
#9610 = CARTESIAN_POINT('',(-36.,-27.,-19.));
#9611 = DIRECTION('',(0.,0.,1.));
#9612 = DIRECTION('',(-1.,-0.,0.));
#9613 = DEFINITIONAL_REPRESENTATION('',(#9614),#9618);
#9614 = LINE('',#9615,#9616);
#9615 = CARTESIAN_POINT('',(0.,0.));
#9616 = VECTOR('',#9617,1.);
#9617 = DIRECTION('',(0.,1.));
#9618 = ( GEOMETRIC_REPRESENTATION_CONTEXT(2) 
PARAMETRIC_REPRESENTATION_CONTEXT() REPRESENTATION_CONTEXT('2D SPACE',''
  ) );
#9619 = ORIENTED_EDGE('',*,*,#9620,.T.);
#9620 = EDGE_CURVE('',#9593,#9621,#9623,.T.);
#9621 = VERTEX_POINT('',#9622);
#9622 = CARTESIAN_POINT('',(-39.,15.,-19.));
#9623 = SURFACE_CURVE('',#9624,(#9628,#9635),.PCURVE_S1.);
#9624 = LINE('',#9625,#9626);
#9625 = CARTESIAN_POINT('',(-39.,-30.,-19.));
#9626 = VECTOR('',#9627,1.);
#9627 = DIRECTION('',(0.,1.,0.));
#9628 = PCURVE('',#9568,#9629);
#9629 = DEFINITIONAL_REPRESENTATION('',(#9630),#9634);
#9630 = LINE('',#9631,#9632);
#9631 = CARTESIAN_POINT('',(0.,0.));
#9632 = VECTOR('',#9633,1.);
#9633 = DIRECTION('',(0.,-1.));
#9634 = ( GEOMETRIC_REPRESENTATION_CONTEXT(2) 
PARAMETRIC_REPRESENTATION_CONTEXT() REPRESENTATION_CONTEXT('2D SPACE',''
  ) );
#9635 = PCURVE('',#9636,#9641);
#9636 = PLANE('',#9637);
#9637 = AXIS2_PLACEMENT_3D('',#9638,#9639,#9640);
#9638 = CARTESIAN_POINT('',(-39.,-30.,-19.));
#9639 = DIRECTION('',(0.,0.,1.));
#9640 = DIRECTION('',(1.,0.,-0.));
#9641 = DEFINITIONAL_REPRESENTATION('',(#9642),#9646);
#9642 = LINE('',#9643,#9644);
#9643 = CARTESIAN_POINT('',(0.,0.));
#9644 = VECTOR('',#9645,1.);
#9645 = DIRECTION('',(0.,1.));
#9646 = ( GEOMETRIC_REPRESENTATION_CONTEXT(2) 
PARAMETRIC_REPRESENTATION_CONTEXT() REPRESENTATION_CONTEXT('2D SPACE',''
  ) );
#9647 = ORIENTED_EDGE('',*,*,#9648,.T.);
#9648 = EDGE_CURVE('',#9621,#9560,#9649,.T.);
#9649 = SURFACE_CURVE('',#9650,(#9654,#9661),.PCURVE_S1.);
#9650 = LINE('',#9651,#9652);
#9651 = CARTESIAN_POINT('',(-39.,15.,-19.));
#9652 = VECTOR('',#9653,1.);
#9653 = DIRECTION('',(0.,0.,1.));
#9654 = PCURVE('',#9568,#9655);
#9655 = DEFINITIONAL_REPRESENTATION('',(#9656),#9660);
#9656 = LINE('',#9657,#9658);
#9657 = CARTESIAN_POINT('',(0.,-45.));
#9658 = VECTOR('',#9659,1.);
#9659 = DIRECTION('',(1.,0.));
#9660 = ( GEOMETRIC_REPRESENTATION_CONTEXT(2) 
PARAMETRIC_REPRESENTATION_CONTEXT() REPRESENTATION_CONTEXT('2D SPACE',''
  ) );
#9661 = PCURVE('',#9662,#9667);
#9662 = CYLINDRICAL_SURFACE('',#9663,3.);
#9663 = AXIS2_PLACEMENT_3D('',#9664,#9665,#9666);
#9664 = CARTESIAN_POINT('',(-36.,15.,-19.));
#9665 = DIRECTION('',(0.,0.,1.));
#9666 = DIRECTION('',(-1.,-0.,0.));
#9667 = DEFINITIONAL_REPRESENTATION('',(#9668),#9672);
#9668 = LINE('',#9669,#9670);
#9669 = CARTESIAN_POINT('',(6.28318530718,0.));
#9670 = VECTOR('',#9671,1.);
#9671 = DIRECTION('',(-0.,1.));
#9672 = ( GEOMETRIC_REPRESENTATION_CONTEXT(2) 
PARAMETRIC_REPRESENTATION_CONTEXT() REPRESENTATION_CONTEXT('2D SPACE',''
  ) );
#9673 = ADVANCED_FACE('',(#9674),#9662,.T.);
#9674 = FACE_BOUND('',#9675,.T.);
#9675 = EDGE_LOOP('',(#9676,#9677,#9705,#9733));
#9676 = ORIENTED_EDGE('',*,*,#9648,.T.);
#9677 = ORIENTED_EDGE('',*,*,#9678,.T.);
#9678 = EDGE_CURVE('',#9560,#9679,#9681,.T.);
#9679 = VERTEX_POINT('',#9680);
#9680 = CARTESIAN_POINT('',(-36.,18.,-16.));
#9681 = SURFACE_CURVE('',#9682,(#9687,#9694),.PCURVE_S1.);
#9682 = CIRCLE('',#9683,3.);
#9683 = AXIS2_PLACEMENT_3D('',#9684,#9685,#9686);
#9684 = CARTESIAN_POINT('',(-36.,15.,-16.));
#9685 = DIRECTION('',(-0.,-0.,-1.));
#9686 = DIRECTION('',(0.,-1.,0.));
#9687 = PCURVE('',#9662,#9688);
#9688 = DEFINITIONAL_REPRESENTATION('',(#9689),#9693);
#9689 = LINE('',#9690,#9691);
#9690 = CARTESIAN_POINT('',(7.853981633975,3.));
#9691 = VECTOR('',#9692,1.);
#9692 = DIRECTION('',(-1.,0.));
#9693 = ( GEOMETRIC_REPRESENTATION_CONTEXT(2) 
PARAMETRIC_REPRESENTATION_CONTEXT() REPRESENTATION_CONTEXT('2D SPACE',''
  ) );
#9694 = PCURVE('',#9580,#9695);
#9695 = DEFINITIONAL_REPRESENTATION('',(#9696),#9704);
#9696 = ( BOUNDED_CURVE() B_SPLINE_CURVE(2,(#9697,#9698,#9699,#9700,
#9701,#9702,#9703),.UNSPECIFIED.,.T.,.F.) B_SPLINE_CURVE_WITH_KNOTS((1,2
    ,2,2,2,1),(-2.094395102393,0.,2.094395102393,4.188790204786,
6.28318530718,8.377580409573),.UNSPECIFIED.) CURVE() 
GEOMETRIC_REPRESENTATION_ITEM() RATIONAL_B_SPLINE_CURVE((1.,0.5,1.,0.5,
1.,0.5,1.)) REPRESENTATION_ITEM('') );
#9697 = CARTESIAN_POINT('',(3.,42.));
#9698 = CARTESIAN_POINT('',(-2.196152422707,42.));
#9699 = CARTESIAN_POINT('',(0.401923788647,46.5));
#9700 = CARTESIAN_POINT('',(3.,51.));
#9701 = CARTESIAN_POINT('',(5.598076211353,46.5));
#9702 = CARTESIAN_POINT('',(8.196152422707,42.));
#9703 = CARTESIAN_POINT('',(3.,42.));
#9704 = ( GEOMETRIC_REPRESENTATION_CONTEXT(2) 
PARAMETRIC_REPRESENTATION_CONTEXT() REPRESENTATION_CONTEXT('2D SPACE',''
  ) );
#9705 = ORIENTED_EDGE('',*,*,#9706,.F.);
#9706 = EDGE_CURVE('',#9707,#9679,#9709,.T.);
#9707 = VERTEX_POINT('',#9708);
#9708 = CARTESIAN_POINT('',(-36.,18.,-19.));
#9709 = SURFACE_CURVE('',#9710,(#9714,#9721),.PCURVE_S1.);
#9710 = LINE('',#9711,#9712);
#9711 = CARTESIAN_POINT('',(-36.,18.,-19.));
#9712 = VECTOR('',#9713,1.);
#9713 = DIRECTION('',(0.,0.,1.));
#9714 = PCURVE('',#9662,#9715);
#9715 = DEFINITIONAL_REPRESENTATION('',(#9716),#9720);
#9716 = LINE('',#9717,#9718);
#9717 = CARTESIAN_POINT('',(4.712388980385,0.));
#9718 = VECTOR('',#9719,1.);
#9719 = DIRECTION('',(-0.,1.));
#9720 = ( GEOMETRIC_REPRESENTATION_CONTEXT(2) 
PARAMETRIC_REPRESENTATION_CONTEXT() REPRESENTATION_CONTEXT('2D SPACE',''
  ) );
#9721 = PCURVE('',#9722,#9727);
#9722 = PLANE('',#9723);
#9723 = AXIS2_PLACEMENT_3D('',#9724,#9725,#9726);
#9724 = CARTESIAN_POINT('',(-39.,18.,-19.));
#9725 = DIRECTION('',(0.,1.,0.));
#9726 = DIRECTION('',(0.,-0.,1.));
#9727 = DEFINITIONAL_REPRESENTATION('',(#9728),#9732);
#9728 = LINE('',#9729,#9730);
#9729 = CARTESIAN_POINT('',(0.,3.));
#9730 = VECTOR('',#9731,1.);
#9731 = DIRECTION('',(1.,0.));
#9732 = ( GEOMETRIC_REPRESENTATION_CONTEXT(2) 
PARAMETRIC_REPRESENTATION_CONTEXT() REPRESENTATION_CONTEXT('2D SPACE',''
  ) );
#9733 = ORIENTED_EDGE('',*,*,#9734,.F.);
#9734 = EDGE_CURVE('',#9621,#9707,#9735,.T.);
#9735 = SURFACE_CURVE('',#9736,(#9741,#9748),.PCURVE_S1.);
#9736 = CIRCLE('',#9737,3.);
#9737 = AXIS2_PLACEMENT_3D('',#9738,#9739,#9740);
#9738 = CARTESIAN_POINT('',(-36.,15.,-19.));
#9739 = DIRECTION('',(-0.,-0.,-1.));
#9740 = DIRECTION('',(0.,-1.,0.));
#9741 = PCURVE('',#9662,#9742);
#9742 = DEFINITIONAL_REPRESENTATION('',(#9743),#9747);
#9743 = LINE('',#9744,#9745);
#9744 = CARTESIAN_POINT('',(7.853981633975,0.));
#9745 = VECTOR('',#9746,1.);
#9746 = DIRECTION('',(-1.,0.));
#9747 = ( GEOMETRIC_REPRESENTATION_CONTEXT(2) 
PARAMETRIC_REPRESENTATION_CONTEXT() REPRESENTATION_CONTEXT('2D SPACE',''
  ) );
#9748 = PCURVE('',#9636,#9749);
#9749 = DEFINITIONAL_REPRESENTATION('',(#9750),#9758);
#9750 = ( BOUNDED_CURVE() B_SPLINE_CURVE(2,(#9751,#9752,#9753,#9754,
#9755,#9756,#9757),.UNSPECIFIED.,.T.,.F.) B_SPLINE_CURVE_WITH_KNOTS((1,2
    ,2,2,2,1),(-2.094395102393,0.,2.094395102393,4.188790204786,
6.28318530718,8.377580409573),.UNSPECIFIED.) CURVE() 
GEOMETRIC_REPRESENTATION_ITEM() RATIONAL_B_SPLINE_CURVE((1.,0.5,1.,0.5,
1.,0.5,1.)) REPRESENTATION_ITEM('') );
#9751 = CARTESIAN_POINT('',(3.,42.));
#9752 = CARTESIAN_POINT('',(-2.196152422707,42.));
#9753 = CARTESIAN_POINT('',(0.401923788647,46.5));
#9754 = CARTESIAN_POINT('',(3.,51.));
#9755 = CARTESIAN_POINT('',(5.598076211353,46.5));
#9756 = CARTESIAN_POINT('',(8.196152422707,42.));
#9757 = CARTESIAN_POINT('',(3.,42.));
#9758 = ( GEOMETRIC_REPRESENTATION_CONTEXT(2) 
PARAMETRIC_REPRESENTATION_CONTEXT() REPRESENTATION_CONTEXT('2D SPACE',''
  ) );
#9759 = ADVANCED_FACE('',(#9760),#9722,.T.);
#9760 = FACE_BOUND('',#9761,.T.);
#9761 = EDGE_LOOP('',(#9762,#9785,#9786,#9809));
#9762 = ORIENTED_EDGE('',*,*,#9763,.F.);
#9763 = EDGE_CURVE('',#9707,#9764,#9766,.T.);
#9764 = VERTEX_POINT('',#9765);
#9765 = CARTESIAN_POINT('',(44.,18.,-19.));
#9766 = SURFACE_CURVE('',#9767,(#9771,#9778),.PCURVE_S1.);
#9767 = LINE('',#9768,#9769);
#9768 = CARTESIAN_POINT('',(-39.,18.,-19.));
#9769 = VECTOR('',#9770,1.);
#9770 = DIRECTION('',(1.,0.,0.));
#9771 = PCURVE('',#9722,#9772);
#9772 = DEFINITIONAL_REPRESENTATION('',(#9773),#9777);
#9773 = LINE('',#9774,#9775);
#9774 = CARTESIAN_POINT('',(0.,0.));
#9775 = VECTOR('',#9776,1.);
#9776 = DIRECTION('',(0.,1.));
#9777 = ( GEOMETRIC_REPRESENTATION_CONTEXT(2) 
PARAMETRIC_REPRESENTATION_CONTEXT() REPRESENTATION_CONTEXT('2D SPACE',''
  ) );
#9778 = PCURVE('',#9636,#9779);
#9779 = DEFINITIONAL_REPRESENTATION('',(#9780),#9784);
#9780 = LINE('',#9781,#9782);
#9781 = CARTESIAN_POINT('',(0.,48.));
#9782 = VECTOR('',#9783,1.);
#9783 = DIRECTION('',(1.,0.));
#9784 = ( GEOMETRIC_REPRESENTATION_CONTEXT(2) 
PARAMETRIC_REPRESENTATION_CONTEXT() REPRESENTATION_CONTEXT('2D SPACE',''
  ) );
#9785 = ORIENTED_EDGE('',*,*,#9706,.T.);
#9786 = ORIENTED_EDGE('',*,*,#9787,.T.);
#9787 = EDGE_CURVE('',#9679,#9788,#9790,.T.);
#9788 = VERTEX_POINT('',#9789);
#9789 = CARTESIAN_POINT('',(44.,18.,-16.));
#9790 = SURFACE_CURVE('',#9791,(#9795,#9802),.PCURVE_S1.);
#9791 = LINE('',#9792,#9793);
#9792 = CARTESIAN_POINT('',(-39.,18.,-16.));
#9793 = VECTOR('',#9794,1.);
#9794 = DIRECTION('',(1.,0.,0.));
#9795 = PCURVE('',#9722,#9796);
#9796 = DEFINITIONAL_REPRESENTATION('',(#9797),#9801);
#9797 = LINE('',#9798,#9799);
#9798 = CARTESIAN_POINT('',(3.,0.));
#9799 = VECTOR('',#9800,1.);
#9800 = DIRECTION('',(0.,1.));
#9801 = ( GEOMETRIC_REPRESENTATION_CONTEXT(2) 
PARAMETRIC_REPRESENTATION_CONTEXT() REPRESENTATION_CONTEXT('2D SPACE',''
  ) );
#9802 = PCURVE('',#9580,#9803);
#9803 = DEFINITIONAL_REPRESENTATION('',(#9804),#9808);
#9804 = LINE('',#9805,#9806);
#9805 = CARTESIAN_POINT('',(0.,48.));
#9806 = VECTOR('',#9807,1.);
#9807 = DIRECTION('',(1.,0.));
#9808 = ( GEOMETRIC_REPRESENTATION_CONTEXT(2) 
PARAMETRIC_REPRESENTATION_CONTEXT() REPRESENTATION_CONTEXT('2D SPACE',''
  ) );
#9809 = ORIENTED_EDGE('',*,*,#9810,.F.);
#9810 = EDGE_CURVE('',#9764,#9788,#9811,.T.);
#9811 = SURFACE_CURVE('',#9812,(#9816,#9823),.PCURVE_S1.);
#9812 = LINE('',#9813,#9814);
#9813 = CARTESIAN_POINT('',(44.,18.,-19.));
#9814 = VECTOR('',#9815,1.);
#9815 = DIRECTION('',(0.,0.,1.));
#9816 = PCURVE('',#9722,#9817);
#9817 = DEFINITIONAL_REPRESENTATION('',(#9818),#9822);
#9818 = LINE('',#9819,#9820);
#9819 = CARTESIAN_POINT('',(0.,83.));
#9820 = VECTOR('',#9821,1.);
#9821 = DIRECTION('',(1.,0.));
#9822 = ( GEOMETRIC_REPRESENTATION_CONTEXT(2) 
PARAMETRIC_REPRESENTATION_CONTEXT() REPRESENTATION_CONTEXT('2D SPACE',''
  ) );
#9823 = PCURVE('',#9824,#9829);
#9824 = CYLINDRICAL_SURFACE('',#9825,3.);
#9825 = AXIS2_PLACEMENT_3D('',#9826,#9827,#9828);
#9826 = CARTESIAN_POINT('',(44.,15.,-19.));
#9827 = DIRECTION('',(0.,0.,1.));
#9828 = DIRECTION('',(1.,0.,-0.));
#9829 = DEFINITIONAL_REPRESENTATION('',(#9830),#9834);
#9830 = LINE('',#9831,#9832);
#9831 = CARTESIAN_POINT('',(1.570796326795,0.));
#9832 = VECTOR('',#9833,1.);
#9833 = DIRECTION('',(0.,1.));
#9834 = ( GEOMETRIC_REPRESENTATION_CONTEXT(2) 
PARAMETRIC_REPRESENTATION_CONTEXT() REPRESENTATION_CONTEXT('2D SPACE',''
  ) );
#9835 = ADVANCED_FACE('',(#9836),#9824,.T.);
#9836 = FACE_BOUND('',#9837,.T.);
#9837 = EDGE_LOOP('',(#9838,#9862,#9863,#9887));
#9838 = ORIENTED_EDGE('',*,*,#9839,.T.);
#9839 = EDGE_CURVE('',#9840,#9764,#9842,.T.);
#9840 = VERTEX_POINT('',#9841);
#9841 = CARTESIAN_POINT('',(47.,15.,-19.));
#9842 = SURFACE_CURVE('',#9843,(#9848,#9855),.PCURVE_S1.);
#9843 = CIRCLE('',#9844,3.);
#9844 = AXIS2_PLACEMENT_3D('',#9845,#9846,#9847);
#9845 = CARTESIAN_POINT('',(44.,15.,-19.));
#9846 = DIRECTION('',(0.,0.,1.));
#9847 = DIRECTION('',(0.,-1.,0.));
#9848 = PCURVE('',#9824,#9849);
#9849 = DEFINITIONAL_REPRESENTATION('',(#9850),#9854);
#9850 = LINE('',#9851,#9852);
#9851 = CARTESIAN_POINT('',(-1.570796326795,0.));
#9852 = VECTOR('',#9853,1.);
#9853 = DIRECTION('',(1.,0.));
#9854 = ( GEOMETRIC_REPRESENTATION_CONTEXT(2) 
PARAMETRIC_REPRESENTATION_CONTEXT() REPRESENTATION_CONTEXT('2D SPACE',''
  ) );
#9855 = PCURVE('',#9636,#9856);
#9856 = DEFINITIONAL_REPRESENTATION('',(#9857),#9861);
#9857 = CIRCLE('',#9858,3.);
#9858 = AXIS2_PLACEMENT_2D('',#9859,#9860);
#9859 = CARTESIAN_POINT('',(83.,45.));
#9860 = DIRECTION('',(0.,-1.));
#9861 = ( GEOMETRIC_REPRESENTATION_CONTEXT(2) 
PARAMETRIC_REPRESENTATION_CONTEXT() REPRESENTATION_CONTEXT('2D SPACE',''
  ) );
#9862 = ORIENTED_EDGE('',*,*,#9810,.T.);
#9863 = ORIENTED_EDGE('',*,*,#9864,.F.);
#9864 = EDGE_CURVE('',#9865,#9788,#9867,.T.);
#9865 = VERTEX_POINT('',#9866);
#9866 = CARTESIAN_POINT('',(47.,15.,-16.));
#9867 = SURFACE_CURVE('',#9868,(#9873,#9880),.PCURVE_S1.);
#9868 = CIRCLE('',#9869,3.);
#9869 = AXIS2_PLACEMENT_3D('',#9870,#9871,#9872);
#9870 = CARTESIAN_POINT('',(44.,15.,-16.));
#9871 = DIRECTION('',(0.,0.,1.));
#9872 = DIRECTION('',(0.,-1.,0.));
#9873 = PCURVE('',#9824,#9874);
#9874 = DEFINITIONAL_REPRESENTATION('',(#9875),#9879);
#9875 = LINE('',#9876,#9877);
#9876 = CARTESIAN_POINT('',(-1.570796326795,3.));
#9877 = VECTOR('',#9878,1.);
#9878 = DIRECTION('',(1.,0.));
#9879 = ( GEOMETRIC_REPRESENTATION_CONTEXT(2) 
PARAMETRIC_REPRESENTATION_CONTEXT() REPRESENTATION_CONTEXT('2D SPACE',''
  ) );
#9880 = PCURVE('',#9580,#9881);
#9881 = DEFINITIONAL_REPRESENTATION('',(#9882),#9886);
#9882 = CIRCLE('',#9883,3.);
#9883 = AXIS2_PLACEMENT_2D('',#9884,#9885);
#9884 = CARTESIAN_POINT('',(83.,45.));
#9885 = DIRECTION('',(0.,-1.));
#9886 = ( GEOMETRIC_REPRESENTATION_CONTEXT(2) 
PARAMETRIC_REPRESENTATION_CONTEXT() REPRESENTATION_CONTEXT('2D SPACE',''
  ) );
#9887 = ORIENTED_EDGE('',*,*,#9888,.F.);
#9888 = EDGE_CURVE('',#9840,#9865,#9889,.T.);
#9889 = SURFACE_CURVE('',#9890,(#9894,#9901),.PCURVE_S1.);
#9890 = LINE('',#9891,#9892);
#9891 = CARTESIAN_POINT('',(47.,15.,-19.));
#9892 = VECTOR('',#9893,1.);
#9893 = DIRECTION('',(0.,0.,1.));
#9894 = PCURVE('',#9824,#9895);
#9895 = DEFINITIONAL_REPRESENTATION('',(#9896),#9900);
#9896 = LINE('',#9897,#9898);
#9897 = CARTESIAN_POINT('',(0.,0.));
#9898 = VECTOR('',#9899,1.);
#9899 = DIRECTION('',(0.,1.));
#9900 = ( GEOMETRIC_REPRESENTATION_CONTEXT(2) 
PARAMETRIC_REPRESENTATION_CONTEXT() REPRESENTATION_CONTEXT('2D SPACE',''
  ) );
#9901 = PCURVE('',#9902,#9907);
#9902 = PLANE('',#9903);
#9903 = AXIS2_PLACEMENT_3D('',#9904,#9905,#9906);
#9904 = CARTESIAN_POINT('',(47.,-30.,-19.));
#9905 = DIRECTION('',(1.,0.,0.));
#9906 = DIRECTION('',(0.,0.,1.));
#9907 = DEFINITIONAL_REPRESENTATION('',(#9908),#9912);
#9908 = LINE('',#9909,#9910);
#9909 = CARTESIAN_POINT('',(0.,-45.));
#9910 = VECTOR('',#9911,1.);
#9911 = DIRECTION('',(1.,0.));
#9912 = ( GEOMETRIC_REPRESENTATION_CONTEXT(2) 
PARAMETRIC_REPRESENTATION_CONTEXT() REPRESENTATION_CONTEXT('2D SPACE',''
  ) );
#9913 = ADVANCED_FACE('',(#9914),#9902,.T.);
#9914 = FACE_BOUND('',#9915,.T.);
#9915 = EDGE_LOOP('',(#9916,#9939,#9967,#9990,#10017,#10045,#10072,
    #10093));
#9916 = ORIENTED_EDGE('',*,*,#9917,.F.);
#9917 = EDGE_CURVE('',#9918,#9865,#9920,.T.);
#9918 = VERTEX_POINT('',#9919);
#9919 = CARTESIAN_POINT('',(47.,-27.,-16.));
#9920 = SURFACE_CURVE('',#9921,(#9925,#9932),.PCURVE_S1.);
#9921 = LINE('',#9922,#9923);
#9922 = CARTESIAN_POINT('',(47.,-30.,-16.));
#9923 = VECTOR('',#9924,1.);
#9924 = DIRECTION('',(0.,1.,0.));
#9925 = PCURVE('',#9902,#9926);
#9926 = DEFINITIONAL_REPRESENTATION('',(#9927),#9931);
#9927 = LINE('',#9928,#9929);
#9928 = CARTESIAN_POINT('',(3.,0.));
#9929 = VECTOR('',#9930,1.);
#9930 = DIRECTION('',(0.,-1.));
#9931 = ( GEOMETRIC_REPRESENTATION_CONTEXT(2) 
PARAMETRIC_REPRESENTATION_CONTEXT() REPRESENTATION_CONTEXT('2D SPACE',''
  ) );
#9932 = PCURVE('',#9580,#9933);
#9933 = DEFINITIONAL_REPRESENTATION('',(#9934),#9938);
#9934 = LINE('',#9935,#9936);
#9935 = CARTESIAN_POINT('',(86.,0.));
#9936 = VECTOR('',#9937,1.);
#9937 = DIRECTION('',(0.,1.));
#9938 = ( GEOMETRIC_REPRESENTATION_CONTEXT(2) 
PARAMETRIC_REPRESENTATION_CONTEXT() REPRESENTATION_CONTEXT('2D SPACE',''
  ) );
#9939 = ORIENTED_EDGE('',*,*,#9940,.F.);
#9940 = EDGE_CURVE('',#9941,#9918,#9943,.T.);
#9941 = VERTEX_POINT('',#9942);
#9942 = CARTESIAN_POINT('',(47.,-27.,-19.));
#9943 = SURFACE_CURVE('',#9944,(#9948,#9955),.PCURVE_S1.);
#9944 = LINE('',#9945,#9946);
#9945 = CARTESIAN_POINT('',(47.,-27.,-19.));
#9946 = VECTOR('',#9947,1.);
#9947 = DIRECTION('',(0.,0.,1.));
#9948 = PCURVE('',#9902,#9949);
#9949 = DEFINITIONAL_REPRESENTATION('',(#9950),#9954);
#9950 = LINE('',#9951,#9952);
#9951 = CARTESIAN_POINT('',(0.,-3.));
#9952 = VECTOR('',#9953,1.);
#9953 = DIRECTION('',(1.,0.));
#9954 = ( GEOMETRIC_REPRESENTATION_CONTEXT(2) 
PARAMETRIC_REPRESENTATION_CONTEXT() REPRESENTATION_CONTEXT('2D SPACE',''
  ) );
#9955 = PCURVE('',#9956,#9961);
#9956 = CYLINDRICAL_SURFACE('',#9957,3.);
#9957 = AXIS2_PLACEMENT_3D('',#9958,#9959,#9960);
#9958 = CARTESIAN_POINT('',(44.,-27.,-19.));
#9959 = DIRECTION('',(0.,0.,1.));
#9960 = DIRECTION('',(1.,0.,-0.));
#9961 = DEFINITIONAL_REPRESENTATION('',(#9962),#9966);
#9962 = LINE('',#9963,#9964);
#9963 = CARTESIAN_POINT('',(6.28318530718,0.));
#9964 = VECTOR('',#9965,1.);
#9965 = DIRECTION('',(-0.,1.));
#9966 = ( GEOMETRIC_REPRESENTATION_CONTEXT(2) 
PARAMETRIC_REPRESENTATION_CONTEXT() REPRESENTATION_CONTEXT('2D SPACE',''
  ) );
#9967 = ORIENTED_EDGE('',*,*,#9968,.T.);
#9968 = EDGE_CURVE('',#9941,#9969,#9971,.T.);
#9969 = VERTEX_POINT('',#9970);
#9970 = CARTESIAN_POINT('',(47.,-8.332380757938,-19.));
#9971 = SURFACE_CURVE('',#9972,(#9976,#9983),.PCURVE_S1.);
#9972 = LINE('',#9973,#9974);
#9973 = CARTESIAN_POINT('',(47.,-30.,-19.));
#9974 = VECTOR('',#9975,1.);
#9975 = DIRECTION('',(0.,1.,0.));
#9976 = PCURVE('',#9902,#9977);
#9977 = DEFINITIONAL_REPRESENTATION('',(#9978),#9982);
#9978 = LINE('',#9979,#9980);
#9979 = CARTESIAN_POINT('',(0.,0.));
#9980 = VECTOR('',#9981,1.);
#9981 = DIRECTION('',(0.,-1.));
#9982 = ( GEOMETRIC_REPRESENTATION_CONTEXT(2) 
PARAMETRIC_REPRESENTATION_CONTEXT() REPRESENTATION_CONTEXT('2D SPACE',''
  ) );
#9983 = PCURVE('',#9636,#9984);
#9984 = DEFINITIONAL_REPRESENTATION('',(#9985),#9989);
#9985 = LINE('',#9986,#9987);
#9986 = CARTESIAN_POINT('',(86.,0.));
#9987 = VECTOR('',#9988,1.);
#9988 = DIRECTION('',(0.,1.));
#9989 = ( GEOMETRIC_REPRESENTATION_CONTEXT(2) 
PARAMETRIC_REPRESENTATION_CONTEXT() REPRESENTATION_CONTEXT('2D SPACE',''
  ) );
#9990 = ORIENTED_EDGE('',*,*,#9991,.T.);
#9991 = EDGE_CURVE('',#9969,#9992,#9994,.T.);
#9992 = VERTEX_POINT('',#9993);
#9993 = CARTESIAN_POINT('',(47.,-8.332380757938,-18.));
#9994 = SURFACE_CURVE('',#9995,(#9999,#10006),.PCURVE_S1.);
#9995 = LINE('',#9996,#9997);
#9996 = CARTESIAN_POINT('',(47.,-8.332380757938,-19.01));
#9997 = VECTOR('',#9998,1.);
#9998 = DIRECTION('',(0.,0.,1.));
#9999 = PCURVE('',#9902,#10000);
#10000 = DEFINITIONAL_REPRESENTATION('',(#10001),#10005);
#10001 = LINE('',#10002,#10003);
#10002 = CARTESIAN_POINT('',(-1.E-02,-21.66761924206));
#10003 = VECTOR('',#10004,1.);
#10004 = DIRECTION('',(1.,0.));
#10005 = ( GEOMETRIC_REPRESENTATION_CONTEXT(2) 
PARAMETRIC_REPRESENTATION_CONTEXT() REPRESENTATION_CONTEXT('2D SPACE',''
  ) );
#10006 = PCURVE('',#10007,#10012);
#10007 = CYLINDRICAL_SURFACE('',#10008,3.8);
#10008 = AXIS2_PLACEMENT_3D('',#10009,#10010,#10011);
#10009 = CARTESIAN_POINT('',(44.,-6.,-19.01));
#10010 = DIRECTION('',(0.,0.,1.));
#10011 = DIRECTION('',(1.,0.,-0.));
#10012 = DEFINITIONAL_REPRESENTATION('',(#10013),#10016);
#10013 = B_SPLINE_CURVE_WITH_KNOTS('',1,(#10014,#10015),.UNSPECIFIED.,
  .F.,.F.,(2,2),(-5.999999999062E-07,1.0100006),
  .PIECEWISE_BEZIER_KNOTS.);
#10014 = CARTESIAN_POINT('',(5.622340011357,-5.999999999062E-07));
#10015 = CARTESIAN_POINT('',(5.622340011357,1.0100006));
#10016 = ( GEOMETRIC_REPRESENTATION_CONTEXT(2) 
PARAMETRIC_REPRESENTATION_CONTEXT() REPRESENTATION_CONTEXT('2D SPACE',''
  ) );
#10017 = ORIENTED_EDGE('',*,*,#10018,.F.);
#10018 = EDGE_CURVE('',#10019,#9992,#10021,.T.);
#10019 = VERTEX_POINT('',#10020);
#10020 = CARTESIAN_POINT('',(47.,-3.667619242062,-18.));
#10021 = SURFACE_CURVE('',#10022,(#10026,#10033),.PCURVE_S1.);
#10022 = LINE('',#10023,#10024);
#10023 = CARTESIAN_POINT('',(47.,-18.,-18.));
#10024 = VECTOR('',#10025,1.);
#10025 = DIRECTION('',(0.,-1.,0.));
#10026 = PCURVE('',#9902,#10027);
#10027 = DEFINITIONAL_REPRESENTATION('',(#10028),#10032);
#10028 = LINE('',#10029,#10030);
#10029 = CARTESIAN_POINT('',(1.,-12.));
#10030 = VECTOR('',#10031,1.);
#10031 = DIRECTION('',(0.,1.));
#10032 = ( GEOMETRIC_REPRESENTATION_CONTEXT(2) 
PARAMETRIC_REPRESENTATION_CONTEXT() REPRESENTATION_CONTEXT('2D SPACE',''
  ) );
#10033 = PCURVE('',#10034,#10039);
#10034 = PLANE('',#10035);
#10035 = AXIS2_PLACEMENT_3D('',#10036,#10037,#10038);
#10036 = CARTESIAN_POINT('',(44.,-6.,-18.));
#10037 = DIRECTION('',(0.,0.,1.));
#10038 = DIRECTION('',(1.,0.,-0.));
#10039 = DEFINITIONAL_REPRESENTATION('',(#10040),#10044);
#10040 = LINE('',#10041,#10042);
#10041 = CARTESIAN_POINT('',(3.,-12.));
#10042 = VECTOR('',#10043,1.);
#10043 = DIRECTION('',(0.,-1.));
#10044 = ( GEOMETRIC_REPRESENTATION_CONTEXT(2) 
PARAMETRIC_REPRESENTATION_CONTEXT() REPRESENTATION_CONTEXT('2D SPACE',''
  ) );
#10045 = ORIENTED_EDGE('',*,*,#10046,.F.);
#10046 = EDGE_CURVE('',#10047,#10019,#10049,.T.);
#10047 = VERTEX_POINT('',#10048);
#10048 = CARTESIAN_POINT('',(47.,-3.667619242062,-19.));
#10049 = SURFACE_CURVE('',#10050,(#10054,#10061),.PCURVE_S1.);
#10050 = LINE('',#10051,#10052);
#10051 = CARTESIAN_POINT('',(47.,-3.667619242062,-19.01));
#10052 = VECTOR('',#10053,1.);
#10053 = DIRECTION('',(0.,0.,1.));
#10054 = PCURVE('',#9902,#10055);
#10055 = DEFINITIONAL_REPRESENTATION('',(#10056),#10060);
#10056 = LINE('',#10057,#10058);
#10057 = CARTESIAN_POINT('',(-1.E-02,-26.33238075793));
#10058 = VECTOR('',#10059,1.);
#10059 = DIRECTION('',(1.,0.));
#10060 = ( GEOMETRIC_REPRESENTATION_CONTEXT(2) 
PARAMETRIC_REPRESENTATION_CONTEXT() REPRESENTATION_CONTEXT('2D SPACE',''
  ) );
#10061 = PCURVE('',#10062,#10067);
#10062 = CYLINDRICAL_SURFACE('',#10063,3.8);
#10063 = AXIS2_PLACEMENT_3D('',#10064,#10065,#10066);
#10064 = CARTESIAN_POINT('',(44.,-6.,-19.01));
#10065 = DIRECTION('',(0.,0.,1.));
#10066 = DIRECTION('',(1.,0.,-0.));
#10067 = DEFINITIONAL_REPRESENTATION('',(#10068),#10071);
#10068 = B_SPLINE_CURVE_WITH_KNOTS('',1,(#10069,#10070),.UNSPECIFIED.,
  .F.,.F.,(2,2),(-5.999999999062E-07,1.0100006),
  .PIECEWISE_BEZIER_KNOTS.);
#10069 = CARTESIAN_POINT('',(0.660845295823,-5.999999999062E-07));
#10070 = CARTESIAN_POINT('',(0.660845295823,1.0100006));
#10071 = ( GEOMETRIC_REPRESENTATION_CONTEXT(2) 
PARAMETRIC_REPRESENTATION_CONTEXT() REPRESENTATION_CONTEXT('2D SPACE',''
  ) );
#10072 = ORIENTED_EDGE('',*,*,#10073,.T.);
#10073 = EDGE_CURVE('',#10047,#9840,#10074,.T.);
#10074 = SURFACE_CURVE('',#10075,(#10079,#10086),.PCURVE_S1.);
#10075 = LINE('',#10076,#10077);
#10076 = CARTESIAN_POINT('',(47.,-30.,-19.));
#10077 = VECTOR('',#10078,1.);
#10078 = DIRECTION('',(0.,1.,0.));
#10079 = PCURVE('',#9902,#10080);
#10080 = DEFINITIONAL_REPRESENTATION('',(#10081),#10085);
#10081 = LINE('',#10082,#10083);
#10082 = CARTESIAN_POINT('',(0.,0.));
#10083 = VECTOR('',#10084,1.);
#10084 = DIRECTION('',(0.,-1.));
#10085 = ( GEOMETRIC_REPRESENTATION_CONTEXT(2) 
PARAMETRIC_REPRESENTATION_CONTEXT() REPRESENTATION_CONTEXT('2D SPACE',''
  ) );
#10086 = PCURVE('',#9636,#10087);
#10087 = DEFINITIONAL_REPRESENTATION('',(#10088),#10092);
#10088 = LINE('',#10089,#10090);
#10089 = CARTESIAN_POINT('',(86.,0.));
#10090 = VECTOR('',#10091,1.);
#10091 = DIRECTION('',(0.,1.));
#10092 = ( GEOMETRIC_REPRESENTATION_CONTEXT(2) 
PARAMETRIC_REPRESENTATION_CONTEXT() REPRESENTATION_CONTEXT('2D SPACE',''
  ) );
#10093 = ORIENTED_EDGE('',*,*,#9888,.T.);
#10094 = ADVANCED_FACE('',(#10095),#9956,.T.);
#10095 = FACE_BOUND('',#10096,.T.);
#10096 = EDGE_LOOP('',(#10097,#10098,#10126,#10154));
#10097 = ORIENTED_EDGE('',*,*,#9940,.T.);
#10098 = ORIENTED_EDGE('',*,*,#10099,.T.);
#10099 = EDGE_CURVE('',#9918,#10100,#10102,.T.);
#10100 = VERTEX_POINT('',#10101);
#10101 = CARTESIAN_POINT('',(44.,-30.,-16.));
#10102 = SURFACE_CURVE('',#10103,(#10108,#10115),.PCURVE_S1.);
#10103 = CIRCLE('',#10104,3.);
#10104 = AXIS2_PLACEMENT_3D('',#10105,#10106,#10107);
#10105 = CARTESIAN_POINT('',(44.,-27.,-16.));
#10106 = DIRECTION('',(-0.,-0.,-1.));
#10107 = DIRECTION('',(0.,-1.,0.));
#10108 = PCURVE('',#9956,#10109);
#10109 = DEFINITIONAL_REPRESENTATION('',(#10110),#10114);
#10110 = LINE('',#10111,#10112);
#10111 = CARTESIAN_POINT('',(10.995574287565,3.));
#10112 = VECTOR('',#10113,1.);
#10113 = DIRECTION('',(-1.,0.));
#10114 = ( GEOMETRIC_REPRESENTATION_CONTEXT(2) 
PARAMETRIC_REPRESENTATION_CONTEXT() REPRESENTATION_CONTEXT('2D SPACE',''
  ) );
#10115 = PCURVE('',#9580,#10116);
#10116 = DEFINITIONAL_REPRESENTATION('',(#10117),#10125);
#10117 = ( BOUNDED_CURVE() B_SPLINE_CURVE(2,(#10118,#10119,#10120,#10121
    ,#10122,#10123,#10124),.UNSPECIFIED.,.T.,.F.) 
B_SPLINE_CURVE_WITH_KNOTS((1,2,2,2,2,1),(-2.094395102393,0.,
    2.094395102393,4.188790204786,6.28318530718,8.377580409573),
.UNSPECIFIED.) CURVE() GEOMETRIC_REPRESENTATION_ITEM() 
RATIONAL_B_SPLINE_CURVE((1.,0.5,1.,0.5,1.,0.5,1.)) REPRESENTATION_ITEM(
  '') );
#10118 = CARTESIAN_POINT('',(83.,0.));
#10119 = CARTESIAN_POINT('',(77.803847577293,0.));
#10120 = CARTESIAN_POINT('',(80.401923788647,4.5));
#10121 = CARTESIAN_POINT('',(83.,9.));
#10122 = CARTESIAN_POINT('',(85.598076211353,4.5));
#10123 = CARTESIAN_POINT('',(88.196152422707,4.440892098501E-15));
#10124 = CARTESIAN_POINT('',(83.,0.));
#10125 = ( GEOMETRIC_REPRESENTATION_CONTEXT(2) 
PARAMETRIC_REPRESENTATION_CONTEXT() REPRESENTATION_CONTEXT('2D SPACE',''
  ) );
#10126 = ORIENTED_EDGE('',*,*,#10127,.F.);
#10127 = EDGE_CURVE('',#10128,#10100,#10130,.T.);
#10128 = VERTEX_POINT('',#10129);
#10129 = CARTESIAN_POINT('',(44.,-30.,-19.));
#10130 = SURFACE_CURVE('',#10131,(#10135,#10142),.PCURVE_S1.);
#10131 = LINE('',#10132,#10133);
#10132 = CARTESIAN_POINT('',(44.,-30.,-19.));
#10133 = VECTOR('',#10134,1.);
#10134 = DIRECTION('',(0.,0.,1.));
#10135 = PCURVE('',#9956,#10136);
#10136 = DEFINITIONAL_REPRESENTATION('',(#10137),#10141);
#10137 = LINE('',#10138,#10139);
#10138 = CARTESIAN_POINT('',(4.712388980385,0.));
#10139 = VECTOR('',#10140,1.);
#10140 = DIRECTION('',(-0.,1.));
#10141 = ( GEOMETRIC_REPRESENTATION_CONTEXT(2) 
PARAMETRIC_REPRESENTATION_CONTEXT() REPRESENTATION_CONTEXT('2D SPACE',''
  ) );
#10142 = PCURVE('',#10143,#10148);
#10143 = PLANE('',#10144);
#10144 = AXIS2_PLACEMENT_3D('',#10145,#10146,#10147);
#10145 = CARTESIAN_POINT('',(-39.,-30.,-19.));
#10146 = DIRECTION('',(0.,1.,0.));
#10147 = DIRECTION('',(0.,-0.,1.));
#10148 = DEFINITIONAL_REPRESENTATION('',(#10149),#10153);
#10149 = LINE('',#10150,#10151);
#10150 = CARTESIAN_POINT('',(0.,83.));
#10151 = VECTOR('',#10152,1.);
#10152 = DIRECTION('',(1.,0.));
#10153 = ( GEOMETRIC_REPRESENTATION_CONTEXT(2) 
PARAMETRIC_REPRESENTATION_CONTEXT() REPRESENTATION_CONTEXT('2D SPACE',''
  ) );
#10154 = ORIENTED_EDGE('',*,*,#10155,.F.);
#10155 = EDGE_CURVE('',#9941,#10128,#10156,.T.);
#10156 = SURFACE_CURVE('',#10157,(#10162,#10169),.PCURVE_S1.);
#10157 = CIRCLE('',#10158,3.);
#10158 = AXIS2_PLACEMENT_3D('',#10159,#10160,#10161);
#10159 = CARTESIAN_POINT('',(44.,-27.,-19.));
#10160 = DIRECTION('',(-0.,-0.,-1.));
#10161 = DIRECTION('',(0.,-1.,0.));
#10162 = PCURVE('',#9956,#10163);
#10163 = DEFINITIONAL_REPRESENTATION('',(#10164),#10168);
#10164 = LINE('',#10165,#10166);
#10165 = CARTESIAN_POINT('',(10.995574287565,0.));
#10166 = VECTOR('',#10167,1.);
#10167 = DIRECTION('',(-1.,0.));
#10168 = ( GEOMETRIC_REPRESENTATION_CONTEXT(2) 
PARAMETRIC_REPRESENTATION_CONTEXT() REPRESENTATION_CONTEXT('2D SPACE',''
  ) );
#10169 = PCURVE('',#9636,#10170);
#10170 = DEFINITIONAL_REPRESENTATION('',(#10171),#10179);
#10171 = ( BOUNDED_CURVE() B_SPLINE_CURVE(2,(#10172,#10173,#10174,#10175
    ,#10176,#10177,#10178),.UNSPECIFIED.,.T.,.F.) 
B_SPLINE_CURVE_WITH_KNOTS((1,2,2,2,2,1),(-2.094395102393,0.,
    2.094395102393,4.188790204786,6.28318530718,8.377580409573),
.UNSPECIFIED.) CURVE() GEOMETRIC_REPRESENTATION_ITEM() 
RATIONAL_B_SPLINE_CURVE((1.,0.5,1.,0.5,1.,0.5,1.)) REPRESENTATION_ITEM(
  '') );
#10172 = CARTESIAN_POINT('',(83.,0.));
#10173 = CARTESIAN_POINT('',(77.803847577293,0.));
#10174 = CARTESIAN_POINT('',(80.401923788647,4.5));
#10175 = CARTESIAN_POINT('',(83.,9.));
#10176 = CARTESIAN_POINT('',(85.598076211353,4.5));
#10177 = CARTESIAN_POINT('',(88.196152422707,4.440892098501E-15));
#10178 = CARTESIAN_POINT('',(83.,0.));
#10179 = ( GEOMETRIC_REPRESENTATION_CONTEXT(2) 
PARAMETRIC_REPRESENTATION_CONTEXT() REPRESENTATION_CONTEXT('2D SPACE',''
  ) );
#10180 = ADVANCED_FACE('',(#10181),#10143,.F.);
#10181 = FACE_BOUND('',#10182,.F.);
#10182 = EDGE_LOOP('',(#10183,#10206,#10229,#10250));
#10183 = ORIENTED_EDGE('',*,*,#10184,.F.);
#10184 = EDGE_CURVE('',#10185,#10128,#10187,.T.);
#10185 = VERTEX_POINT('',#10186);
#10186 = CARTESIAN_POINT('',(-36.,-30.,-19.));
#10187 = SURFACE_CURVE('',#10188,(#10192,#10199),.PCURVE_S1.);
#10188 = LINE('',#10189,#10190);
#10189 = CARTESIAN_POINT('',(-39.,-30.,-19.));
#10190 = VECTOR('',#10191,1.);
#10191 = DIRECTION('',(1.,0.,0.));
#10192 = PCURVE('',#10143,#10193);
#10193 = DEFINITIONAL_REPRESENTATION('',(#10194),#10198);
#10194 = LINE('',#10195,#10196);
#10195 = CARTESIAN_POINT('',(0.,0.));
#10196 = VECTOR('',#10197,1.);
#10197 = DIRECTION('',(0.,1.));
#10198 = ( GEOMETRIC_REPRESENTATION_CONTEXT(2) 
PARAMETRIC_REPRESENTATION_CONTEXT() REPRESENTATION_CONTEXT('2D SPACE',''
  ) );
#10199 = PCURVE('',#9636,#10200);
#10200 = DEFINITIONAL_REPRESENTATION('',(#10201),#10205);
#10201 = LINE('',#10202,#10203);
#10202 = CARTESIAN_POINT('',(0.,0.));
#10203 = VECTOR('',#10204,1.);
#10204 = DIRECTION('',(1.,0.));
#10205 = ( GEOMETRIC_REPRESENTATION_CONTEXT(2) 
PARAMETRIC_REPRESENTATION_CONTEXT() REPRESENTATION_CONTEXT('2D SPACE',''
  ) );
#10206 = ORIENTED_EDGE('',*,*,#10207,.T.);
#10207 = EDGE_CURVE('',#10185,#10208,#10210,.T.);
#10208 = VERTEX_POINT('',#10209);
#10209 = CARTESIAN_POINT('',(-36.,-30.,-16.));
#10210 = SURFACE_CURVE('',#10211,(#10215,#10222),.PCURVE_S1.);
#10211 = LINE('',#10212,#10213);
#10212 = CARTESIAN_POINT('',(-36.,-30.,-19.));
#10213 = VECTOR('',#10214,1.);
#10214 = DIRECTION('',(0.,0.,1.));
#10215 = PCURVE('',#10143,#10216);
#10216 = DEFINITIONAL_REPRESENTATION('',(#10217),#10221);
#10217 = LINE('',#10218,#10219);
#10218 = CARTESIAN_POINT('',(0.,3.));
#10219 = VECTOR('',#10220,1.);
#10220 = DIRECTION('',(1.,0.));
#10221 = ( GEOMETRIC_REPRESENTATION_CONTEXT(2) 
PARAMETRIC_REPRESENTATION_CONTEXT() REPRESENTATION_CONTEXT('2D SPACE',''
  ) );
#10222 = PCURVE('',#9608,#10223);
#10223 = DEFINITIONAL_REPRESENTATION('',(#10224),#10228);
#10224 = LINE('',#10225,#10226);
#10225 = CARTESIAN_POINT('',(1.570796326795,0.));
#10226 = VECTOR('',#10227,1.);
#10227 = DIRECTION('',(0.,1.));
#10228 = ( GEOMETRIC_REPRESENTATION_CONTEXT(2) 
PARAMETRIC_REPRESENTATION_CONTEXT() REPRESENTATION_CONTEXT('2D SPACE',''
  ) );
#10229 = ORIENTED_EDGE('',*,*,#10230,.T.);
#10230 = EDGE_CURVE('',#10208,#10100,#10231,.T.);
#10231 = SURFACE_CURVE('',#10232,(#10236,#10243),.PCURVE_S1.);
#10232 = LINE('',#10233,#10234);
#10233 = CARTESIAN_POINT('',(-39.,-30.,-16.));
#10234 = VECTOR('',#10235,1.);
#10235 = DIRECTION('',(1.,0.,0.));
#10236 = PCURVE('',#10143,#10237);
#10237 = DEFINITIONAL_REPRESENTATION('',(#10238),#10242);
#10238 = LINE('',#10239,#10240);
#10239 = CARTESIAN_POINT('',(3.,0.));
#10240 = VECTOR('',#10241,1.);
#10241 = DIRECTION('',(0.,1.));
#10242 = ( GEOMETRIC_REPRESENTATION_CONTEXT(2) 
PARAMETRIC_REPRESENTATION_CONTEXT() REPRESENTATION_CONTEXT('2D SPACE',''
  ) );
#10243 = PCURVE('',#9580,#10244);
#10244 = DEFINITIONAL_REPRESENTATION('',(#10245),#10249);
#10245 = LINE('',#10246,#10247);
#10246 = CARTESIAN_POINT('',(0.,0.));
#10247 = VECTOR('',#10248,1.);
#10248 = DIRECTION('',(1.,0.));
#10249 = ( GEOMETRIC_REPRESENTATION_CONTEXT(2) 
PARAMETRIC_REPRESENTATION_CONTEXT() REPRESENTATION_CONTEXT('2D SPACE',''
  ) );
#10250 = ORIENTED_EDGE('',*,*,#10127,.F.);
#10251 = ADVANCED_FACE('',(#10252),#10007,.F.);
#10252 = FACE_BOUND('',#10253,.F.);
#10253 = EDGE_LOOP('',(#10254,#10255,#10279,#10307));
#10254 = ORIENTED_EDGE('',*,*,#9991,.T.);
#10255 = ORIENTED_EDGE('',*,*,#10256,.F.);
#10256 = EDGE_CURVE('',#10257,#9992,#10259,.T.);
#10257 = VERTEX_POINT('',#10258);
#10258 = CARTESIAN_POINT('',(44.,-9.8,-18.));
#10259 = SURFACE_CURVE('',#10260,(#10265,#10272),.PCURVE_S1.);
#10260 = CIRCLE('',#10261,3.8);
#10261 = AXIS2_PLACEMENT_3D('',#10262,#10263,#10264);
#10262 = CARTESIAN_POINT('',(44.,-6.,-18.));
#10263 = DIRECTION('',(0.,0.,1.));
#10264 = DIRECTION('',(1.,0.,-0.));
#10265 = PCURVE('',#10007,#10266);
#10266 = DEFINITIONAL_REPRESENTATION('',(#10267),#10271);
#10267 = LINE('',#10268,#10269);
#10268 = CARTESIAN_POINT('',(0.,1.01));
#10269 = VECTOR('',#10270,1.);
#10270 = DIRECTION('',(1.,0.));
#10271 = ( GEOMETRIC_REPRESENTATION_CONTEXT(2) 
PARAMETRIC_REPRESENTATION_CONTEXT() REPRESENTATION_CONTEXT('2D SPACE',''
  ) );
#10272 = PCURVE('',#10034,#10273);
#10273 = DEFINITIONAL_REPRESENTATION('',(#10274),#10278);
#10274 = CIRCLE('',#10275,3.8);
#10275 = AXIS2_PLACEMENT_2D('',#10276,#10277);
#10276 = CARTESIAN_POINT('',(0.,0.));
#10277 = DIRECTION('',(1.,0.));
#10278 = ( GEOMETRIC_REPRESENTATION_CONTEXT(2) 
PARAMETRIC_REPRESENTATION_CONTEXT() REPRESENTATION_CONTEXT('2D SPACE',''
  ) );
#10279 = ORIENTED_EDGE('',*,*,#10280,.F.);
#10280 = EDGE_CURVE('',#10281,#10257,#10283,.T.);
#10281 = VERTEX_POINT('',#10282);
#10282 = CARTESIAN_POINT('',(44.,-9.8,-19.));
#10283 = SURFACE_CURVE('',#10284,(#10288,#10295),.PCURVE_S1.);
#10284 = LINE('',#10285,#10286);
#10285 = CARTESIAN_POINT('',(44.,-9.8,-19.01));
#10286 = VECTOR('',#10287,1.);
#10287 = DIRECTION('',(0.,0.,1.));
#10288 = PCURVE('',#10007,#10289);
#10289 = DEFINITIONAL_REPRESENTATION('',(#10290),#10294);
#10290 = LINE('',#10291,#10292);
#10291 = CARTESIAN_POINT('',(4.712388980385,0.));
#10292 = VECTOR('',#10293,1.);
#10293 = DIRECTION('',(0.,1.));
#10294 = ( GEOMETRIC_REPRESENTATION_CONTEXT(2) 
PARAMETRIC_REPRESENTATION_CONTEXT() REPRESENTATION_CONTEXT('2D SPACE',''
  ) );
#10295 = PCURVE('',#10296,#10301);
#10296 = PLANE('',#10297);
#10297 = AXIS2_PLACEMENT_3D('',#10298,#10299,#10300);
#10298 = CARTESIAN_POINT('',(35.,-9.8,-19.01));
#10299 = DIRECTION('',(-0.,1.,0.));
#10300 = DIRECTION('',(0.,0.,1.));
#10301 = DEFINITIONAL_REPRESENTATION('',(#10302),#10306);
#10302 = LINE('',#10303,#10304);
#10303 = CARTESIAN_POINT('',(0.,9.));
#10304 = VECTOR('',#10305,1.);
#10305 = DIRECTION('',(1.,0.));
#10306 = ( GEOMETRIC_REPRESENTATION_CONTEXT(2) 
PARAMETRIC_REPRESENTATION_CONTEXT() REPRESENTATION_CONTEXT('2D SPACE',''
  ) );
#10307 = ORIENTED_EDGE('',*,*,#10308,.T.);
#10308 = EDGE_CURVE('',#10281,#9969,#10309,.T.);
#10309 = SURFACE_CURVE('',#10310,(#10315,#10322),.PCURVE_S1.);
#10310 = CIRCLE('',#10311,3.8);
#10311 = AXIS2_PLACEMENT_3D('',#10312,#10313,#10314);
#10312 = CARTESIAN_POINT('',(44.,-6.,-19.));
#10313 = DIRECTION('',(0.,0.,1.));
#10314 = DIRECTION('',(1.,0.,-0.));
#10315 = PCURVE('',#10007,#10316);
#10316 = DEFINITIONAL_REPRESENTATION('',(#10317),#10321);
#10317 = LINE('',#10318,#10319);
#10318 = CARTESIAN_POINT('',(0.,1.E-02));
#10319 = VECTOR('',#10320,1.);
#10320 = DIRECTION('',(1.,0.));
#10321 = ( GEOMETRIC_REPRESENTATION_CONTEXT(2) 
PARAMETRIC_REPRESENTATION_CONTEXT() REPRESENTATION_CONTEXT('2D SPACE',''
  ) );
#10322 = PCURVE('',#9636,#10323);
#10323 = DEFINITIONAL_REPRESENTATION('',(#10324),#10328);
#10324 = CIRCLE('',#10325,3.8);
#10325 = AXIS2_PLACEMENT_2D('',#10326,#10327);
#10326 = CARTESIAN_POINT('',(83.,24.));
#10327 = DIRECTION('',(1.,0.));
#10328 = ( GEOMETRIC_REPRESENTATION_CONTEXT(2) 
PARAMETRIC_REPRESENTATION_CONTEXT() REPRESENTATION_CONTEXT('2D SPACE',''
  ) );
#10329 = ADVANCED_FACE('',(#10330),#10296,.T.);
#10330 = FACE_BOUND('',#10331,.T.);
#10331 = EDGE_LOOP('',(#10332,#10333,#10356,#10384));
#10332 = ORIENTED_EDGE('',*,*,#10280,.F.);
#10333 = ORIENTED_EDGE('',*,*,#10334,.T.);
#10334 = EDGE_CURVE('',#10281,#10335,#10337,.T.);
#10335 = VERTEX_POINT('',#10336);
#10336 = CARTESIAN_POINT('',(35.,-9.8,-19.));
#10337 = SURFACE_CURVE('',#10338,(#10342,#10349),.PCURVE_S1.);
#10338 = LINE('',#10339,#10340);
#10339 = CARTESIAN_POINT('',(-2.,-9.8,-19.));
#10340 = VECTOR('',#10341,1.);
#10341 = DIRECTION('',(-1.,-0.,0.));
#10342 = PCURVE('',#10296,#10343);
#10343 = DEFINITIONAL_REPRESENTATION('',(#10344),#10348);
#10344 = LINE('',#10345,#10346);
#10345 = CARTESIAN_POINT('',(1.E-02,-37.));
#10346 = VECTOR('',#10347,1.);
#10347 = DIRECTION('',(0.,-1.));
#10348 = ( GEOMETRIC_REPRESENTATION_CONTEXT(2) 
PARAMETRIC_REPRESENTATION_CONTEXT() REPRESENTATION_CONTEXT('2D SPACE',''
  ) );
#10349 = PCURVE('',#9636,#10350);
#10350 = DEFINITIONAL_REPRESENTATION('',(#10351),#10355);
#10351 = LINE('',#10352,#10353);
#10352 = CARTESIAN_POINT('',(37.,20.2));
#10353 = VECTOR('',#10354,1.);
#10354 = DIRECTION('',(-1.,0.));
#10355 = ( GEOMETRIC_REPRESENTATION_CONTEXT(2) 
PARAMETRIC_REPRESENTATION_CONTEXT() REPRESENTATION_CONTEXT('2D SPACE',''
  ) );
#10356 = ORIENTED_EDGE('',*,*,#10357,.T.);
#10357 = EDGE_CURVE('',#10335,#10358,#10360,.T.);
#10358 = VERTEX_POINT('',#10359);
#10359 = CARTESIAN_POINT('',(35.,-9.8,-18.));
#10360 = SURFACE_CURVE('',#10361,(#10365,#10372),.PCURVE_S1.);
#10361 = LINE('',#10362,#10363);
#10362 = CARTESIAN_POINT('',(35.,-9.8,-19.01));
#10363 = VECTOR('',#10364,1.);
#10364 = DIRECTION('',(0.,0.,1.));
#10365 = PCURVE('',#10296,#10366);
#10366 = DEFINITIONAL_REPRESENTATION('',(#10367),#10371);
#10367 = LINE('',#10368,#10369);
#10368 = CARTESIAN_POINT('',(0.,0.));
#10369 = VECTOR('',#10370,1.);
#10370 = DIRECTION('',(1.,0.));
#10371 = ( GEOMETRIC_REPRESENTATION_CONTEXT(2) 
PARAMETRIC_REPRESENTATION_CONTEXT() REPRESENTATION_CONTEXT('2D SPACE',''
  ) );
#10372 = PCURVE('',#10373,#10378);
#10373 = CYLINDRICAL_SURFACE('',#10374,3.8);
#10374 = AXIS2_PLACEMENT_3D('',#10375,#10376,#10377);
#10375 = CARTESIAN_POINT('',(35.,-6.,-19.01));
#10376 = DIRECTION('',(0.,0.,1.));
#10377 = DIRECTION('',(1.,0.,-0.));
#10378 = DEFINITIONAL_REPRESENTATION('',(#10379),#10383);
#10379 = LINE('',#10380,#10381);
#10380 = CARTESIAN_POINT('',(4.712388980385,0.));
#10381 = VECTOR('',#10382,1.);
#10382 = DIRECTION('',(0.,1.));
#10383 = ( GEOMETRIC_REPRESENTATION_CONTEXT(2) 
PARAMETRIC_REPRESENTATION_CONTEXT() REPRESENTATION_CONTEXT('2D SPACE',''
  ) );
#10384 = ORIENTED_EDGE('',*,*,#10385,.T.);
#10385 = EDGE_CURVE('',#10358,#10257,#10386,.T.);
#10386 = SURFACE_CURVE('',#10387,(#10391,#10398),.PCURVE_S1.);
#10387 = LINE('',#10388,#10389);
#10388 = CARTESIAN_POINT('',(35.,-9.8,-18.));
#10389 = VECTOR('',#10390,1.);
#10390 = DIRECTION('',(1.,0.,-0.));
#10391 = PCURVE('',#10296,#10392);
#10392 = DEFINITIONAL_REPRESENTATION('',(#10393),#10397);
#10393 = LINE('',#10394,#10395);
#10394 = CARTESIAN_POINT('',(1.01,0.));
#10395 = VECTOR('',#10396,1.);
#10396 = DIRECTION('',(0.,1.));
#10397 = ( GEOMETRIC_REPRESENTATION_CONTEXT(2) 
PARAMETRIC_REPRESENTATION_CONTEXT() REPRESENTATION_CONTEXT('2D SPACE',''
  ) );
#10398 = PCURVE('',#10034,#10399);
#10399 = DEFINITIONAL_REPRESENTATION('',(#10400),#10404);
#10400 = LINE('',#10401,#10402);
#10401 = CARTESIAN_POINT('',(-9.,-3.8));
#10402 = VECTOR('',#10403,1.);
#10403 = DIRECTION('',(1.,0.));
#10404 = ( GEOMETRIC_REPRESENTATION_CONTEXT(2) 
PARAMETRIC_REPRESENTATION_CONTEXT() REPRESENTATION_CONTEXT('2D SPACE',''
  ) );
#10405 = ADVANCED_FACE('',(#10406),#10373,.F.);
#10406 = FACE_BOUND('',#10407,.F.);
#10407 = EDGE_LOOP('',(#10408,#10432,#10460,#10482));
#10408 = ORIENTED_EDGE('',*,*,#10409,.F.);
#10409 = EDGE_CURVE('',#10410,#10358,#10412,.T.);
#10410 = VERTEX_POINT('',#10411);
#10411 = CARTESIAN_POINT('',(35.,-2.2,-18.));
#10412 = SURFACE_CURVE('',#10413,(#10418,#10425),.PCURVE_S1.);
#10413 = CIRCLE('',#10414,3.8);
#10414 = AXIS2_PLACEMENT_3D('',#10415,#10416,#10417);
#10415 = CARTESIAN_POINT('',(35.,-6.,-18.));
#10416 = DIRECTION('',(0.,0.,1.));
#10417 = DIRECTION('',(1.,0.,-0.));
#10418 = PCURVE('',#10373,#10419);
#10419 = DEFINITIONAL_REPRESENTATION('',(#10420),#10424);
#10420 = LINE('',#10421,#10422);
#10421 = CARTESIAN_POINT('',(0.,1.01));
#10422 = VECTOR('',#10423,1.);
#10423 = DIRECTION('',(1.,0.));
#10424 = ( GEOMETRIC_REPRESENTATION_CONTEXT(2) 
PARAMETRIC_REPRESENTATION_CONTEXT() REPRESENTATION_CONTEXT('2D SPACE',''
  ) );
#10425 = PCURVE('',#10034,#10426);
#10426 = DEFINITIONAL_REPRESENTATION('',(#10427),#10431);
#10427 = CIRCLE('',#10428,3.8);
#10428 = AXIS2_PLACEMENT_2D('',#10429,#10430);
#10429 = CARTESIAN_POINT('',(-9.,0.));
#10430 = DIRECTION('',(1.,0.));
#10431 = ( GEOMETRIC_REPRESENTATION_CONTEXT(2) 
PARAMETRIC_REPRESENTATION_CONTEXT() REPRESENTATION_CONTEXT('2D SPACE',''
  ) );
#10432 = ORIENTED_EDGE('',*,*,#10433,.F.);
#10433 = EDGE_CURVE('',#10434,#10410,#10436,.T.);
#10434 = VERTEX_POINT('',#10435);
#10435 = CARTESIAN_POINT('',(35.,-2.2,-19.));
#10436 = SURFACE_CURVE('',#10437,(#10441,#10448),.PCURVE_S1.);
#10437 = LINE('',#10438,#10439);
#10438 = CARTESIAN_POINT('',(35.,-2.2,-19.01));
#10439 = VECTOR('',#10440,1.);
#10440 = DIRECTION('',(0.,0.,1.));
#10441 = PCURVE('',#10373,#10442);
#10442 = DEFINITIONAL_REPRESENTATION('',(#10443),#10447);
#10443 = LINE('',#10444,#10445);
#10444 = CARTESIAN_POINT('',(1.570796326795,0.));
#10445 = VECTOR('',#10446,1.);
#10446 = DIRECTION('',(0.,1.));
#10447 = ( GEOMETRIC_REPRESENTATION_CONTEXT(2) 
PARAMETRIC_REPRESENTATION_CONTEXT() REPRESENTATION_CONTEXT('2D SPACE',''
  ) );
#10448 = PCURVE('',#10449,#10454);
#10449 = PLANE('',#10450);
#10450 = AXIS2_PLACEMENT_3D('',#10451,#10452,#10453);
#10451 = CARTESIAN_POINT('',(35.,-2.2,-19.01));
#10452 = DIRECTION('',(-0.,1.,0.));
#10453 = DIRECTION('',(0.,0.,1.));
#10454 = DEFINITIONAL_REPRESENTATION('',(#10455),#10459);
#10455 = LINE('',#10456,#10457);
#10456 = CARTESIAN_POINT('',(0.,0.));
#10457 = VECTOR('',#10458,1.);
#10458 = DIRECTION('',(1.,0.));
#10459 = ( GEOMETRIC_REPRESENTATION_CONTEXT(2) 
PARAMETRIC_REPRESENTATION_CONTEXT() REPRESENTATION_CONTEXT('2D SPACE',''
  ) );
#10460 = ORIENTED_EDGE('',*,*,#10461,.T.);
#10461 = EDGE_CURVE('',#10434,#10335,#10462,.T.);
#10462 = SURFACE_CURVE('',#10463,(#10468,#10475),.PCURVE_S1.);
#10463 = CIRCLE('',#10464,3.8);
#10464 = AXIS2_PLACEMENT_3D('',#10465,#10466,#10467);
#10465 = CARTESIAN_POINT('',(35.,-6.,-19.));
#10466 = DIRECTION('',(0.,0.,1.));
#10467 = DIRECTION('',(1.,0.,-0.));
#10468 = PCURVE('',#10373,#10469);
#10469 = DEFINITIONAL_REPRESENTATION('',(#10470),#10474);
#10470 = LINE('',#10471,#10472);
#10471 = CARTESIAN_POINT('',(0.,1.E-02));
#10472 = VECTOR('',#10473,1.);
#10473 = DIRECTION('',(1.,0.));
#10474 = ( GEOMETRIC_REPRESENTATION_CONTEXT(2) 
PARAMETRIC_REPRESENTATION_CONTEXT() REPRESENTATION_CONTEXT('2D SPACE',''
  ) );
#10475 = PCURVE('',#9636,#10476);
#10476 = DEFINITIONAL_REPRESENTATION('',(#10477),#10481);
#10477 = CIRCLE('',#10478,3.8);
#10478 = AXIS2_PLACEMENT_2D('',#10479,#10480);
#10479 = CARTESIAN_POINT('',(74.,24.));
#10480 = DIRECTION('',(1.,0.));
#10481 = ( GEOMETRIC_REPRESENTATION_CONTEXT(2) 
PARAMETRIC_REPRESENTATION_CONTEXT() REPRESENTATION_CONTEXT('2D SPACE',''
  ) );
#10482 = ORIENTED_EDGE('',*,*,#10357,.T.);
#10483 = ADVANCED_FACE('',(#10484),#10449,.F.);
#10484 = FACE_BOUND('',#10485,.F.);
#10485 = EDGE_LOOP('',(#10486,#10511,#10532,#10533));
#10486 = ORIENTED_EDGE('',*,*,#10487,.F.);
#10487 = EDGE_CURVE('',#10488,#10490,#10492,.T.);
#10488 = VERTEX_POINT('',#10489);
#10489 = CARTESIAN_POINT('',(44.,-2.2,-19.));
#10490 = VERTEX_POINT('',#10491);
#10491 = CARTESIAN_POINT('',(44.,-2.2,-18.));
#10492 = SURFACE_CURVE('',#10493,(#10497,#10504),.PCURVE_S1.);
#10493 = LINE('',#10494,#10495);
#10494 = CARTESIAN_POINT('',(44.,-2.2,-19.01));
#10495 = VECTOR('',#10496,1.);
#10496 = DIRECTION('',(0.,0.,1.));
#10497 = PCURVE('',#10449,#10498);
#10498 = DEFINITIONAL_REPRESENTATION('',(#10499),#10503);
#10499 = LINE('',#10500,#10501);
#10500 = CARTESIAN_POINT('',(0.,9.));
#10501 = VECTOR('',#10502,1.);
#10502 = DIRECTION('',(1.,0.));
#10503 = ( GEOMETRIC_REPRESENTATION_CONTEXT(2) 
PARAMETRIC_REPRESENTATION_CONTEXT() REPRESENTATION_CONTEXT('2D SPACE',''
  ) );
#10504 = PCURVE('',#10062,#10505);
#10505 = DEFINITIONAL_REPRESENTATION('',(#10506),#10510);
#10506 = LINE('',#10507,#10508);
#10507 = CARTESIAN_POINT('',(1.570796326795,0.));
#10508 = VECTOR('',#10509,1.);
#10509 = DIRECTION('',(0.,1.));
#10510 = ( GEOMETRIC_REPRESENTATION_CONTEXT(2) 
PARAMETRIC_REPRESENTATION_CONTEXT() REPRESENTATION_CONTEXT('2D SPACE',''
  ) );
#10511 = ORIENTED_EDGE('',*,*,#10512,.T.);
#10512 = EDGE_CURVE('',#10488,#10434,#10513,.T.);
#10513 = SURFACE_CURVE('',#10514,(#10518,#10525),.PCURVE_S1.);
#10514 = LINE('',#10515,#10516);
#10515 = CARTESIAN_POINT('',(-2.,-2.2,-19.));
#10516 = VECTOR('',#10517,1.);
#10517 = DIRECTION('',(-1.,-0.,0.));
#10518 = PCURVE('',#10449,#10519);
#10519 = DEFINITIONAL_REPRESENTATION('',(#10520),#10524);
#10520 = LINE('',#10521,#10522);
#10521 = CARTESIAN_POINT('',(1.E-02,-37.));
#10522 = VECTOR('',#10523,1.);
#10523 = DIRECTION('',(0.,-1.));
#10524 = ( GEOMETRIC_REPRESENTATION_CONTEXT(2) 
PARAMETRIC_REPRESENTATION_CONTEXT() REPRESENTATION_CONTEXT('2D SPACE',''
  ) );
#10525 = PCURVE('',#9636,#10526);
#10526 = DEFINITIONAL_REPRESENTATION('',(#10527),#10531);
#10527 = LINE('',#10528,#10529);
#10528 = CARTESIAN_POINT('',(37.,27.8));
#10529 = VECTOR('',#10530,1.);
#10530 = DIRECTION('',(-1.,0.));
#10531 = ( GEOMETRIC_REPRESENTATION_CONTEXT(2) 
PARAMETRIC_REPRESENTATION_CONTEXT() REPRESENTATION_CONTEXT('2D SPACE',''
  ) );
#10532 = ORIENTED_EDGE('',*,*,#10433,.T.);
#10533 = ORIENTED_EDGE('',*,*,#10534,.T.);
#10534 = EDGE_CURVE('',#10410,#10490,#10535,.T.);
#10535 = SURFACE_CURVE('',#10536,(#10540,#10547),.PCURVE_S1.);
#10536 = LINE('',#10537,#10538);
#10537 = CARTESIAN_POINT('',(35.,-2.2,-18.));
#10538 = VECTOR('',#10539,1.);
#10539 = DIRECTION('',(1.,0.,-0.));
#10540 = PCURVE('',#10449,#10541);
#10541 = DEFINITIONAL_REPRESENTATION('',(#10542),#10546);
#10542 = LINE('',#10543,#10544);
#10543 = CARTESIAN_POINT('',(1.01,0.));
#10544 = VECTOR('',#10545,1.);
#10545 = DIRECTION('',(0.,1.));
#10546 = ( GEOMETRIC_REPRESENTATION_CONTEXT(2) 
PARAMETRIC_REPRESENTATION_CONTEXT() REPRESENTATION_CONTEXT('2D SPACE',''
  ) );
#10547 = PCURVE('',#10034,#10548);
#10548 = DEFINITIONAL_REPRESENTATION('',(#10549),#10553);
#10549 = LINE('',#10550,#10551);
#10550 = CARTESIAN_POINT('',(-9.,3.8));
#10551 = VECTOR('',#10552,1.);
#10552 = DIRECTION('',(1.,0.));
#10553 = ( GEOMETRIC_REPRESENTATION_CONTEXT(2) 
PARAMETRIC_REPRESENTATION_CONTEXT() REPRESENTATION_CONTEXT('2D SPACE',''
  ) );
#10554 = ADVANCED_FACE('',(#10555,#10584),#10034,.F.);
#10555 = FACE_BOUND('',#10556,.F.);
#10556 = EDGE_LOOP('',(#10557,#10579,#10580,#10581,#10582,#10583));
#10557 = ORIENTED_EDGE('',*,*,#10558,.T.);
#10558 = EDGE_CURVE('',#10019,#10490,#10559,.T.);
#10559 = SURFACE_CURVE('',#10560,(#10565,#10572),.PCURVE_S1.);
#10560 = CIRCLE('',#10561,3.8);
#10561 = AXIS2_PLACEMENT_3D('',#10562,#10563,#10564);
#10562 = CARTESIAN_POINT('',(44.,-6.,-18.));
#10563 = DIRECTION('',(0.,0.,1.));
#10564 = DIRECTION('',(1.,0.,-0.));
#10565 = PCURVE('',#10034,#10566);
#10566 = DEFINITIONAL_REPRESENTATION('',(#10567),#10571);
#10567 = CIRCLE('',#10568,3.8);
#10568 = AXIS2_PLACEMENT_2D('',#10569,#10570);
#10569 = CARTESIAN_POINT('',(0.,0.));
#10570 = DIRECTION('',(1.,0.));
#10571 = ( GEOMETRIC_REPRESENTATION_CONTEXT(2) 
PARAMETRIC_REPRESENTATION_CONTEXT() REPRESENTATION_CONTEXT('2D SPACE',''
  ) );
#10572 = PCURVE('',#10062,#10573);
#10573 = DEFINITIONAL_REPRESENTATION('',(#10574),#10578);
#10574 = LINE('',#10575,#10576);
#10575 = CARTESIAN_POINT('',(0.,1.01));
#10576 = VECTOR('',#10577,1.);
#10577 = DIRECTION('',(1.,0.));
#10578 = ( GEOMETRIC_REPRESENTATION_CONTEXT(2) 
PARAMETRIC_REPRESENTATION_CONTEXT() REPRESENTATION_CONTEXT('2D SPACE',''
  ) );
#10579 = ORIENTED_EDGE('',*,*,#10534,.F.);
#10580 = ORIENTED_EDGE('',*,*,#10409,.T.);
#10581 = ORIENTED_EDGE('',*,*,#10385,.T.);
#10582 = ORIENTED_EDGE('',*,*,#10256,.T.);
#10583 = ORIENTED_EDGE('',*,*,#10018,.F.);
#10584 = FACE_BOUND('',#10585,.F.);
#10585 = EDGE_LOOP('',(#10586));
#10586 = ORIENTED_EDGE('',*,*,#10587,.F.);
#10587 = EDGE_CURVE('',#10588,#10588,#10590,.T.);
#10588 = VERTEX_POINT('',#10589);
#10589 = CARTESIAN_POINT('',(36.15,-6.,-18.));
#10590 = SURFACE_CURVE('',#10591,(#10596,#10603),.PCURVE_S1.);
#10591 = CIRCLE('',#10592,1.15);
#10592 = AXIS2_PLACEMENT_3D('',#10593,#10594,#10595);
#10593 = CARTESIAN_POINT('',(35.,-6.,-18.));
#10594 = DIRECTION('',(0.,0.,1.));
#10595 = DIRECTION('',(1.,0.,-0.));
#10596 = PCURVE('',#10034,#10597);
#10597 = DEFINITIONAL_REPRESENTATION('',(#10598),#10602);
#10598 = CIRCLE('',#10599,1.15);
#10599 = AXIS2_PLACEMENT_2D('',#10600,#10601);
#10600 = CARTESIAN_POINT('',(-9.,0.));
#10601 = DIRECTION('',(1.,0.));
#10602 = ( GEOMETRIC_REPRESENTATION_CONTEXT(2) 
PARAMETRIC_REPRESENTATION_CONTEXT() REPRESENTATION_CONTEXT('2D SPACE',''
  ) );
#10603 = PCURVE('',#10604,#10609);
#10604 = CYLINDRICAL_SURFACE('',#10605,1.15);
#10605 = AXIS2_PLACEMENT_3D('',#10606,#10607,#10608);
#10606 = CARTESIAN_POINT('',(35.,-6.,-19.01));
#10607 = DIRECTION('',(0.,0.,1.));
#10608 = DIRECTION('',(1.,0.,-0.));
#10609 = DEFINITIONAL_REPRESENTATION('',(#10610),#10614);
#10610 = LINE('',#10611,#10612);
#10611 = CARTESIAN_POINT('',(0.,1.01));
#10612 = VECTOR('',#10613,1.);
#10613 = DIRECTION('',(1.,0.));
#10614 = ( GEOMETRIC_REPRESENTATION_CONTEXT(2) 
PARAMETRIC_REPRESENTATION_CONTEXT() REPRESENTATION_CONTEXT('2D SPACE',''
  ) );
#10615 = ADVANCED_FACE('',(#10616),#10604,.F.);
#10616 = FACE_BOUND('',#10617,.F.);
#10617 = EDGE_LOOP('',(#10618,#10619,#10642,#10669));
#10618 = ORIENTED_EDGE('',*,*,#10587,.T.);
#10619 = ORIENTED_EDGE('',*,*,#10620,.F.);
#10620 = EDGE_CURVE('',#10621,#10588,#10623,.T.);
#10621 = VERTEX_POINT('',#10622);
#10622 = CARTESIAN_POINT('',(36.15,-6.,-11.6));
#10623 = SEAM_CURVE('',#10624,(#10628,#10635),.PCURVE_S1.);
#10624 = LINE('',#10625,#10626);
#10625 = CARTESIAN_POINT('',(36.15,-6.,-11.6));
#10626 = VECTOR('',#10627,1.);
#10627 = DIRECTION('',(0.,0.,-1.));
#10628 = PCURVE('',#10604,#10629);
#10629 = DEFINITIONAL_REPRESENTATION('',(#10630),#10634);
#10630 = LINE('',#10631,#10632);
#10631 = CARTESIAN_POINT('',(6.28318530718,7.41));
#10632 = VECTOR('',#10633,1.);
#10633 = DIRECTION('',(-0.,-1.));
#10634 = ( GEOMETRIC_REPRESENTATION_CONTEXT(2) 
PARAMETRIC_REPRESENTATION_CONTEXT() REPRESENTATION_CONTEXT('2D SPACE',''
  ) );
#10635 = PCURVE('',#10604,#10636);
#10636 = DEFINITIONAL_REPRESENTATION('',(#10637),#10641);
#10637 = LINE('',#10638,#10639);
#10638 = CARTESIAN_POINT('',(4.138911435803E-13,7.41));
#10639 = VECTOR('',#10640,1.);
#10640 = DIRECTION('',(-0.,-1.));
#10641 = ( GEOMETRIC_REPRESENTATION_CONTEXT(2) 
PARAMETRIC_REPRESENTATION_CONTEXT() REPRESENTATION_CONTEXT('2D SPACE',''
  ) );
#10642 = ORIENTED_EDGE('',*,*,#10643,.F.);
#10643 = EDGE_CURVE('',#10621,#10621,#10644,.T.);
#10644 = SURFACE_CURVE('',#10645,(#10650,#10657),.PCURVE_S1.);
#10645 = CIRCLE('',#10646,1.15);
#10646 = AXIS2_PLACEMENT_3D('',#10647,#10648,#10649);
#10647 = CARTESIAN_POINT('',(35.,-6.,-11.6));
#10648 = DIRECTION('',(0.,0.,1.));
#10649 = DIRECTION('',(1.,0.,-0.));
#10650 = PCURVE('',#10604,#10651);
#10651 = DEFINITIONAL_REPRESENTATION('',(#10652),#10656);
#10652 = LINE('',#10653,#10654);
#10653 = CARTESIAN_POINT('',(0.,7.41));
#10654 = VECTOR('',#10655,1.);
#10655 = DIRECTION('',(1.,0.));
#10656 = ( GEOMETRIC_REPRESENTATION_CONTEXT(2) 
PARAMETRIC_REPRESENTATION_CONTEXT() REPRESENTATION_CONTEXT('2D SPACE',''
  ) );
#10657 = PCURVE('',#10658,#10663);
#10658 = PLANE('',#10659);
#10659 = AXIS2_PLACEMENT_3D('',#10660,#10661,#10662);
#10660 = CARTESIAN_POINT('',(31.,-10.,-11.6));
#10661 = DIRECTION('',(0.,0.,1.));
#10662 = DIRECTION('',(1.,0.,-0.));
#10663 = DEFINITIONAL_REPRESENTATION('',(#10664),#10668);
#10664 = CIRCLE('',#10665,1.15);
#10665 = AXIS2_PLACEMENT_2D('',#10666,#10667);
#10666 = CARTESIAN_POINT('',(4.,4.));
#10667 = DIRECTION('',(1.,0.));
#10668 = ( GEOMETRIC_REPRESENTATION_CONTEXT(2) 
PARAMETRIC_REPRESENTATION_CONTEXT() REPRESENTATION_CONTEXT('2D SPACE',''
  ) );
#10669 = ORIENTED_EDGE('',*,*,#10620,.T.);
#10670 = ADVANCED_FACE('',(#10671,#10785),#10658,.T.);
#10671 = FACE_BOUND('',#10672,.T.);
#10672 = EDGE_LOOP('',(#10673,#10703,#10731,#10759));
#10673 = ORIENTED_EDGE('',*,*,#10674,.F.);
#10674 = EDGE_CURVE('',#10675,#10677,#10679,.T.);
#10675 = VERTEX_POINT('',#10676);
#10676 = CARTESIAN_POINT('',(31.,-10.,-11.6));
#10677 = VERTEX_POINT('',#10678);
#10678 = CARTESIAN_POINT('',(31.,-2.,-11.6));
#10679 = SURFACE_CURVE('',#10680,(#10684,#10691),.PCURVE_S1.);
#10680 = LINE('',#10681,#10682);
#10681 = CARTESIAN_POINT('',(31.,-10.,-11.6));
#10682 = VECTOR('',#10683,1.);
#10683 = DIRECTION('',(-0.,1.,0.));
#10684 = PCURVE('',#10658,#10685);
#10685 = DEFINITIONAL_REPRESENTATION('',(#10686),#10690);
#10686 = LINE('',#10687,#10688);
#10687 = CARTESIAN_POINT('',(0.,0.));
#10688 = VECTOR('',#10689,1.);
#10689 = DIRECTION('',(0.,1.));
#10690 = ( GEOMETRIC_REPRESENTATION_CONTEXT(2) 
PARAMETRIC_REPRESENTATION_CONTEXT() REPRESENTATION_CONTEXT('2D SPACE',''
  ) );
#10691 = PCURVE('',#10692,#10697);
#10692 = PLANE('',#10693);
#10693 = AXIS2_PLACEMENT_3D('',#10694,#10695,#10696);
#10694 = CARTESIAN_POINT('',(31.,-10.,-16.01));
#10695 = DIRECTION('',(1.,0.,-0.));
#10696 = DIRECTION('',(0.,0.,1.));
#10697 = DEFINITIONAL_REPRESENTATION('',(#10698),#10702);
#10698 = LINE('',#10699,#10700);
#10699 = CARTESIAN_POINT('',(4.41,0.));
#10700 = VECTOR('',#10701,1.);
#10701 = DIRECTION('',(0.,-1.));
#10702 = ( GEOMETRIC_REPRESENTATION_CONTEXT(2) 
PARAMETRIC_REPRESENTATION_CONTEXT() REPRESENTATION_CONTEXT('2D SPACE',''
  ) );
#10703 = ORIENTED_EDGE('',*,*,#10704,.T.);
#10704 = EDGE_CURVE('',#10675,#10705,#10707,.T.);
#10705 = VERTEX_POINT('',#10706);
#10706 = CARTESIAN_POINT('',(39.,-10.,-11.6));
#10707 = SURFACE_CURVE('',#10708,(#10712,#10719),.PCURVE_S1.);
#10708 = LINE('',#10709,#10710);
#10709 = CARTESIAN_POINT('',(31.,-10.,-11.6));
#10710 = VECTOR('',#10711,1.);
#10711 = DIRECTION('',(1.,0.,-0.));
#10712 = PCURVE('',#10658,#10713);
#10713 = DEFINITIONAL_REPRESENTATION('',(#10714),#10718);
#10714 = LINE('',#10715,#10716);
#10715 = CARTESIAN_POINT('',(0.,0.));
#10716 = VECTOR('',#10717,1.);
#10717 = DIRECTION('',(1.,0.));
#10718 = ( GEOMETRIC_REPRESENTATION_CONTEXT(2) 
PARAMETRIC_REPRESENTATION_CONTEXT() REPRESENTATION_CONTEXT('2D SPACE',''
  ) );
#10719 = PCURVE('',#10720,#10725);
#10720 = PLANE('',#10721);
#10721 = AXIS2_PLACEMENT_3D('',#10722,#10723,#10724);
#10722 = CARTESIAN_POINT('',(31.,-10.,-16.01));
#10723 = DIRECTION('',(-0.,1.,0.));
#10724 = DIRECTION('',(0.,0.,1.));
#10725 = DEFINITIONAL_REPRESENTATION('',(#10726),#10730);
#10726 = LINE('',#10727,#10728);
#10727 = CARTESIAN_POINT('',(4.41,0.));
#10728 = VECTOR('',#10729,1.);
#10729 = DIRECTION('',(0.,1.));
#10730 = ( GEOMETRIC_REPRESENTATION_CONTEXT(2) 
PARAMETRIC_REPRESENTATION_CONTEXT() REPRESENTATION_CONTEXT('2D SPACE',''
  ) );
#10731 = ORIENTED_EDGE('',*,*,#10732,.T.);
#10732 = EDGE_CURVE('',#10705,#10733,#10735,.T.);
#10733 = VERTEX_POINT('',#10734);
#10734 = CARTESIAN_POINT('',(39.,-2.,-11.6));
#10735 = SURFACE_CURVE('',#10736,(#10740,#10747),.PCURVE_S1.);
#10736 = LINE('',#10737,#10738);
#10737 = CARTESIAN_POINT('',(39.,-10.,-11.6));
#10738 = VECTOR('',#10739,1.);
#10739 = DIRECTION('',(-0.,1.,0.));
#10740 = PCURVE('',#10658,#10741);
#10741 = DEFINITIONAL_REPRESENTATION('',(#10742),#10746);
#10742 = LINE('',#10743,#10744);
#10743 = CARTESIAN_POINT('',(8.,0.));
#10744 = VECTOR('',#10745,1.);
#10745 = DIRECTION('',(0.,1.));
#10746 = ( GEOMETRIC_REPRESENTATION_CONTEXT(2) 
PARAMETRIC_REPRESENTATION_CONTEXT() REPRESENTATION_CONTEXT('2D SPACE',''
  ) );
#10747 = PCURVE('',#10748,#10753);
#10748 = PLANE('',#10749);
#10749 = AXIS2_PLACEMENT_3D('',#10750,#10751,#10752);
#10750 = CARTESIAN_POINT('',(39.,-10.,-16.01));
#10751 = DIRECTION('',(1.,0.,-0.));
#10752 = DIRECTION('',(0.,0.,1.));
#10753 = DEFINITIONAL_REPRESENTATION('',(#10754),#10758);
#10754 = LINE('',#10755,#10756);
#10755 = CARTESIAN_POINT('',(4.41,0.));
#10756 = VECTOR('',#10757,1.);
#10757 = DIRECTION('',(0.,-1.));
#10758 = ( GEOMETRIC_REPRESENTATION_CONTEXT(2) 
PARAMETRIC_REPRESENTATION_CONTEXT() REPRESENTATION_CONTEXT('2D SPACE',''
  ) );
#10759 = ORIENTED_EDGE('',*,*,#10760,.F.);
#10760 = EDGE_CURVE('',#10677,#10733,#10761,.T.);
#10761 = SURFACE_CURVE('',#10762,(#10766,#10773),.PCURVE_S1.);
#10762 = LINE('',#10763,#10764);
#10763 = CARTESIAN_POINT('',(31.,-2.,-11.6));
#10764 = VECTOR('',#10765,1.);
#10765 = DIRECTION('',(1.,0.,-0.));
#10766 = PCURVE('',#10658,#10767);
#10767 = DEFINITIONAL_REPRESENTATION('',(#10768),#10772);
#10768 = LINE('',#10769,#10770);
#10769 = CARTESIAN_POINT('',(0.,8.));
#10770 = VECTOR('',#10771,1.);
#10771 = DIRECTION('',(1.,0.));
#10772 = ( GEOMETRIC_REPRESENTATION_CONTEXT(2) 
PARAMETRIC_REPRESENTATION_CONTEXT() REPRESENTATION_CONTEXT('2D SPACE',''
  ) );
#10773 = PCURVE('',#10774,#10779);
#10774 = PLANE('',#10775);
#10775 = AXIS2_PLACEMENT_3D('',#10776,#10777,#10778);
#10776 = CARTESIAN_POINT('',(31.,-2.,-16.01));
#10777 = DIRECTION('',(-0.,1.,0.));
#10778 = DIRECTION('',(0.,0.,1.));
#10779 = DEFINITIONAL_REPRESENTATION('',(#10780),#10784);
#10780 = LINE('',#10781,#10782);
#10781 = CARTESIAN_POINT('',(4.41,0.));
#10782 = VECTOR('',#10783,1.);
#10783 = DIRECTION('',(0.,1.));
#10784 = ( GEOMETRIC_REPRESENTATION_CONTEXT(2) 
PARAMETRIC_REPRESENTATION_CONTEXT() REPRESENTATION_CONTEXT('2D SPACE',''
  ) );
#10785 = FACE_BOUND('',#10786,.T.);
#10786 = EDGE_LOOP('',(#10787));
#10787 = ORIENTED_EDGE('',*,*,#10643,.F.);
#10788 = ADVANCED_FACE('',(#10789),#10774,.T.);
#10789 = FACE_BOUND('',#10790,.T.);
#10790 = EDGE_LOOP('',(#10791,#10814,#10837,#10858));
#10791 = ORIENTED_EDGE('',*,*,#10792,.F.);
#10792 = EDGE_CURVE('',#10793,#10733,#10795,.T.);
#10793 = VERTEX_POINT('',#10794);
#10794 = CARTESIAN_POINT('',(39.,-2.,-16.));
#10795 = SURFACE_CURVE('',#10796,(#10800,#10807),.PCURVE_S1.);
#10796 = LINE('',#10797,#10798);
#10797 = CARTESIAN_POINT('',(39.,-2.,-16.01));
#10798 = VECTOR('',#10799,1.);
#10799 = DIRECTION('',(0.,0.,1.));
#10800 = PCURVE('',#10774,#10801);
#10801 = DEFINITIONAL_REPRESENTATION('',(#10802),#10806);
#10802 = LINE('',#10803,#10804);
#10803 = CARTESIAN_POINT('',(0.,8.));
#10804 = VECTOR('',#10805,1.);
#10805 = DIRECTION('',(1.,0.));
#10806 = ( GEOMETRIC_REPRESENTATION_CONTEXT(2) 
PARAMETRIC_REPRESENTATION_CONTEXT() REPRESENTATION_CONTEXT('2D SPACE',''
  ) );
#10807 = PCURVE('',#10748,#10808);
#10808 = DEFINITIONAL_REPRESENTATION('',(#10809),#10813);
#10809 = LINE('',#10810,#10811);
#10810 = CARTESIAN_POINT('',(0.,-8.));
#10811 = VECTOR('',#10812,1.);
#10812 = DIRECTION('',(1.,0.));
#10813 = ( GEOMETRIC_REPRESENTATION_CONTEXT(2) 
PARAMETRIC_REPRESENTATION_CONTEXT() REPRESENTATION_CONTEXT('2D SPACE',''
  ) );
#10814 = ORIENTED_EDGE('',*,*,#10815,.T.);
#10815 = EDGE_CURVE('',#10793,#10816,#10818,.T.);
#10816 = VERTEX_POINT('',#10817);
#10817 = CARTESIAN_POINT('',(31.,-2.,-16.));
#10818 = SURFACE_CURVE('',#10819,(#10823,#10830),.PCURVE_S1.);
#10819 = LINE('',#10820,#10821);
#10820 = CARTESIAN_POINT('',(-4.,-2.,-16.));
#10821 = VECTOR('',#10822,1.);
#10822 = DIRECTION('',(-1.,-0.,0.));
#10823 = PCURVE('',#10774,#10824);
#10824 = DEFINITIONAL_REPRESENTATION('',(#10825),#10829);
#10825 = LINE('',#10826,#10827);
#10826 = CARTESIAN_POINT('',(1.E-02,-35.));
#10827 = VECTOR('',#10828,1.);
#10828 = DIRECTION('',(0.,-1.));
#10829 = ( GEOMETRIC_REPRESENTATION_CONTEXT(2) 
PARAMETRIC_REPRESENTATION_CONTEXT() REPRESENTATION_CONTEXT('2D SPACE',''
  ) );
#10830 = PCURVE('',#9580,#10831);
#10831 = DEFINITIONAL_REPRESENTATION('',(#10832),#10836);
#10832 = LINE('',#10833,#10834);
#10833 = CARTESIAN_POINT('',(35.,28.));
#10834 = VECTOR('',#10835,1.);
#10835 = DIRECTION('',(-1.,0.));
#10836 = ( GEOMETRIC_REPRESENTATION_CONTEXT(2) 
PARAMETRIC_REPRESENTATION_CONTEXT() REPRESENTATION_CONTEXT('2D SPACE',''
  ) );
#10837 = ORIENTED_EDGE('',*,*,#10838,.T.);
#10838 = EDGE_CURVE('',#10816,#10677,#10839,.T.);
#10839 = SURFACE_CURVE('',#10840,(#10844,#10851),.PCURVE_S1.);
#10840 = LINE('',#10841,#10842);
#10841 = CARTESIAN_POINT('',(31.,-2.,-16.01));
#10842 = VECTOR('',#10843,1.);
#10843 = DIRECTION('',(0.,0.,1.));
#10844 = PCURVE('',#10774,#10845);
#10845 = DEFINITIONAL_REPRESENTATION('',(#10846),#10850);
#10846 = LINE('',#10847,#10848);
#10847 = CARTESIAN_POINT('',(0.,0.));
#10848 = VECTOR('',#10849,1.);
#10849 = DIRECTION('',(1.,0.));
#10850 = ( GEOMETRIC_REPRESENTATION_CONTEXT(2) 
PARAMETRIC_REPRESENTATION_CONTEXT() REPRESENTATION_CONTEXT('2D SPACE',''
  ) );
#10851 = PCURVE('',#10692,#10852);
#10852 = DEFINITIONAL_REPRESENTATION('',(#10853),#10857);
#10853 = LINE('',#10854,#10855);
#10854 = CARTESIAN_POINT('',(0.,-8.));
#10855 = VECTOR('',#10856,1.);
#10856 = DIRECTION('',(1.,0.));
#10857 = ( GEOMETRIC_REPRESENTATION_CONTEXT(2) 
PARAMETRIC_REPRESENTATION_CONTEXT() REPRESENTATION_CONTEXT('2D SPACE',''
  ) );
#10858 = ORIENTED_EDGE('',*,*,#10760,.T.);
#10859 = ADVANCED_FACE('',(#10860),#10748,.T.);
#10860 = FACE_BOUND('',#10861,.T.);
#10861 = EDGE_LOOP('',(#10862,#10885,#10906,#10907));
#10862 = ORIENTED_EDGE('',*,*,#10863,.F.);
#10863 = EDGE_CURVE('',#10864,#10705,#10866,.T.);
#10864 = VERTEX_POINT('',#10865);
#10865 = CARTESIAN_POINT('',(39.,-10.,-16.));
#10866 = SURFACE_CURVE('',#10867,(#10871,#10878),.PCURVE_S1.);
#10867 = LINE('',#10868,#10869);
#10868 = CARTESIAN_POINT('',(39.,-10.,-16.01));
#10869 = VECTOR('',#10870,1.);
#10870 = DIRECTION('',(0.,0.,1.));
#10871 = PCURVE('',#10748,#10872);
#10872 = DEFINITIONAL_REPRESENTATION('',(#10873),#10877);
#10873 = LINE('',#10874,#10875);
#10874 = CARTESIAN_POINT('',(0.,0.));
#10875 = VECTOR('',#10876,1.);
#10876 = DIRECTION('',(1.,0.));
#10877 = ( GEOMETRIC_REPRESENTATION_CONTEXT(2) 
PARAMETRIC_REPRESENTATION_CONTEXT() REPRESENTATION_CONTEXT('2D SPACE',''
  ) );
#10878 = PCURVE('',#10720,#10879);
#10879 = DEFINITIONAL_REPRESENTATION('',(#10880),#10884);
#10880 = LINE('',#10881,#10882);
#10881 = CARTESIAN_POINT('',(0.,8.));
#10882 = VECTOR('',#10883,1.);
#10883 = DIRECTION('',(1.,0.));
#10884 = ( GEOMETRIC_REPRESENTATION_CONTEXT(2) 
PARAMETRIC_REPRESENTATION_CONTEXT() REPRESENTATION_CONTEXT('2D SPACE',''
  ) );
#10885 = ORIENTED_EDGE('',*,*,#10886,.T.);
#10886 = EDGE_CURVE('',#10864,#10793,#10887,.T.);
#10887 = SURFACE_CURVE('',#10888,(#10892,#10899),.PCURVE_S1.);
#10888 = LINE('',#10889,#10890);
#10889 = CARTESIAN_POINT('',(39.,-20.,-16.));
#10890 = VECTOR('',#10891,1.);
#10891 = DIRECTION('',(-0.,1.,0.));
#10892 = PCURVE('',#10748,#10893);
#10893 = DEFINITIONAL_REPRESENTATION('',(#10894),#10898);
#10894 = LINE('',#10895,#10896);
#10895 = CARTESIAN_POINT('',(1.E-02,10.));
#10896 = VECTOR('',#10897,1.);
#10897 = DIRECTION('',(0.,-1.));
#10898 = ( GEOMETRIC_REPRESENTATION_CONTEXT(2) 
PARAMETRIC_REPRESENTATION_CONTEXT() REPRESENTATION_CONTEXT('2D SPACE',''
  ) );
#10899 = PCURVE('',#9580,#10900);
#10900 = DEFINITIONAL_REPRESENTATION('',(#10901),#10905);
#10901 = LINE('',#10902,#10903);
#10902 = CARTESIAN_POINT('',(78.,10.));
#10903 = VECTOR('',#10904,1.);
#10904 = DIRECTION('',(0.,1.));
#10905 = ( GEOMETRIC_REPRESENTATION_CONTEXT(2) 
PARAMETRIC_REPRESENTATION_CONTEXT() REPRESENTATION_CONTEXT('2D SPACE',''
  ) );
#10906 = ORIENTED_EDGE('',*,*,#10792,.T.);
#10907 = ORIENTED_EDGE('',*,*,#10732,.F.);
#10908 = ADVANCED_FACE('',(#10909),#10720,.F.);
#10909 = FACE_BOUND('',#10910,.F.);
#10910 = EDGE_LOOP('',(#10911,#10912,#10935,#10956));
#10911 = ORIENTED_EDGE('',*,*,#10863,.F.);
#10912 = ORIENTED_EDGE('',*,*,#10913,.T.);
#10913 = EDGE_CURVE('',#10864,#10914,#10916,.T.);
#10914 = VERTEX_POINT('',#10915);
#10915 = CARTESIAN_POINT('',(31.,-10.,-16.));
#10916 = SURFACE_CURVE('',#10917,(#10921,#10928),.PCURVE_S1.);
#10917 = LINE('',#10918,#10919);
#10918 = CARTESIAN_POINT('',(-4.,-10.,-16.));
#10919 = VECTOR('',#10920,1.);
#10920 = DIRECTION('',(-1.,-0.,0.));
#10921 = PCURVE('',#10720,#10922);
#10922 = DEFINITIONAL_REPRESENTATION('',(#10923),#10927);
#10923 = LINE('',#10924,#10925);
#10924 = CARTESIAN_POINT('',(1.E-02,-35.));
#10925 = VECTOR('',#10926,1.);
#10926 = DIRECTION('',(0.,-1.));
#10927 = ( GEOMETRIC_REPRESENTATION_CONTEXT(2) 
PARAMETRIC_REPRESENTATION_CONTEXT() REPRESENTATION_CONTEXT('2D SPACE',''
  ) );
#10928 = PCURVE('',#9580,#10929);
#10929 = DEFINITIONAL_REPRESENTATION('',(#10930),#10934);
#10930 = LINE('',#10931,#10932);
#10931 = CARTESIAN_POINT('',(35.,20.));
#10932 = VECTOR('',#10933,1.);
#10933 = DIRECTION('',(-1.,0.));
#10934 = ( GEOMETRIC_REPRESENTATION_CONTEXT(2) 
PARAMETRIC_REPRESENTATION_CONTEXT() REPRESENTATION_CONTEXT('2D SPACE',''
  ) );
#10935 = ORIENTED_EDGE('',*,*,#10936,.T.);
#10936 = EDGE_CURVE('',#10914,#10675,#10937,.T.);
#10937 = SURFACE_CURVE('',#10938,(#10942,#10949),.PCURVE_S1.);
#10938 = LINE('',#10939,#10940);
#10939 = CARTESIAN_POINT('',(31.,-10.,-16.01));
#10940 = VECTOR('',#10941,1.);
#10941 = DIRECTION('',(0.,0.,1.));
#10942 = PCURVE('',#10720,#10943);
#10943 = DEFINITIONAL_REPRESENTATION('',(#10944),#10948);
#10944 = LINE('',#10945,#10946);
#10945 = CARTESIAN_POINT('',(0.,0.));
#10946 = VECTOR('',#10947,1.);
#10947 = DIRECTION('',(1.,0.));
#10948 = ( GEOMETRIC_REPRESENTATION_CONTEXT(2) 
PARAMETRIC_REPRESENTATION_CONTEXT() REPRESENTATION_CONTEXT('2D SPACE',''
  ) );
#10949 = PCURVE('',#10692,#10950);
#10950 = DEFINITIONAL_REPRESENTATION('',(#10951),#10955);
#10951 = LINE('',#10952,#10953);
#10952 = CARTESIAN_POINT('',(0.,0.));
#10953 = VECTOR('',#10954,1.);
#10954 = DIRECTION('',(1.,0.));
#10955 = ( GEOMETRIC_REPRESENTATION_CONTEXT(2) 
PARAMETRIC_REPRESENTATION_CONTEXT() REPRESENTATION_CONTEXT('2D SPACE',''
  ) );
#10956 = ORIENTED_EDGE('',*,*,#10704,.T.);
#10957 = ADVANCED_FACE('',(#10958),#10692,.F.);
#10958 = FACE_BOUND('',#10959,.F.);
#10959 = EDGE_LOOP('',(#10960,#10961,#10982,#10983));
#10960 = ORIENTED_EDGE('',*,*,#10936,.F.);
#10961 = ORIENTED_EDGE('',*,*,#10962,.T.);
#10962 = EDGE_CURVE('',#10914,#10816,#10963,.T.);
#10963 = SURFACE_CURVE('',#10964,(#10968,#10975),.PCURVE_S1.);
#10964 = LINE('',#10965,#10966);
#10965 = CARTESIAN_POINT('',(31.,-20.,-16.));
#10966 = VECTOR('',#10967,1.);
#10967 = DIRECTION('',(-0.,1.,0.));
#10968 = PCURVE('',#10692,#10969);
#10969 = DEFINITIONAL_REPRESENTATION('',(#10970),#10974);
#10970 = LINE('',#10971,#10972);
#10971 = CARTESIAN_POINT('',(1.E-02,10.));
#10972 = VECTOR('',#10973,1.);
#10973 = DIRECTION('',(0.,-1.));
#10974 = ( GEOMETRIC_REPRESENTATION_CONTEXT(2) 
PARAMETRIC_REPRESENTATION_CONTEXT() REPRESENTATION_CONTEXT('2D SPACE',''
  ) );
#10975 = PCURVE('',#9580,#10976);
#10976 = DEFINITIONAL_REPRESENTATION('',(#10977),#10981);
#10977 = LINE('',#10978,#10979);
#10978 = CARTESIAN_POINT('',(70.,10.));
#10979 = VECTOR('',#10980,1.);
#10980 = DIRECTION('',(0.,1.));
#10981 = ( GEOMETRIC_REPRESENTATION_CONTEXT(2) 
PARAMETRIC_REPRESENTATION_CONTEXT() REPRESENTATION_CONTEXT('2D SPACE',''
  ) );
#10982 = ORIENTED_EDGE('',*,*,#10838,.T.);
#10983 = ORIENTED_EDGE('',*,*,#10674,.F.);
#10984 = ADVANCED_FACE('',(#10985),#10062,.F.);
#10985 = FACE_BOUND('',#10986,.F.);
#10986 = EDGE_LOOP('',(#10987,#10988,#10989,#11011));
#10987 = ORIENTED_EDGE('',*,*,#10558,.F.);
#10988 = ORIENTED_EDGE('',*,*,#10046,.F.);
#10989 = ORIENTED_EDGE('',*,*,#10990,.T.);
#10990 = EDGE_CURVE('',#10047,#10488,#10991,.T.);
#10991 = SURFACE_CURVE('',#10992,(#10997,#11004),.PCURVE_S1.);
#10992 = CIRCLE('',#10993,3.8);
#10993 = AXIS2_PLACEMENT_3D('',#10994,#10995,#10996);
#10994 = CARTESIAN_POINT('',(44.,-6.,-19.));
#10995 = DIRECTION('',(0.,0.,1.));
#10996 = DIRECTION('',(1.,0.,-0.));
#10997 = PCURVE('',#10062,#10998);
#10998 = DEFINITIONAL_REPRESENTATION('',(#10999),#11003);
#10999 = LINE('',#11000,#11001);
#11000 = CARTESIAN_POINT('',(0.,1.E-02));
#11001 = VECTOR('',#11002,1.);
#11002 = DIRECTION('',(1.,0.));
#11003 = ( GEOMETRIC_REPRESENTATION_CONTEXT(2) 
PARAMETRIC_REPRESENTATION_CONTEXT() REPRESENTATION_CONTEXT('2D SPACE',''
  ) );
#11004 = PCURVE('',#9636,#11005);
#11005 = DEFINITIONAL_REPRESENTATION('',(#11006),#11010);
#11006 = CIRCLE('',#11007,3.8);
#11007 = AXIS2_PLACEMENT_2D('',#11008,#11009);
#11008 = CARTESIAN_POINT('',(83.,24.));
#11009 = DIRECTION('',(1.,0.));
#11010 = ( GEOMETRIC_REPRESENTATION_CONTEXT(2) 
PARAMETRIC_REPRESENTATION_CONTEXT() REPRESENTATION_CONTEXT('2D SPACE',''
  ) );
#11011 = ORIENTED_EDGE('',*,*,#10487,.T.);
#11012 = ADVANCED_FACE('',(#11013,#11050,#11081,#11197,#11228,#11344,
    #11375,#11491,#11607),#9636,.F.);
#11013 = FACE_BOUND('',#11014,.F.);
#11014 = EDGE_LOOP('',(#11015,#11016,#11038,#11039,#11040,#11041,#11042,
    #11043,#11044,#11045,#11046,#11047,#11048,#11049));
#11015 = ORIENTED_EDGE('',*,*,#9620,.F.);
#11016 = ORIENTED_EDGE('',*,*,#11017,.T.);
#11017 = EDGE_CURVE('',#9593,#10185,#11018,.T.);
#11018 = SURFACE_CURVE('',#11019,(#11024,#11031),.PCURVE_S1.);
#11019 = CIRCLE('',#11020,3.);
#11020 = AXIS2_PLACEMENT_3D('',#11021,#11022,#11023);
#11021 = CARTESIAN_POINT('',(-36.,-27.,-19.));
#11022 = DIRECTION('',(0.,0.,1.));
#11023 = DIRECTION('',(0.,-1.,0.));
#11024 = PCURVE('',#9636,#11025);
#11025 = DEFINITIONAL_REPRESENTATION('',(#11026),#11030);
#11026 = CIRCLE('',#11027,3.);
#11027 = AXIS2_PLACEMENT_2D('',#11028,#11029);
#11028 = CARTESIAN_POINT('',(3.,3.));
#11029 = DIRECTION('',(0.,-1.));
#11030 = ( GEOMETRIC_REPRESENTATION_CONTEXT(2) 
PARAMETRIC_REPRESENTATION_CONTEXT() REPRESENTATION_CONTEXT('2D SPACE',''
  ) );
#11031 = PCURVE('',#9608,#11032);
#11032 = DEFINITIONAL_REPRESENTATION('',(#11033),#11037);
#11033 = LINE('',#11034,#11035);
#11034 = CARTESIAN_POINT('',(-4.712388980385,0.));
#11035 = VECTOR('',#11036,1.);
#11036 = DIRECTION('',(1.,0.));
#11037 = ( GEOMETRIC_REPRESENTATION_CONTEXT(2) 
PARAMETRIC_REPRESENTATION_CONTEXT() REPRESENTATION_CONTEXT('2D SPACE',''
  ) );
#11038 = ORIENTED_EDGE('',*,*,#10184,.T.);
#11039 = ORIENTED_EDGE('',*,*,#10155,.F.);
#11040 = ORIENTED_EDGE('',*,*,#9968,.T.);
#11041 = ORIENTED_EDGE('',*,*,#10308,.F.);
#11042 = ORIENTED_EDGE('',*,*,#10334,.T.);
#11043 = ORIENTED_EDGE('',*,*,#10461,.F.);
#11044 = ORIENTED_EDGE('',*,*,#10512,.F.);
#11045 = ORIENTED_EDGE('',*,*,#10990,.F.);
#11046 = ORIENTED_EDGE('',*,*,#10073,.T.);
#11047 = ORIENTED_EDGE('',*,*,#9839,.T.);
#11048 = ORIENTED_EDGE('',*,*,#9763,.F.);
#11049 = ORIENTED_EDGE('',*,*,#9734,.F.);
#11050 = FACE_BOUND('',#11051,.F.);
#11051 = EDGE_LOOP('',(#11052));
#11052 = ORIENTED_EDGE('',*,*,#11053,.F.);
#11053 = EDGE_CURVE('',#11054,#11054,#11056,.T.);
#11054 = VERTEX_POINT('',#11055);
#11055 = CARTESIAN_POINT('',(-32.85,-26.5,-19.));
#11056 = SURFACE_CURVE('',#11057,(#11062,#11069),.PCURVE_S1.);
#11057 = CIRCLE('',#11058,1.15);
#11058 = AXIS2_PLACEMENT_3D('',#11059,#11060,#11061);
#11059 = CARTESIAN_POINT('',(-34.,-26.5,-19.));
#11060 = DIRECTION('',(0.,0.,1.));
#11061 = DIRECTION('',(1.,0.,-0.));
#11062 = PCURVE('',#9636,#11063);
#11063 = DEFINITIONAL_REPRESENTATION('',(#11064),#11068);
#11064 = CIRCLE('',#11065,1.15);
#11065 = AXIS2_PLACEMENT_2D('',#11066,#11067);
#11066 = CARTESIAN_POINT('',(5.,3.5));
#11067 = DIRECTION('',(1.,0.));
#11068 = ( GEOMETRIC_REPRESENTATION_CONTEXT(2) 
PARAMETRIC_REPRESENTATION_CONTEXT() REPRESENTATION_CONTEXT('2D SPACE',''
  ) );
#11069 = PCURVE('',#11070,#11075);
#11070 = CYLINDRICAL_SURFACE('',#11071,1.15);
#11071 = AXIS2_PLACEMENT_3D('',#11072,#11073,#11074);
#11072 = CARTESIAN_POINT('',(-34.,-26.5,-19.5));
#11073 = DIRECTION('',(0.,0.,1.));
#11074 = DIRECTION('',(1.,0.,-0.));
#11075 = DEFINITIONAL_REPRESENTATION('',(#11076),#11080);
#11076 = LINE('',#11077,#11078);
#11077 = CARTESIAN_POINT('',(0.,0.5));
#11078 = VECTOR('',#11079,1.);
#11079 = DIRECTION('',(1.,0.));
#11080 = ( GEOMETRIC_REPRESENTATION_CONTEXT(2) 
PARAMETRIC_REPRESENTATION_CONTEXT() REPRESENTATION_CONTEXT('2D SPACE',''
  ) );
#11081 = FACE_BOUND('',#11082,.F.);
#11082 = EDGE_LOOP('',(#11083,#11114,#11142,#11171));
#11083 = ORIENTED_EDGE('',*,*,#11084,.F.);
#11084 = EDGE_CURVE('',#11085,#11087,#11089,.T.);
#11085 = VERTEX_POINT('',#11086);
#11086 = CARTESIAN_POINT('',(-11.09838667696,-25.4,-19.));
#11087 = VERTEX_POINT('',#11088);
#11088 = CARTESIAN_POINT('',(-11.09838667696,-18.6,-19.));
#11089 = SURFACE_CURVE('',#11090,(#11095,#11102),.PCURVE_S1.);
#11090 = CIRCLE('',#11091,4.6);
#11091 = AXIS2_PLACEMENT_3D('',#11092,#11093,#11094);
#11092 = CARTESIAN_POINT('',(-8.,-22.,-19.));
#11093 = DIRECTION('',(0.,0.,1.));
#11094 = DIRECTION('',(-0.67356232108,-0.739130434783,0.));
#11095 = PCURVE('',#9636,#11096);
#11096 = DEFINITIONAL_REPRESENTATION('',(#11097),#11101);
#11097 = CIRCLE('',#11098,4.6);
#11098 = AXIS2_PLACEMENT_2D('',#11099,#11100);
#11099 = CARTESIAN_POINT('',(31.,8.));
#11100 = DIRECTION('',(-0.67356232108,-0.739130434783));
#11101 = ( GEOMETRIC_REPRESENTATION_CONTEXT(2) 
PARAMETRIC_REPRESENTATION_CONTEXT() REPRESENTATION_CONTEXT('2D SPACE',''
  ) );
#11102 = PCURVE('',#11103,#11108);
#11103 = CYLINDRICAL_SURFACE('',#11104,4.6);
#11104 = AXIS2_PLACEMENT_3D('',#11105,#11106,#11107);
#11105 = CARTESIAN_POINT('',(-8.,-22.,-19.01));
#11106 = DIRECTION('',(0.,0.,1.));
#11107 = DIRECTION('',(1.,0.,-0.));
#11108 = DEFINITIONAL_REPRESENTATION('',(#11109),#11113);
#11109 = LINE('',#11110,#11111);
#11110 = CARTESIAN_POINT('',(3.973371101371,1.E-02));
#11111 = VECTOR('',#11112,1.);
#11112 = DIRECTION('',(1.,0.));
#11113 = ( GEOMETRIC_REPRESENTATION_CONTEXT(2) 
PARAMETRIC_REPRESENTATION_CONTEXT() REPRESENTATION_CONTEXT('2D SPACE',''
  ) );
#11114 = ORIENTED_EDGE('',*,*,#11115,.T.);
#11115 = EDGE_CURVE('',#11085,#11116,#11118,.T.);
#11116 = VERTEX_POINT('',#11117);
#11117 = CARTESIAN_POINT('',(-16.,-25.4,-19.));
#11118 = SURFACE_CURVE('',#11119,(#11123,#11130),.PCURVE_S1.);
#11119 = LINE('',#11120,#11121);
#11120 = CARTESIAN_POINT('',(-27.5,-25.4,-19.));
#11121 = VECTOR('',#11122,1.);
#11122 = DIRECTION('',(-1.,-0.,0.));
#11123 = PCURVE('',#9636,#11124);
#11124 = DEFINITIONAL_REPRESENTATION('',(#11125),#11129);
#11125 = LINE('',#11126,#11127);
#11126 = CARTESIAN_POINT('',(11.5,4.6));
#11127 = VECTOR('',#11128,1.);
#11128 = DIRECTION('',(-1.,0.));
#11129 = ( GEOMETRIC_REPRESENTATION_CONTEXT(2) 
PARAMETRIC_REPRESENTATION_CONTEXT() REPRESENTATION_CONTEXT('2D SPACE',''
  ) );
#11130 = PCURVE('',#11131,#11136);
#11131 = PLANE('',#11132);
#11132 = AXIS2_PLACEMENT_3D('',#11133,#11134,#11135);
#11133 = CARTESIAN_POINT('',(-16.,-25.4,-19.01));
#11134 = DIRECTION('',(-0.,1.,0.));
#11135 = DIRECTION('',(0.,0.,1.));
#11136 = DEFINITIONAL_REPRESENTATION('',(#11137),#11141);
#11137 = LINE('',#11138,#11139);
#11138 = CARTESIAN_POINT('',(1.E-02,-11.5));
#11139 = VECTOR('',#11140,1.);
#11140 = DIRECTION('',(0.,-1.));
#11141 = ( GEOMETRIC_REPRESENTATION_CONTEXT(2) 
PARAMETRIC_REPRESENTATION_CONTEXT() REPRESENTATION_CONTEXT('2D SPACE',''
  ) );
#11142 = ORIENTED_EDGE('',*,*,#11143,.F.);
#11143 = EDGE_CURVE('',#11144,#11116,#11146,.T.);
#11144 = VERTEX_POINT('',#11145);
#11145 = CARTESIAN_POINT('',(-16.,-18.6,-19.));
#11146 = SURFACE_CURVE('',#11147,(#11152,#11159),.PCURVE_S1.);
#11147 = CIRCLE('',#11148,3.4);
#11148 = AXIS2_PLACEMENT_3D('',#11149,#11150,#11151);
#11149 = CARTESIAN_POINT('',(-16.,-22.,-19.));
#11150 = DIRECTION('',(0.,0.,1.));
#11151 = DIRECTION('',(1.,0.,-0.));
#11152 = PCURVE('',#9636,#11153);
#11153 = DEFINITIONAL_REPRESENTATION('',(#11154),#11158);
#11154 = CIRCLE('',#11155,3.4);
#11155 = AXIS2_PLACEMENT_2D('',#11156,#11157);
#11156 = CARTESIAN_POINT('',(23.,8.));
#11157 = DIRECTION('',(1.,0.));
#11158 = ( GEOMETRIC_REPRESENTATION_CONTEXT(2) 
PARAMETRIC_REPRESENTATION_CONTEXT() REPRESENTATION_CONTEXT('2D SPACE',''
  ) );
#11159 = PCURVE('',#11160,#11165);
#11160 = CYLINDRICAL_SURFACE('',#11161,3.4);
#11161 = AXIS2_PLACEMENT_3D('',#11162,#11163,#11164);
#11162 = CARTESIAN_POINT('',(-16.,-22.,-19.01));
#11163 = DIRECTION('',(0.,0.,1.));
#11164 = DIRECTION('',(1.,0.,-0.));
#11165 = DEFINITIONAL_REPRESENTATION('',(#11166),#11170);
#11166 = LINE('',#11167,#11168);
#11167 = CARTESIAN_POINT('',(0.,1.E-02));
#11168 = VECTOR('',#11169,1.);
#11169 = DIRECTION('',(1.,0.));
#11170 = ( GEOMETRIC_REPRESENTATION_CONTEXT(2) 
PARAMETRIC_REPRESENTATION_CONTEXT() REPRESENTATION_CONTEXT('2D SPACE',''
  ) );
#11171 = ORIENTED_EDGE('',*,*,#11172,.F.);
#11172 = EDGE_CURVE('',#11087,#11144,#11173,.T.);
#11173 = SURFACE_CURVE('',#11174,(#11178,#11185),.PCURVE_S1.);
#11174 = LINE('',#11175,#11176);
#11175 = CARTESIAN_POINT('',(-27.5,-18.6,-19.));
#11176 = VECTOR('',#11177,1.);
#11177 = DIRECTION('',(-1.,-0.,0.));
#11178 = PCURVE('',#9636,#11179);
#11179 = DEFINITIONAL_REPRESENTATION('',(#11180),#11184);
#11180 = LINE('',#11181,#11182);
#11181 = CARTESIAN_POINT('',(11.5,11.4));
#11182 = VECTOR('',#11183,1.);
#11183 = DIRECTION('',(-1.,0.));
#11184 = ( GEOMETRIC_REPRESENTATION_CONTEXT(2) 
PARAMETRIC_REPRESENTATION_CONTEXT() REPRESENTATION_CONTEXT('2D SPACE',''
  ) );
#11185 = PCURVE('',#11186,#11191);
#11186 = PLANE('',#11187);
#11187 = AXIS2_PLACEMENT_3D('',#11188,#11189,#11190);
#11188 = CARTESIAN_POINT('',(-16.,-18.6,-19.01));
#11189 = DIRECTION('',(-0.,1.,0.));
#11190 = DIRECTION('',(0.,0.,1.));
#11191 = DEFINITIONAL_REPRESENTATION('',(#11192),#11196);
#11192 = LINE('',#11193,#11194);
#11193 = CARTESIAN_POINT('',(1.E-02,-11.5));
#11194 = VECTOR('',#11195,1.);
#11195 = DIRECTION('',(0.,-1.));
#11196 = ( GEOMETRIC_REPRESENTATION_CONTEXT(2) 
PARAMETRIC_REPRESENTATION_CONTEXT() REPRESENTATION_CONTEXT('2D SPACE',''
  ) );
#11197 = FACE_BOUND('',#11198,.F.);
#11198 = EDGE_LOOP('',(#11199));
#11199 = ORIENTED_EDGE('',*,*,#11200,.F.);
#11200 = EDGE_CURVE('',#11201,#11201,#11203,.T.);
#11201 = VERTEX_POINT('',#11202);
#11202 = CARTESIAN_POINT('',(37.15,-26.5,-19.));
#11203 = SURFACE_CURVE('',#11204,(#11209,#11216),.PCURVE_S1.);
#11204 = CIRCLE('',#11205,1.15);
#11205 = AXIS2_PLACEMENT_3D('',#11206,#11207,#11208);
#11206 = CARTESIAN_POINT('',(36.,-26.5,-19.));
#11207 = DIRECTION('',(0.,0.,1.));
#11208 = DIRECTION('',(1.,0.,-0.));
#11209 = PCURVE('',#9636,#11210);
#11210 = DEFINITIONAL_REPRESENTATION('',(#11211),#11215);
#11211 = CIRCLE('',#11212,1.15);
#11212 = AXIS2_PLACEMENT_2D('',#11213,#11214);
#11213 = CARTESIAN_POINT('',(75.,3.5));
#11214 = DIRECTION('',(1.,0.));
#11215 = ( GEOMETRIC_REPRESENTATION_CONTEXT(2) 
PARAMETRIC_REPRESENTATION_CONTEXT() REPRESENTATION_CONTEXT('2D SPACE',''
  ) );
#11216 = PCURVE('',#11217,#11222);
#11217 = CYLINDRICAL_SURFACE('',#11218,1.15);
#11218 = AXIS2_PLACEMENT_3D('',#11219,#11220,#11221);
#11219 = CARTESIAN_POINT('',(36.,-26.5,-19.5));
#11220 = DIRECTION('',(0.,0.,1.));
#11221 = DIRECTION('',(1.,0.,-0.));
#11222 = DEFINITIONAL_REPRESENTATION('',(#11223),#11227);
#11223 = LINE('',#11224,#11225);
#11224 = CARTESIAN_POINT('',(0.,0.5));
#11225 = VECTOR('',#11226,1.);
#11226 = DIRECTION('',(1.,0.));
#11227 = ( GEOMETRIC_REPRESENTATION_CONTEXT(2) 
PARAMETRIC_REPRESENTATION_CONTEXT() REPRESENTATION_CONTEXT('2D SPACE',''
  ) );
#11228 = FACE_BOUND('',#11229,.F.);
#11229 = EDGE_LOOP('',(#11230,#11261,#11289,#11318));
#11230 = ORIENTED_EDGE('',*,*,#11231,.F.);
#11231 = EDGE_CURVE('',#11232,#11234,#11236,.T.);
#11232 = VERTEX_POINT('',#11233);
#11233 = CARTESIAN_POINT('',(22.901613323034,-25.4,-19.));
#11234 = VERTEX_POINT('',#11235);
#11235 = CARTESIAN_POINT('',(22.901613323034,-18.6,-19.));
#11236 = SURFACE_CURVE('',#11237,(#11242,#11249),.PCURVE_S1.);
#11237 = CIRCLE('',#11238,4.6);
#11238 = AXIS2_PLACEMENT_3D('',#11239,#11240,#11241);
#11239 = CARTESIAN_POINT('',(26.,-22.,-19.));
#11240 = DIRECTION('',(0.,0.,1.));
#11241 = DIRECTION('',(-0.67356232108,-0.739130434783,0.));
#11242 = PCURVE('',#9636,#11243);
#11243 = DEFINITIONAL_REPRESENTATION('',(#11244),#11248);
#11244 = CIRCLE('',#11245,4.6);
#11245 = AXIS2_PLACEMENT_2D('',#11246,#11247);
#11246 = CARTESIAN_POINT('',(65.,8.));
#11247 = DIRECTION('',(-0.67356232108,-0.739130434783));
#11248 = ( GEOMETRIC_REPRESENTATION_CONTEXT(2) 
PARAMETRIC_REPRESENTATION_CONTEXT() REPRESENTATION_CONTEXT('2D SPACE',''
  ) );
#11249 = PCURVE('',#11250,#11255);
#11250 = CYLINDRICAL_SURFACE('',#11251,4.6);
#11251 = AXIS2_PLACEMENT_3D('',#11252,#11253,#11254);
#11252 = CARTESIAN_POINT('',(26.,-22.,-19.01));
#11253 = DIRECTION('',(0.,0.,1.));
#11254 = DIRECTION('',(1.,0.,-0.));
#11255 = DEFINITIONAL_REPRESENTATION('',(#11256),#11260);
#11256 = LINE('',#11257,#11258);
#11257 = CARTESIAN_POINT('',(3.973371101371,1.E-02));
#11258 = VECTOR('',#11259,1.);
#11259 = DIRECTION('',(1.,0.));
#11260 = ( GEOMETRIC_REPRESENTATION_CONTEXT(2) 
PARAMETRIC_REPRESENTATION_CONTEXT() REPRESENTATION_CONTEXT('2D SPACE',''
  ) );
#11261 = ORIENTED_EDGE('',*,*,#11262,.T.);
#11262 = EDGE_CURVE('',#11232,#11263,#11265,.T.);
#11263 = VERTEX_POINT('',#11264);
#11264 = CARTESIAN_POINT('',(18.,-25.4,-19.));
#11265 = SURFACE_CURVE('',#11266,(#11270,#11277),.PCURVE_S1.);
#11266 = LINE('',#11267,#11268);
#11267 = CARTESIAN_POINT('',(-10.5,-25.4,-19.));
#11268 = VECTOR('',#11269,1.);
#11269 = DIRECTION('',(-1.,-0.,0.));
#11270 = PCURVE('',#9636,#11271);
#11271 = DEFINITIONAL_REPRESENTATION('',(#11272),#11276);
#11272 = LINE('',#11273,#11274);
#11273 = CARTESIAN_POINT('',(28.5,4.6));
#11274 = VECTOR('',#11275,1.);
#11275 = DIRECTION('',(-1.,0.));
#11276 = ( GEOMETRIC_REPRESENTATION_CONTEXT(2) 
PARAMETRIC_REPRESENTATION_CONTEXT() REPRESENTATION_CONTEXT('2D SPACE',''
  ) );
#11277 = PCURVE('',#11278,#11283);
#11278 = PLANE('',#11279);
#11279 = AXIS2_PLACEMENT_3D('',#11280,#11281,#11282);
#11280 = CARTESIAN_POINT('',(18.,-25.4,-19.01));
#11281 = DIRECTION('',(-0.,1.,0.));
#11282 = DIRECTION('',(0.,0.,1.));
#11283 = DEFINITIONAL_REPRESENTATION('',(#11284),#11288);
#11284 = LINE('',#11285,#11286);
#11285 = CARTESIAN_POINT('',(1.E-02,-28.5));
#11286 = VECTOR('',#11287,1.);
#11287 = DIRECTION('',(0.,-1.));
#11288 = ( GEOMETRIC_REPRESENTATION_CONTEXT(2) 
PARAMETRIC_REPRESENTATION_CONTEXT() REPRESENTATION_CONTEXT('2D SPACE',''
  ) );
#11289 = ORIENTED_EDGE('',*,*,#11290,.F.);
#11290 = EDGE_CURVE('',#11291,#11263,#11293,.T.);
#11291 = VERTEX_POINT('',#11292);
#11292 = CARTESIAN_POINT('',(18.,-18.6,-19.));
#11293 = SURFACE_CURVE('',#11294,(#11299,#11306),.PCURVE_S1.);
#11294 = CIRCLE('',#11295,3.4);
#11295 = AXIS2_PLACEMENT_3D('',#11296,#11297,#11298);
#11296 = CARTESIAN_POINT('',(18.,-22.,-19.));
#11297 = DIRECTION('',(0.,0.,1.));
#11298 = DIRECTION('',(1.,0.,-0.));
#11299 = PCURVE('',#9636,#11300);
#11300 = DEFINITIONAL_REPRESENTATION('',(#11301),#11305);
#11301 = CIRCLE('',#11302,3.4);
#11302 = AXIS2_PLACEMENT_2D('',#11303,#11304);
#11303 = CARTESIAN_POINT('',(57.,8.));
#11304 = DIRECTION('',(1.,0.));
#11305 = ( GEOMETRIC_REPRESENTATION_CONTEXT(2) 
PARAMETRIC_REPRESENTATION_CONTEXT() REPRESENTATION_CONTEXT('2D SPACE',''
  ) );
#11306 = PCURVE('',#11307,#11312);
#11307 = CYLINDRICAL_SURFACE('',#11308,3.4);
#11308 = AXIS2_PLACEMENT_3D('',#11309,#11310,#11311);
#11309 = CARTESIAN_POINT('',(18.,-22.,-19.01));
#11310 = DIRECTION('',(0.,0.,1.));
#11311 = DIRECTION('',(1.,0.,-0.));
#11312 = DEFINITIONAL_REPRESENTATION('',(#11313),#11317);
#11313 = LINE('',#11314,#11315);
#11314 = CARTESIAN_POINT('',(0.,1.E-02));
#11315 = VECTOR('',#11316,1.);
#11316 = DIRECTION('',(1.,0.));
#11317 = ( GEOMETRIC_REPRESENTATION_CONTEXT(2) 
PARAMETRIC_REPRESENTATION_CONTEXT() REPRESENTATION_CONTEXT('2D SPACE',''
  ) );
#11318 = ORIENTED_EDGE('',*,*,#11319,.F.);
#11319 = EDGE_CURVE('',#11234,#11291,#11320,.T.);
#11320 = SURFACE_CURVE('',#11321,(#11325,#11332),.PCURVE_S1.);
#11321 = LINE('',#11322,#11323);
#11322 = CARTESIAN_POINT('',(-10.5,-18.6,-19.));
#11323 = VECTOR('',#11324,1.);
#11324 = DIRECTION('',(-1.,-0.,0.));
#11325 = PCURVE('',#9636,#11326);
#11326 = DEFINITIONAL_REPRESENTATION('',(#11327),#11331);
#11327 = LINE('',#11328,#11329);
#11328 = CARTESIAN_POINT('',(28.5,11.4));
#11329 = VECTOR('',#11330,1.);
#11330 = DIRECTION('',(-1.,0.));
#11331 = ( GEOMETRIC_REPRESENTATION_CONTEXT(2) 
PARAMETRIC_REPRESENTATION_CONTEXT() REPRESENTATION_CONTEXT('2D SPACE',''
  ) );
#11332 = PCURVE('',#11333,#11338);
#11333 = PLANE('',#11334);
#11334 = AXIS2_PLACEMENT_3D('',#11335,#11336,#11337);
#11335 = CARTESIAN_POINT('',(18.,-18.6,-19.01));
#11336 = DIRECTION('',(-0.,1.,0.));
#11337 = DIRECTION('',(0.,0.,1.));
#11338 = DEFINITIONAL_REPRESENTATION('',(#11339),#11343);
#11339 = LINE('',#11340,#11341);
#11340 = CARTESIAN_POINT('',(1.E-02,-28.5));
#11341 = VECTOR('',#11342,1.);
#11342 = DIRECTION('',(0.,-1.));
#11343 = ( GEOMETRIC_REPRESENTATION_CONTEXT(2) 
PARAMETRIC_REPRESENTATION_CONTEXT() REPRESENTATION_CONTEXT('2D SPACE',''
  ) );
#11344 = FACE_BOUND('',#11345,.F.);
#11345 = EDGE_LOOP('',(#11346));
#11346 = ORIENTED_EDGE('',*,*,#11347,.F.);
#11347 = EDGE_CURVE('',#11348,#11348,#11350,.T.);
#11348 = VERTEX_POINT('',#11349);
#11349 = CARTESIAN_POINT('',(-32.85,14.5,-19.));
#11350 = SURFACE_CURVE('',#11351,(#11356,#11363),.PCURVE_S1.);
#11351 = CIRCLE('',#11352,1.15);
#11352 = AXIS2_PLACEMENT_3D('',#11353,#11354,#11355);
#11353 = CARTESIAN_POINT('',(-34.,14.5,-19.));
#11354 = DIRECTION('',(0.,0.,1.));
#11355 = DIRECTION('',(1.,0.,-0.));
#11356 = PCURVE('',#9636,#11357);
#11357 = DEFINITIONAL_REPRESENTATION('',(#11358),#11362);
#11358 = CIRCLE('',#11359,1.15);
#11359 = AXIS2_PLACEMENT_2D('',#11360,#11361);
#11360 = CARTESIAN_POINT('',(5.,44.5));
#11361 = DIRECTION('',(1.,0.));
#11362 = ( GEOMETRIC_REPRESENTATION_CONTEXT(2) 
PARAMETRIC_REPRESENTATION_CONTEXT() REPRESENTATION_CONTEXT('2D SPACE',''
  ) );
#11363 = PCURVE('',#11364,#11369);
#11364 = CYLINDRICAL_SURFACE('',#11365,1.15);
#11365 = AXIS2_PLACEMENT_3D('',#11366,#11367,#11368);
#11366 = CARTESIAN_POINT('',(-34.,14.5,-19.5));
#11367 = DIRECTION('',(0.,0.,1.));
#11368 = DIRECTION('',(1.,0.,-0.));
#11369 = DEFINITIONAL_REPRESENTATION('',(#11370),#11374);
#11370 = LINE('',#11371,#11372);
#11371 = CARTESIAN_POINT('',(0.,0.5));
#11372 = VECTOR('',#11373,1.);
#11373 = DIRECTION('',(1.,0.));
#11374 = ( GEOMETRIC_REPRESENTATION_CONTEXT(2) 
PARAMETRIC_REPRESENTATION_CONTEXT() REPRESENTATION_CONTEXT('2D SPACE',''
  ) );
#11375 = FACE_BOUND('',#11376,.F.);
#11376 = EDGE_LOOP('',(#11377,#11408,#11436,#11465));
#11377 = ORIENTED_EDGE('',*,*,#11378,.F.);
#11378 = EDGE_CURVE('',#11379,#11381,#11383,.T.);
#11379 = VERTEX_POINT('',#11380);
#11380 = CARTESIAN_POINT('',(-11.09838667696,6.6,-19.));
#11381 = VERTEX_POINT('',#11382);
#11382 = CARTESIAN_POINT('',(-11.09838667696,13.4,-19.));
#11383 = SURFACE_CURVE('',#11384,(#11389,#11396),.PCURVE_S1.);
#11384 = CIRCLE('',#11385,4.6);
#11385 = AXIS2_PLACEMENT_3D('',#11386,#11387,#11388);
#11386 = CARTESIAN_POINT('',(-8.,10.,-19.));
#11387 = DIRECTION('',(0.,0.,1.));
#11388 = DIRECTION('',(-0.67356232108,-0.739130434783,0.));
#11389 = PCURVE('',#9636,#11390);
#11390 = DEFINITIONAL_REPRESENTATION('',(#11391),#11395);
#11391 = CIRCLE('',#11392,4.6);
#11392 = AXIS2_PLACEMENT_2D('',#11393,#11394);
#11393 = CARTESIAN_POINT('',(31.,40.));
#11394 = DIRECTION('',(-0.67356232108,-0.739130434783));
#11395 = ( GEOMETRIC_REPRESENTATION_CONTEXT(2) 
PARAMETRIC_REPRESENTATION_CONTEXT() REPRESENTATION_CONTEXT('2D SPACE',''
  ) );
#11396 = PCURVE('',#11397,#11402);
#11397 = CYLINDRICAL_SURFACE('',#11398,4.6);
#11398 = AXIS2_PLACEMENT_3D('',#11399,#11400,#11401);
#11399 = CARTESIAN_POINT('',(-8.,10.,-19.01));
#11400 = DIRECTION('',(0.,0.,1.));
#11401 = DIRECTION('',(1.,0.,-0.));
#11402 = DEFINITIONAL_REPRESENTATION('',(#11403),#11407);
#11403 = LINE('',#11404,#11405);
#11404 = CARTESIAN_POINT('',(3.973371101371,1.E-02));
#11405 = VECTOR('',#11406,1.);
#11406 = DIRECTION('',(1.,0.));
#11407 = ( GEOMETRIC_REPRESENTATION_CONTEXT(2) 
PARAMETRIC_REPRESENTATION_CONTEXT() REPRESENTATION_CONTEXT('2D SPACE',''
  ) );
#11408 = ORIENTED_EDGE('',*,*,#11409,.T.);
#11409 = EDGE_CURVE('',#11379,#11410,#11412,.T.);
#11410 = VERTEX_POINT('',#11411);
#11411 = CARTESIAN_POINT('',(-16.,6.6,-19.));
#11412 = SURFACE_CURVE('',#11413,(#11417,#11424),.PCURVE_S1.);
#11413 = LINE('',#11414,#11415);
#11414 = CARTESIAN_POINT('',(-27.5,6.6,-19.));
#11415 = VECTOR('',#11416,1.);
#11416 = DIRECTION('',(-1.,-0.,0.));
#11417 = PCURVE('',#9636,#11418);
#11418 = DEFINITIONAL_REPRESENTATION('',(#11419),#11423);
#11419 = LINE('',#11420,#11421);
#11420 = CARTESIAN_POINT('',(11.5,36.6));
#11421 = VECTOR('',#11422,1.);
#11422 = DIRECTION('',(-1.,0.));
#11423 = ( GEOMETRIC_REPRESENTATION_CONTEXT(2) 
PARAMETRIC_REPRESENTATION_CONTEXT() REPRESENTATION_CONTEXT('2D SPACE',''
  ) );
#11424 = PCURVE('',#11425,#11430);
#11425 = PLANE('',#11426);
#11426 = AXIS2_PLACEMENT_3D('',#11427,#11428,#11429);
#11427 = CARTESIAN_POINT('',(-16.,6.6,-19.01));
#11428 = DIRECTION('',(-0.,1.,0.));
#11429 = DIRECTION('',(0.,0.,1.));
#11430 = DEFINITIONAL_REPRESENTATION('',(#11431),#11435);
#11431 = LINE('',#11432,#11433);
#11432 = CARTESIAN_POINT('',(1.E-02,-11.5));
#11433 = VECTOR('',#11434,1.);
#11434 = DIRECTION('',(0.,-1.));
#11435 = ( GEOMETRIC_REPRESENTATION_CONTEXT(2) 
PARAMETRIC_REPRESENTATION_CONTEXT() REPRESENTATION_CONTEXT('2D SPACE',''
  ) );
#11436 = ORIENTED_EDGE('',*,*,#11437,.F.);
#11437 = EDGE_CURVE('',#11438,#11410,#11440,.T.);
#11438 = VERTEX_POINT('',#11439);
#11439 = CARTESIAN_POINT('',(-16.,13.4,-19.));
#11440 = SURFACE_CURVE('',#11441,(#11446,#11453),.PCURVE_S1.);
#11441 = CIRCLE('',#11442,3.4);
#11442 = AXIS2_PLACEMENT_3D('',#11443,#11444,#11445);
#11443 = CARTESIAN_POINT('',(-16.,10.,-19.));
#11444 = DIRECTION('',(0.,0.,1.));
#11445 = DIRECTION('',(1.,0.,-0.));
#11446 = PCURVE('',#9636,#11447);
#11447 = DEFINITIONAL_REPRESENTATION('',(#11448),#11452);
#11448 = CIRCLE('',#11449,3.4);
#11449 = AXIS2_PLACEMENT_2D('',#11450,#11451);
#11450 = CARTESIAN_POINT('',(23.,40.));
#11451 = DIRECTION('',(1.,0.));
#11452 = ( GEOMETRIC_REPRESENTATION_CONTEXT(2) 
PARAMETRIC_REPRESENTATION_CONTEXT() REPRESENTATION_CONTEXT('2D SPACE',''
  ) );
#11453 = PCURVE('',#11454,#11459);
#11454 = CYLINDRICAL_SURFACE('',#11455,3.4);
#11455 = AXIS2_PLACEMENT_3D('',#11456,#11457,#11458);
#11456 = CARTESIAN_POINT('',(-16.,10.,-19.01));
#11457 = DIRECTION('',(0.,0.,1.));
#11458 = DIRECTION('',(1.,0.,-0.));
#11459 = DEFINITIONAL_REPRESENTATION('',(#11460),#11464);
#11460 = LINE('',#11461,#11462);
#11461 = CARTESIAN_POINT('',(0.,1.E-02));
#11462 = VECTOR('',#11463,1.);
#11463 = DIRECTION('',(1.,0.));
#11464 = ( GEOMETRIC_REPRESENTATION_CONTEXT(2) 
PARAMETRIC_REPRESENTATION_CONTEXT() REPRESENTATION_CONTEXT('2D SPACE',''
  ) );
#11465 = ORIENTED_EDGE('',*,*,#11466,.F.);
#11466 = EDGE_CURVE('',#11381,#11438,#11467,.T.);
#11467 = SURFACE_CURVE('',#11468,(#11472,#11479),.PCURVE_S1.);
#11468 = LINE('',#11469,#11470);
#11469 = CARTESIAN_POINT('',(-27.5,13.4,-19.));
#11470 = VECTOR('',#11471,1.);
#11471 = DIRECTION('',(-1.,-0.,0.));
#11472 = PCURVE('',#9636,#11473);
#11473 = DEFINITIONAL_REPRESENTATION('',(#11474),#11478);
#11474 = LINE('',#11475,#11476);
#11475 = CARTESIAN_POINT('',(11.5,43.4));
#11476 = VECTOR('',#11477,1.);
#11477 = DIRECTION('',(-1.,0.));
#11478 = ( GEOMETRIC_REPRESENTATION_CONTEXT(2) 
PARAMETRIC_REPRESENTATION_CONTEXT() REPRESENTATION_CONTEXT('2D SPACE',''
  ) );
#11479 = PCURVE('',#11480,#11485);
#11480 = PLANE('',#11481);
#11481 = AXIS2_PLACEMENT_3D('',#11482,#11483,#11484);
#11482 = CARTESIAN_POINT('',(-16.,13.4,-19.01));
#11483 = DIRECTION('',(-0.,1.,0.));
#11484 = DIRECTION('',(0.,0.,1.));
#11485 = DEFINITIONAL_REPRESENTATION('',(#11486),#11490);
#11486 = LINE('',#11487,#11488);
#11487 = CARTESIAN_POINT('',(1.E-02,-11.5));
#11488 = VECTOR('',#11489,1.);
#11489 = DIRECTION('',(0.,-1.));
#11490 = ( GEOMETRIC_REPRESENTATION_CONTEXT(2) 
PARAMETRIC_REPRESENTATION_CONTEXT() REPRESENTATION_CONTEXT('2D SPACE',''
  ) );
#11491 = FACE_BOUND('',#11492,.F.);
#11492 = EDGE_LOOP('',(#11493,#11524,#11552,#11581));
#11493 = ORIENTED_EDGE('',*,*,#11494,.F.);
#11494 = EDGE_CURVE('',#11495,#11497,#11499,.T.);
#11495 = VERTEX_POINT('',#11496);
#11496 = CARTESIAN_POINT('',(22.901613323034,6.6,-19.));
#11497 = VERTEX_POINT('',#11498);
#11498 = CARTESIAN_POINT('',(22.901613323034,13.4,-19.));
#11499 = SURFACE_CURVE('',#11500,(#11505,#11512),.PCURVE_S1.);
#11500 = CIRCLE('',#11501,4.6);
#11501 = AXIS2_PLACEMENT_3D('',#11502,#11503,#11504);
#11502 = CARTESIAN_POINT('',(26.,10.,-19.));
#11503 = DIRECTION('',(0.,0.,1.));
#11504 = DIRECTION('',(-0.67356232108,-0.739130434783,0.));
#11505 = PCURVE('',#9636,#11506);
#11506 = DEFINITIONAL_REPRESENTATION('',(#11507),#11511);
#11507 = CIRCLE('',#11508,4.6);
#11508 = AXIS2_PLACEMENT_2D('',#11509,#11510);
#11509 = CARTESIAN_POINT('',(65.,40.));
#11510 = DIRECTION('',(-0.67356232108,-0.739130434783));
#11511 = ( GEOMETRIC_REPRESENTATION_CONTEXT(2) 
PARAMETRIC_REPRESENTATION_CONTEXT() REPRESENTATION_CONTEXT('2D SPACE',''
  ) );
#11512 = PCURVE('',#11513,#11518);
#11513 = CYLINDRICAL_SURFACE('',#11514,4.6);
#11514 = AXIS2_PLACEMENT_3D('',#11515,#11516,#11517);
#11515 = CARTESIAN_POINT('',(26.,10.,-19.01));
#11516 = DIRECTION('',(0.,0.,1.));
#11517 = DIRECTION('',(1.,0.,-0.));
#11518 = DEFINITIONAL_REPRESENTATION('',(#11519),#11523);
#11519 = LINE('',#11520,#11521);
#11520 = CARTESIAN_POINT('',(3.973371101371,1.E-02));
#11521 = VECTOR('',#11522,1.);
#11522 = DIRECTION('',(1.,0.));
#11523 = ( GEOMETRIC_REPRESENTATION_CONTEXT(2) 
PARAMETRIC_REPRESENTATION_CONTEXT() REPRESENTATION_CONTEXT('2D SPACE',''
  ) );
#11524 = ORIENTED_EDGE('',*,*,#11525,.T.);
#11525 = EDGE_CURVE('',#11495,#11526,#11528,.T.);
#11526 = VERTEX_POINT('',#11527);
#11527 = CARTESIAN_POINT('',(18.,6.6,-19.));
#11528 = SURFACE_CURVE('',#11529,(#11533,#11540),.PCURVE_S1.);
#11529 = LINE('',#11530,#11531);
#11530 = CARTESIAN_POINT('',(-10.5,6.6,-19.));
#11531 = VECTOR('',#11532,1.);
#11532 = DIRECTION('',(-1.,-0.,0.));
#11533 = PCURVE('',#9636,#11534);
#11534 = DEFINITIONAL_REPRESENTATION('',(#11535),#11539);
#11535 = LINE('',#11536,#11537);
#11536 = CARTESIAN_POINT('',(28.5,36.6));
#11537 = VECTOR('',#11538,1.);
#11538 = DIRECTION('',(-1.,0.));
#11539 = ( GEOMETRIC_REPRESENTATION_CONTEXT(2) 
PARAMETRIC_REPRESENTATION_CONTEXT() REPRESENTATION_CONTEXT('2D SPACE',''
  ) );
#11540 = PCURVE('',#11541,#11546);
#11541 = PLANE('',#11542);
#11542 = AXIS2_PLACEMENT_3D('',#11543,#11544,#11545);
#11543 = CARTESIAN_POINT('',(18.,6.6,-19.01));
#11544 = DIRECTION('',(-0.,1.,0.));
#11545 = DIRECTION('',(0.,0.,1.));
#11546 = DEFINITIONAL_REPRESENTATION('',(#11547),#11551);
#11547 = LINE('',#11548,#11549);
#11548 = CARTESIAN_POINT('',(1.E-02,-28.5));
#11549 = VECTOR('',#11550,1.);
#11550 = DIRECTION('',(0.,-1.));
#11551 = ( GEOMETRIC_REPRESENTATION_CONTEXT(2) 
PARAMETRIC_REPRESENTATION_CONTEXT() REPRESENTATION_CONTEXT('2D SPACE',''
  ) );
#11552 = ORIENTED_EDGE('',*,*,#11553,.F.);
#11553 = EDGE_CURVE('',#11554,#11526,#11556,.T.);
#11554 = VERTEX_POINT('',#11555);
#11555 = CARTESIAN_POINT('',(18.,13.4,-19.));
#11556 = SURFACE_CURVE('',#11557,(#11562,#11569),.PCURVE_S1.);
#11557 = CIRCLE('',#11558,3.4);
#11558 = AXIS2_PLACEMENT_3D('',#11559,#11560,#11561);
#11559 = CARTESIAN_POINT('',(18.,10.,-19.));
#11560 = DIRECTION('',(0.,0.,1.));
#11561 = DIRECTION('',(1.,0.,-0.));
#11562 = PCURVE('',#9636,#11563);
#11563 = DEFINITIONAL_REPRESENTATION('',(#11564),#11568);
#11564 = CIRCLE('',#11565,3.4);
#11565 = AXIS2_PLACEMENT_2D('',#11566,#11567);
#11566 = CARTESIAN_POINT('',(57.,40.));
#11567 = DIRECTION('',(1.,0.));
#11568 = ( GEOMETRIC_REPRESENTATION_CONTEXT(2) 
PARAMETRIC_REPRESENTATION_CONTEXT() REPRESENTATION_CONTEXT('2D SPACE',''
  ) );
#11569 = PCURVE('',#11570,#11575);
#11570 = CYLINDRICAL_SURFACE('',#11571,3.4);
#11571 = AXIS2_PLACEMENT_3D('',#11572,#11573,#11574);
#11572 = CARTESIAN_POINT('',(18.,10.,-19.01));
#11573 = DIRECTION('',(0.,0.,1.));
#11574 = DIRECTION('',(1.,0.,-0.));
#11575 = DEFINITIONAL_REPRESENTATION('',(#11576),#11580);
#11576 = LINE('',#11577,#11578);
#11577 = CARTESIAN_POINT('',(0.,1.E-02));
#11578 = VECTOR('',#11579,1.);
#11579 = DIRECTION('',(1.,0.));
#11580 = ( GEOMETRIC_REPRESENTATION_CONTEXT(2) 
PARAMETRIC_REPRESENTATION_CONTEXT() REPRESENTATION_CONTEXT('2D SPACE',''
  ) );
#11581 = ORIENTED_EDGE('',*,*,#11582,.F.);
#11582 = EDGE_CURVE('',#11497,#11554,#11583,.T.);
#11583 = SURFACE_CURVE('',#11584,(#11588,#11595),.PCURVE_S1.);
#11584 = LINE('',#11585,#11586);
#11585 = CARTESIAN_POINT('',(-10.5,13.4,-19.));
#11586 = VECTOR('',#11587,1.);
#11587 = DIRECTION('',(-1.,-0.,0.));
#11588 = PCURVE('',#9636,#11589);
#11589 = DEFINITIONAL_REPRESENTATION('',(#11590),#11594);
#11590 = LINE('',#11591,#11592);
#11591 = CARTESIAN_POINT('',(28.5,43.4));
#11592 = VECTOR('',#11593,1.);
#11593 = DIRECTION('',(-1.,0.));
#11594 = ( GEOMETRIC_REPRESENTATION_CONTEXT(2) 
PARAMETRIC_REPRESENTATION_CONTEXT() REPRESENTATION_CONTEXT('2D SPACE',''
  ) );
#11595 = PCURVE('',#11596,#11601);
#11596 = PLANE('',#11597);
#11597 = AXIS2_PLACEMENT_3D('',#11598,#11599,#11600);
#11598 = CARTESIAN_POINT('',(18.,13.4,-19.01));
#11599 = DIRECTION('',(-0.,1.,0.));
#11600 = DIRECTION('',(0.,0.,1.));
#11601 = DEFINITIONAL_REPRESENTATION('',(#11602),#11606);
#11602 = LINE('',#11603,#11604);
#11603 = CARTESIAN_POINT('',(1.E-02,-28.5));
#11604 = VECTOR('',#11605,1.);
#11605 = DIRECTION('',(0.,-1.));
#11606 = ( GEOMETRIC_REPRESENTATION_CONTEXT(2) 
PARAMETRIC_REPRESENTATION_CONTEXT() REPRESENTATION_CONTEXT('2D SPACE',''
  ) );
#11607 = FACE_BOUND('',#11608,.F.);
#11608 = EDGE_LOOP('',(#11609));
#11609 = ORIENTED_EDGE('',*,*,#11610,.F.);
#11610 = EDGE_CURVE('',#11611,#11611,#11613,.T.);
#11611 = VERTEX_POINT('',#11612);
#11612 = CARTESIAN_POINT('',(37.15,14.5,-19.));
#11613 = SURFACE_CURVE('',#11614,(#11619,#11626),.PCURVE_S1.);
#11614 = CIRCLE('',#11615,1.15);
#11615 = AXIS2_PLACEMENT_3D('',#11616,#11617,#11618);
#11616 = CARTESIAN_POINT('',(36.,14.5,-19.));
#11617 = DIRECTION('',(0.,0.,1.));
#11618 = DIRECTION('',(1.,0.,-0.));
#11619 = PCURVE('',#9636,#11620);
#11620 = DEFINITIONAL_REPRESENTATION('',(#11621),#11625);
#11621 = CIRCLE('',#11622,1.15);
#11622 = AXIS2_PLACEMENT_2D('',#11623,#11624);
#11623 = CARTESIAN_POINT('',(75.,44.5));
#11624 = DIRECTION('',(1.,0.));
#11625 = ( GEOMETRIC_REPRESENTATION_CONTEXT(2) 
PARAMETRIC_REPRESENTATION_CONTEXT() REPRESENTATION_CONTEXT('2D SPACE',''
  ) );
#11626 = PCURVE('',#11627,#11632);
#11627 = CYLINDRICAL_SURFACE('',#11628,1.15);
#11628 = AXIS2_PLACEMENT_3D('',#11629,#11630,#11631);
#11629 = CARTESIAN_POINT('',(36.,14.5,-19.5));
#11630 = DIRECTION('',(0.,0.,1.));
#11631 = DIRECTION('',(1.,0.,-0.));
#11632 = DEFINITIONAL_REPRESENTATION('',(#11633),#11637);
#11633 = LINE('',#11634,#11635);
#11634 = CARTESIAN_POINT('',(0.,0.5));
#11635 = VECTOR('',#11636,1.);
#11636 = DIRECTION('',(1.,0.));
#11637 = ( GEOMETRIC_REPRESENTATION_CONTEXT(2) 
PARAMETRIC_REPRESENTATION_CONTEXT() REPRESENTATION_CONTEXT('2D SPACE',''
  ) );
#11638 = ADVANCED_FACE('',(#11639),#11627,.F.);
#11639 = FACE_BOUND('',#11640,.F.);
#11640 = EDGE_LOOP('',(#11641,#11665,#11686,#11687));
#11641 = ORIENTED_EDGE('',*,*,#11642,.F.);
#11642 = EDGE_CURVE('',#11643,#11643,#11645,.T.);
#11643 = VERTEX_POINT('',#11644);
#11644 = CARTESIAN_POINT('',(37.15,14.5,-16.));
#11645 = SURFACE_CURVE('',#11646,(#11651,#11658),.PCURVE_S1.);
#11646 = CIRCLE('',#11647,1.15);
#11647 = AXIS2_PLACEMENT_3D('',#11648,#11649,#11650);
#11648 = CARTESIAN_POINT('',(36.,14.5,-16.));
#11649 = DIRECTION('',(0.,0.,1.));
#11650 = DIRECTION('',(1.,0.,-0.));
#11651 = PCURVE('',#11627,#11652);
#11652 = DEFINITIONAL_REPRESENTATION('',(#11653),#11657);
#11653 = LINE('',#11654,#11655);
#11654 = CARTESIAN_POINT('',(0.,3.5));
#11655 = VECTOR('',#11656,1.);
#11656 = DIRECTION('',(1.,0.));
#11657 = ( GEOMETRIC_REPRESENTATION_CONTEXT(2) 
PARAMETRIC_REPRESENTATION_CONTEXT() REPRESENTATION_CONTEXT('2D SPACE',''
  ) );
#11658 = PCURVE('',#9580,#11659);
#11659 = DEFINITIONAL_REPRESENTATION('',(#11660),#11664);
#11660 = CIRCLE('',#11661,1.15);
#11661 = AXIS2_PLACEMENT_2D('',#11662,#11663);
#11662 = CARTESIAN_POINT('',(75.,44.5));
#11663 = DIRECTION('',(1.,0.));
#11664 = ( GEOMETRIC_REPRESENTATION_CONTEXT(2) 
PARAMETRIC_REPRESENTATION_CONTEXT() REPRESENTATION_CONTEXT('2D SPACE',''
  ) );
#11665 = ORIENTED_EDGE('',*,*,#11666,.F.);
#11666 = EDGE_CURVE('',#11611,#11643,#11667,.T.);
#11667 = SEAM_CURVE('',#11668,(#11672,#11679),.PCURVE_S1.);
#11668 = LINE('',#11669,#11670);
#11669 = CARTESIAN_POINT('',(37.15,14.5,-19.5));
#11670 = VECTOR('',#11671,1.);
#11671 = DIRECTION('',(0.,0.,1.));
#11672 = PCURVE('',#11627,#11673);
#11673 = DEFINITIONAL_REPRESENTATION('',(#11674),#11678);
#11674 = LINE('',#11675,#11676);
#11675 = CARTESIAN_POINT('',(0.,-0.));
#11676 = VECTOR('',#11677,1.);
#11677 = DIRECTION('',(0.,1.));
#11678 = ( GEOMETRIC_REPRESENTATION_CONTEXT(2) 
PARAMETRIC_REPRESENTATION_CONTEXT() REPRESENTATION_CONTEXT('2D SPACE',''
  ) );
#11679 = PCURVE('',#11627,#11680);
#11680 = DEFINITIONAL_REPRESENTATION('',(#11681),#11685);
#11681 = LINE('',#11682,#11683);
#11682 = CARTESIAN_POINT('',(6.28318530718,-0.));
#11683 = VECTOR('',#11684,1.);
#11684 = DIRECTION('',(0.,1.));
#11685 = ( GEOMETRIC_REPRESENTATION_CONTEXT(2) 
PARAMETRIC_REPRESENTATION_CONTEXT() REPRESENTATION_CONTEXT('2D SPACE',''
  ) );
#11686 = ORIENTED_EDGE('',*,*,#11610,.T.);
#11687 = ORIENTED_EDGE('',*,*,#11666,.T.);
#11688 = ADVANCED_FACE('',(#11689),#11570,.F.);
#11689 = FACE_BOUND('',#11690,.F.);
#11690 = EDGE_LOOP('',(#11691,#11717,#11738,#11739));
#11691 = ORIENTED_EDGE('',*,*,#11692,.F.);
#11692 = EDGE_CURVE('',#11693,#11695,#11697,.T.);
#11693 = VERTEX_POINT('',#11694);
#11694 = CARTESIAN_POINT('',(18.,13.4,-16.));
#11695 = VERTEX_POINT('',#11696);
#11696 = CARTESIAN_POINT('',(18.,6.6,-16.));
#11697 = SURFACE_CURVE('',#11698,(#11703,#11710),.PCURVE_S1.);
#11698 = CIRCLE('',#11699,3.4);
#11699 = AXIS2_PLACEMENT_3D('',#11700,#11701,#11702);
#11700 = CARTESIAN_POINT('',(18.,10.,-16.));
#11701 = DIRECTION('',(0.,0.,1.));
#11702 = DIRECTION('',(1.,0.,-0.));
#11703 = PCURVE('',#11570,#11704);
#11704 = DEFINITIONAL_REPRESENTATION('',(#11705),#11709);
#11705 = LINE('',#11706,#11707);
#11706 = CARTESIAN_POINT('',(0.,3.01));
#11707 = VECTOR('',#11708,1.);
#11708 = DIRECTION('',(1.,0.));
#11709 = ( GEOMETRIC_REPRESENTATION_CONTEXT(2) 
PARAMETRIC_REPRESENTATION_CONTEXT() REPRESENTATION_CONTEXT('2D SPACE',''
  ) );
#11710 = PCURVE('',#9580,#11711);
#11711 = DEFINITIONAL_REPRESENTATION('',(#11712),#11716);
#11712 = CIRCLE('',#11713,3.4);
#11713 = AXIS2_PLACEMENT_2D('',#11714,#11715);
#11714 = CARTESIAN_POINT('',(57.,40.));
#11715 = DIRECTION('',(1.,0.));
#11716 = ( GEOMETRIC_REPRESENTATION_CONTEXT(2) 
PARAMETRIC_REPRESENTATION_CONTEXT() REPRESENTATION_CONTEXT('2D SPACE',''
  ) );
#11717 = ORIENTED_EDGE('',*,*,#11718,.F.);
#11718 = EDGE_CURVE('',#11554,#11693,#11719,.T.);
#11719 = SURFACE_CURVE('',#11720,(#11724,#11731),.PCURVE_S1.);
#11720 = LINE('',#11721,#11722);
#11721 = CARTESIAN_POINT('',(18.,13.4,-19.01));
#11722 = VECTOR('',#11723,1.);
#11723 = DIRECTION('',(0.,0.,1.));
#11724 = PCURVE('',#11570,#11725);
#11725 = DEFINITIONAL_REPRESENTATION('',(#11726),#11730);
#11726 = LINE('',#11727,#11728);
#11727 = CARTESIAN_POINT('',(1.570796326795,0.));
#11728 = VECTOR('',#11729,1.);
#11729 = DIRECTION('',(0.,1.));
#11730 = ( GEOMETRIC_REPRESENTATION_CONTEXT(2) 
PARAMETRIC_REPRESENTATION_CONTEXT() REPRESENTATION_CONTEXT('2D SPACE',''
  ) );
#11731 = PCURVE('',#11596,#11732);
#11732 = DEFINITIONAL_REPRESENTATION('',(#11733),#11737);
#11733 = LINE('',#11734,#11735);
#11734 = CARTESIAN_POINT('',(0.,0.));
#11735 = VECTOR('',#11736,1.);
#11736 = DIRECTION('',(1.,0.));
#11737 = ( GEOMETRIC_REPRESENTATION_CONTEXT(2) 
PARAMETRIC_REPRESENTATION_CONTEXT() REPRESENTATION_CONTEXT('2D SPACE',''
  ) );
#11738 = ORIENTED_EDGE('',*,*,#11553,.T.);
#11739 = ORIENTED_EDGE('',*,*,#11740,.T.);
#11740 = EDGE_CURVE('',#11526,#11695,#11741,.T.);
#11741 = SURFACE_CURVE('',#11742,(#11746,#11753),.PCURVE_S1.);
#11742 = LINE('',#11743,#11744);
#11743 = CARTESIAN_POINT('',(18.,6.6,-19.01));
#11744 = VECTOR('',#11745,1.);
#11745 = DIRECTION('',(0.,0.,1.));
#11746 = PCURVE('',#11570,#11747);
#11747 = DEFINITIONAL_REPRESENTATION('',(#11748),#11752);
#11748 = LINE('',#11749,#11750);
#11749 = CARTESIAN_POINT('',(4.712388980385,0.));
#11750 = VECTOR('',#11751,1.);
#11751 = DIRECTION('',(0.,1.));
#11752 = ( GEOMETRIC_REPRESENTATION_CONTEXT(2) 
PARAMETRIC_REPRESENTATION_CONTEXT() REPRESENTATION_CONTEXT('2D SPACE',''
  ) );
#11753 = PCURVE('',#11541,#11754);
#11754 = DEFINITIONAL_REPRESENTATION('',(#11755),#11759);
#11755 = LINE('',#11756,#11757);
#11756 = CARTESIAN_POINT('',(0.,0.));
#11757 = VECTOR('',#11758,1.);
#11758 = DIRECTION('',(1.,0.));
#11759 = ( GEOMETRIC_REPRESENTATION_CONTEXT(2) 
PARAMETRIC_REPRESENTATION_CONTEXT() REPRESENTATION_CONTEXT('2D SPACE',''
  ) );
#11760 = ADVANCED_FACE('',(#11761),#11596,.F.);
#11761 = FACE_BOUND('',#11762,.F.);
#11762 = EDGE_LOOP('',(#11763,#11764,#11765,#11788));
#11763 = ORIENTED_EDGE('',*,*,#11582,.T.);
#11764 = ORIENTED_EDGE('',*,*,#11718,.T.);
#11765 = ORIENTED_EDGE('',*,*,#11766,.F.);
#11766 = EDGE_CURVE('',#11767,#11693,#11769,.T.);
#11767 = VERTEX_POINT('',#11768);
#11768 = CARTESIAN_POINT('',(22.901613323034,13.4,-16.));
#11769 = SURFACE_CURVE('',#11770,(#11774,#11781),.PCURVE_S1.);
#11770 = LINE('',#11771,#11772);
#11771 = CARTESIAN_POINT('',(-10.5,13.4,-16.));
#11772 = VECTOR('',#11773,1.);
#11773 = DIRECTION('',(-1.,-0.,0.));
#11774 = PCURVE('',#11596,#11775);
#11775 = DEFINITIONAL_REPRESENTATION('',(#11776),#11780);
#11776 = LINE('',#11777,#11778);
#11777 = CARTESIAN_POINT('',(3.01,-28.5));
#11778 = VECTOR('',#11779,1.);
#11779 = DIRECTION('',(0.,-1.));
#11780 = ( GEOMETRIC_REPRESENTATION_CONTEXT(2) 
PARAMETRIC_REPRESENTATION_CONTEXT() REPRESENTATION_CONTEXT('2D SPACE',''
  ) );
#11781 = PCURVE('',#9580,#11782);
#11782 = DEFINITIONAL_REPRESENTATION('',(#11783),#11787);
#11783 = LINE('',#11784,#11785);
#11784 = CARTESIAN_POINT('',(28.5,43.4));
#11785 = VECTOR('',#11786,1.);
#11786 = DIRECTION('',(-1.,0.));
#11787 = ( GEOMETRIC_REPRESENTATION_CONTEXT(2) 
PARAMETRIC_REPRESENTATION_CONTEXT() REPRESENTATION_CONTEXT('2D SPACE',''
  ) );
#11788 = ORIENTED_EDGE('',*,*,#11789,.F.);
#11789 = EDGE_CURVE('',#11497,#11767,#11790,.T.);
#11790 = SURFACE_CURVE('',#11791,(#11795,#11802),.PCURVE_S1.);
#11791 = LINE('',#11792,#11793);
#11792 = CARTESIAN_POINT('',(22.901613323034,13.4,-19.01));
#11793 = VECTOR('',#11794,1.);
#11794 = DIRECTION('',(0.,0.,1.));
#11795 = PCURVE('',#11596,#11796);
#11796 = DEFINITIONAL_REPRESENTATION('',(#11797),#11801);
#11797 = LINE('',#11798,#11799);
#11798 = CARTESIAN_POINT('',(0.,4.901613323034));
#11799 = VECTOR('',#11800,1.);
#11800 = DIRECTION('',(1.,0.));
#11801 = ( GEOMETRIC_REPRESENTATION_CONTEXT(2) 
PARAMETRIC_REPRESENTATION_CONTEXT() REPRESENTATION_CONTEXT('2D SPACE',''
  ) );
#11802 = PCURVE('',#11513,#11803);
#11803 = DEFINITIONAL_REPRESENTATION('',(#11804),#11807);
#11804 = B_SPLINE_CURVE_WITH_KNOTS('',1,(#11805,#11806),.UNSPECIFIED.,
  .F.,.F.,(2,2),(1.E-02,3.01),.PIECEWISE_BEZIER_KNOTS.);
#11805 = CARTESIAN_POINT('',(8.592999512988,1.E-02));
#11806 = CARTESIAN_POINT('',(8.592999512988,3.01));
#11807 = ( GEOMETRIC_REPRESENTATION_CONTEXT(2) 
PARAMETRIC_REPRESENTATION_CONTEXT() REPRESENTATION_CONTEXT('2D SPACE',''
  ) );
#11808 = ADVANCED_FACE('',(#11809),#11541,.T.);
#11809 = FACE_BOUND('',#11810,.T.);
#11810 = EDGE_LOOP('',(#11811,#11812,#11813,#11836));
#11811 = ORIENTED_EDGE('',*,*,#11525,.T.);
#11812 = ORIENTED_EDGE('',*,*,#11740,.T.);
#11813 = ORIENTED_EDGE('',*,*,#11814,.F.);
#11814 = EDGE_CURVE('',#11815,#11695,#11817,.T.);
#11815 = VERTEX_POINT('',#11816);
#11816 = CARTESIAN_POINT('',(22.901613323034,6.6,-16.));
#11817 = SURFACE_CURVE('',#11818,(#11822,#11829),.PCURVE_S1.);
#11818 = LINE('',#11819,#11820);
#11819 = CARTESIAN_POINT('',(-10.5,6.6,-16.));
#11820 = VECTOR('',#11821,1.);
#11821 = DIRECTION('',(-1.,-0.,0.));
#11822 = PCURVE('',#11541,#11823);
#11823 = DEFINITIONAL_REPRESENTATION('',(#11824),#11828);
#11824 = LINE('',#11825,#11826);
#11825 = CARTESIAN_POINT('',(3.01,-28.5));
#11826 = VECTOR('',#11827,1.);
#11827 = DIRECTION('',(0.,-1.));
#11828 = ( GEOMETRIC_REPRESENTATION_CONTEXT(2) 
PARAMETRIC_REPRESENTATION_CONTEXT() REPRESENTATION_CONTEXT('2D SPACE',''
  ) );
#11829 = PCURVE('',#9580,#11830);
#11830 = DEFINITIONAL_REPRESENTATION('',(#11831),#11835);
#11831 = LINE('',#11832,#11833);
#11832 = CARTESIAN_POINT('',(28.5,36.6));
#11833 = VECTOR('',#11834,1.);
#11834 = DIRECTION('',(-1.,0.));
#11835 = ( GEOMETRIC_REPRESENTATION_CONTEXT(2) 
PARAMETRIC_REPRESENTATION_CONTEXT() REPRESENTATION_CONTEXT('2D SPACE',''
  ) );
#11836 = ORIENTED_EDGE('',*,*,#11837,.F.);
#11837 = EDGE_CURVE('',#11495,#11815,#11838,.T.);
#11838 = SURFACE_CURVE('',#11839,(#11843,#11850),.PCURVE_S1.);
#11839 = LINE('',#11840,#11841);
#11840 = CARTESIAN_POINT('',(22.901613323034,6.6,-19.01));
#11841 = VECTOR('',#11842,1.);
#11842 = DIRECTION('',(0.,0.,1.));
#11843 = PCURVE('',#11541,#11844);
#11844 = DEFINITIONAL_REPRESENTATION('',(#11845),#11849);
#11845 = LINE('',#11846,#11847);
#11846 = CARTESIAN_POINT('',(0.,4.901613323034));
#11847 = VECTOR('',#11848,1.);
#11848 = DIRECTION('',(1.,0.));
#11849 = ( GEOMETRIC_REPRESENTATION_CONTEXT(2) 
PARAMETRIC_REPRESENTATION_CONTEXT() REPRESENTATION_CONTEXT('2D SPACE',''
  ) );
#11850 = PCURVE('',#11513,#11851);
#11851 = DEFINITIONAL_REPRESENTATION('',(#11852),#11855);
#11852 = B_SPLINE_CURVE_WITH_KNOTS('',1,(#11853,#11854),.UNSPECIFIED.,
  .F.,.F.,(2,2),(1.E-02,3.01),.PIECEWISE_BEZIER_KNOTS.);
#11853 = CARTESIAN_POINT('',(3.973371101371,1.E-02));
#11854 = CARTESIAN_POINT('',(3.973371101371,3.01));
#11855 = ( GEOMETRIC_REPRESENTATION_CONTEXT(2) 
PARAMETRIC_REPRESENTATION_CONTEXT() REPRESENTATION_CONTEXT('2D SPACE',''
  ) );
#11856 = ADVANCED_FACE('',(#11857),#11513,.F.);
#11857 = FACE_BOUND('',#11858,.F.);
#11858 = EDGE_LOOP('',(#11859,#11860,#11861,#11887));
#11859 = ORIENTED_EDGE('',*,*,#11494,.T.);
#11860 = ORIENTED_EDGE('',*,*,#11789,.T.);
#11861 = ORIENTED_EDGE('',*,*,#11862,.T.);
#11862 = EDGE_CURVE('',#11767,#11815,#11863,.T.);
#11863 = SURFACE_CURVE('',#11864,(#11869,#11876),.PCURVE_S1.);
#11864 = CIRCLE('',#11865,4.6);
#11865 = AXIS2_PLACEMENT_3D('',#11866,#11867,#11868);
#11866 = CARTESIAN_POINT('',(26.,10.,-16.));
#11867 = DIRECTION('',(0.,0.,-1.));
#11868 = DIRECTION('',(-0.67356232108,0.739130434783,0.));
#11869 = PCURVE('',#11513,#11870);
#11870 = DEFINITIONAL_REPRESENTATION('',(#11871),#11875);
#11871 = LINE('',#11872,#11873);
#11872 = CARTESIAN_POINT('',(8.592999512988,3.01));
#11873 = VECTOR('',#11874,1.);
#11874 = DIRECTION('',(-1.,-0.));
#11875 = ( GEOMETRIC_REPRESENTATION_CONTEXT(2) 
PARAMETRIC_REPRESENTATION_CONTEXT() REPRESENTATION_CONTEXT('2D SPACE',''
  ) );
#11876 = PCURVE('',#9580,#11877);
#11877 = DEFINITIONAL_REPRESENTATION('',(#11878),#11886);
#11878 = ( BOUNDED_CURVE() B_SPLINE_CURVE(2,(#11879,#11880,#11881,#11882
    ,#11883,#11884,#11885),.UNSPECIFIED.,.T.,.F.) 
B_SPLINE_CURVE_WITH_KNOTS((1,2,2,2,2,1),(-2.094395102393,0.,
    2.094395102393,4.188790204786,6.28318530718,8.377580409573),
.UNSPECIFIED.) CURVE() GEOMETRIC_REPRESENTATION_ITEM() 
RATIONAL_B_SPLINE_CURVE((1.,0.5,1.,0.5,1.,0.5,1.)) REPRESENTATION_ITEM(
  '') );
#11879 = CARTESIAN_POINT('',(61.901613323034,43.4));
#11880 = CARTESIAN_POINT('',(67.790586068768,48.766563146));
#11881 = CARTESIAN_POINT('',(69.49367971135,40.983281573));
#11882 = CARTESIAN_POINT('',(71.196773353932,33.2));
#11883 = CARTESIAN_POINT('',(63.604706965616,35.616718427));
#11884 = CARTESIAN_POINT('',(56.0126405773,38.033436854));
#11885 = CARTESIAN_POINT('',(61.901613323034,43.4));
#11886 = ( GEOMETRIC_REPRESENTATION_CONTEXT(2) 
PARAMETRIC_REPRESENTATION_CONTEXT() REPRESENTATION_CONTEXT('2D SPACE',''
  ) );
#11887 = ORIENTED_EDGE('',*,*,#11837,.F.);
#11888 = ADVANCED_FACE('',(#11889),#11454,.F.);
#11889 = FACE_BOUND('',#11890,.F.);
#11890 = EDGE_LOOP('',(#11891,#11917,#11938,#11939));
#11891 = ORIENTED_EDGE('',*,*,#11892,.F.);
#11892 = EDGE_CURVE('',#11893,#11895,#11897,.T.);
#11893 = VERTEX_POINT('',#11894);
#11894 = CARTESIAN_POINT('',(-16.,13.4,-16.));
#11895 = VERTEX_POINT('',#11896);
#11896 = CARTESIAN_POINT('',(-16.,6.6,-16.));
#11897 = SURFACE_CURVE('',#11898,(#11903,#11910),.PCURVE_S1.);
#11898 = CIRCLE('',#11899,3.4);
#11899 = AXIS2_PLACEMENT_3D('',#11900,#11901,#11902);
#11900 = CARTESIAN_POINT('',(-16.,10.,-16.));
#11901 = DIRECTION('',(0.,0.,1.));
#11902 = DIRECTION('',(1.,0.,-0.));
#11903 = PCURVE('',#11454,#11904);
#11904 = DEFINITIONAL_REPRESENTATION('',(#11905),#11909);
#11905 = LINE('',#11906,#11907);
#11906 = CARTESIAN_POINT('',(0.,3.01));
#11907 = VECTOR('',#11908,1.);
#11908 = DIRECTION('',(1.,0.));
#11909 = ( GEOMETRIC_REPRESENTATION_CONTEXT(2) 
PARAMETRIC_REPRESENTATION_CONTEXT() REPRESENTATION_CONTEXT('2D SPACE',''
  ) );
#11910 = PCURVE('',#9580,#11911);
#11911 = DEFINITIONAL_REPRESENTATION('',(#11912),#11916);
#11912 = CIRCLE('',#11913,3.4);
#11913 = AXIS2_PLACEMENT_2D('',#11914,#11915);
#11914 = CARTESIAN_POINT('',(23.,40.));
#11915 = DIRECTION('',(1.,0.));
#11916 = ( GEOMETRIC_REPRESENTATION_CONTEXT(2) 
PARAMETRIC_REPRESENTATION_CONTEXT() REPRESENTATION_CONTEXT('2D SPACE',''
  ) );
#11917 = ORIENTED_EDGE('',*,*,#11918,.F.);
#11918 = EDGE_CURVE('',#11438,#11893,#11919,.T.);
#11919 = SURFACE_CURVE('',#11920,(#11924,#11931),.PCURVE_S1.);
#11920 = LINE('',#11921,#11922);
#11921 = CARTESIAN_POINT('',(-16.,13.4,-19.01));
#11922 = VECTOR('',#11923,1.);
#11923 = DIRECTION('',(0.,0.,1.));
#11924 = PCURVE('',#11454,#11925);
#11925 = DEFINITIONAL_REPRESENTATION('',(#11926),#11930);
#11926 = LINE('',#11927,#11928);
#11927 = CARTESIAN_POINT('',(1.570796326795,0.));
#11928 = VECTOR('',#11929,1.);
#11929 = DIRECTION('',(0.,1.));
#11930 = ( GEOMETRIC_REPRESENTATION_CONTEXT(2) 
PARAMETRIC_REPRESENTATION_CONTEXT() REPRESENTATION_CONTEXT('2D SPACE',''
  ) );
#11931 = PCURVE('',#11480,#11932);
#11932 = DEFINITIONAL_REPRESENTATION('',(#11933),#11937);
#11933 = LINE('',#11934,#11935);
#11934 = CARTESIAN_POINT('',(0.,0.));
#11935 = VECTOR('',#11936,1.);
#11936 = DIRECTION('',(1.,0.));
#11937 = ( GEOMETRIC_REPRESENTATION_CONTEXT(2) 
PARAMETRIC_REPRESENTATION_CONTEXT() REPRESENTATION_CONTEXT('2D SPACE',''
  ) );
#11938 = ORIENTED_EDGE('',*,*,#11437,.T.);
#11939 = ORIENTED_EDGE('',*,*,#11940,.T.);
#11940 = EDGE_CURVE('',#11410,#11895,#11941,.T.);
#11941 = SURFACE_CURVE('',#11942,(#11946,#11953),.PCURVE_S1.);
#11942 = LINE('',#11943,#11944);
#11943 = CARTESIAN_POINT('',(-16.,6.6,-19.01));
#11944 = VECTOR('',#11945,1.);
#11945 = DIRECTION('',(0.,0.,1.));
#11946 = PCURVE('',#11454,#11947);
#11947 = DEFINITIONAL_REPRESENTATION('',(#11948),#11952);
#11948 = LINE('',#11949,#11950);
#11949 = CARTESIAN_POINT('',(4.712388980385,0.));
#11950 = VECTOR('',#11951,1.);
#11951 = DIRECTION('',(0.,1.));
#11952 = ( GEOMETRIC_REPRESENTATION_CONTEXT(2) 
PARAMETRIC_REPRESENTATION_CONTEXT() REPRESENTATION_CONTEXT('2D SPACE',''
  ) );
#11953 = PCURVE('',#11425,#11954);
#11954 = DEFINITIONAL_REPRESENTATION('',(#11955),#11959);
#11955 = LINE('',#11956,#11957);
#11956 = CARTESIAN_POINT('',(0.,0.));
#11957 = VECTOR('',#11958,1.);
#11958 = DIRECTION('',(1.,0.));
#11959 = ( GEOMETRIC_REPRESENTATION_CONTEXT(2) 
PARAMETRIC_REPRESENTATION_CONTEXT() REPRESENTATION_CONTEXT('2D SPACE',''
  ) );
#11960 = ADVANCED_FACE('',(#11961),#11480,.F.);
#11961 = FACE_BOUND('',#11962,.F.);
#11962 = EDGE_LOOP('',(#11963,#11964,#11965,#11988));
#11963 = ORIENTED_EDGE('',*,*,#11466,.T.);
#11964 = ORIENTED_EDGE('',*,*,#11918,.T.);
#11965 = ORIENTED_EDGE('',*,*,#11966,.F.);
#11966 = EDGE_CURVE('',#11967,#11893,#11969,.T.);
#11967 = VERTEX_POINT('',#11968);
#11968 = CARTESIAN_POINT('',(-11.09838667696,13.4,-16.));
#11969 = SURFACE_CURVE('',#11970,(#11974,#11981),.PCURVE_S1.);
#11970 = LINE('',#11971,#11972);
#11971 = CARTESIAN_POINT('',(-27.5,13.4,-16.));
#11972 = VECTOR('',#11973,1.);
#11973 = DIRECTION('',(-1.,-0.,0.));
#11974 = PCURVE('',#11480,#11975);
#11975 = DEFINITIONAL_REPRESENTATION('',(#11976),#11980);
#11976 = LINE('',#11977,#11978);
#11977 = CARTESIAN_POINT('',(3.01,-11.5));
#11978 = VECTOR('',#11979,1.);
#11979 = DIRECTION('',(0.,-1.));
#11980 = ( GEOMETRIC_REPRESENTATION_CONTEXT(2) 
PARAMETRIC_REPRESENTATION_CONTEXT() REPRESENTATION_CONTEXT('2D SPACE',''
  ) );
#11981 = PCURVE('',#9580,#11982);
#11982 = DEFINITIONAL_REPRESENTATION('',(#11983),#11987);
#11983 = LINE('',#11984,#11985);
#11984 = CARTESIAN_POINT('',(11.5,43.4));
#11985 = VECTOR('',#11986,1.);
#11986 = DIRECTION('',(-1.,0.));
#11987 = ( GEOMETRIC_REPRESENTATION_CONTEXT(2) 
PARAMETRIC_REPRESENTATION_CONTEXT() REPRESENTATION_CONTEXT('2D SPACE',''
  ) );
#11988 = ORIENTED_EDGE('',*,*,#11989,.F.);
#11989 = EDGE_CURVE('',#11381,#11967,#11990,.T.);
#11990 = SURFACE_CURVE('',#11991,(#11995,#12002),.PCURVE_S1.);
#11991 = LINE('',#11992,#11993);
#11992 = CARTESIAN_POINT('',(-11.09838667696,13.4,-19.01));
#11993 = VECTOR('',#11994,1.);
#11994 = DIRECTION('',(0.,0.,1.));
#11995 = PCURVE('',#11480,#11996);
#11996 = DEFINITIONAL_REPRESENTATION('',(#11997),#12001);
#11997 = LINE('',#11998,#11999);
#11998 = CARTESIAN_POINT('',(0.,4.90161332304));
#11999 = VECTOR('',#12000,1.);
#12000 = DIRECTION('',(1.,0.));
#12001 = ( GEOMETRIC_REPRESENTATION_CONTEXT(2) 
PARAMETRIC_REPRESENTATION_CONTEXT() REPRESENTATION_CONTEXT('2D SPACE',''
  ) );
#12002 = PCURVE('',#11397,#12003);
#12003 = DEFINITIONAL_REPRESENTATION('',(#12004),#12007);
#12004 = B_SPLINE_CURVE_WITH_KNOTS('',1,(#12005,#12006),.UNSPECIFIED.,
  .F.,.F.,(2,2),(1.E-02,3.01),.PIECEWISE_BEZIER_KNOTS.);
#12005 = CARTESIAN_POINT('',(8.592999512988,1.E-02));
#12006 = CARTESIAN_POINT('',(8.592999512988,3.01));
#12007 = ( GEOMETRIC_REPRESENTATION_CONTEXT(2) 
PARAMETRIC_REPRESENTATION_CONTEXT() REPRESENTATION_CONTEXT('2D SPACE',''
  ) );
#12008 = ADVANCED_FACE('',(#12009),#11425,.T.);
#12009 = FACE_BOUND('',#12010,.T.);
#12010 = EDGE_LOOP('',(#12011,#12012,#12013,#12036));
#12011 = ORIENTED_EDGE('',*,*,#11409,.T.);
#12012 = ORIENTED_EDGE('',*,*,#11940,.T.);
#12013 = ORIENTED_EDGE('',*,*,#12014,.F.);
#12014 = EDGE_CURVE('',#12015,#11895,#12017,.T.);
#12015 = VERTEX_POINT('',#12016);
#12016 = CARTESIAN_POINT('',(-11.09838667696,6.6,-16.));
#12017 = SURFACE_CURVE('',#12018,(#12022,#12029),.PCURVE_S1.);
#12018 = LINE('',#12019,#12020);
#12019 = CARTESIAN_POINT('',(-27.5,6.6,-16.));
#12020 = VECTOR('',#12021,1.);
#12021 = DIRECTION('',(-1.,-0.,0.));
#12022 = PCURVE('',#11425,#12023);
#12023 = DEFINITIONAL_REPRESENTATION('',(#12024),#12028);
#12024 = LINE('',#12025,#12026);
#12025 = CARTESIAN_POINT('',(3.01,-11.5));
#12026 = VECTOR('',#12027,1.);
#12027 = DIRECTION('',(0.,-1.));
#12028 = ( GEOMETRIC_REPRESENTATION_CONTEXT(2) 
PARAMETRIC_REPRESENTATION_CONTEXT() REPRESENTATION_CONTEXT('2D SPACE',''
  ) );
#12029 = PCURVE('',#9580,#12030);
#12030 = DEFINITIONAL_REPRESENTATION('',(#12031),#12035);
#12031 = LINE('',#12032,#12033);
#12032 = CARTESIAN_POINT('',(11.5,36.6));
#12033 = VECTOR('',#12034,1.);
#12034 = DIRECTION('',(-1.,0.));
#12035 = ( GEOMETRIC_REPRESENTATION_CONTEXT(2) 
PARAMETRIC_REPRESENTATION_CONTEXT() REPRESENTATION_CONTEXT('2D SPACE',''
  ) );
#12036 = ORIENTED_EDGE('',*,*,#12037,.F.);
#12037 = EDGE_CURVE('',#11379,#12015,#12038,.T.);
#12038 = SURFACE_CURVE('',#12039,(#12043,#12050),.PCURVE_S1.);
#12039 = LINE('',#12040,#12041);
#12040 = CARTESIAN_POINT('',(-11.09838667696,6.6,-19.01));
#12041 = VECTOR('',#12042,1.);
#12042 = DIRECTION('',(0.,0.,1.));
#12043 = PCURVE('',#11425,#12044);
#12044 = DEFINITIONAL_REPRESENTATION('',(#12045),#12049);
#12045 = LINE('',#12046,#12047);
#12046 = CARTESIAN_POINT('',(0.,4.90161332304));
#12047 = VECTOR('',#12048,1.);
#12048 = DIRECTION('',(1.,0.));
#12049 = ( GEOMETRIC_REPRESENTATION_CONTEXT(2) 
PARAMETRIC_REPRESENTATION_CONTEXT() REPRESENTATION_CONTEXT('2D SPACE',''
  ) );
#12050 = PCURVE('',#11397,#12051);
#12051 = DEFINITIONAL_REPRESENTATION('',(#12052),#12055);
#12052 = B_SPLINE_CURVE_WITH_KNOTS('',1,(#12053,#12054),.UNSPECIFIED.,
  .F.,.F.,(2,2),(1.E-02,3.01),.PIECEWISE_BEZIER_KNOTS.);
#12053 = CARTESIAN_POINT('',(3.973371101371,1.E-02));
#12054 = CARTESIAN_POINT('',(3.973371101371,3.01));
#12055 = ( GEOMETRIC_REPRESENTATION_CONTEXT(2) 
PARAMETRIC_REPRESENTATION_CONTEXT() REPRESENTATION_CONTEXT('2D SPACE',''
  ) );
#12056 = ADVANCED_FACE('',(#12057),#11397,.F.);
#12057 = FACE_BOUND('',#12058,.F.);
#12058 = EDGE_LOOP('',(#12059,#12060,#12061,#12087));
#12059 = ORIENTED_EDGE('',*,*,#11378,.T.);
#12060 = ORIENTED_EDGE('',*,*,#11989,.T.);
#12061 = ORIENTED_EDGE('',*,*,#12062,.T.);
#12062 = EDGE_CURVE('',#11967,#12015,#12063,.T.);
#12063 = SURFACE_CURVE('',#12064,(#12069,#12076),.PCURVE_S1.);
#12064 = CIRCLE('',#12065,4.6);
#12065 = AXIS2_PLACEMENT_3D('',#12066,#12067,#12068);
#12066 = CARTESIAN_POINT('',(-8.,10.,-16.));
#12067 = DIRECTION('',(0.,0.,-1.));
#12068 = DIRECTION('',(-0.67356232108,0.739130434783,0.));
#12069 = PCURVE('',#11397,#12070);
#12070 = DEFINITIONAL_REPRESENTATION('',(#12071),#12075);
#12071 = LINE('',#12072,#12073);
#12072 = CARTESIAN_POINT('',(8.592999512988,3.01));
#12073 = VECTOR('',#12074,1.);
#12074 = DIRECTION('',(-1.,-0.));
#12075 = ( GEOMETRIC_REPRESENTATION_CONTEXT(2) 
PARAMETRIC_REPRESENTATION_CONTEXT() REPRESENTATION_CONTEXT('2D SPACE',''
  ) );
#12076 = PCURVE('',#9580,#12077);
#12077 = DEFINITIONAL_REPRESENTATION('',(#12078),#12086);
#12078 = ( BOUNDED_CURVE() B_SPLINE_CURVE(2,(#12079,#12080,#12081,#12082
    ,#12083,#12084,#12085),.UNSPECIFIED.,.T.,.F.) 
B_SPLINE_CURVE_WITH_KNOTS((1,2,2,2,2,1),(-2.094395102393,0.,
    2.094395102393,4.188790204786,6.28318530718,8.377580409573),
.UNSPECIFIED.) CURVE() GEOMETRIC_REPRESENTATION_ITEM() 
RATIONAL_B_SPLINE_CURVE((1.,0.5,1.,0.5,1.,0.5,1.)) REPRESENTATION_ITEM(
  '') );
#12079 = CARTESIAN_POINT('',(27.901613323034,43.4));
#12080 = CARTESIAN_POINT('',(33.790586068768,48.766563146));
#12081 = CARTESIAN_POINT('',(35.49367971135,40.983281573));
#12082 = CARTESIAN_POINT('',(37.196773353932,33.2));
#12083 = CARTESIAN_POINT('',(29.604706965616,35.616718427));
#12084 = CARTESIAN_POINT('',(22.0126405773,38.033436854));
#12085 = CARTESIAN_POINT('',(27.901613323034,43.4));
#12086 = ( GEOMETRIC_REPRESENTATION_CONTEXT(2) 
PARAMETRIC_REPRESENTATION_CONTEXT() REPRESENTATION_CONTEXT('2D SPACE',''
  ) );
#12087 = ORIENTED_EDGE('',*,*,#12037,.F.);
#12088 = ADVANCED_FACE('',(#12089),#11364,.F.);
#12089 = FACE_BOUND('',#12090,.F.);
#12090 = EDGE_LOOP('',(#12091,#12115,#12136,#12137));
#12091 = ORIENTED_EDGE('',*,*,#12092,.F.);
#12092 = EDGE_CURVE('',#12093,#12093,#12095,.T.);
#12093 = VERTEX_POINT('',#12094);
#12094 = CARTESIAN_POINT('',(-32.85,14.5,-16.));
#12095 = SURFACE_CURVE('',#12096,(#12101,#12108),.PCURVE_S1.);
#12096 = CIRCLE('',#12097,1.15);
#12097 = AXIS2_PLACEMENT_3D('',#12098,#12099,#12100);
#12098 = CARTESIAN_POINT('',(-34.,14.5,-16.));
#12099 = DIRECTION('',(0.,0.,1.));
#12100 = DIRECTION('',(1.,0.,-0.));
#12101 = PCURVE('',#11364,#12102);
#12102 = DEFINITIONAL_REPRESENTATION('',(#12103),#12107);
#12103 = LINE('',#12104,#12105);
#12104 = CARTESIAN_POINT('',(0.,3.5));
#12105 = VECTOR('',#12106,1.);
#12106 = DIRECTION('',(1.,0.));
#12107 = ( GEOMETRIC_REPRESENTATION_CONTEXT(2) 
PARAMETRIC_REPRESENTATION_CONTEXT() REPRESENTATION_CONTEXT('2D SPACE',''
  ) );
#12108 = PCURVE('',#9580,#12109);
#12109 = DEFINITIONAL_REPRESENTATION('',(#12110),#12114);
#12110 = CIRCLE('',#12111,1.15);
#12111 = AXIS2_PLACEMENT_2D('',#12112,#12113);
#12112 = CARTESIAN_POINT('',(5.,44.5));
#12113 = DIRECTION('',(1.,0.));
#12114 = ( GEOMETRIC_REPRESENTATION_CONTEXT(2) 
PARAMETRIC_REPRESENTATION_CONTEXT() REPRESENTATION_CONTEXT('2D SPACE',''
  ) );
#12115 = ORIENTED_EDGE('',*,*,#12116,.F.);
#12116 = EDGE_CURVE('',#11348,#12093,#12117,.T.);
#12117 = SEAM_CURVE('',#12118,(#12122,#12129),.PCURVE_S1.);
#12118 = LINE('',#12119,#12120);
#12119 = CARTESIAN_POINT('',(-32.85,14.5,-19.5));
#12120 = VECTOR('',#12121,1.);
#12121 = DIRECTION('',(0.,0.,1.));
#12122 = PCURVE('',#11364,#12123);
#12123 = DEFINITIONAL_REPRESENTATION('',(#12124),#12128);
#12124 = LINE('',#12125,#12126);
#12125 = CARTESIAN_POINT('',(0.,-0.));
#12126 = VECTOR('',#12127,1.);
#12127 = DIRECTION('',(0.,1.));
#12128 = ( GEOMETRIC_REPRESENTATION_CONTEXT(2) 
PARAMETRIC_REPRESENTATION_CONTEXT() REPRESENTATION_CONTEXT('2D SPACE',''
  ) );
#12129 = PCURVE('',#11364,#12130);
#12130 = DEFINITIONAL_REPRESENTATION('',(#12131),#12135);
#12131 = LINE('',#12132,#12133);
#12132 = CARTESIAN_POINT('',(6.28318530718,-0.));
#12133 = VECTOR('',#12134,1.);
#12134 = DIRECTION('',(0.,1.));
#12135 = ( GEOMETRIC_REPRESENTATION_CONTEXT(2) 
PARAMETRIC_REPRESENTATION_CONTEXT() REPRESENTATION_CONTEXT('2D SPACE',''
  ) );
#12136 = ORIENTED_EDGE('',*,*,#11347,.T.);
#12137 = ORIENTED_EDGE('',*,*,#12116,.T.);
#12138 = ADVANCED_FACE('',(#12139),#11307,.F.);
#12139 = FACE_BOUND('',#12140,.F.);
#12140 = EDGE_LOOP('',(#12141,#12167,#12188,#12189));
#12141 = ORIENTED_EDGE('',*,*,#12142,.F.);
#12142 = EDGE_CURVE('',#12143,#12145,#12147,.T.);
#12143 = VERTEX_POINT('',#12144);
#12144 = CARTESIAN_POINT('',(18.,-18.6,-16.));
#12145 = VERTEX_POINT('',#12146);
#12146 = CARTESIAN_POINT('',(18.,-25.4,-16.));
#12147 = SURFACE_CURVE('',#12148,(#12153,#12160),.PCURVE_S1.);
#12148 = CIRCLE('',#12149,3.4);
#12149 = AXIS2_PLACEMENT_3D('',#12150,#12151,#12152);
#12150 = CARTESIAN_POINT('',(18.,-22.,-16.));
#12151 = DIRECTION('',(0.,0.,1.));
#12152 = DIRECTION('',(1.,0.,-0.));
#12153 = PCURVE('',#11307,#12154);
#12154 = DEFINITIONAL_REPRESENTATION('',(#12155),#12159);
#12155 = LINE('',#12156,#12157);
#12156 = CARTESIAN_POINT('',(0.,3.01));
#12157 = VECTOR('',#12158,1.);
#12158 = DIRECTION('',(1.,0.));
#12159 = ( GEOMETRIC_REPRESENTATION_CONTEXT(2) 
PARAMETRIC_REPRESENTATION_CONTEXT() REPRESENTATION_CONTEXT('2D SPACE',''
  ) );
#12160 = PCURVE('',#9580,#12161);
#12161 = DEFINITIONAL_REPRESENTATION('',(#12162),#12166);
#12162 = CIRCLE('',#12163,3.4);
#12163 = AXIS2_PLACEMENT_2D('',#12164,#12165);
#12164 = CARTESIAN_POINT('',(57.,8.));
#12165 = DIRECTION('',(1.,0.));
#12166 = ( GEOMETRIC_REPRESENTATION_CONTEXT(2) 
PARAMETRIC_REPRESENTATION_CONTEXT() REPRESENTATION_CONTEXT('2D SPACE',''
  ) );
#12167 = ORIENTED_EDGE('',*,*,#12168,.F.);
#12168 = EDGE_CURVE('',#11291,#12143,#12169,.T.);
#12169 = SURFACE_CURVE('',#12170,(#12174,#12181),.PCURVE_S1.);
#12170 = LINE('',#12171,#12172);
#12171 = CARTESIAN_POINT('',(18.,-18.6,-19.01));
#12172 = VECTOR('',#12173,1.);
#12173 = DIRECTION('',(0.,0.,1.));
#12174 = PCURVE('',#11307,#12175);
#12175 = DEFINITIONAL_REPRESENTATION('',(#12176),#12180);
#12176 = LINE('',#12177,#12178);
#12177 = CARTESIAN_POINT('',(1.570796326795,0.));
#12178 = VECTOR('',#12179,1.);
#12179 = DIRECTION('',(0.,1.));
#12180 = ( GEOMETRIC_REPRESENTATION_CONTEXT(2) 
PARAMETRIC_REPRESENTATION_CONTEXT() REPRESENTATION_CONTEXT('2D SPACE',''
  ) );
#12181 = PCURVE('',#11333,#12182);
#12182 = DEFINITIONAL_REPRESENTATION('',(#12183),#12187);
#12183 = LINE('',#12184,#12185);
#12184 = CARTESIAN_POINT('',(0.,0.));
#12185 = VECTOR('',#12186,1.);
#12186 = DIRECTION('',(1.,0.));
#12187 = ( GEOMETRIC_REPRESENTATION_CONTEXT(2) 
PARAMETRIC_REPRESENTATION_CONTEXT() REPRESENTATION_CONTEXT('2D SPACE',''
  ) );
#12188 = ORIENTED_EDGE('',*,*,#11290,.T.);
#12189 = ORIENTED_EDGE('',*,*,#12190,.T.);
#12190 = EDGE_CURVE('',#11263,#12145,#12191,.T.);
#12191 = SURFACE_CURVE('',#12192,(#12196,#12203),.PCURVE_S1.);
#12192 = LINE('',#12193,#12194);
#12193 = CARTESIAN_POINT('',(18.,-25.4,-19.01));
#12194 = VECTOR('',#12195,1.);
#12195 = DIRECTION('',(0.,0.,1.));
#12196 = PCURVE('',#11307,#12197);
#12197 = DEFINITIONAL_REPRESENTATION('',(#12198),#12202);
#12198 = LINE('',#12199,#12200);
#12199 = CARTESIAN_POINT('',(4.712388980385,0.));
#12200 = VECTOR('',#12201,1.);
#12201 = DIRECTION('',(0.,1.));
#12202 = ( GEOMETRIC_REPRESENTATION_CONTEXT(2) 
PARAMETRIC_REPRESENTATION_CONTEXT() REPRESENTATION_CONTEXT('2D SPACE',''
  ) );
#12203 = PCURVE('',#11278,#12204);
#12204 = DEFINITIONAL_REPRESENTATION('',(#12205),#12209);
#12205 = LINE('',#12206,#12207);
#12206 = CARTESIAN_POINT('',(0.,0.));
#12207 = VECTOR('',#12208,1.);
#12208 = DIRECTION('',(1.,0.));
#12209 = ( GEOMETRIC_REPRESENTATION_CONTEXT(2) 
PARAMETRIC_REPRESENTATION_CONTEXT() REPRESENTATION_CONTEXT('2D SPACE',''
  ) );
#12210 = ADVANCED_FACE('',(#12211),#11333,.F.);
#12211 = FACE_BOUND('',#12212,.F.);
#12212 = EDGE_LOOP('',(#12213,#12214,#12215,#12238));
#12213 = ORIENTED_EDGE('',*,*,#11319,.T.);
#12214 = ORIENTED_EDGE('',*,*,#12168,.T.);
#12215 = ORIENTED_EDGE('',*,*,#12216,.F.);
#12216 = EDGE_CURVE('',#12217,#12143,#12219,.T.);
#12217 = VERTEX_POINT('',#12218);
#12218 = CARTESIAN_POINT('',(22.901613323034,-18.6,-16.));
#12219 = SURFACE_CURVE('',#12220,(#12224,#12231),.PCURVE_S1.);
#12220 = LINE('',#12221,#12222);
#12221 = CARTESIAN_POINT('',(-10.5,-18.6,-16.));
#12222 = VECTOR('',#12223,1.);
#12223 = DIRECTION('',(-1.,-0.,0.));
#12224 = PCURVE('',#11333,#12225);
#12225 = DEFINITIONAL_REPRESENTATION('',(#12226),#12230);
#12226 = LINE('',#12227,#12228);
#12227 = CARTESIAN_POINT('',(3.01,-28.5));
#12228 = VECTOR('',#12229,1.);
#12229 = DIRECTION('',(0.,-1.));
#12230 = ( GEOMETRIC_REPRESENTATION_CONTEXT(2) 
PARAMETRIC_REPRESENTATION_CONTEXT() REPRESENTATION_CONTEXT('2D SPACE',''
  ) );
#12231 = PCURVE('',#9580,#12232);
#12232 = DEFINITIONAL_REPRESENTATION('',(#12233),#12237);
#12233 = LINE('',#12234,#12235);
#12234 = CARTESIAN_POINT('',(28.5,11.4));
#12235 = VECTOR('',#12236,1.);
#12236 = DIRECTION('',(-1.,0.));
#12237 = ( GEOMETRIC_REPRESENTATION_CONTEXT(2) 
PARAMETRIC_REPRESENTATION_CONTEXT() REPRESENTATION_CONTEXT('2D SPACE',''
  ) );
#12238 = ORIENTED_EDGE('',*,*,#12239,.F.);
#12239 = EDGE_CURVE('',#11234,#12217,#12240,.T.);
#12240 = SURFACE_CURVE('',#12241,(#12245,#12252),.PCURVE_S1.);
#12241 = LINE('',#12242,#12243);
#12242 = CARTESIAN_POINT('',(22.901613323034,-18.6,-19.01));
#12243 = VECTOR('',#12244,1.);
#12244 = DIRECTION('',(0.,0.,1.));
#12245 = PCURVE('',#11333,#12246);
#12246 = DEFINITIONAL_REPRESENTATION('',(#12247),#12251);
#12247 = LINE('',#12248,#12249);
#12248 = CARTESIAN_POINT('',(0.,4.901613323034));
#12249 = VECTOR('',#12250,1.);
#12250 = DIRECTION('',(1.,0.));
#12251 = ( GEOMETRIC_REPRESENTATION_CONTEXT(2) 
PARAMETRIC_REPRESENTATION_CONTEXT() REPRESENTATION_CONTEXT('2D SPACE',''
  ) );
#12252 = PCURVE('',#11250,#12253);
#12253 = DEFINITIONAL_REPRESENTATION('',(#12254),#12257);
#12254 = B_SPLINE_CURVE_WITH_KNOTS('',1,(#12255,#12256),.UNSPECIFIED.,
  .F.,.F.,(2,2),(1.E-02,3.01),.PIECEWISE_BEZIER_KNOTS.);
#12255 = CARTESIAN_POINT('',(8.592999512988,1.E-02));
#12256 = CARTESIAN_POINT('',(8.592999512988,3.01));
#12257 = ( GEOMETRIC_REPRESENTATION_CONTEXT(2) 
PARAMETRIC_REPRESENTATION_CONTEXT() REPRESENTATION_CONTEXT('2D SPACE',''
  ) );
#12258 = ADVANCED_FACE('',(#12259),#11278,.T.);
#12259 = FACE_BOUND('',#12260,.T.);
#12260 = EDGE_LOOP('',(#12261,#12262,#12263,#12286));
#12261 = ORIENTED_EDGE('',*,*,#11262,.T.);
#12262 = ORIENTED_EDGE('',*,*,#12190,.T.);
#12263 = ORIENTED_EDGE('',*,*,#12264,.F.);
#12264 = EDGE_CURVE('',#12265,#12145,#12267,.T.);
#12265 = VERTEX_POINT('',#12266);
#12266 = CARTESIAN_POINT('',(22.901613323034,-25.4,-16.));
#12267 = SURFACE_CURVE('',#12268,(#12272,#12279),.PCURVE_S1.);
#12268 = LINE('',#12269,#12270);
#12269 = CARTESIAN_POINT('',(-10.5,-25.4,-16.));
#12270 = VECTOR('',#12271,1.);
#12271 = DIRECTION('',(-1.,-0.,0.));
#12272 = PCURVE('',#11278,#12273);
#12273 = DEFINITIONAL_REPRESENTATION('',(#12274),#12278);
#12274 = LINE('',#12275,#12276);
#12275 = CARTESIAN_POINT('',(3.01,-28.5));
#12276 = VECTOR('',#12277,1.);
#12277 = DIRECTION('',(0.,-1.));
#12278 = ( GEOMETRIC_REPRESENTATION_CONTEXT(2) 
PARAMETRIC_REPRESENTATION_CONTEXT() REPRESENTATION_CONTEXT('2D SPACE',''
  ) );
#12279 = PCURVE('',#9580,#12280);
#12280 = DEFINITIONAL_REPRESENTATION('',(#12281),#12285);
#12281 = LINE('',#12282,#12283);
#12282 = CARTESIAN_POINT('',(28.5,4.6));
#12283 = VECTOR('',#12284,1.);
#12284 = DIRECTION('',(-1.,0.));
#12285 = ( GEOMETRIC_REPRESENTATION_CONTEXT(2) 
PARAMETRIC_REPRESENTATION_CONTEXT() REPRESENTATION_CONTEXT('2D SPACE',''
  ) );
#12286 = ORIENTED_EDGE('',*,*,#12287,.F.);
#12287 = EDGE_CURVE('',#11232,#12265,#12288,.T.);
#12288 = SURFACE_CURVE('',#12289,(#12293,#12300),.PCURVE_S1.);
#12289 = LINE('',#12290,#12291);
#12290 = CARTESIAN_POINT('',(22.901613323034,-25.4,-19.01));
#12291 = VECTOR('',#12292,1.);
#12292 = DIRECTION('',(0.,0.,1.));
#12293 = PCURVE('',#11278,#12294);
#12294 = DEFINITIONAL_REPRESENTATION('',(#12295),#12299);
#12295 = LINE('',#12296,#12297);
#12296 = CARTESIAN_POINT('',(0.,4.901613323034));
#12297 = VECTOR('',#12298,1.);
#12298 = DIRECTION('',(1.,0.));
#12299 = ( GEOMETRIC_REPRESENTATION_CONTEXT(2) 
PARAMETRIC_REPRESENTATION_CONTEXT() REPRESENTATION_CONTEXT('2D SPACE',''
  ) );
#12300 = PCURVE('',#11250,#12301);
#12301 = DEFINITIONAL_REPRESENTATION('',(#12302),#12305);
#12302 = B_SPLINE_CURVE_WITH_KNOTS('',1,(#12303,#12304),.UNSPECIFIED.,
  .F.,.F.,(2,2),(1.E-02,3.01),.PIECEWISE_BEZIER_KNOTS.);
#12303 = CARTESIAN_POINT('',(3.973371101371,1.E-02));
#12304 = CARTESIAN_POINT('',(3.973371101371,3.01));
#12305 = ( GEOMETRIC_REPRESENTATION_CONTEXT(2) 
PARAMETRIC_REPRESENTATION_CONTEXT() REPRESENTATION_CONTEXT('2D SPACE',''
  ) );
#12306 = ADVANCED_FACE('',(#12307),#11250,.F.);
#12307 = FACE_BOUND('',#12308,.F.);
#12308 = EDGE_LOOP('',(#12309,#12310,#12311,#12337));
#12309 = ORIENTED_EDGE('',*,*,#11231,.T.);
#12310 = ORIENTED_EDGE('',*,*,#12239,.T.);
#12311 = ORIENTED_EDGE('',*,*,#12312,.T.);
#12312 = EDGE_CURVE('',#12217,#12265,#12313,.T.);
#12313 = SURFACE_CURVE('',#12314,(#12319,#12326),.PCURVE_S1.);
#12314 = CIRCLE('',#12315,4.6);
#12315 = AXIS2_PLACEMENT_3D('',#12316,#12317,#12318);
#12316 = CARTESIAN_POINT('',(26.,-22.,-16.));
#12317 = DIRECTION('',(0.,0.,-1.));
#12318 = DIRECTION('',(-0.67356232108,0.739130434783,0.));
#12319 = PCURVE('',#11250,#12320);
#12320 = DEFINITIONAL_REPRESENTATION('',(#12321),#12325);
#12321 = LINE('',#12322,#12323);
#12322 = CARTESIAN_POINT('',(8.592999512988,3.01));
#12323 = VECTOR('',#12324,1.);
#12324 = DIRECTION('',(-1.,-0.));
#12325 = ( GEOMETRIC_REPRESENTATION_CONTEXT(2) 
PARAMETRIC_REPRESENTATION_CONTEXT() REPRESENTATION_CONTEXT('2D SPACE',''
  ) );
#12326 = PCURVE('',#9580,#12327);
#12327 = DEFINITIONAL_REPRESENTATION('',(#12328),#12336);
#12328 = ( BOUNDED_CURVE() B_SPLINE_CURVE(2,(#12329,#12330,#12331,#12332
    ,#12333,#12334,#12335),.UNSPECIFIED.,.T.,.F.) 
B_SPLINE_CURVE_WITH_KNOTS((1,2,2,2,2,1),(-2.094395102393,0.,
    2.094395102393,4.188790204786,6.28318530718,8.377580409573),
.UNSPECIFIED.) CURVE() GEOMETRIC_REPRESENTATION_ITEM() 
RATIONAL_B_SPLINE_CURVE((1.,0.5,1.,0.5,1.,0.5,1.)) REPRESENTATION_ITEM(
  '') );
#12329 = CARTESIAN_POINT('',(61.901613323034,11.4));
#12330 = CARTESIAN_POINT('',(67.790586068768,16.766563146));
#12331 = CARTESIAN_POINT('',(69.49367971135,8.983281573));
#12332 = CARTESIAN_POINT('',(71.196773353932,1.2));
#12333 = CARTESIAN_POINT('',(63.604706965616,3.616718427));
#12334 = CARTESIAN_POINT('',(56.0126405773,6.033436854));
#12335 = CARTESIAN_POINT('',(61.901613323034,11.4));
#12336 = ( GEOMETRIC_REPRESENTATION_CONTEXT(2) 
PARAMETRIC_REPRESENTATION_CONTEXT() REPRESENTATION_CONTEXT('2D SPACE',''
  ) );
#12337 = ORIENTED_EDGE('',*,*,#12287,.F.);
#12338 = ADVANCED_FACE('',(#12339),#11217,.F.);
#12339 = FACE_BOUND('',#12340,.F.);
#12340 = EDGE_LOOP('',(#12341,#12365,#12386,#12387));
#12341 = ORIENTED_EDGE('',*,*,#12342,.F.);
#12342 = EDGE_CURVE('',#12343,#12343,#12345,.T.);
#12343 = VERTEX_POINT('',#12344);
#12344 = CARTESIAN_POINT('',(37.15,-26.5,-16.));
#12345 = SURFACE_CURVE('',#12346,(#12351,#12358),.PCURVE_S1.);
#12346 = CIRCLE('',#12347,1.15);
#12347 = AXIS2_PLACEMENT_3D('',#12348,#12349,#12350);
#12348 = CARTESIAN_POINT('',(36.,-26.5,-16.));
#12349 = DIRECTION('',(0.,0.,1.));
#12350 = DIRECTION('',(1.,0.,-0.));
#12351 = PCURVE('',#11217,#12352);
#12352 = DEFINITIONAL_REPRESENTATION('',(#12353),#12357);
#12353 = LINE('',#12354,#12355);
#12354 = CARTESIAN_POINT('',(0.,3.5));
#12355 = VECTOR('',#12356,1.);
#12356 = DIRECTION('',(1.,0.));
#12357 = ( GEOMETRIC_REPRESENTATION_CONTEXT(2) 
PARAMETRIC_REPRESENTATION_CONTEXT() REPRESENTATION_CONTEXT('2D SPACE',''
  ) );
#12358 = PCURVE('',#9580,#12359);
#12359 = DEFINITIONAL_REPRESENTATION('',(#12360),#12364);
#12360 = CIRCLE('',#12361,1.15);
#12361 = AXIS2_PLACEMENT_2D('',#12362,#12363);
#12362 = CARTESIAN_POINT('',(75.,3.5));
#12363 = DIRECTION('',(1.,0.));
#12364 = ( GEOMETRIC_REPRESENTATION_CONTEXT(2) 
PARAMETRIC_REPRESENTATION_CONTEXT() REPRESENTATION_CONTEXT('2D SPACE',''
  ) );
#12365 = ORIENTED_EDGE('',*,*,#12366,.F.);
#12366 = EDGE_CURVE('',#11201,#12343,#12367,.T.);
#12367 = SEAM_CURVE('',#12368,(#12372,#12379),.PCURVE_S1.);
#12368 = LINE('',#12369,#12370);
#12369 = CARTESIAN_POINT('',(37.15,-26.5,-19.5));
#12370 = VECTOR('',#12371,1.);
#12371 = DIRECTION('',(0.,0.,1.));
#12372 = PCURVE('',#11217,#12373);
#12373 = DEFINITIONAL_REPRESENTATION('',(#12374),#12378);
#12374 = LINE('',#12375,#12376);
#12375 = CARTESIAN_POINT('',(0.,-0.));
#12376 = VECTOR('',#12377,1.);
#12377 = DIRECTION('',(0.,1.));
#12378 = ( GEOMETRIC_REPRESENTATION_CONTEXT(2) 
PARAMETRIC_REPRESENTATION_CONTEXT() REPRESENTATION_CONTEXT('2D SPACE',''
  ) );
#12379 = PCURVE('',#11217,#12380);
#12380 = DEFINITIONAL_REPRESENTATION('',(#12381),#12385);
#12381 = LINE('',#12382,#12383);
#12382 = CARTESIAN_POINT('',(6.28318530718,-0.));
#12383 = VECTOR('',#12384,1.);
#12384 = DIRECTION('',(0.,1.));
#12385 = ( GEOMETRIC_REPRESENTATION_CONTEXT(2) 
PARAMETRIC_REPRESENTATION_CONTEXT() REPRESENTATION_CONTEXT('2D SPACE',''
  ) );
#12386 = ORIENTED_EDGE('',*,*,#11200,.T.);
#12387 = ORIENTED_EDGE('',*,*,#12366,.T.);
#12388 = ADVANCED_FACE('',(#12389),#11160,.F.);
#12389 = FACE_BOUND('',#12390,.F.);
#12390 = EDGE_LOOP('',(#12391,#12417,#12438,#12439));
#12391 = ORIENTED_EDGE('',*,*,#12392,.F.);
#12392 = EDGE_CURVE('',#12393,#12395,#12397,.T.);
#12393 = VERTEX_POINT('',#12394);
#12394 = CARTESIAN_POINT('',(-16.,-18.6,-16.));
#12395 = VERTEX_POINT('',#12396);
#12396 = CARTESIAN_POINT('',(-16.,-25.4,-16.));
#12397 = SURFACE_CURVE('',#12398,(#12403,#12410),.PCURVE_S1.);
#12398 = CIRCLE('',#12399,3.4);
#12399 = AXIS2_PLACEMENT_3D('',#12400,#12401,#12402);
#12400 = CARTESIAN_POINT('',(-16.,-22.,-16.));
#12401 = DIRECTION('',(0.,0.,1.));
#12402 = DIRECTION('',(1.,0.,-0.));
#12403 = PCURVE('',#11160,#12404);
#12404 = DEFINITIONAL_REPRESENTATION('',(#12405),#12409);
#12405 = LINE('',#12406,#12407);
#12406 = CARTESIAN_POINT('',(0.,3.01));
#12407 = VECTOR('',#12408,1.);
#12408 = DIRECTION('',(1.,0.));
#12409 = ( GEOMETRIC_REPRESENTATION_CONTEXT(2) 
PARAMETRIC_REPRESENTATION_CONTEXT() REPRESENTATION_CONTEXT('2D SPACE',''
  ) );
#12410 = PCURVE('',#9580,#12411);
#12411 = DEFINITIONAL_REPRESENTATION('',(#12412),#12416);
#12412 = CIRCLE('',#12413,3.4);
#12413 = AXIS2_PLACEMENT_2D('',#12414,#12415);
#12414 = CARTESIAN_POINT('',(23.,8.));
#12415 = DIRECTION('',(1.,0.));
#12416 = ( GEOMETRIC_REPRESENTATION_CONTEXT(2) 
PARAMETRIC_REPRESENTATION_CONTEXT() REPRESENTATION_CONTEXT('2D SPACE',''
  ) );
#12417 = ORIENTED_EDGE('',*,*,#12418,.F.);
#12418 = EDGE_CURVE('',#11144,#12393,#12419,.T.);
#12419 = SURFACE_CURVE('',#12420,(#12424,#12431),.PCURVE_S1.);
#12420 = LINE('',#12421,#12422);
#12421 = CARTESIAN_POINT('',(-16.,-18.6,-19.01));
#12422 = VECTOR('',#12423,1.);
#12423 = DIRECTION('',(0.,0.,1.));
#12424 = PCURVE('',#11160,#12425);
#12425 = DEFINITIONAL_REPRESENTATION('',(#12426),#12430);
#12426 = LINE('',#12427,#12428);
#12427 = CARTESIAN_POINT('',(1.570796326795,0.));
#12428 = VECTOR('',#12429,1.);
#12429 = DIRECTION('',(0.,1.));
#12430 = ( GEOMETRIC_REPRESENTATION_CONTEXT(2) 
PARAMETRIC_REPRESENTATION_CONTEXT() REPRESENTATION_CONTEXT('2D SPACE',''
  ) );
#12431 = PCURVE('',#11186,#12432);
#12432 = DEFINITIONAL_REPRESENTATION('',(#12433),#12437);
#12433 = LINE('',#12434,#12435);
#12434 = CARTESIAN_POINT('',(0.,0.));
#12435 = VECTOR('',#12436,1.);
#12436 = DIRECTION('',(1.,0.));
#12437 = ( GEOMETRIC_REPRESENTATION_CONTEXT(2) 
PARAMETRIC_REPRESENTATION_CONTEXT() REPRESENTATION_CONTEXT('2D SPACE',''
  ) );
#12438 = ORIENTED_EDGE('',*,*,#11143,.T.);
#12439 = ORIENTED_EDGE('',*,*,#12440,.T.);
#12440 = EDGE_CURVE('',#11116,#12395,#12441,.T.);
#12441 = SURFACE_CURVE('',#12442,(#12446,#12453),.PCURVE_S1.);
#12442 = LINE('',#12443,#12444);
#12443 = CARTESIAN_POINT('',(-16.,-25.4,-19.01));
#12444 = VECTOR('',#12445,1.);
#12445 = DIRECTION('',(0.,0.,1.));
#12446 = PCURVE('',#11160,#12447);
#12447 = DEFINITIONAL_REPRESENTATION('',(#12448),#12452);
#12448 = LINE('',#12449,#12450);
#12449 = CARTESIAN_POINT('',(4.712388980385,0.));
#12450 = VECTOR('',#12451,1.);
#12451 = DIRECTION('',(0.,1.));
#12452 = ( GEOMETRIC_REPRESENTATION_CONTEXT(2) 
PARAMETRIC_REPRESENTATION_CONTEXT() REPRESENTATION_CONTEXT('2D SPACE',''
  ) );
#12453 = PCURVE('',#11131,#12454);
#12454 = DEFINITIONAL_REPRESENTATION('',(#12455),#12459);
#12455 = LINE('',#12456,#12457);
#12456 = CARTESIAN_POINT('',(0.,0.));
#12457 = VECTOR('',#12458,1.);
#12458 = DIRECTION('',(1.,0.));
#12459 = ( GEOMETRIC_REPRESENTATION_CONTEXT(2) 
PARAMETRIC_REPRESENTATION_CONTEXT() REPRESENTATION_CONTEXT('2D SPACE',''
  ) );
#12460 = ADVANCED_FACE('',(#12461),#11186,.F.);
#12461 = FACE_BOUND('',#12462,.F.);
#12462 = EDGE_LOOP('',(#12463,#12464,#12465,#12488));
#12463 = ORIENTED_EDGE('',*,*,#11172,.T.);
#12464 = ORIENTED_EDGE('',*,*,#12418,.T.);
#12465 = ORIENTED_EDGE('',*,*,#12466,.F.);
#12466 = EDGE_CURVE('',#12467,#12393,#12469,.T.);
#12467 = VERTEX_POINT('',#12468);
#12468 = CARTESIAN_POINT('',(-11.09838667696,-18.6,-16.));
#12469 = SURFACE_CURVE('',#12470,(#12474,#12481),.PCURVE_S1.);
#12470 = LINE('',#12471,#12472);
#12471 = CARTESIAN_POINT('',(-27.5,-18.6,-16.));
#12472 = VECTOR('',#12473,1.);
#12473 = DIRECTION('',(-1.,-0.,0.));
#12474 = PCURVE('',#11186,#12475);
#12475 = DEFINITIONAL_REPRESENTATION('',(#12476),#12480);
#12476 = LINE('',#12477,#12478);
#12477 = CARTESIAN_POINT('',(3.01,-11.5));
#12478 = VECTOR('',#12479,1.);
#12479 = DIRECTION('',(0.,-1.));
#12480 = ( GEOMETRIC_REPRESENTATION_CONTEXT(2) 
PARAMETRIC_REPRESENTATION_CONTEXT() REPRESENTATION_CONTEXT('2D SPACE',''
  ) );
#12481 = PCURVE('',#9580,#12482);
#12482 = DEFINITIONAL_REPRESENTATION('',(#12483),#12487);
#12483 = LINE('',#12484,#12485);
#12484 = CARTESIAN_POINT('',(11.5,11.4));
#12485 = VECTOR('',#12486,1.);
#12486 = DIRECTION('',(-1.,0.));
#12487 = ( GEOMETRIC_REPRESENTATION_CONTEXT(2) 
PARAMETRIC_REPRESENTATION_CONTEXT() REPRESENTATION_CONTEXT('2D SPACE',''
  ) );
#12488 = ORIENTED_EDGE('',*,*,#12489,.F.);
#12489 = EDGE_CURVE('',#11087,#12467,#12490,.T.);
#12490 = SURFACE_CURVE('',#12491,(#12495,#12502),.PCURVE_S1.);
#12491 = LINE('',#12492,#12493);
#12492 = CARTESIAN_POINT('',(-11.09838667696,-18.6,-19.01));
#12493 = VECTOR('',#12494,1.);
#12494 = DIRECTION('',(0.,0.,1.));
#12495 = PCURVE('',#11186,#12496);
#12496 = DEFINITIONAL_REPRESENTATION('',(#12497),#12501);
#12497 = LINE('',#12498,#12499);
#12498 = CARTESIAN_POINT('',(0.,4.90161332304));
#12499 = VECTOR('',#12500,1.);
#12500 = DIRECTION('',(1.,0.));
#12501 = ( GEOMETRIC_REPRESENTATION_CONTEXT(2) 
PARAMETRIC_REPRESENTATION_CONTEXT() REPRESENTATION_CONTEXT('2D SPACE',''
  ) );
#12502 = PCURVE('',#11103,#12503);
#12503 = DEFINITIONAL_REPRESENTATION('',(#12504),#12507);
#12504 = B_SPLINE_CURVE_WITH_KNOTS('',1,(#12505,#12506),.UNSPECIFIED.,
  .F.,.F.,(2,2),(1.E-02,3.01),.PIECEWISE_BEZIER_KNOTS.);
#12505 = CARTESIAN_POINT('',(8.592999512988,1.E-02));
#12506 = CARTESIAN_POINT('',(8.592999512988,3.01));
#12507 = ( GEOMETRIC_REPRESENTATION_CONTEXT(2) 
PARAMETRIC_REPRESENTATION_CONTEXT() REPRESENTATION_CONTEXT('2D SPACE',''
  ) );
#12508 = ADVANCED_FACE('',(#12509),#11131,.T.);
#12509 = FACE_BOUND('',#12510,.T.);
#12510 = EDGE_LOOP('',(#12511,#12512,#12513,#12536));
#12511 = ORIENTED_EDGE('',*,*,#11115,.T.);
#12512 = ORIENTED_EDGE('',*,*,#12440,.T.);
#12513 = ORIENTED_EDGE('',*,*,#12514,.F.);
#12514 = EDGE_CURVE('',#12515,#12395,#12517,.T.);
#12515 = VERTEX_POINT('',#12516);
#12516 = CARTESIAN_POINT('',(-11.09838667696,-25.4,-16.));
#12517 = SURFACE_CURVE('',#12518,(#12522,#12529),.PCURVE_S1.);
#12518 = LINE('',#12519,#12520);
#12519 = CARTESIAN_POINT('',(-27.5,-25.4,-16.));
#12520 = VECTOR('',#12521,1.);
#12521 = DIRECTION('',(-1.,-0.,0.));
#12522 = PCURVE('',#11131,#12523);
#12523 = DEFINITIONAL_REPRESENTATION('',(#12524),#12528);
#12524 = LINE('',#12525,#12526);
#12525 = CARTESIAN_POINT('',(3.01,-11.5));
#12526 = VECTOR('',#12527,1.);
#12527 = DIRECTION('',(0.,-1.));
#12528 = ( GEOMETRIC_REPRESENTATION_CONTEXT(2) 
PARAMETRIC_REPRESENTATION_CONTEXT() REPRESENTATION_CONTEXT('2D SPACE',''
  ) );
#12529 = PCURVE('',#9580,#12530);
#12530 = DEFINITIONAL_REPRESENTATION('',(#12531),#12535);
#12531 = LINE('',#12532,#12533);
#12532 = CARTESIAN_POINT('',(11.5,4.6));
#12533 = VECTOR('',#12534,1.);
#12534 = DIRECTION('',(-1.,0.));
#12535 = ( GEOMETRIC_REPRESENTATION_CONTEXT(2) 
PARAMETRIC_REPRESENTATION_CONTEXT() REPRESENTATION_CONTEXT('2D SPACE',''
  ) );
#12536 = ORIENTED_EDGE('',*,*,#12537,.F.);
#12537 = EDGE_CURVE('',#11085,#12515,#12538,.T.);
#12538 = SURFACE_CURVE('',#12539,(#12543,#12550),.PCURVE_S1.);
#12539 = LINE('',#12540,#12541);
#12540 = CARTESIAN_POINT('',(-11.09838667696,-25.4,-19.01));
#12541 = VECTOR('',#12542,1.);
#12542 = DIRECTION('',(0.,0.,1.));
#12543 = PCURVE('',#11131,#12544);
#12544 = DEFINITIONAL_REPRESENTATION('',(#12545),#12549);
#12545 = LINE('',#12546,#12547);
#12546 = CARTESIAN_POINT('',(0.,4.90161332304));
#12547 = VECTOR('',#12548,1.);
#12548 = DIRECTION('',(1.,0.));
#12549 = ( GEOMETRIC_REPRESENTATION_CONTEXT(2) 
PARAMETRIC_REPRESENTATION_CONTEXT() REPRESENTATION_CONTEXT('2D SPACE',''
  ) );
#12550 = PCURVE('',#11103,#12551);
#12551 = DEFINITIONAL_REPRESENTATION('',(#12552),#12555);
#12552 = B_SPLINE_CURVE_WITH_KNOTS('',1,(#12553,#12554),.UNSPECIFIED.,
  .F.,.F.,(2,2),(1.E-02,3.01),.PIECEWISE_BEZIER_KNOTS.);
#12553 = CARTESIAN_POINT('',(3.973371101371,1.E-02));
#12554 = CARTESIAN_POINT('',(3.973371101371,3.01));
#12555 = ( GEOMETRIC_REPRESENTATION_CONTEXT(2) 
PARAMETRIC_REPRESENTATION_CONTEXT() REPRESENTATION_CONTEXT('2D SPACE',''
  ) );
#12556 = ADVANCED_FACE('',(#12557),#11103,.F.);
#12557 = FACE_BOUND('',#12558,.F.);
#12558 = EDGE_LOOP('',(#12559,#12560,#12561,#12587));
#12559 = ORIENTED_EDGE('',*,*,#11084,.T.);
#12560 = ORIENTED_EDGE('',*,*,#12489,.T.);
#12561 = ORIENTED_EDGE('',*,*,#12562,.T.);
#12562 = EDGE_CURVE('',#12467,#12515,#12563,.T.);
#12563 = SURFACE_CURVE('',#12564,(#12569,#12576),.PCURVE_S1.);
#12564 = CIRCLE('',#12565,4.6);
#12565 = AXIS2_PLACEMENT_3D('',#12566,#12567,#12568);
#12566 = CARTESIAN_POINT('',(-8.,-22.,-16.));
#12567 = DIRECTION('',(0.,0.,-1.));
#12568 = DIRECTION('',(-0.67356232108,0.739130434783,0.));
#12569 = PCURVE('',#11103,#12570);
#12570 = DEFINITIONAL_REPRESENTATION('',(#12571),#12575);
#12571 = LINE('',#12572,#12573);
#12572 = CARTESIAN_POINT('',(8.592999512988,3.01));
#12573 = VECTOR('',#12574,1.);
#12574 = DIRECTION('',(-1.,-0.));
#12575 = ( GEOMETRIC_REPRESENTATION_CONTEXT(2) 
PARAMETRIC_REPRESENTATION_CONTEXT() REPRESENTATION_CONTEXT('2D SPACE',''
  ) );
#12576 = PCURVE('',#9580,#12577);
#12577 = DEFINITIONAL_REPRESENTATION('',(#12578),#12586);
#12578 = ( BOUNDED_CURVE() B_SPLINE_CURVE(2,(#12579,#12580,#12581,#12582
    ,#12583,#12584,#12585),.UNSPECIFIED.,.T.,.F.) 
B_SPLINE_CURVE_WITH_KNOTS((1,2,2,2,2,1),(-2.094395102393,0.,
    2.094395102393,4.188790204786,6.28318530718,8.377580409573),
.UNSPECIFIED.) CURVE() GEOMETRIC_REPRESENTATION_ITEM() 
RATIONAL_B_SPLINE_CURVE((1.,0.5,1.,0.5,1.,0.5,1.)) REPRESENTATION_ITEM(
  '') );
#12579 = CARTESIAN_POINT('',(27.901613323034,11.4));
#12580 = CARTESIAN_POINT('',(33.790586068768,16.766563146));
#12581 = CARTESIAN_POINT('',(35.49367971135,8.983281573));
#12582 = CARTESIAN_POINT('',(37.196773353932,1.2));
#12583 = CARTESIAN_POINT('',(29.604706965616,3.616718427));
#12584 = CARTESIAN_POINT('',(22.0126405773,6.033436854));
#12585 = CARTESIAN_POINT('',(27.901613323034,11.4));
#12586 = ( GEOMETRIC_REPRESENTATION_CONTEXT(2) 
PARAMETRIC_REPRESENTATION_CONTEXT() REPRESENTATION_CONTEXT('2D SPACE',''
  ) );
#12587 = ORIENTED_EDGE('',*,*,#12537,.F.);
#12588 = ADVANCED_FACE('',(#12589),#11070,.F.);
#12589 = FACE_BOUND('',#12590,.F.);
#12590 = EDGE_LOOP('',(#12591,#12615,#12636,#12637));
#12591 = ORIENTED_EDGE('',*,*,#12592,.F.);
#12592 = EDGE_CURVE('',#12593,#12593,#12595,.T.);
#12593 = VERTEX_POINT('',#12594);
#12594 = CARTESIAN_POINT('',(-32.85,-26.5,-16.));
#12595 = SURFACE_CURVE('',#12596,(#12601,#12608),.PCURVE_S1.);
#12596 = CIRCLE('',#12597,1.15);
#12597 = AXIS2_PLACEMENT_3D('',#12598,#12599,#12600);
#12598 = CARTESIAN_POINT('',(-34.,-26.5,-16.));
#12599 = DIRECTION('',(0.,0.,1.));
#12600 = DIRECTION('',(1.,0.,-0.));
#12601 = PCURVE('',#11070,#12602);
#12602 = DEFINITIONAL_REPRESENTATION('',(#12603),#12607);
#12603 = LINE('',#12604,#12605);
#12604 = CARTESIAN_POINT('',(0.,3.5));
#12605 = VECTOR('',#12606,1.);
#12606 = DIRECTION('',(1.,0.));
#12607 = ( GEOMETRIC_REPRESENTATION_CONTEXT(2) 
PARAMETRIC_REPRESENTATION_CONTEXT() REPRESENTATION_CONTEXT('2D SPACE',''
  ) );
#12608 = PCURVE('',#9580,#12609);
#12609 = DEFINITIONAL_REPRESENTATION('',(#12610),#12614);
#12610 = CIRCLE('',#12611,1.15);
#12611 = AXIS2_PLACEMENT_2D('',#12612,#12613);
#12612 = CARTESIAN_POINT('',(5.,3.5));
#12613 = DIRECTION('',(1.,0.));
#12614 = ( GEOMETRIC_REPRESENTATION_CONTEXT(2) 
PARAMETRIC_REPRESENTATION_CONTEXT() REPRESENTATION_CONTEXT('2D SPACE',''
  ) );
#12615 = ORIENTED_EDGE('',*,*,#12616,.F.);
#12616 = EDGE_CURVE('',#11054,#12593,#12617,.T.);
#12617 = SEAM_CURVE('',#12618,(#12622,#12629),.PCURVE_S1.);
#12618 = LINE('',#12619,#12620);
#12619 = CARTESIAN_POINT('',(-32.85,-26.5,-19.5));
#12620 = VECTOR('',#12621,1.);
#12621 = DIRECTION('',(0.,0.,1.));
#12622 = PCURVE('',#11070,#12623);
#12623 = DEFINITIONAL_REPRESENTATION('',(#12624),#12628);
#12624 = LINE('',#12625,#12626);
#12625 = CARTESIAN_POINT('',(0.,-0.));
#12626 = VECTOR('',#12627,1.);
#12627 = DIRECTION('',(0.,1.));
#12628 = ( GEOMETRIC_REPRESENTATION_CONTEXT(2) 
PARAMETRIC_REPRESENTATION_CONTEXT() REPRESENTATION_CONTEXT('2D SPACE',''
  ) );
#12629 = PCURVE('',#11070,#12630);
#12630 = DEFINITIONAL_REPRESENTATION('',(#12631),#12635);
#12631 = LINE('',#12632,#12633);
#12632 = CARTESIAN_POINT('',(6.28318530718,-0.));
#12633 = VECTOR('',#12634,1.);
#12634 = DIRECTION('',(0.,1.));
#12635 = ( GEOMETRIC_REPRESENTATION_CONTEXT(2) 
PARAMETRIC_REPRESENTATION_CONTEXT() REPRESENTATION_CONTEXT('2D SPACE',''
  ) );
#12636 = ORIENTED_EDGE('',*,*,#11053,.T.);
#12637 = ORIENTED_EDGE('',*,*,#12616,.T.);
#12638 = ADVANCED_FACE('',(#12639),#9608,.T.);
#12639 = FACE_BOUND('',#12640,.T.);
#12640 = EDGE_LOOP('',(#12641,#12642,#12643,#12665));
#12641 = ORIENTED_EDGE('',*,*,#11017,.T.);
#12642 = ORIENTED_EDGE('',*,*,#10207,.T.);
#12643 = ORIENTED_EDGE('',*,*,#12644,.F.);
#12644 = EDGE_CURVE('',#9558,#10208,#12645,.T.);
#12645 = SURFACE_CURVE('',#12646,(#12651,#12658),.PCURVE_S1.);
#12646 = CIRCLE('',#12647,3.);
#12647 = AXIS2_PLACEMENT_3D('',#12648,#12649,#12650);
#12648 = CARTESIAN_POINT('',(-36.,-27.,-16.));
#12649 = DIRECTION('',(0.,0.,1.));
#12650 = DIRECTION('',(0.,-1.,0.));
#12651 = PCURVE('',#9608,#12652);
#12652 = DEFINITIONAL_REPRESENTATION('',(#12653),#12657);
#12653 = LINE('',#12654,#12655);
#12654 = CARTESIAN_POINT('',(-4.712388980385,3.));
#12655 = VECTOR('',#12656,1.);
#12656 = DIRECTION('',(1.,0.));
#12657 = ( GEOMETRIC_REPRESENTATION_CONTEXT(2) 
PARAMETRIC_REPRESENTATION_CONTEXT() REPRESENTATION_CONTEXT('2D SPACE',''
  ) );
#12658 = PCURVE('',#9580,#12659);
#12659 = DEFINITIONAL_REPRESENTATION('',(#12660),#12664);
#12660 = CIRCLE('',#12661,3.);
#12661 = AXIS2_PLACEMENT_2D('',#12662,#12663);
#12662 = CARTESIAN_POINT('',(3.,3.));
#12663 = DIRECTION('',(0.,-1.));
#12664 = ( GEOMETRIC_REPRESENTATION_CONTEXT(2) 
PARAMETRIC_REPRESENTATION_CONTEXT() REPRESENTATION_CONTEXT('2D SPACE',''
  ) );
#12665 = ORIENTED_EDGE('',*,*,#9592,.F.);
#12666 = ADVANCED_FACE('',(#12667,#12677,#12680,#12686,#12689,#12695,
    #12809,#12812,#12818,#12932,#12938,#12944),#9580,.T.);
#12667 = FACE_BOUND('',#12668,.T.);
#12668 = EDGE_LOOP('',(#12669,#12670,#12671,#12672,#12673,#12674,#12675,
    #12676));
#12669 = ORIENTED_EDGE('',*,*,#9557,.F.);
#12670 = ORIENTED_EDGE('',*,*,#12644,.T.);
#12671 = ORIENTED_EDGE('',*,*,#10230,.T.);
#12672 = ORIENTED_EDGE('',*,*,#10099,.F.);
#12673 = ORIENTED_EDGE('',*,*,#9917,.T.);
#12674 = ORIENTED_EDGE('',*,*,#9864,.T.);
#12675 = ORIENTED_EDGE('',*,*,#9787,.F.);
#12676 = ORIENTED_EDGE('',*,*,#9678,.F.);
#12677 = FACE_BOUND('',#12678,.T.);
#12678 = EDGE_LOOP('',(#12679));
#12679 = ORIENTED_EDGE('',*,*,#12592,.F.);
#12680 = FACE_BOUND('',#12681,.T.);
#12681 = EDGE_LOOP('',(#12682,#12683,#12684,#12685));
#12682 = ORIENTED_EDGE('',*,*,#12514,.T.);
#12683 = ORIENTED_EDGE('',*,*,#12392,.F.);
#12684 = ORIENTED_EDGE('',*,*,#12466,.F.);
#12685 = ORIENTED_EDGE('',*,*,#12562,.T.);
#12686 = FACE_BOUND('',#12687,.T.);
#12687 = EDGE_LOOP('',(#12688));
#12688 = ORIENTED_EDGE('',*,*,#12342,.F.);
#12689 = FACE_BOUND('',#12690,.T.);
#12690 = EDGE_LOOP('',(#12691,#12692,#12693,#12694));
#12691 = ORIENTED_EDGE('',*,*,#12264,.T.);
#12692 = ORIENTED_EDGE('',*,*,#12142,.F.);
#12693 = ORIENTED_EDGE('',*,*,#12216,.F.);
#12694 = ORIENTED_EDGE('',*,*,#12312,.T.);
#12695 = FACE_BOUND('',#12696,.T.);
#12696 = EDGE_LOOP('',(#12697,#12727,#12755,#12783));
#12697 = ORIENTED_EDGE('',*,*,#12698,.F.);
#12698 = EDGE_CURVE('',#12699,#12701,#12703,.T.);
#12699 = VERTEX_POINT('',#12700);
#12700 = CARTESIAN_POINT('',(-26.,9.,-16.));
#12701 = VERTEX_POINT('',#12702);
#12702 = CARTESIAN_POINT('',(-29.,9.,-16.));
#12703 = SURFACE_CURVE('',#12704,(#12708,#12715),.PCURVE_S1.);
#12704 = LINE('',#12705,#12706);
#12705 = CARTESIAN_POINT('',(-34.,9.,-16.));
#12706 = VECTOR('',#12707,1.);
#12707 = DIRECTION('',(-1.,0.,0.));
#12708 = PCURVE('',#9580,#12709);
#12709 = DEFINITIONAL_REPRESENTATION('',(#12710),#12714);
#12710 = LINE('',#12711,#12712);
#12711 = CARTESIAN_POINT('',(5.,39.));
#12712 = VECTOR('',#12713,1.);
#12713 = DIRECTION('',(-1.,0.));
#12714 = ( GEOMETRIC_REPRESENTATION_CONTEXT(2) 
PARAMETRIC_REPRESENTATION_CONTEXT() REPRESENTATION_CONTEXT('2D SPACE',''
  ) );
#12715 = PCURVE('',#12716,#12721);
#12716 = PLANE('',#12717);
#12717 = AXIS2_PLACEMENT_3D('',#12718,#12719,#12720);
#12718 = CARTESIAN_POINT('',(-29.,9.,-17.));
#12719 = DIRECTION('',(0.,1.,0.));
#12720 = DIRECTION('',(0.,-0.,1.));
#12721 = DEFINITIONAL_REPRESENTATION('',(#12722),#12726);
#12722 = LINE('',#12723,#12724);
#12723 = CARTESIAN_POINT('',(1.,-5.));
#12724 = VECTOR('',#12725,1.);
#12725 = DIRECTION('',(0.,-1.));
#12726 = ( GEOMETRIC_REPRESENTATION_CONTEXT(2) 
PARAMETRIC_REPRESENTATION_CONTEXT() REPRESENTATION_CONTEXT('2D SPACE',''
  ) );
#12727 = ORIENTED_EDGE('',*,*,#12728,.F.);
#12728 = EDGE_CURVE('',#12729,#12699,#12731,.T.);
#12729 = VERTEX_POINT('',#12730);
#12730 = CARTESIAN_POINT('',(-26.,-9.,-16.));
#12731 = SURFACE_CURVE('',#12732,(#12736,#12743),.PCURVE_S1.);
#12732 = LINE('',#12733,#12734);
#12733 = CARTESIAN_POINT('',(-26.,-19.5,-16.));
#12734 = VECTOR('',#12735,1.);
#12735 = DIRECTION('',(0.,1.,0.));
#12736 = PCURVE('',#9580,#12737);
#12737 = DEFINITIONAL_REPRESENTATION('',(#12738),#12742);
#12738 = LINE('',#12739,#12740);
#12739 = CARTESIAN_POINT('',(13.,10.5));
#12740 = VECTOR('',#12741,1.);
#12741 = DIRECTION('',(0.,1.));
#12742 = ( GEOMETRIC_REPRESENTATION_CONTEXT(2) 
PARAMETRIC_REPRESENTATION_CONTEXT() REPRESENTATION_CONTEXT('2D SPACE',''
  ) );
#12743 = PCURVE('',#12744,#12749);
#12744 = PLANE('',#12745);
#12745 = AXIS2_PLACEMENT_3D('',#12746,#12747,#12748);
#12746 = CARTESIAN_POINT('',(-26.,-9.,-17.));
#12747 = DIRECTION('',(1.,0.,0.));
#12748 = DIRECTION('',(0.,0.,1.));
#12749 = DEFINITIONAL_REPRESENTATION('',(#12750),#12754);
#12750 = LINE('',#12751,#12752);
#12751 = CARTESIAN_POINT('',(1.,10.5));
#12752 = VECTOR('',#12753,1.);
#12753 = DIRECTION('',(0.,-1.));
#12754 = ( GEOMETRIC_REPRESENTATION_CONTEXT(2) 
PARAMETRIC_REPRESENTATION_CONTEXT() REPRESENTATION_CONTEXT('2D SPACE',''
  ) );
#12755 = ORIENTED_EDGE('',*,*,#12756,.T.);
#12756 = EDGE_CURVE('',#12729,#12757,#12759,.T.);
#12757 = VERTEX_POINT('',#12758);
#12758 = CARTESIAN_POINT('',(-29.,-9.,-16.));
#12759 = SURFACE_CURVE('',#12760,(#12764,#12771),.PCURVE_S1.);
#12760 = LINE('',#12761,#12762);
#12761 = CARTESIAN_POINT('',(-34.,-9.,-16.));
#12762 = VECTOR('',#12763,1.);
#12763 = DIRECTION('',(-1.,0.,0.));
#12764 = PCURVE('',#9580,#12765);
#12765 = DEFINITIONAL_REPRESENTATION('',(#12766),#12770);
#12766 = LINE('',#12767,#12768);
#12767 = CARTESIAN_POINT('',(5.,21.));
#12768 = VECTOR('',#12769,1.);
#12769 = DIRECTION('',(-1.,0.));
#12770 = ( GEOMETRIC_REPRESENTATION_CONTEXT(2) 
PARAMETRIC_REPRESENTATION_CONTEXT() REPRESENTATION_CONTEXT('2D SPACE',''
  ) );
#12771 = PCURVE('',#12772,#12777);
#12772 = PLANE('',#12773);
#12773 = AXIS2_PLACEMENT_3D('',#12774,#12775,#12776);
#12774 = CARTESIAN_POINT('',(-29.,-9.,-17.));
#12775 = DIRECTION('',(0.,1.,0.));
#12776 = DIRECTION('',(0.,-0.,1.));
#12777 = DEFINITIONAL_REPRESENTATION('',(#12778),#12782);
#12778 = LINE('',#12779,#12780);
#12779 = CARTESIAN_POINT('',(1.,-5.));
#12780 = VECTOR('',#12781,1.);
#12781 = DIRECTION('',(0.,-1.));
#12782 = ( GEOMETRIC_REPRESENTATION_CONTEXT(2) 
PARAMETRIC_REPRESENTATION_CONTEXT() REPRESENTATION_CONTEXT('2D SPACE',''
  ) );
#12783 = ORIENTED_EDGE('',*,*,#12784,.T.);
#12784 = EDGE_CURVE('',#12757,#12701,#12785,.T.);
#12785 = SURFACE_CURVE('',#12786,(#12790,#12797),.PCURVE_S1.);
#12786 = LINE('',#12787,#12788);
#12787 = CARTESIAN_POINT('',(-29.,-19.5,-16.));
#12788 = VECTOR('',#12789,1.);
#12789 = DIRECTION('',(0.,1.,0.));
#12790 = PCURVE('',#9580,#12791);
#12791 = DEFINITIONAL_REPRESENTATION('',(#12792),#12796);
#12792 = LINE('',#12793,#12794);
#12793 = CARTESIAN_POINT('',(10.,10.5));
#12794 = VECTOR('',#12795,1.);
#12795 = DIRECTION('',(0.,1.));
#12796 = ( GEOMETRIC_REPRESENTATION_CONTEXT(2) 
PARAMETRIC_REPRESENTATION_CONTEXT() REPRESENTATION_CONTEXT('2D SPACE',''
  ) );
#12797 = PCURVE('',#12798,#12803);
#12798 = PLANE('',#12799);
#12799 = AXIS2_PLACEMENT_3D('',#12800,#12801,#12802);
#12800 = CARTESIAN_POINT('',(-29.,-9.,-17.));
#12801 = DIRECTION('',(1.,0.,0.));
#12802 = DIRECTION('',(0.,0.,1.));
#12803 = DEFINITIONAL_REPRESENTATION('',(#12804),#12808);
#12804 = LINE('',#12805,#12806);
#12805 = CARTESIAN_POINT('',(1.,10.5));
#12806 = VECTOR('',#12807,1.);
#12807 = DIRECTION('',(0.,-1.));
#12808 = ( GEOMETRIC_REPRESENTATION_CONTEXT(2) 
PARAMETRIC_REPRESENTATION_CONTEXT() REPRESENTATION_CONTEXT('2D SPACE',''
  ) );
#12809 = FACE_BOUND('',#12810,.T.);
#12810 = EDGE_LOOP('',(#12811));
#12811 = ORIENTED_EDGE('',*,*,#12092,.F.);
#12812 = FACE_BOUND('',#12813,.T.);
#12813 = EDGE_LOOP('',(#12814,#12815,#12816,#12817));
#12814 = ORIENTED_EDGE('',*,*,#12014,.T.);
#12815 = ORIENTED_EDGE('',*,*,#11892,.F.);
#12816 = ORIENTED_EDGE('',*,*,#11966,.F.);
#12817 = ORIENTED_EDGE('',*,*,#12062,.T.);
#12818 = FACE_BOUND('',#12819,.T.);
#12819 = EDGE_LOOP('',(#12820,#12850,#12878,#12906));
#12820 = ORIENTED_EDGE('',*,*,#12821,.T.);
#12821 = EDGE_CURVE('',#12822,#12824,#12826,.T.);
#12822 = VERTEX_POINT('',#12823);
#12823 = CARTESIAN_POINT('',(6.,-9.,-16.));
#12824 = VERTEX_POINT('',#12825);
#12825 = CARTESIAN_POINT('',(3.,-9.,-16.));
#12826 = SURFACE_CURVE('',#12827,(#12831,#12838),.PCURVE_S1.);
#12827 = LINE('',#12828,#12829);
#12828 = CARTESIAN_POINT('',(6.,-9.,-16.));
#12829 = VECTOR('',#12830,1.);
#12830 = DIRECTION('',(-1.,0.,0.));
#12831 = PCURVE('',#9580,#12832);
#12832 = DEFINITIONAL_REPRESENTATION('',(#12833),#12837);
#12833 = LINE('',#12834,#12835);
#12834 = CARTESIAN_POINT('',(45.,21.));
#12835 = VECTOR('',#12836,1.);
#12836 = DIRECTION('',(-1.,0.));
#12837 = ( GEOMETRIC_REPRESENTATION_CONTEXT(2) 
PARAMETRIC_REPRESENTATION_CONTEXT() REPRESENTATION_CONTEXT('2D SPACE',''
  ) );
#12838 = PCURVE('',#12839,#12844);
#12839 = PLANE('',#12840);
#12840 = AXIS2_PLACEMENT_3D('',#12841,#12842,#12843);
#12841 = CARTESIAN_POINT('',(3.,-9.,-17.));
#12842 = DIRECTION('',(0.,1.,0.));
#12843 = DIRECTION('',(0.,-0.,1.));
#12844 = DEFINITIONAL_REPRESENTATION('',(#12845),#12849);
#12845 = LINE('',#12846,#12847);
#12846 = CARTESIAN_POINT('',(1.,3.));
#12847 = VECTOR('',#12848,1.);
#12848 = DIRECTION('',(0.,-1.));
#12849 = ( GEOMETRIC_REPRESENTATION_CONTEXT(2) 
PARAMETRIC_REPRESENTATION_CONTEXT() REPRESENTATION_CONTEXT('2D SPACE',''
  ) );
#12850 = ORIENTED_EDGE('',*,*,#12851,.T.);
#12851 = EDGE_CURVE('',#12824,#12852,#12854,.T.);
#12852 = VERTEX_POINT('',#12853);
#12853 = CARTESIAN_POINT('',(3.,9.,-16.));
#12854 = SURFACE_CURVE('',#12855,(#12859,#12866),.PCURVE_S1.);
#12855 = LINE('',#12856,#12857);
#12856 = CARTESIAN_POINT('',(3.,-19.5,-16.));
#12857 = VECTOR('',#12858,1.);
#12858 = DIRECTION('',(0.,1.,0.));
#12859 = PCURVE('',#9580,#12860);
#12860 = DEFINITIONAL_REPRESENTATION('',(#12861),#12865);
#12861 = LINE('',#12862,#12863);
#12862 = CARTESIAN_POINT('',(42.,10.5));
#12863 = VECTOR('',#12864,1.);
#12864 = DIRECTION('',(0.,1.));
#12865 = ( GEOMETRIC_REPRESENTATION_CONTEXT(2) 
PARAMETRIC_REPRESENTATION_CONTEXT() REPRESENTATION_CONTEXT('2D SPACE',''
  ) );
#12866 = PCURVE('',#12867,#12872);
#12867 = PLANE('',#12868);
#12868 = AXIS2_PLACEMENT_3D('',#12869,#12870,#12871);
#12869 = CARTESIAN_POINT('',(3.,-9.,-17.));
#12870 = DIRECTION('',(1.,0.,0.));
#12871 = DIRECTION('',(0.,0.,1.));
#12872 = DEFINITIONAL_REPRESENTATION('',(#12873),#12877);
#12873 = LINE('',#12874,#12875);
#12874 = CARTESIAN_POINT('',(1.,10.5));
#12875 = VECTOR('',#12876,1.);
#12876 = DIRECTION('',(0.,-1.));
#12877 = ( GEOMETRIC_REPRESENTATION_CONTEXT(2) 
PARAMETRIC_REPRESENTATION_CONTEXT() REPRESENTATION_CONTEXT('2D SPACE',''
  ) );
#12878 = ORIENTED_EDGE('',*,*,#12879,.T.);
#12879 = EDGE_CURVE('',#12852,#12880,#12882,.T.);
#12880 = VERTEX_POINT('',#12881);
#12881 = CARTESIAN_POINT('',(6.,9.,-16.));
#12882 = SURFACE_CURVE('',#12883,(#12887,#12894),.PCURVE_S1.);
#12883 = LINE('',#12884,#12885);
#12884 = CARTESIAN_POINT('',(3.,9.,-16.));
#12885 = VECTOR('',#12886,1.);
#12886 = DIRECTION('',(1.,0.,0.));
#12887 = PCURVE('',#9580,#12888);
#12888 = DEFINITIONAL_REPRESENTATION('',(#12889),#12893);
#12889 = LINE('',#12890,#12891);
#12890 = CARTESIAN_POINT('',(42.,39.));
#12891 = VECTOR('',#12892,1.);
#12892 = DIRECTION('',(1.,0.));
#12893 = ( GEOMETRIC_REPRESENTATION_CONTEXT(2) 
PARAMETRIC_REPRESENTATION_CONTEXT() REPRESENTATION_CONTEXT('2D SPACE',''
  ) );
#12894 = PCURVE('',#12895,#12900);
#12895 = PLANE('',#12896);
#12896 = AXIS2_PLACEMENT_3D('',#12897,#12898,#12899);
#12897 = CARTESIAN_POINT('',(3.,9.,-17.));
#12898 = DIRECTION('',(0.,1.,0.));
#12899 = DIRECTION('',(0.,-0.,1.));
#12900 = DEFINITIONAL_REPRESENTATION('',(#12901),#12905);
#12901 = LINE('',#12902,#12903);
#12902 = CARTESIAN_POINT('',(1.,0.));
#12903 = VECTOR('',#12904,1.);
#12904 = DIRECTION('',(0.,1.));
#12905 = ( GEOMETRIC_REPRESENTATION_CONTEXT(2) 
PARAMETRIC_REPRESENTATION_CONTEXT() REPRESENTATION_CONTEXT('2D SPACE',''
  ) );
#12906 = ORIENTED_EDGE('',*,*,#12907,.F.);
#12907 = EDGE_CURVE('',#12822,#12880,#12908,.T.);
#12908 = SURFACE_CURVE('',#12909,(#12913,#12920),.PCURVE_S1.);
#12909 = LINE('',#12910,#12911);
#12910 = CARTESIAN_POINT('',(6.,-54.5,-16.));
#12911 = VECTOR('',#12912,1.);
#12912 = DIRECTION('',(0.,1.,0.));
#12913 = PCURVE('',#9580,#12914);
#12914 = DEFINITIONAL_REPRESENTATION('',(#12915),#12919);
#12915 = LINE('',#12916,#12917);
#12916 = CARTESIAN_POINT('',(45.,-24.5));
#12917 = VECTOR('',#12918,1.);
#12918 = DIRECTION('',(0.,1.));
#12919 = ( GEOMETRIC_REPRESENTATION_CONTEXT(2) 
PARAMETRIC_REPRESENTATION_CONTEXT() REPRESENTATION_CONTEXT('2D SPACE',''
  ) );
#12920 = PCURVE('',#12921,#12926);
#12921 = PLANE('',#12922);
#12922 = AXIS2_PLACEMENT_3D('',#12923,#12924,#12925);
#12923 = CARTESIAN_POINT('',(6.,-9.,-17.));
#12924 = DIRECTION('',(1.,0.,0.));
#12925 = DIRECTION('',(0.,0.,1.));
#12926 = DEFINITIONAL_REPRESENTATION('',(#12927),#12931);
#12927 = LINE('',#12928,#12929);
#12928 = CARTESIAN_POINT('',(1.,45.5));
#12929 = VECTOR('',#12930,1.);
#12930 = DIRECTION('',(0.,-1.));
#12931 = ( GEOMETRIC_REPRESENTATION_CONTEXT(2) 
PARAMETRIC_REPRESENTATION_CONTEXT() REPRESENTATION_CONTEXT('2D SPACE',''
  ) );
#12932 = FACE_BOUND('',#12933,.T.);
#12933 = EDGE_LOOP('',(#12934,#12935,#12936,#12937));
#12934 = ORIENTED_EDGE('',*,*,#10913,.T.);
#12935 = ORIENTED_EDGE('',*,*,#10962,.T.);
#12936 = ORIENTED_EDGE('',*,*,#10815,.F.);
#12937 = ORIENTED_EDGE('',*,*,#10886,.F.);
#12938 = FACE_BOUND('',#12939,.T.);
#12939 = EDGE_LOOP('',(#12940,#12941,#12942,#12943));
#12940 = ORIENTED_EDGE('',*,*,#11862,.T.);
#12941 = ORIENTED_EDGE('',*,*,#11814,.T.);
#12942 = ORIENTED_EDGE('',*,*,#11692,.F.);
#12943 = ORIENTED_EDGE('',*,*,#11766,.F.);
#12944 = FACE_BOUND('',#12945,.T.);
#12945 = EDGE_LOOP('',(#12946));
#12946 = ORIENTED_EDGE('',*,*,#11642,.F.);
#12947 = ADVANCED_FACE('',(#12948,#13024,#13059,#13094,#13129,#13160),
  #12921,.T.);
#12948 = FACE_BOUND('',#12949,.T.);
#12949 = EDGE_LOOP('',(#12950,#12973,#12974,#12997));
#12950 = ORIENTED_EDGE('',*,*,#12951,.F.);
#12951 = EDGE_CURVE('',#12822,#12952,#12954,.T.);
#12952 = VERTEX_POINT('',#12953);
#12953 = CARTESIAN_POINT('',(6.,-9.,-4.8));
#12954 = SURFACE_CURVE('',#12955,(#12959,#12966),.PCURVE_S1.);
#12955 = LINE('',#12956,#12957);
#12956 = CARTESIAN_POINT('',(6.,-9.,-17.));
#12957 = VECTOR('',#12958,1.);
#12958 = DIRECTION('',(0.,0.,1.));
#12959 = PCURVE('',#12921,#12960);
#12960 = DEFINITIONAL_REPRESENTATION('',(#12961),#12965);
#12961 = LINE('',#12962,#12963);
#12962 = CARTESIAN_POINT('',(0.,0.));
#12963 = VECTOR('',#12964,1.);
#12964 = DIRECTION('',(1.,0.));
#12965 = ( GEOMETRIC_REPRESENTATION_CONTEXT(2) 
PARAMETRIC_REPRESENTATION_CONTEXT() REPRESENTATION_CONTEXT('2D SPACE',''
  ) );
#12966 = PCURVE('',#12839,#12967);
#12967 = DEFINITIONAL_REPRESENTATION('',(#12968),#12972);
#12968 = LINE('',#12969,#12970);
#12969 = CARTESIAN_POINT('',(0.,3.));
#12970 = VECTOR('',#12971,1.);
#12971 = DIRECTION('',(1.,0.));
#12972 = ( GEOMETRIC_REPRESENTATION_CONTEXT(2) 
PARAMETRIC_REPRESENTATION_CONTEXT() REPRESENTATION_CONTEXT('2D SPACE',''
  ) );
#12973 = ORIENTED_EDGE('',*,*,#12907,.T.);
#12974 = ORIENTED_EDGE('',*,*,#12975,.T.);
#12975 = EDGE_CURVE('',#12880,#12976,#12978,.T.);
#12976 = VERTEX_POINT('',#12977);
#12977 = CARTESIAN_POINT('',(6.,9.,-4.8));
#12978 = SURFACE_CURVE('',#12979,(#12983,#12990),.PCURVE_S1.);
#12979 = LINE('',#12980,#12981);
#12980 = CARTESIAN_POINT('',(6.,9.,-17.));
#12981 = VECTOR('',#12982,1.);
#12982 = DIRECTION('',(0.,0.,1.));
#12983 = PCURVE('',#12921,#12984);
#12984 = DEFINITIONAL_REPRESENTATION('',(#12985),#12989);
#12985 = LINE('',#12986,#12987);
#12986 = CARTESIAN_POINT('',(0.,-18.));
#12987 = VECTOR('',#12988,1.);
#12988 = DIRECTION('',(1.,0.));
#12989 = ( GEOMETRIC_REPRESENTATION_CONTEXT(2) 
PARAMETRIC_REPRESENTATION_CONTEXT() REPRESENTATION_CONTEXT('2D SPACE',''
  ) );
#12990 = PCURVE('',#12895,#12991);
#12991 = DEFINITIONAL_REPRESENTATION('',(#12992),#12996);
#12992 = LINE('',#12993,#12994);
#12993 = CARTESIAN_POINT('',(0.,3.));
#12994 = VECTOR('',#12995,1.);
#12995 = DIRECTION('',(1.,0.));
#12996 = ( GEOMETRIC_REPRESENTATION_CONTEXT(2) 
PARAMETRIC_REPRESENTATION_CONTEXT() REPRESENTATION_CONTEXT('2D SPACE',''
  ) );
#12997 = ORIENTED_EDGE('',*,*,#12998,.T.);
#12998 = EDGE_CURVE('',#12976,#12952,#12999,.T.);
#12999 = SURFACE_CURVE('',#13000,(#13005,#13012),.PCURVE_S1.);
#13000 = CIRCLE('',#13001,10.2);
#13001 = AXIS2_PLACEMENT_3D('',#13002,#13003,#13004);
#13002 = CARTESIAN_POINT('',(6.,0.,0.));
#13003 = DIRECTION('',(1.,-0.,0.));
#13004 = DIRECTION('',(0.,0.882352941176,-0.470588235294));
#13005 = PCURVE('',#12921,#13006);
#13006 = DEFINITIONAL_REPRESENTATION('',(#13007),#13011);
#13007 = CIRCLE('',#13008,10.2);
#13008 = AXIS2_PLACEMENT_2D('',#13009,#13010);
#13009 = CARTESIAN_POINT('',(17.,-9.));
#13010 = DIRECTION('',(-0.470588235294,-0.882352941176));
#13011 = ( GEOMETRIC_REPRESENTATION_CONTEXT(2) 
PARAMETRIC_REPRESENTATION_CONTEXT() REPRESENTATION_CONTEXT('2D SPACE',''
  ) );
#13012 = PCURVE('',#13013,#13018);
#13013 = CYLINDRICAL_SURFACE('',#13014,10.2);
#13014 = AXIS2_PLACEMENT_3D('',#13015,#13016,#13017);
#13015 = CARTESIAN_POINT('',(3.,0.,0.));
#13016 = DIRECTION('',(1.,0.,0.));
#13017 = DIRECTION('',(-0.,0.,1.));
#13018 = DEFINITIONAL_REPRESENTATION('',(#13019),#13023);
#13019 = LINE('',#13020,#13021);
#13020 = CARTESIAN_POINT('',(4.222431654131,3.));
#13021 = VECTOR('',#13022,1.);
#13022 = DIRECTION('',(1.,0.));
#13023 = ( GEOMETRIC_REPRESENTATION_CONTEXT(2) 
PARAMETRIC_REPRESENTATION_CONTEXT() REPRESENTATION_CONTEXT('2D SPACE',''
  ) );
#13024 = FACE_BOUND('',#13025,.T.);
#13025 = EDGE_LOOP('',(#13026));
#13026 = ORIENTED_EDGE('',*,*,#13027,.T.);
#13027 = EDGE_CURVE('',#13028,#13028,#13030,.T.);
#13028 = VERTEX_POINT('',#13029);
#13029 = CARTESIAN_POINT('',(6.,-6.,1.1));
#13030 = SURFACE_CURVE('',#13031,(#13036,#13047),.PCURVE_S1.);
#13031 = CIRCLE('',#13032,1.1);
#13032 = AXIS2_PLACEMENT_3D('',#13033,#13034,#13035);
#13033 = CARTESIAN_POINT('',(6.,-6.,7.771561172376E-16));
#13034 = DIRECTION('',(-1.,0.,0.));
#13035 = DIRECTION('',(0.,0.,1.));
#13036 = PCURVE('',#12921,#13037);
#13037 = DEFINITIONAL_REPRESENTATION('',(#13038),#13046);
#13038 = ( BOUNDED_CURVE() B_SPLINE_CURVE(2,(#13039,#13040,#13041,#13042
    ,#13043,#13044,#13045),.UNSPECIFIED.,.T.,.F.) 
B_SPLINE_CURVE_WITH_KNOTS((1,2,2,2,2,1),(-2.094395102393,0.,
    2.094395102393,4.188790204786,6.28318530718,8.377580409573),
.UNSPECIFIED.) CURVE() GEOMETRIC_REPRESENTATION_ITEM() 
RATIONAL_B_SPLINE_CURVE((1.,0.5,1.,0.5,1.,0.5,1.)) REPRESENTATION_ITEM(
  '') );
#13039 = CARTESIAN_POINT('',(18.1,-3.));
#13040 = CARTESIAN_POINT('',(18.1,-4.905255888326));
#13041 = CARTESIAN_POINT('',(16.45,-3.952627944163));
#13042 = CARTESIAN_POINT('',(14.8,-3.));
#13043 = CARTESIAN_POINT('',(16.45,-2.047372055837));
#13044 = CARTESIAN_POINT('',(18.1,-1.094744111674));
#13045 = CARTESIAN_POINT('',(18.1,-3.));
#13046 = ( GEOMETRIC_REPRESENTATION_CONTEXT(2) 
PARAMETRIC_REPRESENTATION_CONTEXT() REPRESENTATION_CONTEXT('2D SPACE',''
  ) );
#13047 = PCURVE('',#13048,#13053);
#13048 = CYLINDRICAL_SURFACE('',#13049,1.1);
#13049 = AXIS2_PLACEMENT_3D('',#13050,#13051,#13052);
#13050 = CARTESIAN_POINT('',(2.9,-6.,0.));
#13051 = DIRECTION('',(1.,0.,0.));
#13052 = DIRECTION('',(-0.,0.,1.));
#13053 = DEFINITIONAL_REPRESENTATION('',(#13054),#13058);
#13054 = LINE('',#13055,#13056);
#13055 = CARTESIAN_POINT('',(6.28318530718,3.1));
#13056 = VECTOR('',#13057,1.);
#13057 = DIRECTION('',(-1.,-0.));
#13058 = ( GEOMETRIC_REPRESENTATION_CONTEXT(2) 
PARAMETRIC_REPRESENTATION_CONTEXT() REPRESENTATION_CONTEXT('2D SPACE',''
  ) );
#13059 = FACE_BOUND('',#13060,.T.);
#13060 = EDGE_LOOP('',(#13061));
#13061 = ORIENTED_EDGE('',*,*,#13062,.T.);
#13062 = EDGE_CURVE('',#13063,#13063,#13065,.T.);
#13063 = VERTEX_POINT('',#13064);
#13064 = CARTESIAN_POINT('',(6.,7.592810154714E-16,3.1));
#13065 = SURFACE_CURVE('',#13066,(#13071,#13082),.PCURVE_S1.);
#13066 = CIRCLE('',#13067,3.1);
#13067 = AXIS2_PLACEMENT_3D('',#13068,#13069,#13070);
#13068 = CARTESIAN_POINT('',(6.,-3.330669073875E-16,-2.22044604925E-16)
  );
#13069 = DIRECTION('',(-1.,0.,0.));
#13070 = DIRECTION('',(0.,3.523702976964E-16,1.));
#13071 = PCURVE('',#12921,#13072);
#13072 = DEFINITIONAL_REPRESENTATION('',(#13073),#13081);
#13073 = ( BOUNDED_CURVE() B_SPLINE_CURVE(2,(#13074,#13075,#13076,#13077
    ,#13078,#13079,#13080),.UNSPECIFIED.,.T.,.F.) 
B_SPLINE_CURVE_WITH_KNOTS((1,2,2,2,2,1),(-2.094395102393,0.,
    2.094395102393,4.188790204786,6.28318530718,8.377580409573),
.UNSPECIFIED.) CURVE() GEOMETRIC_REPRESENTATION_ITEM() 
RATIONAL_B_SPLINE_CURVE((1.,0.5,1.,0.5,1.,0.5,1.)) REPRESENTATION_ITEM(
  '') );
#13074 = CARTESIAN_POINT('',(20.1,-9.));
#13075 = CARTESIAN_POINT('',(20.1,-14.36935750346));
#13076 = CARTESIAN_POINT('',(15.45,-11.68467875173));
#13077 = CARTESIAN_POINT('',(10.8,-9.));
#13078 = CARTESIAN_POINT('',(15.45,-6.315321248268));
#13079 = CARTESIAN_POINT('',(20.1,-3.630642496536));
#13080 = CARTESIAN_POINT('',(20.1,-9.));
#13081 = ( GEOMETRIC_REPRESENTATION_CONTEXT(2) 
PARAMETRIC_REPRESENTATION_CONTEXT() REPRESENTATION_CONTEXT('2D SPACE',''
  ) );
#13082 = PCURVE('',#13083,#13088);
#13083 = CYLINDRICAL_SURFACE('',#13084,3.1);
#13084 = AXIS2_PLACEMENT_3D('',#13085,#13086,#13087);
#13085 = CARTESIAN_POINT('',(2.9,0.,0.));
#13086 = DIRECTION('',(1.,0.,0.));
#13087 = DIRECTION('',(-0.,0.,1.));
#13088 = DEFINITIONAL_REPRESENTATION('',(#13089),#13093);
#13089 = LINE('',#13090,#13091);
#13090 = CARTESIAN_POINT('',(6.28318530718,3.1));
#13091 = VECTOR('',#13092,1.);
#13092 = DIRECTION('',(-1.,-0.));
#13093 = ( GEOMETRIC_REPRESENTATION_CONTEXT(2) 
PARAMETRIC_REPRESENTATION_CONTEXT() REPRESENTATION_CONTEXT('2D SPACE',''
  ) );
#13094 = FACE_BOUND('',#13095,.T.);
#13095 = EDGE_LOOP('',(#13096));
#13096 = ORIENTED_EDGE('',*,*,#13097,.T.);
#13097 = EDGE_CURVE('',#13098,#13098,#13100,.T.);
#13098 = VERTEX_POINT('',#13099);
#13099 = CARTESIAN_POINT('',(6.,6.,1.1));
#13100 = SURFACE_CURVE('',#13101,(#13106,#13117),.PCURVE_S1.);
#13101 = CIRCLE('',#13102,1.1);
#13102 = AXIS2_PLACEMENT_3D('',#13103,#13104,#13105);
#13103 = CARTESIAN_POINT('',(6.,6.,7.771561172376E-16));
#13104 = DIRECTION('',(-1.,0.,0.));
#13105 = DIRECTION('',(0.,0.,1.));
#13106 = PCURVE('',#12921,#13107);
#13107 = DEFINITIONAL_REPRESENTATION('',(#13108),#13116);
#13108 = ( BOUNDED_CURVE() B_SPLINE_CURVE(2,(#13109,#13110,#13111,#13112
    ,#13113,#13114,#13115),.UNSPECIFIED.,.T.,.F.) 
B_SPLINE_CURVE_WITH_KNOTS((1,2,2,2,2,1),(-2.094395102393,0.,
    2.094395102393,4.188790204786,6.28318530718,8.377580409573),
.UNSPECIFIED.) CURVE() GEOMETRIC_REPRESENTATION_ITEM() 
RATIONAL_B_SPLINE_CURVE((1.,0.5,1.,0.5,1.,0.5,1.)) REPRESENTATION_ITEM(
  '') );
#13109 = CARTESIAN_POINT('',(18.1,-15.));
#13110 = CARTESIAN_POINT('',(18.1,-16.90525588832));
#13111 = CARTESIAN_POINT('',(16.45,-15.95262794416));
#13112 = CARTESIAN_POINT('',(14.8,-15.));
#13113 = CARTESIAN_POINT('',(16.45,-14.04737205583));
#13114 = CARTESIAN_POINT('',(18.1,-13.09474411167));
#13115 = CARTESIAN_POINT('',(18.1,-15.));
#13116 = ( GEOMETRIC_REPRESENTATION_CONTEXT(2) 
PARAMETRIC_REPRESENTATION_CONTEXT() REPRESENTATION_CONTEXT('2D SPACE',''
  ) );
#13117 = PCURVE('',#13118,#13123);
#13118 = CYLINDRICAL_SURFACE('',#13119,1.1);
#13119 = AXIS2_PLACEMENT_3D('',#13120,#13121,#13122);
#13120 = CARTESIAN_POINT('',(2.9,6.,0.));
#13121 = DIRECTION('',(1.,0.,0.));
#13122 = DIRECTION('',(-0.,0.,1.));
#13123 = DEFINITIONAL_REPRESENTATION('',(#13124),#13128);
#13124 = LINE('',#13125,#13126);
#13125 = CARTESIAN_POINT('',(6.28318530718,3.1));
#13126 = VECTOR('',#13127,1.);
#13127 = DIRECTION('',(-1.,-0.));
#13128 = ( GEOMETRIC_REPRESENTATION_CONTEXT(2) 
PARAMETRIC_REPRESENTATION_CONTEXT() REPRESENTATION_CONTEXT('2D SPACE',''
  ) );
#13129 = FACE_BOUND('',#13130,.T.);
#13130 = EDGE_LOOP('',(#13131));
#13131 = ORIENTED_EDGE('',*,*,#13132,.F.);
#13132 = EDGE_CURVE('',#13133,#13133,#13135,.T.);
#13133 = VERTEX_POINT('',#13134);
#13134 = CARTESIAN_POINT('',(6.,2.694222958124E-16,-4.9));
#13135 = SURFACE_CURVE('',#13136,(#13141,#13148),.PCURVE_S1.);
#13136 = CIRCLE('',#13137,1.1);
#13137 = AXIS2_PLACEMENT_3D('',#13138,#13139,#13140);
#13138 = CARTESIAN_POINT('',(6.,0.,-6.));
#13139 = DIRECTION('',(1.,0.,0.));
#13140 = DIRECTION('',(-0.,0.,1.));
#13141 = PCURVE('',#12921,#13142);
#13142 = DEFINITIONAL_REPRESENTATION('',(#13143),#13147);
#13143 = CIRCLE('',#13144,1.1);
#13144 = AXIS2_PLACEMENT_2D('',#13145,#13146);
#13145 = CARTESIAN_POINT('',(11.,-9.));
#13146 = DIRECTION('',(1.,0.));
#13147 = ( GEOMETRIC_REPRESENTATION_CONTEXT(2) 
PARAMETRIC_REPRESENTATION_CONTEXT() REPRESENTATION_CONTEXT('2D SPACE',''
  ) );
#13148 = PCURVE('',#13149,#13154);
#13149 = CYLINDRICAL_SURFACE('',#13150,1.1);
#13150 = AXIS2_PLACEMENT_3D('',#13151,#13152,#13153);
#13151 = CARTESIAN_POINT('',(2.9,0.,-6.));
#13152 = DIRECTION('',(1.,0.,0.));
#13153 = DIRECTION('',(-0.,0.,1.));
#13154 = DEFINITIONAL_REPRESENTATION('',(#13155),#13159);
#13155 = LINE('',#13156,#13157);
#13156 = CARTESIAN_POINT('',(0.,3.1));
#13157 = VECTOR('',#13158,1.);
#13158 = DIRECTION('',(1.,0.));
#13159 = ( GEOMETRIC_REPRESENTATION_CONTEXT(2) 
PARAMETRIC_REPRESENTATION_CONTEXT() REPRESENTATION_CONTEXT('2D SPACE',''
  ) );
#13160 = FACE_BOUND('',#13161,.T.);
#13161 = EDGE_LOOP('',(#13162));
#13162 = ORIENTED_EDGE('',*,*,#13163,.F.);
#13163 = EDGE_CURVE('',#13164,#13164,#13166,.T.);
#13164 = VERTEX_POINT('',#13165);
#13165 = CARTESIAN_POINT('',(6.,2.694222958124E-16,7.1));
#13166 = SURFACE_CURVE('',#13167,(#13172,#13179),.PCURVE_S1.);
#13167 = CIRCLE('',#13168,1.1);
#13168 = AXIS2_PLACEMENT_3D('',#13169,#13170,#13171);
#13169 = CARTESIAN_POINT('',(6.,0.,6.));
#13170 = DIRECTION('',(1.,0.,0.));
#13171 = DIRECTION('',(-0.,0.,1.));
#13172 = PCURVE('',#12921,#13173);
#13173 = DEFINITIONAL_REPRESENTATION('',(#13174),#13178);
#13174 = CIRCLE('',#13175,1.1);
#13175 = AXIS2_PLACEMENT_2D('',#13176,#13177);
#13176 = CARTESIAN_POINT('',(23.,-9.));
#13177 = DIRECTION('',(1.,0.));
#13178 = ( GEOMETRIC_REPRESENTATION_CONTEXT(2) 
PARAMETRIC_REPRESENTATION_CONTEXT() REPRESENTATION_CONTEXT('2D SPACE',''
  ) );
#13179 = PCURVE('',#13180,#13185);
#13180 = CYLINDRICAL_SURFACE('',#13181,1.1);
#13181 = AXIS2_PLACEMENT_3D('',#13182,#13183,#13184);
#13182 = CARTESIAN_POINT('',(2.9,0.,6.));
#13183 = DIRECTION('',(1.,0.,0.));
#13184 = DIRECTION('',(-0.,0.,1.));
#13185 = DEFINITIONAL_REPRESENTATION('',(#13186),#13190);
#13186 = LINE('',#13187,#13188);
#13187 = CARTESIAN_POINT('',(0.,3.1));
#13188 = VECTOR('',#13189,1.);
#13189 = DIRECTION('',(1.,0.));
#13190 = ( GEOMETRIC_REPRESENTATION_CONTEXT(2) 
PARAMETRIC_REPRESENTATION_CONTEXT() REPRESENTATION_CONTEXT('2D SPACE',''
  ) );
#13191 = ADVANCED_FACE('',(#13192),#13180,.F.);
#13192 = FACE_BOUND('',#13193,.F.);
#13193 = EDGE_LOOP('',(#13194,#13195,#13218,#13240));
#13194 = ORIENTED_EDGE('',*,*,#13163,.F.);
#13195 = ORIENTED_EDGE('',*,*,#13196,.F.);
#13196 = EDGE_CURVE('',#13197,#13164,#13199,.T.);
#13197 = VERTEX_POINT('',#13198);
#13198 = CARTESIAN_POINT('',(3.,2.694222958124E-16,7.1));
#13199 = SEAM_CURVE('',#13200,(#13204,#13211),.PCURVE_S1.);
#13200 = LINE('',#13201,#13202);
#13201 = CARTESIAN_POINT('',(2.9,2.694222958124E-16,7.1));
#13202 = VECTOR('',#13203,1.);
#13203 = DIRECTION('',(1.,0.,0.));
#13204 = PCURVE('',#13180,#13205);
#13205 = DEFINITIONAL_REPRESENTATION('',(#13206),#13210);
#13206 = LINE('',#13207,#13208);
#13207 = CARTESIAN_POINT('',(0.,-0.));
#13208 = VECTOR('',#13209,1.);
#13209 = DIRECTION('',(0.,1.));
#13210 = ( GEOMETRIC_REPRESENTATION_CONTEXT(2) 
PARAMETRIC_REPRESENTATION_CONTEXT() REPRESENTATION_CONTEXT('2D SPACE',''
  ) );
#13211 = PCURVE('',#13180,#13212);
#13212 = DEFINITIONAL_REPRESENTATION('',(#13213),#13217);
#13213 = LINE('',#13214,#13215);
#13214 = CARTESIAN_POINT('',(6.28318530718,-0.));
#13215 = VECTOR('',#13216,1.);
#13216 = DIRECTION('',(0.,1.));
#13217 = ( GEOMETRIC_REPRESENTATION_CONTEXT(2) 
PARAMETRIC_REPRESENTATION_CONTEXT() REPRESENTATION_CONTEXT('2D SPACE',''
  ) );
#13218 = ORIENTED_EDGE('',*,*,#13219,.T.);
#13219 = EDGE_CURVE('',#13197,#13197,#13220,.T.);
#13220 = SURFACE_CURVE('',#13221,(#13226,#13233),.PCURVE_S1.);
#13221 = CIRCLE('',#13222,1.1);
#13222 = AXIS2_PLACEMENT_3D('',#13223,#13224,#13225);
#13223 = CARTESIAN_POINT('',(3.,0.,6.));
#13224 = DIRECTION('',(1.,0.,0.));
#13225 = DIRECTION('',(-0.,0.,1.));
#13226 = PCURVE('',#13180,#13227);
#13227 = DEFINITIONAL_REPRESENTATION('',(#13228),#13232);
#13228 = LINE('',#13229,#13230);
#13229 = CARTESIAN_POINT('',(0.,0.1));
#13230 = VECTOR('',#13231,1.);
#13231 = DIRECTION('',(1.,0.));
#13232 = ( GEOMETRIC_REPRESENTATION_CONTEXT(2) 
PARAMETRIC_REPRESENTATION_CONTEXT() REPRESENTATION_CONTEXT('2D SPACE',''
  ) );
#13233 = PCURVE('',#12867,#13234);
#13234 = DEFINITIONAL_REPRESENTATION('',(#13235),#13239);
#13235 = CIRCLE('',#13236,1.1);
#13236 = AXIS2_PLACEMENT_2D('',#13237,#13238);
#13237 = CARTESIAN_POINT('',(23.,-9.));
#13238 = DIRECTION('',(1.,0.));
#13239 = ( GEOMETRIC_REPRESENTATION_CONTEXT(2) 
PARAMETRIC_REPRESENTATION_CONTEXT() REPRESENTATION_CONTEXT('2D SPACE',''
  ) );
#13240 = ORIENTED_EDGE('',*,*,#13196,.T.);
#13241 = ADVANCED_FACE('',(#13242),#13149,.F.);
#13242 = FACE_BOUND('',#13243,.F.);
#13243 = EDGE_LOOP('',(#13244,#13245,#13268,#13290));
#13244 = ORIENTED_EDGE('',*,*,#13132,.F.);
#13245 = ORIENTED_EDGE('',*,*,#13246,.F.);
#13246 = EDGE_CURVE('',#13247,#13133,#13249,.T.);
#13247 = VERTEX_POINT('',#13248);
#13248 = CARTESIAN_POINT('',(3.,2.694222958124E-16,-4.9));
#13249 = SEAM_CURVE('',#13250,(#13254,#13261),.PCURVE_S1.);
#13250 = LINE('',#13251,#13252);
#13251 = CARTESIAN_POINT('',(2.9,2.694222958124E-16,-4.9));
#13252 = VECTOR('',#13253,1.);
#13253 = DIRECTION('',(1.,0.,0.));
#13254 = PCURVE('',#13149,#13255);
#13255 = DEFINITIONAL_REPRESENTATION('',(#13256),#13260);
#13256 = LINE('',#13257,#13258);
#13257 = CARTESIAN_POINT('',(0.,-0.));
#13258 = VECTOR('',#13259,1.);
#13259 = DIRECTION('',(0.,1.));
#13260 = ( GEOMETRIC_REPRESENTATION_CONTEXT(2) 
PARAMETRIC_REPRESENTATION_CONTEXT() REPRESENTATION_CONTEXT('2D SPACE',''
  ) );
#13261 = PCURVE('',#13149,#13262);
#13262 = DEFINITIONAL_REPRESENTATION('',(#13263),#13267);
#13263 = LINE('',#13264,#13265);
#13264 = CARTESIAN_POINT('',(6.28318530718,-0.));
#13265 = VECTOR('',#13266,1.);
#13266 = DIRECTION('',(0.,1.));
#13267 = ( GEOMETRIC_REPRESENTATION_CONTEXT(2) 
PARAMETRIC_REPRESENTATION_CONTEXT() REPRESENTATION_CONTEXT('2D SPACE',''
  ) );
#13268 = ORIENTED_EDGE('',*,*,#13269,.T.);
#13269 = EDGE_CURVE('',#13247,#13247,#13270,.T.);
#13270 = SURFACE_CURVE('',#13271,(#13276,#13283),.PCURVE_S1.);
#13271 = CIRCLE('',#13272,1.1);
#13272 = AXIS2_PLACEMENT_3D('',#13273,#13274,#13275);
#13273 = CARTESIAN_POINT('',(3.,0.,-6.));
#13274 = DIRECTION('',(1.,0.,0.));
#13275 = DIRECTION('',(-0.,0.,1.));
#13276 = PCURVE('',#13149,#13277);
#13277 = DEFINITIONAL_REPRESENTATION('',(#13278),#13282);
#13278 = LINE('',#13279,#13280);
#13279 = CARTESIAN_POINT('',(0.,0.1));
#13280 = VECTOR('',#13281,1.);
#13281 = DIRECTION('',(1.,0.));
#13282 = ( GEOMETRIC_REPRESENTATION_CONTEXT(2) 
PARAMETRIC_REPRESENTATION_CONTEXT() REPRESENTATION_CONTEXT('2D SPACE',''
  ) );
#13283 = PCURVE('',#12867,#13284);
#13284 = DEFINITIONAL_REPRESENTATION('',(#13285),#13289);
#13285 = CIRCLE('',#13286,1.1);
#13286 = AXIS2_PLACEMENT_2D('',#13287,#13288);
#13287 = CARTESIAN_POINT('',(11.,-9.));
#13288 = DIRECTION('',(1.,0.));
#13289 = ( GEOMETRIC_REPRESENTATION_CONTEXT(2) 
PARAMETRIC_REPRESENTATION_CONTEXT() REPRESENTATION_CONTEXT('2D SPACE',''
  ) );
#13290 = ORIENTED_EDGE('',*,*,#13246,.T.);
#13291 = ADVANCED_FACE('',(#13292),#13118,.F.);
#13292 = FACE_BOUND('',#13293,.F.);
#13293 = EDGE_LOOP('',(#13294,#13295,#13318,#13340));
#13294 = ORIENTED_EDGE('',*,*,#13097,.T.);
#13295 = ORIENTED_EDGE('',*,*,#13296,.F.);
#13296 = EDGE_CURVE('',#13297,#13098,#13299,.T.);
#13297 = VERTEX_POINT('',#13298);
#13298 = CARTESIAN_POINT('',(3.,6.,1.1));
#13299 = SEAM_CURVE('',#13300,(#13304,#13311),.PCURVE_S1.);
#13300 = LINE('',#13301,#13302);
#13301 = CARTESIAN_POINT('',(2.9,6.,1.1));
#13302 = VECTOR('',#13303,1.);
#13303 = DIRECTION('',(1.,0.,0.));
#13304 = PCURVE('',#13118,#13305);
#13305 = DEFINITIONAL_REPRESENTATION('',(#13306),#13310);
#13306 = LINE('',#13307,#13308);
#13307 = CARTESIAN_POINT('',(0.,-0.));
#13308 = VECTOR('',#13309,1.);
#13309 = DIRECTION('',(0.,1.));
#13310 = ( GEOMETRIC_REPRESENTATION_CONTEXT(2) 
PARAMETRIC_REPRESENTATION_CONTEXT() REPRESENTATION_CONTEXT('2D SPACE',''
  ) );
#13311 = PCURVE('',#13118,#13312);
#13312 = DEFINITIONAL_REPRESENTATION('',(#13313),#13317);
#13313 = LINE('',#13314,#13315);
#13314 = CARTESIAN_POINT('',(6.28318530718,-0.));
#13315 = VECTOR('',#13316,1.);
#13316 = DIRECTION('',(0.,1.));
#13317 = ( GEOMETRIC_REPRESENTATION_CONTEXT(2) 
PARAMETRIC_REPRESENTATION_CONTEXT() REPRESENTATION_CONTEXT('2D SPACE',''
  ) );
#13318 = ORIENTED_EDGE('',*,*,#13319,.T.);
#13319 = EDGE_CURVE('',#13297,#13297,#13320,.T.);
#13320 = SURFACE_CURVE('',#13321,(#13326,#13333),.PCURVE_S1.);
#13321 = CIRCLE('',#13322,1.1);
#13322 = AXIS2_PLACEMENT_3D('',#13323,#13324,#13325);
#13323 = CARTESIAN_POINT('',(3.,6.,0.));
#13324 = DIRECTION('',(1.,0.,0.));
#13325 = DIRECTION('',(-0.,0.,1.));
#13326 = PCURVE('',#13118,#13327);
#13327 = DEFINITIONAL_REPRESENTATION('',(#13328),#13332);
#13328 = LINE('',#13329,#13330);
#13329 = CARTESIAN_POINT('',(0.,0.1));
#13330 = VECTOR('',#13331,1.);
#13331 = DIRECTION('',(1.,0.));
#13332 = ( GEOMETRIC_REPRESENTATION_CONTEXT(2) 
PARAMETRIC_REPRESENTATION_CONTEXT() REPRESENTATION_CONTEXT('2D SPACE',''
  ) );
#13333 = PCURVE('',#12867,#13334);
#13334 = DEFINITIONAL_REPRESENTATION('',(#13335),#13339);
#13335 = CIRCLE('',#13336,1.1);
#13336 = AXIS2_PLACEMENT_2D('',#13337,#13338);
#13337 = CARTESIAN_POINT('',(17.,-15.));
#13338 = DIRECTION('',(1.,0.));
#13339 = ( GEOMETRIC_REPRESENTATION_CONTEXT(2) 
PARAMETRIC_REPRESENTATION_CONTEXT() REPRESENTATION_CONTEXT('2D SPACE',''
  ) );
#13340 = ORIENTED_EDGE('',*,*,#13296,.T.);
#13341 = ADVANCED_FACE('',(#13342),#13083,.F.);
#13342 = FACE_BOUND('',#13343,.F.);
#13343 = EDGE_LOOP('',(#13344,#13345,#13368,#13390));
#13344 = ORIENTED_EDGE('',*,*,#13062,.T.);
#13345 = ORIENTED_EDGE('',*,*,#13346,.F.);
#13346 = EDGE_CURVE('',#13347,#13063,#13349,.T.);
#13347 = VERTEX_POINT('',#13348);
#13348 = CARTESIAN_POINT('',(3.,7.592810154714E-16,3.1));
#13349 = SEAM_CURVE('',#13350,(#13354,#13361),.PCURVE_S1.);
#13350 = LINE('',#13351,#13352);
#13351 = CARTESIAN_POINT('',(2.9,7.592810154714E-16,3.1));
#13352 = VECTOR('',#13353,1.);
#13353 = DIRECTION('',(1.,0.,0.));
#13354 = PCURVE('',#13083,#13355);
#13355 = DEFINITIONAL_REPRESENTATION('',(#13356),#13360);
#13356 = LINE('',#13357,#13358);
#13357 = CARTESIAN_POINT('',(0.,-0.));
#13358 = VECTOR('',#13359,1.);
#13359 = DIRECTION('',(0.,1.));
#13360 = ( GEOMETRIC_REPRESENTATION_CONTEXT(2) 
PARAMETRIC_REPRESENTATION_CONTEXT() REPRESENTATION_CONTEXT('2D SPACE',''
  ) );
#13361 = PCURVE('',#13083,#13362);
#13362 = DEFINITIONAL_REPRESENTATION('',(#13363),#13367);
#13363 = LINE('',#13364,#13365);
#13364 = CARTESIAN_POINT('',(6.28318530718,-0.));
#13365 = VECTOR('',#13366,1.);
#13366 = DIRECTION('',(0.,1.));
#13367 = ( GEOMETRIC_REPRESENTATION_CONTEXT(2) 
PARAMETRIC_REPRESENTATION_CONTEXT() REPRESENTATION_CONTEXT('2D SPACE',''
  ) );
#13368 = ORIENTED_EDGE('',*,*,#13369,.T.);
#13369 = EDGE_CURVE('',#13347,#13347,#13370,.T.);
#13370 = SURFACE_CURVE('',#13371,(#13376,#13383),.PCURVE_S1.);
#13371 = CIRCLE('',#13372,3.1);
#13372 = AXIS2_PLACEMENT_3D('',#13373,#13374,#13375);
#13373 = CARTESIAN_POINT('',(3.,0.,0.));
#13374 = DIRECTION('',(1.,0.,0.));
#13375 = DIRECTION('',(-0.,0.,1.));
#13376 = PCURVE('',#13083,#13377);
#13377 = DEFINITIONAL_REPRESENTATION('',(#13378),#13382);
#13378 = LINE('',#13379,#13380);
#13379 = CARTESIAN_POINT('',(0.,0.1));
#13380 = VECTOR('',#13381,1.);
#13381 = DIRECTION('',(1.,0.));
#13382 = ( GEOMETRIC_REPRESENTATION_CONTEXT(2) 
PARAMETRIC_REPRESENTATION_CONTEXT() REPRESENTATION_CONTEXT('2D SPACE',''
  ) );
#13383 = PCURVE('',#12867,#13384);
#13384 = DEFINITIONAL_REPRESENTATION('',(#13385),#13389);
#13385 = CIRCLE('',#13386,3.1);
#13386 = AXIS2_PLACEMENT_2D('',#13387,#13388);
#13387 = CARTESIAN_POINT('',(17.,-9.));
#13388 = DIRECTION('',(1.,0.));
#13389 = ( GEOMETRIC_REPRESENTATION_CONTEXT(2) 
PARAMETRIC_REPRESENTATION_CONTEXT() REPRESENTATION_CONTEXT('2D SPACE',''
  ) );
#13390 = ORIENTED_EDGE('',*,*,#13346,.T.);
#13391 = ADVANCED_FACE('',(#13392),#13048,.F.);
#13392 = FACE_BOUND('',#13393,.F.);
#13393 = EDGE_LOOP('',(#13394,#13395,#13418,#13440));
#13394 = ORIENTED_EDGE('',*,*,#13027,.T.);
#13395 = ORIENTED_EDGE('',*,*,#13396,.F.);
#13396 = EDGE_CURVE('',#13397,#13028,#13399,.T.);
#13397 = VERTEX_POINT('',#13398);
#13398 = CARTESIAN_POINT('',(3.,-6.,1.1));
#13399 = SEAM_CURVE('',#13400,(#13404,#13411),.PCURVE_S1.);
#13400 = LINE('',#13401,#13402);
#13401 = CARTESIAN_POINT('',(2.9,-6.,1.1));
#13402 = VECTOR('',#13403,1.);
#13403 = DIRECTION('',(1.,0.,0.));
#13404 = PCURVE('',#13048,#13405);
#13405 = DEFINITIONAL_REPRESENTATION('',(#13406),#13410);
#13406 = LINE('',#13407,#13408);
#13407 = CARTESIAN_POINT('',(0.,-0.));
#13408 = VECTOR('',#13409,1.);
#13409 = DIRECTION('',(0.,1.));
#13410 = ( GEOMETRIC_REPRESENTATION_CONTEXT(2) 
PARAMETRIC_REPRESENTATION_CONTEXT() REPRESENTATION_CONTEXT('2D SPACE',''
  ) );
#13411 = PCURVE('',#13048,#13412);
#13412 = DEFINITIONAL_REPRESENTATION('',(#13413),#13417);
#13413 = LINE('',#13414,#13415);
#13414 = CARTESIAN_POINT('',(6.28318530718,-0.));
#13415 = VECTOR('',#13416,1.);
#13416 = DIRECTION('',(0.,1.));
#13417 = ( GEOMETRIC_REPRESENTATION_CONTEXT(2) 
PARAMETRIC_REPRESENTATION_CONTEXT() REPRESENTATION_CONTEXT('2D SPACE',''
  ) );
#13418 = ORIENTED_EDGE('',*,*,#13419,.T.);
#13419 = EDGE_CURVE('',#13397,#13397,#13420,.T.);
#13420 = SURFACE_CURVE('',#13421,(#13426,#13433),.PCURVE_S1.);
#13421 = CIRCLE('',#13422,1.1);
#13422 = AXIS2_PLACEMENT_3D('',#13423,#13424,#13425);
#13423 = CARTESIAN_POINT('',(3.,-6.,0.));
#13424 = DIRECTION('',(1.,0.,0.));
#13425 = DIRECTION('',(-0.,0.,1.));
#13426 = PCURVE('',#13048,#13427);
#13427 = DEFINITIONAL_REPRESENTATION('',(#13428),#13432);
#13428 = LINE('',#13429,#13430);
#13429 = CARTESIAN_POINT('',(0.,0.1));
#13430 = VECTOR('',#13431,1.);
#13431 = DIRECTION('',(1.,0.));
#13432 = ( GEOMETRIC_REPRESENTATION_CONTEXT(2) 
PARAMETRIC_REPRESENTATION_CONTEXT() REPRESENTATION_CONTEXT('2D SPACE',''
  ) );
#13433 = PCURVE('',#12867,#13434);
#13434 = DEFINITIONAL_REPRESENTATION('',(#13435),#13439);
#13435 = CIRCLE('',#13436,1.1);
#13436 = AXIS2_PLACEMENT_2D('',#13437,#13438);
#13437 = CARTESIAN_POINT('',(17.,-3.));
#13438 = DIRECTION('',(1.,0.));
#13439 = ( GEOMETRIC_REPRESENTATION_CONTEXT(2) 
PARAMETRIC_REPRESENTATION_CONTEXT() REPRESENTATION_CONTEXT('2D SPACE',''
  ) );
#13440 = ORIENTED_EDGE('',*,*,#13396,.T.);
#13441 = ADVANCED_FACE('',(#13442),#13013,.T.);
#13442 = FACE_BOUND('',#13443,.T.);
#13443 = EDGE_LOOP('',(#13444,#13445,#13467,#13495));
#13444 = ORIENTED_EDGE('',*,*,#12998,.F.);
#13445 = ORIENTED_EDGE('',*,*,#13446,.F.);
#13446 = EDGE_CURVE('',#13447,#12976,#13449,.T.);
#13447 = VERTEX_POINT('',#13448);
#13448 = CARTESIAN_POINT('',(3.,9.,-4.8));
#13449 = SURFACE_CURVE('',#13450,(#13454,#13460),.PCURVE_S1.);
#13450 = LINE('',#13451,#13452);
#13451 = CARTESIAN_POINT('',(3.,9.,-4.8));
#13452 = VECTOR('',#13453,1.);
#13453 = DIRECTION('',(1.,0.,0.));
#13454 = PCURVE('',#13013,#13455);
#13455 = DEFINITIONAL_REPRESENTATION('',(#13456),#13459);
#13456 = B_SPLINE_CURVE_WITH_KNOTS('',1,(#13457,#13458),.UNSPECIFIED.,
  .F.,.F.,(2,2),(0.,3.),.PIECEWISE_BEZIER_KNOTS.);
#13457 = CARTESIAN_POINT('',(4.222431654131,0.));
#13458 = CARTESIAN_POINT('',(4.222431654131,3.));
#13459 = ( GEOMETRIC_REPRESENTATION_CONTEXT(2) 
PARAMETRIC_REPRESENTATION_CONTEXT() REPRESENTATION_CONTEXT('2D SPACE',''
  ) );
#13460 = PCURVE('',#12895,#13461);
#13461 = DEFINITIONAL_REPRESENTATION('',(#13462),#13466);
#13462 = LINE('',#13463,#13464);
#13463 = CARTESIAN_POINT('',(12.2,0.));
#13464 = VECTOR('',#13465,1.);
#13465 = DIRECTION('',(0.,1.));
#13466 = ( GEOMETRIC_REPRESENTATION_CONTEXT(2) 
PARAMETRIC_REPRESENTATION_CONTEXT() REPRESENTATION_CONTEXT('2D SPACE',''
  ) );
#13467 = ORIENTED_EDGE('',*,*,#13468,.F.);
#13468 = EDGE_CURVE('',#13469,#13447,#13471,.T.);
#13469 = VERTEX_POINT('',#13470);
#13470 = CARTESIAN_POINT('',(3.,-9.,-4.8));
#13471 = SURFACE_CURVE('',#13472,(#13477,#13484),.PCURVE_S1.);
#13472 = CIRCLE('',#13473,10.2);
#13473 = AXIS2_PLACEMENT_3D('',#13474,#13475,#13476);
#13474 = CARTESIAN_POINT('',(3.,0.,0.));
#13475 = DIRECTION('',(-1.,-0.,0.));
#13476 = DIRECTION('',(0.,-0.882352941176,-0.470588235294));
#13477 = PCURVE('',#13013,#13478);
#13478 = DEFINITIONAL_REPRESENTATION('',(#13479),#13483);
#13479 = LINE('',#13480,#13481);
#13480 = CARTESIAN_POINT('',(8.343938960228,0.));
#13481 = VECTOR('',#13482,1.);
#13482 = DIRECTION('',(-1.,-0.));
#13483 = ( GEOMETRIC_REPRESENTATION_CONTEXT(2) 
PARAMETRIC_REPRESENTATION_CONTEXT() REPRESENTATION_CONTEXT('2D SPACE',''
  ) );
#13484 = PCURVE('',#12867,#13485);
#13485 = DEFINITIONAL_REPRESENTATION('',(#13486),#13494);
#13486 = ( BOUNDED_CURVE() B_SPLINE_CURVE(2,(#13487,#13488,#13489,#13490
    ,#13491,#13492,#13493),.UNSPECIFIED.,.T.,.F.) 
B_SPLINE_CURVE_WITH_KNOTS((1,2,2,2,2,1),(-2.094395102393,0.,
    2.094395102393,4.188790204786,6.28318530718,8.377580409573),
.UNSPECIFIED.) CURVE() GEOMETRIC_REPRESENTATION_ITEM() 
RATIONAL_B_SPLINE_CURVE((1.,0.5,1.,0.5,1.,0.5,1.)) REPRESENTATION_ITEM(
  '') );
#13487 = CARTESIAN_POINT('',(12.199999999999,-5.631051180899E-13));
#13488 = CARTESIAN_POINT('',(27.788457268118,8.313843876332));
#13489 = CARTESIAN_POINT('',(27.19422863406,-9.343078061833));
#13490 = CARTESIAN_POINT('',(26.600000000002,-26.99999999999));
#13491 = CARTESIAN_POINT('',(11.605771365941,-17.65692193816));
#13492 = CARTESIAN_POINT('',(-3.38845726812,-8.313843876333));
#13493 = CARTESIAN_POINT('',(12.199999999999,-5.631051180899E-13));
#13494 = ( GEOMETRIC_REPRESENTATION_CONTEXT(2) 
PARAMETRIC_REPRESENTATION_CONTEXT() REPRESENTATION_CONTEXT('2D SPACE',''
  ) );
#13495 = ORIENTED_EDGE('',*,*,#13496,.T.);
#13496 = EDGE_CURVE('',#13469,#12952,#13497,.T.);
#13497 = SURFACE_CURVE('',#13498,(#13502,#13508),.PCURVE_S1.);
#13498 = LINE('',#13499,#13500);
#13499 = CARTESIAN_POINT('',(3.,-9.,-4.8));
#13500 = VECTOR('',#13501,1.);
#13501 = DIRECTION('',(1.,0.,0.));
#13502 = PCURVE('',#13013,#13503);
#13503 = DEFINITIONAL_REPRESENTATION('',(#13504),#13507);
#13504 = B_SPLINE_CURVE_WITH_KNOTS('',1,(#13505,#13506),.UNSPECIFIED.,
  .F.,.F.,(2,2),(0.,3.),.PIECEWISE_BEZIER_KNOTS.);
#13505 = CARTESIAN_POINT('',(8.343938960228,0.));
#13506 = CARTESIAN_POINT('',(8.343938960228,3.));
#13507 = ( GEOMETRIC_REPRESENTATION_CONTEXT(2) 
PARAMETRIC_REPRESENTATION_CONTEXT() REPRESENTATION_CONTEXT('2D SPACE',''
  ) );
#13508 = PCURVE('',#12839,#13509);
#13509 = DEFINITIONAL_REPRESENTATION('',(#13510),#13514);
#13510 = LINE('',#13511,#13512);
#13511 = CARTESIAN_POINT('',(12.2,0.));
#13512 = VECTOR('',#13513,1.);
#13513 = DIRECTION('',(0.,1.));
#13514 = ( GEOMETRIC_REPRESENTATION_CONTEXT(2) 
PARAMETRIC_REPRESENTATION_CONTEXT() REPRESENTATION_CONTEXT('2D SPACE',''
  ) );
#13515 = ADVANCED_FACE('',(#13516),#12895,.T.);
#13516 = FACE_BOUND('',#13517,.T.);
#13517 = EDGE_LOOP('',(#13518,#13519,#13520,#13541));
#13518 = ORIENTED_EDGE('',*,*,#12975,.F.);
#13519 = ORIENTED_EDGE('',*,*,#12879,.F.);
#13520 = ORIENTED_EDGE('',*,*,#13521,.T.);
#13521 = EDGE_CURVE('',#12852,#13447,#13522,.T.);
#13522 = SURFACE_CURVE('',#13523,(#13527,#13534),.PCURVE_S1.);
#13523 = LINE('',#13524,#13525);
#13524 = CARTESIAN_POINT('',(3.,9.,-17.));
#13525 = VECTOR('',#13526,1.);
#13526 = DIRECTION('',(0.,0.,1.));
#13527 = PCURVE('',#12895,#13528);
#13528 = DEFINITIONAL_REPRESENTATION('',(#13529),#13533);
#13529 = LINE('',#13530,#13531);
#13530 = CARTESIAN_POINT('',(0.,0.));
#13531 = VECTOR('',#13532,1.);
#13532 = DIRECTION('',(1.,0.));
#13533 = ( GEOMETRIC_REPRESENTATION_CONTEXT(2) 
PARAMETRIC_REPRESENTATION_CONTEXT() REPRESENTATION_CONTEXT('2D SPACE',''
  ) );
#13534 = PCURVE('',#12867,#13535);
#13535 = DEFINITIONAL_REPRESENTATION('',(#13536),#13540);
#13536 = LINE('',#13537,#13538);
#13537 = CARTESIAN_POINT('',(0.,-18.));
#13538 = VECTOR('',#13539,1.);
#13539 = DIRECTION('',(1.,0.));
#13540 = ( GEOMETRIC_REPRESENTATION_CONTEXT(2) 
PARAMETRIC_REPRESENTATION_CONTEXT() REPRESENTATION_CONTEXT('2D SPACE',''
  ) );
#13541 = ORIENTED_EDGE('',*,*,#13446,.T.);
#13542 = ADVANCED_FACE('',(#13543,#13569,#13572,#13575,#13578,#13581),
  #12867,.F.);
#13543 = FACE_BOUND('',#13544,.F.);
#13544 = EDGE_LOOP('',(#13545,#13566,#13567,#13568));
#13545 = ORIENTED_EDGE('',*,*,#13546,.F.);
#13546 = EDGE_CURVE('',#12824,#13469,#13547,.T.);
#13547 = SURFACE_CURVE('',#13548,(#13552,#13559),.PCURVE_S1.);
#13548 = LINE('',#13549,#13550);
#13549 = CARTESIAN_POINT('',(3.,-9.,-17.));
#13550 = VECTOR('',#13551,1.);
#13551 = DIRECTION('',(0.,0.,1.));
#13552 = PCURVE('',#12867,#13553);
#13553 = DEFINITIONAL_REPRESENTATION('',(#13554),#13558);
#13554 = LINE('',#13555,#13556);
#13555 = CARTESIAN_POINT('',(0.,0.));
#13556 = VECTOR('',#13557,1.);
#13557 = DIRECTION('',(1.,0.));
#13558 = ( GEOMETRIC_REPRESENTATION_CONTEXT(2) 
PARAMETRIC_REPRESENTATION_CONTEXT() REPRESENTATION_CONTEXT('2D SPACE',''
  ) );
#13559 = PCURVE('',#12839,#13560);
#13560 = DEFINITIONAL_REPRESENTATION('',(#13561),#13565);
#13561 = LINE('',#13562,#13563);
#13562 = CARTESIAN_POINT('',(0.,0.));
#13563 = VECTOR('',#13564,1.);
#13564 = DIRECTION('',(1.,0.));
#13565 = ( GEOMETRIC_REPRESENTATION_CONTEXT(2) 
PARAMETRIC_REPRESENTATION_CONTEXT() REPRESENTATION_CONTEXT('2D SPACE',''
  ) );
#13566 = ORIENTED_EDGE('',*,*,#12851,.T.);
#13567 = ORIENTED_EDGE('',*,*,#13521,.T.);
#13568 = ORIENTED_EDGE('',*,*,#13468,.F.);
#13569 = FACE_BOUND('',#13570,.F.);
#13570 = EDGE_LOOP('',(#13571));
#13571 = ORIENTED_EDGE('',*,*,#13419,.F.);
#13572 = FACE_BOUND('',#13573,.F.);
#13573 = EDGE_LOOP('',(#13574));
#13574 = ORIENTED_EDGE('',*,*,#13369,.F.);
#13575 = FACE_BOUND('',#13576,.F.);
#13576 = EDGE_LOOP('',(#13577));
#13577 = ORIENTED_EDGE('',*,*,#13319,.F.);
#13578 = FACE_BOUND('',#13579,.F.);
#13579 = EDGE_LOOP('',(#13580));
#13580 = ORIENTED_EDGE('',*,*,#13269,.F.);
#13581 = FACE_BOUND('',#13582,.F.);
#13582 = EDGE_LOOP('',(#13583));
#13583 = ORIENTED_EDGE('',*,*,#13219,.F.);
#13584 = ADVANCED_FACE('',(#13585),#12839,.F.);
#13585 = FACE_BOUND('',#13586,.F.);
#13586 = EDGE_LOOP('',(#13587,#13588,#13589,#13590));
#13587 = ORIENTED_EDGE('',*,*,#12951,.F.);
#13588 = ORIENTED_EDGE('',*,*,#12821,.T.);
#13589 = ORIENTED_EDGE('',*,*,#13546,.T.);
#13590 = ORIENTED_EDGE('',*,*,#13496,.T.);
#13591 = ADVANCED_FACE('',(#13592,#13672,#13703,#13734,#13765,#13796),
  #12798,.F.);
#13592 = FACE_BOUND('',#13593,.F.);
#13593 = EDGE_LOOP('',(#13594,#13617,#13618,#13641));
#13594 = ORIENTED_EDGE('',*,*,#13595,.F.);
#13595 = EDGE_CURVE('',#12757,#13596,#13598,.T.);
#13596 = VERTEX_POINT('',#13597);
#13597 = CARTESIAN_POINT('',(-29.,-9.,-4.8));
#13598 = SURFACE_CURVE('',#13599,(#13603,#13610),.PCURVE_S1.);
#13599 = LINE('',#13600,#13601);
#13600 = CARTESIAN_POINT('',(-29.,-9.,-17.));
#13601 = VECTOR('',#13602,1.);
#13602 = DIRECTION('',(0.,0.,1.));
#13603 = PCURVE('',#12798,#13604);
#13604 = DEFINITIONAL_REPRESENTATION('',(#13605),#13609);
#13605 = LINE('',#13606,#13607);
#13606 = CARTESIAN_POINT('',(0.,0.));
#13607 = VECTOR('',#13608,1.);
#13608 = DIRECTION('',(1.,0.));
#13609 = ( GEOMETRIC_REPRESENTATION_CONTEXT(2) 
PARAMETRIC_REPRESENTATION_CONTEXT() REPRESENTATION_CONTEXT('2D SPACE',''
  ) );
#13610 = PCURVE('',#12772,#13611);
#13611 = DEFINITIONAL_REPRESENTATION('',(#13612),#13616);
#13612 = LINE('',#13613,#13614);
#13613 = CARTESIAN_POINT('',(0.,0.));
#13614 = VECTOR('',#13615,1.);
#13615 = DIRECTION('',(1.,0.));
#13616 = ( GEOMETRIC_REPRESENTATION_CONTEXT(2) 
PARAMETRIC_REPRESENTATION_CONTEXT() REPRESENTATION_CONTEXT('2D SPACE',''
  ) );
#13617 = ORIENTED_EDGE('',*,*,#12784,.T.);
#13618 = ORIENTED_EDGE('',*,*,#13619,.T.);
#13619 = EDGE_CURVE('',#12701,#13620,#13622,.T.);
#13620 = VERTEX_POINT('',#13621);
#13621 = CARTESIAN_POINT('',(-29.,9.,-4.8));
#13622 = SURFACE_CURVE('',#13623,(#13627,#13634),.PCURVE_S1.);
#13623 = LINE('',#13624,#13625);
#13624 = CARTESIAN_POINT('',(-29.,9.,-17.));
#13625 = VECTOR('',#13626,1.);
#13626 = DIRECTION('',(0.,0.,1.));
#13627 = PCURVE('',#12798,#13628);
#13628 = DEFINITIONAL_REPRESENTATION('',(#13629),#13633);
#13629 = LINE('',#13630,#13631);
#13630 = CARTESIAN_POINT('',(0.,-18.));
#13631 = VECTOR('',#13632,1.);
#13632 = DIRECTION('',(1.,0.));
#13633 = ( GEOMETRIC_REPRESENTATION_CONTEXT(2) 
PARAMETRIC_REPRESENTATION_CONTEXT() REPRESENTATION_CONTEXT('2D SPACE',''
  ) );
#13634 = PCURVE('',#12716,#13635);
#13635 = DEFINITIONAL_REPRESENTATION('',(#13636),#13640);
#13636 = LINE('',#13637,#13638);
#13637 = CARTESIAN_POINT('',(0.,0.));
#13638 = VECTOR('',#13639,1.);
#13639 = DIRECTION('',(1.,0.));
#13640 = ( GEOMETRIC_REPRESENTATION_CONTEXT(2) 
PARAMETRIC_REPRESENTATION_CONTEXT() REPRESENTATION_CONTEXT('2D SPACE',''
  ) );
#13641 = ORIENTED_EDGE('',*,*,#13642,.F.);
#13642 = EDGE_CURVE('',#13596,#13620,#13643,.T.);
#13643 = SURFACE_CURVE('',#13644,(#13649,#13660),.PCURVE_S1.);
#13644 = CIRCLE('',#13645,10.2);
#13645 = AXIS2_PLACEMENT_3D('',#13646,#13647,#13648);
#13646 = CARTESIAN_POINT('',(-29.,0.,0.));
#13647 = DIRECTION('',(-1.,-0.,0.));
#13648 = DIRECTION('',(0.,-0.882352941176,-0.470588235294));
#13649 = PCURVE('',#12798,#13650);
#13650 = DEFINITIONAL_REPRESENTATION('',(#13651),#13659);
#13651 = ( BOUNDED_CURVE() B_SPLINE_CURVE(2,(#13652,#13653,#13654,#13655
    ,#13656,#13657,#13658),.UNSPECIFIED.,.T.,.F.) 
B_SPLINE_CURVE_WITH_KNOTS((1,2,2,2,2,1),(-2.094395102393,0.,
    2.094395102393,4.188790204786,6.28318530718,8.377580409573),
.UNSPECIFIED.) CURVE() GEOMETRIC_REPRESENTATION_ITEM() 
RATIONAL_B_SPLINE_CURVE((1.,0.5,1.,0.5,1.,0.5,1.)) REPRESENTATION_ITEM(
  '') );
#13652 = CARTESIAN_POINT('',(12.199999999999,-5.631051180899E-13));
#13653 = CARTESIAN_POINT('',(27.788457268118,8.313843876332));
#13654 = CARTESIAN_POINT('',(27.19422863406,-9.343078061833));
#13655 = CARTESIAN_POINT('',(26.600000000002,-26.99999999999));
#13656 = CARTESIAN_POINT('',(11.605771365941,-17.65692193816));
#13657 = CARTESIAN_POINT('',(-3.38845726812,-8.313843876333));
#13658 = CARTESIAN_POINT('',(12.199999999999,-5.631051180899E-13));
#13659 = ( GEOMETRIC_REPRESENTATION_CONTEXT(2) 
PARAMETRIC_REPRESENTATION_CONTEXT() REPRESENTATION_CONTEXT('2D SPACE',''
  ) );
#13660 = PCURVE('',#13661,#13666);
#13661 = CYLINDRICAL_SURFACE('',#13662,10.2);
#13662 = AXIS2_PLACEMENT_3D('',#13663,#13664,#13665);
#13663 = CARTESIAN_POINT('',(-29.,0.,0.));
#13664 = DIRECTION('',(1.,0.,0.));
#13665 = DIRECTION('',(-0.,0.,1.));
#13666 = DEFINITIONAL_REPRESENTATION('',(#13667),#13671);
#13667 = LINE('',#13668,#13669);
#13668 = CARTESIAN_POINT('',(8.343938960228,0.));
#13669 = VECTOR('',#13670,1.);
#13670 = DIRECTION('',(-1.,-0.));
#13671 = ( GEOMETRIC_REPRESENTATION_CONTEXT(2) 
PARAMETRIC_REPRESENTATION_CONTEXT() REPRESENTATION_CONTEXT('2D SPACE',''
  ) );
#13672 = FACE_BOUND('',#13673,.F.);
#13673 = EDGE_LOOP('',(#13674));
#13674 = ORIENTED_EDGE('',*,*,#13675,.F.);
#13675 = EDGE_CURVE('',#13676,#13676,#13678,.T.);
#13676 = VERTEX_POINT('',#13677);
#13677 = CARTESIAN_POINT('',(-29.,-6.,1.1));
#13678 = SURFACE_CURVE('',#13679,(#13684,#13691),.PCURVE_S1.);
#13679 = CIRCLE('',#13680,1.1);
#13680 = AXIS2_PLACEMENT_3D('',#13681,#13682,#13683);
#13681 = CARTESIAN_POINT('',(-29.,-6.,0.));
#13682 = DIRECTION('',(1.,0.,0.));
#13683 = DIRECTION('',(-0.,0.,1.));
#13684 = PCURVE('',#12798,#13685);
#13685 = DEFINITIONAL_REPRESENTATION('',(#13686),#13690);
#13686 = CIRCLE('',#13687,1.1);
#13687 = AXIS2_PLACEMENT_2D('',#13688,#13689);
#13688 = CARTESIAN_POINT('',(17.,-3.));
#13689 = DIRECTION('',(1.,0.));
#13690 = ( GEOMETRIC_REPRESENTATION_CONTEXT(2) 
PARAMETRIC_REPRESENTATION_CONTEXT() REPRESENTATION_CONTEXT('2D SPACE',''
  ) );
#13691 = PCURVE('',#13692,#13697);
#13692 = CYLINDRICAL_SURFACE('',#13693,1.1);
#13693 = AXIS2_PLACEMENT_3D('',#13694,#13695,#13696);
#13694 = CARTESIAN_POINT('',(-29.1,-6.,0.));
#13695 = DIRECTION('',(1.,0.,0.));
#13696 = DIRECTION('',(-0.,0.,1.));
#13697 = DEFINITIONAL_REPRESENTATION('',(#13698),#13702);
#13698 = LINE('',#13699,#13700);
#13699 = CARTESIAN_POINT('',(0.,0.1));
#13700 = VECTOR('',#13701,1.);
#13701 = DIRECTION('',(1.,0.));
#13702 = ( GEOMETRIC_REPRESENTATION_CONTEXT(2) 
PARAMETRIC_REPRESENTATION_CONTEXT() REPRESENTATION_CONTEXT('2D SPACE',''
  ) );
#13703 = FACE_BOUND('',#13704,.F.);
#13704 = EDGE_LOOP('',(#13705));
#13705 = ORIENTED_EDGE('',*,*,#13706,.F.);
#13706 = EDGE_CURVE('',#13707,#13707,#13709,.T.);
#13707 = VERTEX_POINT('',#13708);
#13708 = CARTESIAN_POINT('',(-29.,9.797174393179E-16,4.));
#13709 = SURFACE_CURVE('',#13710,(#13715,#13722),.PCURVE_S1.);
#13710 = CIRCLE('',#13711,4.);
#13711 = AXIS2_PLACEMENT_3D('',#13712,#13713,#13714);
#13712 = CARTESIAN_POINT('',(-29.,0.,0.));
#13713 = DIRECTION('',(1.,0.,0.));
#13714 = DIRECTION('',(-0.,0.,1.));
#13715 = PCURVE('',#12798,#13716);
#13716 = DEFINITIONAL_REPRESENTATION('',(#13717),#13721);
#13717 = CIRCLE('',#13718,4.);
#13718 = AXIS2_PLACEMENT_2D('',#13719,#13720);
#13719 = CARTESIAN_POINT('',(17.,-9.));
#13720 = DIRECTION('',(1.,0.));
#13721 = ( GEOMETRIC_REPRESENTATION_CONTEXT(2) 
PARAMETRIC_REPRESENTATION_CONTEXT() REPRESENTATION_CONTEXT('2D SPACE',''
  ) );
#13722 = PCURVE('',#13723,#13728);
#13723 = CYLINDRICAL_SURFACE('',#13724,4.);
#13724 = AXIS2_PLACEMENT_3D('',#13725,#13726,#13727);
#13725 = CARTESIAN_POINT('',(-29.1,0.,0.));
#13726 = DIRECTION('',(1.,0.,0.));
#13727 = DIRECTION('',(-0.,0.,1.));
#13728 = DEFINITIONAL_REPRESENTATION('',(#13729),#13733);
#13729 = LINE('',#13730,#13731);
#13730 = CARTESIAN_POINT('',(0.,0.1));
#13731 = VECTOR('',#13732,1.);
#13732 = DIRECTION('',(1.,0.));
#13733 = ( GEOMETRIC_REPRESENTATION_CONTEXT(2) 
PARAMETRIC_REPRESENTATION_CONTEXT() REPRESENTATION_CONTEXT('2D SPACE',''
  ) );
#13734 = FACE_BOUND('',#13735,.F.);
#13735 = EDGE_LOOP('',(#13736));
#13736 = ORIENTED_EDGE('',*,*,#13737,.F.);
#13737 = EDGE_CURVE('',#13738,#13738,#13740,.T.);
#13738 = VERTEX_POINT('',#13739);
#13739 = CARTESIAN_POINT('',(-29.,6.,1.1));
#13740 = SURFACE_CURVE('',#13741,(#13746,#13753),.PCURVE_S1.);
#13741 = CIRCLE('',#13742,1.1);
#13742 = AXIS2_PLACEMENT_3D('',#13743,#13744,#13745);
#13743 = CARTESIAN_POINT('',(-29.,6.,0.));
#13744 = DIRECTION('',(1.,0.,0.));
#13745 = DIRECTION('',(-0.,0.,1.));
#13746 = PCURVE('',#12798,#13747);
#13747 = DEFINITIONAL_REPRESENTATION('',(#13748),#13752);
#13748 = CIRCLE('',#13749,1.1);
#13749 = AXIS2_PLACEMENT_2D('',#13750,#13751);
#13750 = CARTESIAN_POINT('',(17.,-15.));
#13751 = DIRECTION('',(1.,0.));
#13752 = ( GEOMETRIC_REPRESENTATION_CONTEXT(2) 
PARAMETRIC_REPRESENTATION_CONTEXT() REPRESENTATION_CONTEXT('2D SPACE',''
  ) );
#13753 = PCURVE('',#13754,#13759);
#13754 = CYLINDRICAL_SURFACE('',#13755,1.1);
#13755 = AXIS2_PLACEMENT_3D('',#13756,#13757,#13758);
#13756 = CARTESIAN_POINT('',(-29.1,6.,0.));
#13757 = DIRECTION('',(1.,0.,0.));
#13758 = DIRECTION('',(-0.,0.,1.));
#13759 = DEFINITIONAL_REPRESENTATION('',(#13760),#13764);
#13760 = LINE('',#13761,#13762);
#13761 = CARTESIAN_POINT('',(0.,0.1));
#13762 = VECTOR('',#13763,1.);
#13763 = DIRECTION('',(1.,0.));
#13764 = ( GEOMETRIC_REPRESENTATION_CONTEXT(2) 
PARAMETRIC_REPRESENTATION_CONTEXT() REPRESENTATION_CONTEXT('2D SPACE',''
  ) );
#13765 = FACE_BOUND('',#13766,.F.);
#13766 = EDGE_LOOP('',(#13767));
#13767 = ORIENTED_EDGE('',*,*,#13768,.F.);
#13768 = EDGE_CURVE('',#13769,#13769,#13771,.T.);
#13769 = VERTEX_POINT('',#13770);
#13770 = CARTESIAN_POINT('',(-29.,2.694222958124E-16,-4.9));
#13771 = SURFACE_CURVE('',#13772,(#13777,#13784),.PCURVE_S1.);
#13772 = CIRCLE('',#13773,1.1);
#13773 = AXIS2_PLACEMENT_3D('',#13774,#13775,#13776);
#13774 = CARTESIAN_POINT('',(-29.,0.,-6.));
#13775 = DIRECTION('',(1.,0.,0.));
#13776 = DIRECTION('',(-0.,0.,1.));
#13777 = PCURVE('',#12798,#13778);
#13778 = DEFINITIONAL_REPRESENTATION('',(#13779),#13783);
#13779 = CIRCLE('',#13780,1.1);
#13780 = AXIS2_PLACEMENT_2D('',#13781,#13782);
#13781 = CARTESIAN_POINT('',(11.,-9.));
#13782 = DIRECTION('',(1.,0.));
#13783 = ( GEOMETRIC_REPRESENTATION_CONTEXT(2) 
PARAMETRIC_REPRESENTATION_CONTEXT() REPRESENTATION_CONTEXT('2D SPACE',''
  ) );
#13784 = PCURVE('',#13785,#13790);
#13785 = CYLINDRICAL_SURFACE('',#13786,1.1);
#13786 = AXIS2_PLACEMENT_3D('',#13787,#13788,#13789);
#13787 = CARTESIAN_POINT('',(-29.1,0.,-6.));
#13788 = DIRECTION('',(1.,0.,0.));
#13789 = DIRECTION('',(-0.,0.,1.));
#13790 = DEFINITIONAL_REPRESENTATION('',(#13791),#13795);
#13791 = LINE('',#13792,#13793);
#13792 = CARTESIAN_POINT('',(0.,0.1));
#13793 = VECTOR('',#13794,1.);
#13794 = DIRECTION('',(1.,0.));
#13795 = ( GEOMETRIC_REPRESENTATION_CONTEXT(2) 
PARAMETRIC_REPRESENTATION_CONTEXT() REPRESENTATION_CONTEXT('2D SPACE',''
  ) );
#13796 = FACE_BOUND('',#13797,.F.);
#13797 = EDGE_LOOP('',(#13798));
#13798 = ORIENTED_EDGE('',*,*,#13799,.F.);
#13799 = EDGE_CURVE('',#13800,#13800,#13802,.T.);
#13800 = VERTEX_POINT('',#13801);
#13801 = CARTESIAN_POINT('',(-29.,2.694222958124E-16,7.1));
#13802 = SURFACE_CURVE('',#13803,(#13808,#13815),.PCURVE_S1.);
#13803 = CIRCLE('',#13804,1.1);
#13804 = AXIS2_PLACEMENT_3D('',#13805,#13806,#13807);
#13805 = CARTESIAN_POINT('',(-29.,0.,6.));
#13806 = DIRECTION('',(1.,0.,0.));
#13807 = DIRECTION('',(-0.,0.,1.));
#13808 = PCURVE('',#12798,#13809);
#13809 = DEFINITIONAL_REPRESENTATION('',(#13810),#13814);
#13810 = CIRCLE('',#13811,1.1);
#13811 = AXIS2_PLACEMENT_2D('',#13812,#13813);
#13812 = CARTESIAN_POINT('',(23.,-9.));
#13813 = DIRECTION('',(1.,0.));
#13814 = ( GEOMETRIC_REPRESENTATION_CONTEXT(2) 
PARAMETRIC_REPRESENTATION_CONTEXT() REPRESENTATION_CONTEXT('2D SPACE',''
  ) );
#13815 = PCURVE('',#13816,#13821);
#13816 = CYLINDRICAL_SURFACE('',#13817,1.1);
#13817 = AXIS2_PLACEMENT_3D('',#13818,#13819,#13820);
#13818 = CARTESIAN_POINT('',(-29.1,0.,6.));
#13819 = DIRECTION('',(1.,0.,0.));
#13820 = DIRECTION('',(-0.,0.,1.));
#13821 = DEFINITIONAL_REPRESENTATION('',(#13822),#13826);
#13822 = LINE('',#13823,#13824);
#13823 = CARTESIAN_POINT('',(0.,0.1));
#13824 = VECTOR('',#13825,1.);
#13825 = DIRECTION('',(1.,0.));
#13826 = ( GEOMETRIC_REPRESENTATION_CONTEXT(2) 
PARAMETRIC_REPRESENTATION_CONTEXT() REPRESENTATION_CONTEXT('2D SPACE',''
  ) );
#13827 = ADVANCED_FACE('',(#13828),#13816,.F.);
#13828 = FACE_BOUND('',#13829,.F.);
#13829 = EDGE_LOOP('',(#13830,#13854,#13875,#13876));
#13830 = ORIENTED_EDGE('',*,*,#13831,.F.);
#13831 = EDGE_CURVE('',#13832,#13832,#13834,.T.);
#13832 = VERTEX_POINT('',#13833);
#13833 = CARTESIAN_POINT('',(-26.,2.694222958124E-16,7.1));
#13834 = SURFACE_CURVE('',#13835,(#13840,#13847),.PCURVE_S1.);
#13835 = CIRCLE('',#13836,1.1);
#13836 = AXIS2_PLACEMENT_3D('',#13837,#13838,#13839);
#13837 = CARTESIAN_POINT('',(-26.,0.,6.));
#13838 = DIRECTION('',(1.,0.,0.));
#13839 = DIRECTION('',(-0.,0.,1.));
#13840 = PCURVE('',#13816,#13841);
#13841 = DEFINITIONAL_REPRESENTATION('',(#13842),#13846);
#13842 = LINE('',#13843,#13844);
#13843 = CARTESIAN_POINT('',(0.,3.1));
#13844 = VECTOR('',#13845,1.);
#13845 = DIRECTION('',(1.,0.));
#13846 = ( GEOMETRIC_REPRESENTATION_CONTEXT(2) 
PARAMETRIC_REPRESENTATION_CONTEXT() REPRESENTATION_CONTEXT('2D SPACE',''
  ) );
#13847 = PCURVE('',#12744,#13848);
#13848 = DEFINITIONAL_REPRESENTATION('',(#13849),#13853);
#13849 = CIRCLE('',#13850,1.1);
#13850 = AXIS2_PLACEMENT_2D('',#13851,#13852);
#13851 = CARTESIAN_POINT('',(23.,-9.));
#13852 = DIRECTION('',(1.,0.));
#13853 = ( GEOMETRIC_REPRESENTATION_CONTEXT(2) 
PARAMETRIC_REPRESENTATION_CONTEXT() REPRESENTATION_CONTEXT('2D SPACE',''
  ) );
#13854 = ORIENTED_EDGE('',*,*,#13855,.F.);
#13855 = EDGE_CURVE('',#13800,#13832,#13856,.T.);
#13856 = SEAM_CURVE('',#13857,(#13861,#13868),.PCURVE_S1.);
#13857 = LINE('',#13858,#13859);
#13858 = CARTESIAN_POINT('',(-29.1,2.694222958124E-16,7.1));
#13859 = VECTOR('',#13860,1.);
#13860 = DIRECTION('',(1.,0.,0.));
#13861 = PCURVE('',#13816,#13862);
#13862 = DEFINITIONAL_REPRESENTATION('',(#13863),#13867);
#13863 = LINE('',#13864,#13865);
#13864 = CARTESIAN_POINT('',(0.,-0.));
#13865 = VECTOR('',#13866,1.);
#13866 = DIRECTION('',(0.,1.));
#13867 = ( GEOMETRIC_REPRESENTATION_CONTEXT(2) 
PARAMETRIC_REPRESENTATION_CONTEXT() REPRESENTATION_CONTEXT('2D SPACE',''
  ) );
#13868 = PCURVE('',#13816,#13869);
#13869 = DEFINITIONAL_REPRESENTATION('',(#13870),#13874);
#13870 = LINE('',#13871,#13872);
#13871 = CARTESIAN_POINT('',(6.28318530718,-0.));
#13872 = VECTOR('',#13873,1.);
#13873 = DIRECTION('',(0.,1.));
#13874 = ( GEOMETRIC_REPRESENTATION_CONTEXT(2) 
PARAMETRIC_REPRESENTATION_CONTEXT() REPRESENTATION_CONTEXT('2D SPACE',''
  ) );
#13875 = ORIENTED_EDGE('',*,*,#13799,.T.);
#13876 = ORIENTED_EDGE('',*,*,#13855,.T.);
#13877 = ADVANCED_FACE('',(#13878),#13785,.F.);
#13878 = FACE_BOUND('',#13879,.F.);
#13879 = EDGE_LOOP('',(#13880,#13904,#13925,#13926));
#13880 = ORIENTED_EDGE('',*,*,#13881,.F.);
#13881 = EDGE_CURVE('',#13882,#13882,#13884,.T.);
#13882 = VERTEX_POINT('',#13883);
#13883 = CARTESIAN_POINT('',(-26.,2.694222958124E-16,-4.9));
#13884 = SURFACE_CURVE('',#13885,(#13890,#13897),.PCURVE_S1.);
#13885 = CIRCLE('',#13886,1.1);
#13886 = AXIS2_PLACEMENT_3D('',#13887,#13888,#13889);
#13887 = CARTESIAN_POINT('',(-26.,0.,-6.));
#13888 = DIRECTION('',(1.,0.,0.));
#13889 = DIRECTION('',(-0.,0.,1.));
#13890 = PCURVE('',#13785,#13891);
#13891 = DEFINITIONAL_REPRESENTATION('',(#13892),#13896);
#13892 = LINE('',#13893,#13894);
#13893 = CARTESIAN_POINT('',(0.,3.1));
#13894 = VECTOR('',#13895,1.);
#13895 = DIRECTION('',(1.,0.));
#13896 = ( GEOMETRIC_REPRESENTATION_CONTEXT(2) 
PARAMETRIC_REPRESENTATION_CONTEXT() REPRESENTATION_CONTEXT('2D SPACE',''
  ) );
#13897 = PCURVE('',#12744,#13898);
#13898 = DEFINITIONAL_REPRESENTATION('',(#13899),#13903);
#13899 = CIRCLE('',#13900,1.1);
#13900 = AXIS2_PLACEMENT_2D('',#13901,#13902);
#13901 = CARTESIAN_POINT('',(11.,-9.));
#13902 = DIRECTION('',(1.,0.));
#13903 = ( GEOMETRIC_REPRESENTATION_CONTEXT(2) 
PARAMETRIC_REPRESENTATION_CONTEXT() REPRESENTATION_CONTEXT('2D SPACE',''
  ) );
#13904 = ORIENTED_EDGE('',*,*,#13905,.F.);
#13905 = EDGE_CURVE('',#13769,#13882,#13906,.T.);
#13906 = SEAM_CURVE('',#13907,(#13911,#13918),.PCURVE_S1.);
#13907 = LINE('',#13908,#13909);
#13908 = CARTESIAN_POINT('',(-29.1,2.694222958124E-16,-4.9));
#13909 = VECTOR('',#13910,1.);
#13910 = DIRECTION('',(1.,0.,0.));
#13911 = PCURVE('',#13785,#13912);
#13912 = DEFINITIONAL_REPRESENTATION('',(#13913),#13917);
#13913 = LINE('',#13914,#13915);
#13914 = CARTESIAN_POINT('',(0.,-0.));
#13915 = VECTOR('',#13916,1.);
#13916 = DIRECTION('',(0.,1.));
#13917 = ( GEOMETRIC_REPRESENTATION_CONTEXT(2) 
PARAMETRIC_REPRESENTATION_CONTEXT() REPRESENTATION_CONTEXT('2D SPACE',''
  ) );
#13918 = PCURVE('',#13785,#13919);
#13919 = DEFINITIONAL_REPRESENTATION('',(#13920),#13924);
#13920 = LINE('',#13921,#13922);
#13921 = CARTESIAN_POINT('',(6.28318530718,-0.));
#13922 = VECTOR('',#13923,1.);
#13923 = DIRECTION('',(0.,1.));
#13924 = ( GEOMETRIC_REPRESENTATION_CONTEXT(2) 
PARAMETRIC_REPRESENTATION_CONTEXT() REPRESENTATION_CONTEXT('2D SPACE',''
  ) );
#13925 = ORIENTED_EDGE('',*,*,#13768,.T.);
#13926 = ORIENTED_EDGE('',*,*,#13905,.T.);
#13927 = ADVANCED_FACE('',(#13928),#13754,.F.);
#13928 = FACE_BOUND('',#13929,.F.);
#13929 = EDGE_LOOP('',(#13930,#13958,#13979,#13980));
#13930 = ORIENTED_EDGE('',*,*,#13931,.T.);
#13931 = EDGE_CURVE('',#13932,#13932,#13934,.T.);
#13932 = VERTEX_POINT('',#13933);
#13933 = CARTESIAN_POINT('',(-26.,6.,1.1));
#13934 = SURFACE_CURVE('',#13935,(#13940,#13947),.PCURVE_S1.);
#13935 = CIRCLE('',#13936,1.1);
#13936 = AXIS2_PLACEMENT_3D('',#13937,#13938,#13939);
#13937 = CARTESIAN_POINT('',(-26.,6.,7.771561172376E-16));
#13938 = DIRECTION('',(-1.,0.,0.));
#13939 = DIRECTION('',(0.,0.,1.));
#13940 = PCURVE('',#13754,#13941);
#13941 = DEFINITIONAL_REPRESENTATION('',(#13942),#13946);
#13942 = LINE('',#13943,#13944);
#13943 = CARTESIAN_POINT('',(6.28318530718,3.1));
#13944 = VECTOR('',#13945,1.);
#13945 = DIRECTION('',(-1.,-0.));
#13946 = ( GEOMETRIC_REPRESENTATION_CONTEXT(2) 
PARAMETRIC_REPRESENTATION_CONTEXT() REPRESENTATION_CONTEXT('2D SPACE',''
  ) );
#13947 = PCURVE('',#12744,#13948);
#13948 = DEFINITIONAL_REPRESENTATION('',(#13949),#13957);
#13949 = ( BOUNDED_CURVE() B_SPLINE_CURVE(2,(#13950,#13951,#13952,#13953
    ,#13954,#13955,#13956),.UNSPECIFIED.,.T.,.F.) 
B_SPLINE_CURVE_WITH_KNOTS((1,2,2,2,2,1),(-2.094395102393,0.,
    2.094395102393,4.188790204786,6.28318530718,8.377580409573),
.UNSPECIFIED.) CURVE() GEOMETRIC_REPRESENTATION_ITEM() 
RATIONAL_B_SPLINE_CURVE((1.,0.5,1.,0.5,1.,0.5,1.)) REPRESENTATION_ITEM(
  '') );
#13950 = CARTESIAN_POINT('',(18.1,-15.));
#13951 = CARTESIAN_POINT('',(18.1,-16.90525588832));
#13952 = CARTESIAN_POINT('',(16.45,-15.95262794416));
#13953 = CARTESIAN_POINT('',(14.8,-15.));
#13954 = CARTESIAN_POINT('',(16.45,-14.04737205583));
#13955 = CARTESIAN_POINT('',(18.1,-13.09474411167));
#13956 = CARTESIAN_POINT('',(18.1,-15.));
#13957 = ( GEOMETRIC_REPRESENTATION_CONTEXT(2) 
PARAMETRIC_REPRESENTATION_CONTEXT() REPRESENTATION_CONTEXT('2D SPACE',''
  ) );
#13958 = ORIENTED_EDGE('',*,*,#13959,.F.);
#13959 = EDGE_CURVE('',#13738,#13932,#13960,.T.);
#13960 = SEAM_CURVE('',#13961,(#13965,#13972),.PCURVE_S1.);
#13961 = LINE('',#13962,#13963);
#13962 = CARTESIAN_POINT('',(-29.1,6.,1.1));
#13963 = VECTOR('',#13964,1.);
#13964 = DIRECTION('',(1.,0.,0.));
#13965 = PCURVE('',#13754,#13966);
#13966 = DEFINITIONAL_REPRESENTATION('',(#13967),#13971);
#13967 = LINE('',#13968,#13969);
#13968 = CARTESIAN_POINT('',(0.,-0.));
#13969 = VECTOR('',#13970,1.);
#13970 = DIRECTION('',(0.,1.));
#13971 = ( GEOMETRIC_REPRESENTATION_CONTEXT(2) 
PARAMETRIC_REPRESENTATION_CONTEXT() REPRESENTATION_CONTEXT('2D SPACE',''
  ) );
#13972 = PCURVE('',#13754,#13973);
#13973 = DEFINITIONAL_REPRESENTATION('',(#13974),#13978);
#13974 = LINE('',#13975,#13976);
#13975 = CARTESIAN_POINT('',(6.28318530718,-0.));
#13976 = VECTOR('',#13977,1.);
#13977 = DIRECTION('',(0.,1.));
#13978 = ( GEOMETRIC_REPRESENTATION_CONTEXT(2) 
PARAMETRIC_REPRESENTATION_CONTEXT() REPRESENTATION_CONTEXT('2D SPACE',''
  ) );
#13979 = ORIENTED_EDGE('',*,*,#13737,.T.);
#13980 = ORIENTED_EDGE('',*,*,#13959,.T.);
#13981 = ADVANCED_FACE('',(#13982),#13723,.F.);
#13982 = FACE_BOUND('',#13983,.F.);
#13983 = EDGE_LOOP('',(#13984,#14012,#14033,#14034));
#13984 = ORIENTED_EDGE('',*,*,#13985,.T.);
#13985 = EDGE_CURVE('',#13986,#13986,#13988,.T.);
#13986 = VERTEX_POINT('',#13987);
#13987 = CARTESIAN_POINT('',(-26.,9.797174393179E-16,4.));
#13988 = SURFACE_CURVE('',#13989,(#13994,#14001),.PCURVE_S1.);
#13989 = CIRCLE('',#13990,4.);
#13990 = AXIS2_PLACEMENT_3D('',#13991,#13992,#13993);
#13991 = CARTESIAN_POINT('',(-26.,-1.7763568394E-15,-1.887379141863E-15)
  );
#13992 = DIRECTION('',(-1.,0.,0.));
#13993 = DIRECTION('',(0.,6.890185696795E-16,1.));
#13994 = PCURVE('',#13723,#13995);
#13995 = DEFINITIONAL_REPRESENTATION('',(#13996),#14000);
#13996 = LINE('',#13997,#13998);
#13997 = CARTESIAN_POINT('',(6.28318530718,3.1));
#13998 = VECTOR('',#13999,1.);
#13999 = DIRECTION('',(-1.,-0.));
#14000 = ( GEOMETRIC_REPRESENTATION_CONTEXT(2) 
PARAMETRIC_REPRESENTATION_CONTEXT() REPRESENTATION_CONTEXT('2D SPACE',''
  ) );
#14001 = PCURVE('',#12744,#14002);
#14002 = DEFINITIONAL_REPRESENTATION('',(#14003),#14011);
#14003 = ( BOUNDED_CURVE() B_SPLINE_CURVE(2,(#14004,#14005,#14006,#14007
    ,#14008,#14009,#14010),.UNSPECIFIED.,.T.,.F.) 
B_SPLINE_CURVE_WITH_KNOTS((1,2,2,2,2,1),(-2.094395102393,0.,
    2.094395102393,4.188790204786,6.28318530718,8.377580409573),
.UNSPECIFIED.) CURVE() GEOMETRIC_REPRESENTATION_ITEM() 
RATIONAL_B_SPLINE_CURVE((1.,0.5,1.,0.5,1.,0.5,1.)) REPRESENTATION_ITEM(
  '') );
#14004 = CARTESIAN_POINT('',(21.,-9.));
#14005 = CARTESIAN_POINT('',(21.,-15.92820323027));
#14006 = CARTESIAN_POINT('',(15.,-12.46410161513));
#14007 = CARTESIAN_POINT('',(9.,-9.));
#14008 = CARTESIAN_POINT('',(15.,-5.535898384862));
#14009 = CARTESIAN_POINT('',(21.,-2.071796769724));
#14010 = CARTESIAN_POINT('',(21.,-9.));
#14011 = ( GEOMETRIC_REPRESENTATION_CONTEXT(2) 
PARAMETRIC_REPRESENTATION_CONTEXT() REPRESENTATION_CONTEXT('2D SPACE',''
  ) );
#14012 = ORIENTED_EDGE('',*,*,#14013,.F.);
#14013 = EDGE_CURVE('',#13707,#13986,#14014,.T.);
#14014 = SEAM_CURVE('',#14015,(#14019,#14026),.PCURVE_S1.);
#14015 = LINE('',#14016,#14017);
#14016 = CARTESIAN_POINT('',(-29.1,9.797174393179E-16,4.));
#14017 = VECTOR('',#14018,1.);
#14018 = DIRECTION('',(1.,0.,0.));
#14019 = PCURVE('',#13723,#14020);
#14020 = DEFINITIONAL_REPRESENTATION('',(#14021),#14025);
#14021 = LINE('',#14022,#14023);
#14022 = CARTESIAN_POINT('',(0.,-0.));
#14023 = VECTOR('',#14024,1.);
#14024 = DIRECTION('',(0.,1.));
#14025 = ( GEOMETRIC_REPRESENTATION_CONTEXT(2) 
PARAMETRIC_REPRESENTATION_CONTEXT() REPRESENTATION_CONTEXT('2D SPACE',''
  ) );
#14026 = PCURVE('',#13723,#14027);
#14027 = DEFINITIONAL_REPRESENTATION('',(#14028),#14032);
#14028 = LINE('',#14029,#14030);
#14029 = CARTESIAN_POINT('',(6.28318530718,-0.));
#14030 = VECTOR('',#14031,1.);
#14031 = DIRECTION('',(0.,1.));
#14032 = ( GEOMETRIC_REPRESENTATION_CONTEXT(2) 
PARAMETRIC_REPRESENTATION_CONTEXT() REPRESENTATION_CONTEXT('2D SPACE',''
  ) );
#14033 = ORIENTED_EDGE('',*,*,#13706,.T.);
#14034 = ORIENTED_EDGE('',*,*,#14013,.T.);
#14035 = ADVANCED_FACE('',(#14036),#13692,.F.);
#14036 = FACE_BOUND('',#14037,.F.);
#14037 = EDGE_LOOP('',(#14038,#14066,#14087,#14088));
#14038 = ORIENTED_EDGE('',*,*,#14039,.T.);
#14039 = EDGE_CURVE('',#14040,#14040,#14042,.T.);
#14040 = VERTEX_POINT('',#14041);
#14041 = CARTESIAN_POINT('',(-26.,-6.,1.1));
#14042 = SURFACE_CURVE('',#14043,(#14048,#14055),.PCURVE_S1.);
#14043 = CIRCLE('',#14044,1.1);
#14044 = AXIS2_PLACEMENT_3D('',#14045,#14046,#14047);
#14045 = CARTESIAN_POINT('',(-26.,-6.,7.771561172376E-16));
#14046 = DIRECTION('',(-1.,0.,0.));
#14047 = DIRECTION('',(0.,0.,1.));
#14048 = PCURVE('',#13692,#14049);
#14049 = DEFINITIONAL_REPRESENTATION('',(#14050),#14054);
#14050 = LINE('',#14051,#14052);
#14051 = CARTESIAN_POINT('',(6.28318530718,3.1));
#14052 = VECTOR('',#14053,1.);
#14053 = DIRECTION('',(-1.,-0.));
#14054 = ( GEOMETRIC_REPRESENTATION_CONTEXT(2) 
PARAMETRIC_REPRESENTATION_CONTEXT() REPRESENTATION_CONTEXT('2D SPACE',''
  ) );
#14055 = PCURVE('',#12744,#14056);
#14056 = DEFINITIONAL_REPRESENTATION('',(#14057),#14065);
#14057 = ( BOUNDED_CURVE() B_SPLINE_CURVE(2,(#14058,#14059,#14060,#14061
    ,#14062,#14063,#14064),.UNSPECIFIED.,.T.,.F.) 
B_SPLINE_CURVE_WITH_KNOTS((1,2,2,2,2,1),(-2.094395102393,0.,
    2.094395102393,4.188790204786,6.28318530718,8.377580409573),
.UNSPECIFIED.) CURVE() GEOMETRIC_REPRESENTATION_ITEM() 
RATIONAL_B_SPLINE_CURVE((1.,0.5,1.,0.5,1.,0.5,1.)) REPRESENTATION_ITEM(
  '') );
#14058 = CARTESIAN_POINT('',(18.1,-3.));
#14059 = CARTESIAN_POINT('',(18.1,-4.905255888326));
#14060 = CARTESIAN_POINT('',(16.45,-3.952627944163));
#14061 = CARTESIAN_POINT('',(14.8,-3.));
#14062 = CARTESIAN_POINT('',(16.45,-2.047372055837));
#14063 = CARTESIAN_POINT('',(18.1,-1.094744111674));
#14064 = CARTESIAN_POINT('',(18.1,-3.));
#14065 = ( GEOMETRIC_REPRESENTATION_CONTEXT(2) 
PARAMETRIC_REPRESENTATION_CONTEXT() REPRESENTATION_CONTEXT('2D SPACE',''
  ) );
#14066 = ORIENTED_EDGE('',*,*,#14067,.F.);
#14067 = EDGE_CURVE('',#13676,#14040,#14068,.T.);
#14068 = SEAM_CURVE('',#14069,(#14073,#14080),.PCURVE_S1.);
#14069 = LINE('',#14070,#14071);
#14070 = CARTESIAN_POINT('',(-29.1,-6.,1.1));
#14071 = VECTOR('',#14072,1.);
#14072 = DIRECTION('',(1.,0.,0.));
#14073 = PCURVE('',#13692,#14074);
#14074 = DEFINITIONAL_REPRESENTATION('',(#14075),#14079);
#14075 = LINE('',#14076,#14077);
#14076 = CARTESIAN_POINT('',(0.,-0.));
#14077 = VECTOR('',#14078,1.);
#14078 = DIRECTION('',(0.,1.));
#14079 = ( GEOMETRIC_REPRESENTATION_CONTEXT(2) 
PARAMETRIC_REPRESENTATION_CONTEXT() REPRESENTATION_CONTEXT('2D SPACE',''
  ) );
#14080 = PCURVE('',#13692,#14081);
#14081 = DEFINITIONAL_REPRESENTATION('',(#14082),#14086);
#14082 = LINE('',#14083,#14084);
#14083 = CARTESIAN_POINT('',(6.28318530718,-0.));
#14084 = VECTOR('',#14085,1.);
#14085 = DIRECTION('',(0.,1.));
#14086 = ( GEOMETRIC_REPRESENTATION_CONTEXT(2) 
PARAMETRIC_REPRESENTATION_CONTEXT() REPRESENTATION_CONTEXT('2D SPACE',''
  ) );
#14087 = ORIENTED_EDGE('',*,*,#13675,.T.);
#14088 = ORIENTED_EDGE('',*,*,#14067,.T.);
#14089 = ADVANCED_FACE('',(#14090),#13661,.T.);
#14090 = FACE_BOUND('',#14091,.T.);
#14091 = EDGE_LOOP('',(#14092,#14093,#14115,#14139));
#14092 = ORIENTED_EDGE('',*,*,#13642,.F.);
#14093 = ORIENTED_EDGE('',*,*,#14094,.T.);
#14094 = EDGE_CURVE('',#13596,#14095,#14097,.T.);
#14095 = VERTEX_POINT('',#14096);
#14096 = CARTESIAN_POINT('',(-26.,-9.,-4.8));
#14097 = SURFACE_CURVE('',#14098,(#14102,#14108),.PCURVE_S1.);
#14098 = LINE('',#14099,#14100);
#14099 = CARTESIAN_POINT('',(-29.,-9.,-4.8));
#14100 = VECTOR('',#14101,1.);
#14101 = DIRECTION('',(1.,0.,0.));
#14102 = PCURVE('',#13661,#14103);
#14103 = DEFINITIONAL_REPRESENTATION('',(#14104),#14107);
#14104 = B_SPLINE_CURVE_WITH_KNOTS('',1,(#14105,#14106),.UNSPECIFIED.,
  .F.,.F.,(2,2),(0.,3.),.PIECEWISE_BEZIER_KNOTS.);
#14105 = CARTESIAN_POINT('',(8.343938960228,0.));
#14106 = CARTESIAN_POINT('',(8.343938960228,3.));
#14107 = ( GEOMETRIC_REPRESENTATION_CONTEXT(2) 
PARAMETRIC_REPRESENTATION_CONTEXT() REPRESENTATION_CONTEXT('2D SPACE',''
  ) );
#14108 = PCURVE('',#12772,#14109);
#14109 = DEFINITIONAL_REPRESENTATION('',(#14110),#14114);
#14110 = LINE('',#14111,#14112);
#14111 = CARTESIAN_POINT('',(12.2,0.));
#14112 = VECTOR('',#14113,1.);
#14113 = DIRECTION('',(0.,1.));
#14114 = ( GEOMETRIC_REPRESENTATION_CONTEXT(2) 
PARAMETRIC_REPRESENTATION_CONTEXT() REPRESENTATION_CONTEXT('2D SPACE',''
  ) );
#14115 = ORIENTED_EDGE('',*,*,#14116,.F.);
#14116 = EDGE_CURVE('',#14117,#14095,#14119,.T.);
#14117 = VERTEX_POINT('',#14118);
#14118 = CARTESIAN_POINT('',(-26.,9.,-4.8));
#14119 = SURFACE_CURVE('',#14120,(#14125,#14132),.PCURVE_S1.);
#14120 = CIRCLE('',#14121,10.2);
#14121 = AXIS2_PLACEMENT_3D('',#14122,#14123,#14124);
#14122 = CARTESIAN_POINT('',(-26.,0.,0.));
#14123 = DIRECTION('',(1.,-0.,0.));
#14124 = DIRECTION('',(0.,0.882352941176,-0.470588235294));
#14125 = PCURVE('',#13661,#14126);
#14126 = DEFINITIONAL_REPRESENTATION('',(#14127),#14131);
#14127 = LINE('',#14128,#14129);
#14128 = CARTESIAN_POINT('',(4.222431654131,3.));
#14129 = VECTOR('',#14130,1.);
#14130 = DIRECTION('',(1.,0.));
#14131 = ( GEOMETRIC_REPRESENTATION_CONTEXT(2) 
PARAMETRIC_REPRESENTATION_CONTEXT() REPRESENTATION_CONTEXT('2D SPACE',''
  ) );
#14132 = PCURVE('',#12744,#14133);
#14133 = DEFINITIONAL_REPRESENTATION('',(#14134),#14138);
#14134 = CIRCLE('',#14135,10.2);
#14135 = AXIS2_PLACEMENT_2D('',#14136,#14137);
#14136 = CARTESIAN_POINT('',(17.,-9.));
#14137 = DIRECTION('',(-0.470588235294,-0.882352941176));
#14138 = ( GEOMETRIC_REPRESENTATION_CONTEXT(2) 
PARAMETRIC_REPRESENTATION_CONTEXT() REPRESENTATION_CONTEXT('2D SPACE',''
  ) );
#14139 = ORIENTED_EDGE('',*,*,#14140,.F.);
#14140 = EDGE_CURVE('',#13620,#14117,#14141,.T.);
#14141 = SURFACE_CURVE('',#14142,(#14146,#14152),.PCURVE_S1.);
#14142 = LINE('',#14143,#14144);
#14143 = CARTESIAN_POINT('',(-29.,9.,-4.8));
#14144 = VECTOR('',#14145,1.);
#14145 = DIRECTION('',(1.,0.,0.));
#14146 = PCURVE('',#13661,#14147);
#14147 = DEFINITIONAL_REPRESENTATION('',(#14148),#14151);
#14148 = B_SPLINE_CURVE_WITH_KNOTS('',1,(#14149,#14150),.UNSPECIFIED.,
  .F.,.F.,(2,2),(0.,3.),.PIECEWISE_BEZIER_KNOTS.);
#14149 = CARTESIAN_POINT('',(4.222431654131,0.));
#14150 = CARTESIAN_POINT('',(4.222431654131,3.));
#14151 = ( GEOMETRIC_REPRESENTATION_CONTEXT(2) 
PARAMETRIC_REPRESENTATION_CONTEXT() REPRESENTATION_CONTEXT('2D SPACE',''
  ) );
#14152 = PCURVE('',#12716,#14153);
#14153 = DEFINITIONAL_REPRESENTATION('',(#14154),#14158);
#14154 = LINE('',#14155,#14156);
#14155 = CARTESIAN_POINT('',(12.2,0.));
#14156 = VECTOR('',#14157,1.);
#14157 = DIRECTION('',(0.,1.));
#14158 = ( GEOMETRIC_REPRESENTATION_CONTEXT(2) 
PARAMETRIC_REPRESENTATION_CONTEXT() REPRESENTATION_CONTEXT('2D SPACE',''
  ) );
#14159 = ADVANCED_FACE('',(#14160),#12772,.F.);
#14160 = FACE_BOUND('',#14161,.F.);
#14161 = EDGE_LOOP('',(#14162,#14183,#14184,#14185));
#14162 = ORIENTED_EDGE('',*,*,#14163,.F.);
#14163 = EDGE_CURVE('',#12729,#14095,#14164,.T.);
#14164 = SURFACE_CURVE('',#14165,(#14169,#14176),.PCURVE_S1.);
#14165 = LINE('',#14166,#14167);
#14166 = CARTESIAN_POINT('',(-26.,-9.,-17.));
#14167 = VECTOR('',#14168,1.);
#14168 = DIRECTION('',(0.,0.,1.));
#14169 = PCURVE('',#12772,#14170);
#14170 = DEFINITIONAL_REPRESENTATION('',(#14171),#14175);
#14171 = LINE('',#14172,#14173);
#14172 = CARTESIAN_POINT('',(0.,3.));
#14173 = VECTOR('',#14174,1.);
#14174 = DIRECTION('',(1.,0.));
#14175 = ( GEOMETRIC_REPRESENTATION_CONTEXT(2) 
PARAMETRIC_REPRESENTATION_CONTEXT() REPRESENTATION_CONTEXT('2D SPACE',''
  ) );
#14176 = PCURVE('',#12744,#14177);
#14177 = DEFINITIONAL_REPRESENTATION('',(#14178),#14182);
#14178 = LINE('',#14179,#14180);
#14179 = CARTESIAN_POINT('',(0.,0.));
#14180 = VECTOR('',#14181,1.);
#14181 = DIRECTION('',(1.,0.));
#14182 = ( GEOMETRIC_REPRESENTATION_CONTEXT(2) 
PARAMETRIC_REPRESENTATION_CONTEXT() REPRESENTATION_CONTEXT('2D SPACE',''
  ) );
#14183 = ORIENTED_EDGE('',*,*,#12756,.T.);
#14184 = ORIENTED_EDGE('',*,*,#13595,.T.);
#14185 = ORIENTED_EDGE('',*,*,#14094,.T.);
#14186 = ADVANCED_FACE('',(#14187,#14213,#14216,#14219,#14222,#14225),
  #12744,.T.);
#14187 = FACE_BOUND('',#14188,.T.);
#14188 = EDGE_LOOP('',(#14189,#14190,#14191,#14212));
#14189 = ORIENTED_EDGE('',*,*,#14163,.F.);
#14190 = ORIENTED_EDGE('',*,*,#12728,.T.);
#14191 = ORIENTED_EDGE('',*,*,#14192,.T.);
#14192 = EDGE_CURVE('',#12699,#14117,#14193,.T.);
#14193 = SURFACE_CURVE('',#14194,(#14198,#14205),.PCURVE_S1.);
#14194 = LINE('',#14195,#14196);
#14195 = CARTESIAN_POINT('',(-26.,9.,-17.));
#14196 = VECTOR('',#14197,1.);
#14197 = DIRECTION('',(0.,0.,1.));
#14198 = PCURVE('',#12744,#14199);
#14199 = DEFINITIONAL_REPRESENTATION('',(#14200),#14204);
#14200 = LINE('',#14201,#14202);
#14201 = CARTESIAN_POINT('',(0.,-18.));
#14202 = VECTOR('',#14203,1.);
#14203 = DIRECTION('',(1.,0.));
#14204 = ( GEOMETRIC_REPRESENTATION_CONTEXT(2) 
PARAMETRIC_REPRESENTATION_CONTEXT() REPRESENTATION_CONTEXT('2D SPACE',''
  ) );
#14205 = PCURVE('',#12716,#14206);
#14206 = DEFINITIONAL_REPRESENTATION('',(#14207),#14211);
#14207 = LINE('',#14208,#14209);
#14208 = CARTESIAN_POINT('',(0.,3.));
#14209 = VECTOR('',#14210,1.);
#14210 = DIRECTION('',(1.,0.));
#14211 = ( GEOMETRIC_REPRESENTATION_CONTEXT(2) 
PARAMETRIC_REPRESENTATION_CONTEXT() REPRESENTATION_CONTEXT('2D SPACE',''
  ) );
#14212 = ORIENTED_EDGE('',*,*,#14116,.T.);
#14213 = FACE_BOUND('',#14214,.T.);
#14214 = EDGE_LOOP('',(#14215));
#14215 = ORIENTED_EDGE('',*,*,#14039,.T.);
#14216 = FACE_BOUND('',#14217,.T.);
#14217 = EDGE_LOOP('',(#14218));
#14218 = ORIENTED_EDGE('',*,*,#13985,.T.);
#14219 = FACE_BOUND('',#14220,.T.);
#14220 = EDGE_LOOP('',(#14221));
#14221 = ORIENTED_EDGE('',*,*,#13931,.T.);
#14222 = FACE_BOUND('',#14223,.T.);
#14223 = EDGE_LOOP('',(#14224));
#14224 = ORIENTED_EDGE('',*,*,#13881,.F.);
#14225 = FACE_BOUND('',#14226,.T.);
#14226 = EDGE_LOOP('',(#14227));
#14227 = ORIENTED_EDGE('',*,*,#13831,.F.);
#14228 = ADVANCED_FACE('',(#14229),#12716,.T.);
#14229 = FACE_BOUND('',#14230,.T.);
#14230 = EDGE_LOOP('',(#14231,#14232,#14233,#14234));
#14231 = ORIENTED_EDGE('',*,*,#14192,.F.);
#14232 = ORIENTED_EDGE('',*,*,#12698,.T.);
#14233 = ORIENTED_EDGE('',*,*,#13619,.T.);
#14234 = ORIENTED_EDGE('',*,*,#14140,.T.);
#14235 = ( GEOMETRIC_REPRESENTATION_CONTEXT(3) 
GLOBAL_UNCERTAINTY_ASSIGNED_CONTEXT((#14239)) 
GLOBAL_UNIT_ASSIGNED_CONTEXT((#14236,#14237,#14238)) 
REPRESENTATION_CONTEXT('Context #1',
  '3D Context with UNIT and UNCERTAINTY') );
#14236 = ( LENGTH_UNIT() NAMED_UNIT(*) SI_UNIT(.MILLI.,.METRE.) );
#14237 = ( NAMED_UNIT(*) PLANE_ANGLE_UNIT() SI_UNIT($,.RADIAN.) );
#14238 = ( NAMED_UNIT(*) SI_UNIT($,.STERADIAN.) SOLID_ANGLE_UNIT() );
#14239 = UNCERTAINTY_MEASURE_WITH_UNIT(LENGTH_MEASURE(1.E-07),#14236,
  'distance_accuracy_value','confusion accuracy');
#14240 = CONTEXT_DEPENDENT_SHAPE_REPRESENTATION(#14241,#14243);
#14241 = ( REPRESENTATION_RELATIONSHIP('','',#9550,#10) 
REPRESENTATION_RELATIONSHIP_WITH_TRANSFORMATION(#14242) 
SHAPE_REPRESENTATION_RELATIONSHIP() );
#14242 = ITEM_DEFINED_TRANSFORMATION('','',#11,#19);
#14243 = PRODUCT_DEFINITION_SHAPE('Placement','Placement of an item',
  #14244);
#14244 = NEXT_ASSEMBLY_USAGE_OCCURRENCE('17','yoke','',#5,#9545,$);
#14245 = PRODUCT_RELATED_PRODUCT_CATEGORY('part',$,(#9547));
#14246 = SHAPE_DEFINITION_REPRESENTATION(#14247,#14253);
#14247 = PRODUCT_DEFINITION_SHAPE('','',#14248);
#14248 = PRODUCT_DEFINITION('design','',#14249,#14252);
#14249 = PRODUCT_DEFINITION_FORMATION('','',#14250);
#14250 = PRODUCT('holder','holder','',(#14251));
#14251 = PRODUCT_CONTEXT('',#2,'mechanical');
#14252 = PRODUCT_DEFINITION_CONTEXT('part definition',#2,'design');
#14253 = ADVANCED_BREP_SHAPE_REPRESENTATION('',(#11,#14254),#16232);
#14254 = MANIFOLD_SOLID_BREP('',#14255);
#14255 = CLOSED_SHELL('',(#14256,#14376,#14855,#14905,#15184,#15211,
    #15238,#15265,#15292,#15319,#15326,#15353,#15408,#15463,#15490,
    #15517,#15572,#15627,#15682,#15709,#15764,#15799,#15834,#15869,
    #15904,#15939,#15969,#16024,#16079,#16134,#16161,#16216,#16220,
    #16224,#16228));
#14256 = ADVANCED_FACE('',(#14257),#14271,.F.);
#14257 = FACE_BOUND('',#14258,.F.);
#14258 = EDGE_LOOP('',(#14259,#14294,#14322,#14350));
#14259 = ORIENTED_EDGE('',*,*,#14260,.F.);
#14260 = EDGE_CURVE('',#14261,#14263,#14265,.T.);
#14261 = VERTEX_POINT('',#14262);
#14262 = CARTESIAN_POINT('',(-39.,-27.,-19.));
#14263 = VERTEX_POINT('',#14264);
#14264 = CARTESIAN_POINT('',(-39.,15.,-19.));
#14265 = SURFACE_CURVE('',#14266,(#14270,#14282),.PCURVE_S1.);
#14266 = LINE('',#14267,#14268);
#14267 = CARTESIAN_POINT('',(-39.,-30.,-19.));
#14268 = VECTOR('',#14269,1.);
#14269 = DIRECTION('',(0.,1.,0.));
#14270 = PCURVE('',#14271,#14276);
#14271 = PLANE('',#14272);
#14272 = AXIS2_PLACEMENT_3D('',#14273,#14274,#14275);
#14273 = CARTESIAN_POINT('',(-39.,-30.,-22.));
#14274 = DIRECTION('',(1.,0.,0.));
#14275 = DIRECTION('',(0.,0.,1.));
#14276 = DEFINITIONAL_REPRESENTATION('',(#14277),#14281);
#14277 = LINE('',#14278,#14279);
#14278 = CARTESIAN_POINT('',(3.,0.));
#14279 = VECTOR('',#14280,1.);
#14280 = DIRECTION('',(0.,-1.));
#14281 = ( GEOMETRIC_REPRESENTATION_CONTEXT(2) 
PARAMETRIC_REPRESENTATION_CONTEXT() REPRESENTATION_CONTEXT('2D SPACE',''
  ) );
#14282 = PCURVE('',#14283,#14288);
#14283 = PLANE('',#14284);
#14284 = AXIS2_PLACEMENT_3D('',#14285,#14286,#14287);
#14285 = CARTESIAN_POINT('',(-39.,-30.,-19.));
#14286 = DIRECTION('',(0.,0.,1.));
#14287 = DIRECTION('',(1.,0.,-0.));
#14288 = DEFINITIONAL_REPRESENTATION('',(#14289),#14293);
#14289 = LINE('',#14290,#14291);
#14290 = CARTESIAN_POINT('',(0.,0.));
#14291 = VECTOR('',#14292,1.);
#14292 = DIRECTION('',(0.,1.));
#14293 = ( GEOMETRIC_REPRESENTATION_CONTEXT(2) 
PARAMETRIC_REPRESENTATION_CONTEXT() REPRESENTATION_CONTEXT('2D SPACE',''
  ) );
#14294 = ORIENTED_EDGE('',*,*,#14295,.F.);
#14295 = EDGE_CURVE('',#14296,#14261,#14298,.T.);
#14296 = VERTEX_POINT('',#14297);
#14297 = CARTESIAN_POINT('',(-39.,-27.,-21.2));
#14298 = SURFACE_CURVE('',#14299,(#14303,#14310),.PCURVE_S1.);
#14299 = LINE('',#14300,#14301);
#14300 = CARTESIAN_POINT('',(-39.,-27.,-22.));
#14301 = VECTOR('',#14302,1.);
#14302 = DIRECTION('',(0.,0.,1.));
#14303 = PCURVE('',#14271,#14304);
#14304 = DEFINITIONAL_REPRESENTATION('',(#14305),#14309);
#14305 = LINE('',#14306,#14307);
#14306 = CARTESIAN_POINT('',(0.,-3.));
#14307 = VECTOR('',#14308,1.);
#14308 = DIRECTION('',(1.,0.));
#14309 = ( GEOMETRIC_REPRESENTATION_CONTEXT(2) 
PARAMETRIC_REPRESENTATION_CONTEXT() REPRESENTATION_CONTEXT('2D SPACE',''
  ) );
#14310 = PCURVE('',#14311,#14316);
#14311 = CYLINDRICAL_SURFACE('',#14312,3.);
#14312 = AXIS2_PLACEMENT_3D('',#14313,#14314,#14315);
#14313 = CARTESIAN_POINT('',(-36.,-27.,-22.));
#14314 = DIRECTION('',(0.,0.,1.));
#14315 = DIRECTION('',(-1.,-0.,0.));
#14316 = DEFINITIONAL_REPRESENTATION('',(#14317),#14321);
#14317 = LINE('',#14318,#14319);
#14318 = CARTESIAN_POINT('',(0.,0.));
#14319 = VECTOR('',#14320,1.);
#14320 = DIRECTION('',(0.,1.));
#14321 = ( GEOMETRIC_REPRESENTATION_CONTEXT(2) 
PARAMETRIC_REPRESENTATION_CONTEXT() REPRESENTATION_CONTEXT('2D SPACE',''
  ) );
#14322 = ORIENTED_EDGE('',*,*,#14323,.F.);
#14323 = EDGE_CURVE('',#14324,#14296,#14326,.T.);
#14324 = VERTEX_POINT('',#14325);
#14325 = CARTESIAN_POINT('',(-39.,15.,-21.2));
#14326 = SURFACE_CURVE('',#14327,(#14331,#14338),.PCURVE_S1.);
#14327 = LINE('',#14328,#14329);
#14328 = CARTESIAN_POINT('',(-39.,-30.5,-21.2));
#14329 = VECTOR('',#14330,1.);
#14330 = DIRECTION('',(0.,-1.,0.));
#14331 = PCURVE('',#14271,#14332);
#14332 = DEFINITIONAL_REPRESENTATION('',(#14333),#14337);
#14333 = LINE('',#14334,#14335);
#14334 = CARTESIAN_POINT('',(0.8,0.5));
#14335 = VECTOR('',#14336,1.);
#14336 = DIRECTION('',(0.,1.));
#14337 = ( GEOMETRIC_REPRESENTATION_CONTEXT(2) 
PARAMETRIC_REPRESENTATION_CONTEXT() REPRESENTATION_CONTEXT('2D SPACE',''
  ) );
#14338 = PCURVE('',#14339,#14344);
#14339 = PLANE('',#14340);
#14340 = AXIS2_PLACEMENT_3D('',#14341,#14342,#14343);
#14341 = CARTESIAN_POINT('',(-40.,-31.,-21.2));
#14342 = DIRECTION('',(0.,0.,1.));
#14343 = DIRECTION('',(1.,0.,-0.));
#14344 = DEFINITIONAL_REPRESENTATION('',(#14345),#14349);
#14345 = LINE('',#14346,#14347);
#14346 = CARTESIAN_POINT('',(1.,0.5));
#14347 = VECTOR('',#14348,1.);
#14348 = DIRECTION('',(0.,-1.));
#14349 = ( GEOMETRIC_REPRESENTATION_CONTEXT(2) 
PARAMETRIC_REPRESENTATION_CONTEXT() REPRESENTATION_CONTEXT('2D SPACE',''
  ) );
#14350 = ORIENTED_EDGE('',*,*,#14351,.T.);
#14351 = EDGE_CURVE('',#14324,#14263,#14352,.T.);
#14352 = SURFACE_CURVE('',#14353,(#14357,#14364),.PCURVE_S1.);
#14353 = LINE('',#14354,#14355);
#14354 = CARTESIAN_POINT('',(-39.,15.,-22.));
#14355 = VECTOR('',#14356,1.);
#14356 = DIRECTION('',(0.,0.,1.));
#14357 = PCURVE('',#14271,#14358);
#14358 = DEFINITIONAL_REPRESENTATION('',(#14359),#14363);
#14359 = LINE('',#14360,#14361);
#14360 = CARTESIAN_POINT('',(0.,-45.));
#14361 = VECTOR('',#14362,1.);
#14362 = DIRECTION('',(1.,0.));
#14363 = ( GEOMETRIC_REPRESENTATION_CONTEXT(2) 
PARAMETRIC_REPRESENTATION_CONTEXT() REPRESENTATION_CONTEXT('2D SPACE',''
  ) );
#14364 = PCURVE('',#14365,#14370);
#14365 = CYLINDRICAL_SURFACE('',#14366,3.);
#14366 = AXIS2_PLACEMENT_3D('',#14367,#14368,#14369);
#14367 = CARTESIAN_POINT('',(-36.,15.,-22.));
#14368 = DIRECTION('',(0.,0.,1.));
#14369 = DIRECTION('',(-1.,-0.,0.));
#14370 = DEFINITIONAL_REPRESENTATION('',(#14371),#14375);
#14371 = LINE('',#14372,#14373);
#14372 = CARTESIAN_POINT('',(6.28318530718,0.));
#14373 = VECTOR('',#14374,1.);
#14374 = DIRECTION('',(-0.,1.));
#14375 = ( GEOMETRIC_REPRESENTATION_CONTEXT(2) 
PARAMETRIC_REPRESENTATION_CONTEXT() REPRESENTATION_CONTEXT('2D SPACE',''
  ) );
#14376 = ADVANCED_FACE('',(#14377,#14576,#14607,#14638,#14669,#14700,
    #14731,#14762,#14793,#14824),#14283,.T.);
#14377 = FACE_BOUND('',#14378,.T.);
#14378 = EDGE_LOOP('',(#14379,#14380,#14404,#14432,#14465,#14493,#14522,
    #14550));
#14379 = ORIENTED_EDGE('',*,*,#14260,.F.);
#14380 = ORIENTED_EDGE('',*,*,#14381,.T.);
#14381 = EDGE_CURVE('',#14261,#14382,#14384,.T.);
#14382 = VERTEX_POINT('',#14383);
#14383 = CARTESIAN_POINT('',(-36.,-30.,-19.));
#14384 = SURFACE_CURVE('',#14385,(#14390,#14397),.PCURVE_S1.);
#14385 = CIRCLE('',#14386,3.);
#14386 = AXIS2_PLACEMENT_3D('',#14387,#14388,#14389);
#14387 = CARTESIAN_POINT('',(-36.,-27.,-19.));
#14388 = DIRECTION('',(0.,0.,1.));
#14389 = DIRECTION('',(0.,-1.,0.));
#14390 = PCURVE('',#14283,#14391);
#14391 = DEFINITIONAL_REPRESENTATION('',(#14392),#14396);
#14392 = CIRCLE('',#14393,3.);
#14393 = AXIS2_PLACEMENT_2D('',#14394,#14395);
#14394 = CARTESIAN_POINT('',(3.,3.));
#14395 = DIRECTION('',(0.,-1.));
#14396 = ( GEOMETRIC_REPRESENTATION_CONTEXT(2) 
PARAMETRIC_REPRESENTATION_CONTEXT() REPRESENTATION_CONTEXT('2D SPACE',''
  ) );
#14397 = PCURVE('',#14311,#14398);
#14398 = DEFINITIONAL_REPRESENTATION('',(#14399),#14403);
#14399 = LINE('',#14400,#14401);
#14400 = CARTESIAN_POINT('',(-4.712388980385,3.));
#14401 = VECTOR('',#14402,1.);
#14402 = DIRECTION('',(1.,0.));
#14403 = ( GEOMETRIC_REPRESENTATION_CONTEXT(2) 
PARAMETRIC_REPRESENTATION_CONTEXT() REPRESENTATION_CONTEXT('2D SPACE',''
  ) );
#14404 = ORIENTED_EDGE('',*,*,#14405,.T.);
#14405 = EDGE_CURVE('',#14382,#14406,#14408,.T.);
#14406 = VERTEX_POINT('',#14407);
#14407 = CARTESIAN_POINT('',(44.,-30.,-19.));
#14408 = SURFACE_CURVE('',#14409,(#14413,#14420),.PCURVE_S1.);
#14409 = LINE('',#14410,#14411);
#14410 = CARTESIAN_POINT('',(-39.,-30.,-19.));
#14411 = VECTOR('',#14412,1.);
#14412 = DIRECTION('',(1.,0.,0.));
#14413 = PCURVE('',#14283,#14414);
#14414 = DEFINITIONAL_REPRESENTATION('',(#14415),#14419);
#14415 = LINE('',#14416,#14417);
#14416 = CARTESIAN_POINT('',(0.,0.));
#14417 = VECTOR('',#14418,1.);
#14418 = DIRECTION('',(1.,0.));
#14419 = ( GEOMETRIC_REPRESENTATION_CONTEXT(2) 
PARAMETRIC_REPRESENTATION_CONTEXT() REPRESENTATION_CONTEXT('2D SPACE',''
  ) );
#14420 = PCURVE('',#14421,#14426);
#14421 = PLANE('',#14422);
#14422 = AXIS2_PLACEMENT_3D('',#14423,#14424,#14425);
#14423 = CARTESIAN_POINT('',(-39.,-30.,-22.));
#14424 = DIRECTION('',(0.,1.,0.));
#14425 = DIRECTION('',(0.,-0.,1.));
#14426 = DEFINITIONAL_REPRESENTATION('',(#14427),#14431);
#14427 = LINE('',#14428,#14429);
#14428 = CARTESIAN_POINT('',(3.,0.));
#14429 = VECTOR('',#14430,1.);
#14430 = DIRECTION('',(0.,1.));
#14431 = ( GEOMETRIC_REPRESENTATION_CONTEXT(2) 
PARAMETRIC_REPRESENTATION_CONTEXT() REPRESENTATION_CONTEXT('2D SPACE',''
  ) );
#14432 = ORIENTED_EDGE('',*,*,#14433,.F.);
#14433 = EDGE_CURVE('',#14434,#14406,#14436,.T.);
#14434 = VERTEX_POINT('',#14435);
#14435 = CARTESIAN_POINT('',(47.,-27.,-19.));
#14436 = SURFACE_CURVE('',#14437,(#14442,#14453),.PCURVE_S1.);
#14437 = CIRCLE('',#14438,3.);
#14438 = AXIS2_PLACEMENT_3D('',#14439,#14440,#14441);
#14439 = CARTESIAN_POINT('',(44.,-27.,-19.));
#14440 = DIRECTION('',(-0.,-0.,-1.));
#14441 = DIRECTION('',(0.,-1.,0.));
#14442 = PCURVE('',#14283,#14443);
#14443 = DEFINITIONAL_REPRESENTATION('',(#14444),#14452);
#14444 = ( BOUNDED_CURVE() B_SPLINE_CURVE(2,(#14445,#14446,#14447,#14448
    ,#14449,#14450,#14451),.UNSPECIFIED.,.T.,.F.) 
B_SPLINE_CURVE_WITH_KNOTS((1,2,2,2,2,1),(-2.094395102393,0.,
    2.094395102393,4.188790204786,6.28318530718,8.377580409573),
.UNSPECIFIED.) CURVE() GEOMETRIC_REPRESENTATION_ITEM() 
RATIONAL_B_SPLINE_CURVE((1.,0.5,1.,0.5,1.,0.5,1.)) REPRESENTATION_ITEM(
  '') );
#14445 = CARTESIAN_POINT('',(83.,0.));
#14446 = CARTESIAN_POINT('',(77.803847577293,0.));
#14447 = CARTESIAN_POINT('',(80.401923788647,4.5));
#14448 = CARTESIAN_POINT('',(83.,9.));
#14449 = CARTESIAN_POINT('',(85.598076211353,4.5));
#14450 = CARTESIAN_POINT('',(88.196152422707,4.440892098501E-15));
#14451 = CARTESIAN_POINT('',(83.,0.));
#14452 = ( GEOMETRIC_REPRESENTATION_CONTEXT(2) 
PARAMETRIC_REPRESENTATION_CONTEXT() REPRESENTATION_CONTEXT('2D SPACE',''
  ) );
#14453 = PCURVE('',#14454,#14459);
#14454 = CYLINDRICAL_SURFACE('',#14455,3.);
#14455 = AXIS2_PLACEMENT_3D('',#14456,#14457,#14458);
#14456 = CARTESIAN_POINT('',(44.,-27.,-22.));
#14457 = DIRECTION('',(0.,0.,1.));
#14458 = DIRECTION('',(1.,0.,-0.));
#14459 = DEFINITIONAL_REPRESENTATION('',(#14460),#14464);
#14460 = LINE('',#14461,#14462);
#14461 = CARTESIAN_POINT('',(10.995574287565,3.));
#14462 = VECTOR('',#14463,1.);
#14463 = DIRECTION('',(-1.,0.));
#14464 = ( GEOMETRIC_REPRESENTATION_CONTEXT(2) 
PARAMETRIC_REPRESENTATION_CONTEXT() REPRESENTATION_CONTEXT('2D SPACE',''
  ) );
#14465 = ORIENTED_EDGE('',*,*,#14466,.T.);
#14466 = EDGE_CURVE('',#14434,#14467,#14469,.T.);
#14467 = VERTEX_POINT('',#14468);
#14468 = CARTESIAN_POINT('',(47.,15.,-19.));
#14469 = SURFACE_CURVE('',#14470,(#14474,#14481),.PCURVE_S1.);
#14470 = LINE('',#14471,#14472);
#14471 = CARTESIAN_POINT('',(47.,-30.,-19.));
#14472 = VECTOR('',#14473,1.);
#14473 = DIRECTION('',(0.,1.,0.));
#14474 = PCURVE('',#14283,#14475);
#14475 = DEFINITIONAL_REPRESENTATION('',(#14476),#14480);
#14476 = LINE('',#14477,#14478);
#14477 = CARTESIAN_POINT('',(86.,0.));
#14478 = VECTOR('',#14479,1.);
#14479 = DIRECTION('',(0.,1.));
#14480 = ( GEOMETRIC_REPRESENTATION_CONTEXT(2) 
PARAMETRIC_REPRESENTATION_CONTEXT() REPRESENTATION_CONTEXT('2D SPACE',''
  ) );
#14481 = PCURVE('',#14482,#14487);
#14482 = PLANE('',#14483);
#14483 = AXIS2_PLACEMENT_3D('',#14484,#14485,#14486);
#14484 = CARTESIAN_POINT('',(47.,-30.,-22.));
#14485 = DIRECTION('',(1.,0.,0.));
#14486 = DIRECTION('',(0.,0.,1.));
#14487 = DEFINITIONAL_REPRESENTATION('',(#14488),#14492);
#14488 = LINE('',#14489,#14490);
#14489 = CARTESIAN_POINT('',(3.,0.));
#14490 = VECTOR('',#14491,1.);
#14491 = DIRECTION('',(0.,-1.));
#14492 = ( GEOMETRIC_REPRESENTATION_CONTEXT(2) 
PARAMETRIC_REPRESENTATION_CONTEXT() REPRESENTATION_CONTEXT('2D SPACE',''
  ) );
#14493 = ORIENTED_EDGE('',*,*,#14494,.T.);
#14494 = EDGE_CURVE('',#14467,#14495,#14497,.T.);
#14495 = VERTEX_POINT('',#14496);
#14496 = CARTESIAN_POINT('',(44.,18.,-19.));
#14497 = SURFACE_CURVE('',#14498,(#14503,#14510),.PCURVE_S1.);
#14498 = CIRCLE('',#14499,3.);
#14499 = AXIS2_PLACEMENT_3D('',#14500,#14501,#14502);
#14500 = CARTESIAN_POINT('',(44.,15.,-19.));
#14501 = DIRECTION('',(0.,0.,1.));
#14502 = DIRECTION('',(0.,-1.,0.));
#14503 = PCURVE('',#14283,#14504);
#14504 = DEFINITIONAL_REPRESENTATION('',(#14505),#14509);
#14505 = CIRCLE('',#14506,3.);
#14506 = AXIS2_PLACEMENT_2D('',#14507,#14508);
#14507 = CARTESIAN_POINT('',(83.,45.));
#14508 = DIRECTION('',(0.,-1.));
#14509 = ( GEOMETRIC_REPRESENTATION_CONTEXT(2) 
PARAMETRIC_REPRESENTATION_CONTEXT() REPRESENTATION_CONTEXT('2D SPACE',''
  ) );
#14510 = PCURVE('',#14511,#14516);
#14511 = CYLINDRICAL_SURFACE('',#14512,3.);
#14512 = AXIS2_PLACEMENT_3D('',#14513,#14514,#14515);
#14513 = CARTESIAN_POINT('',(44.,15.,-22.));
#14514 = DIRECTION('',(0.,0.,1.));
#14515 = DIRECTION('',(1.,0.,-0.));
#14516 = DEFINITIONAL_REPRESENTATION('',(#14517),#14521);
#14517 = LINE('',#14518,#14519);
#14518 = CARTESIAN_POINT('',(-1.570796326795,3.));
#14519 = VECTOR('',#14520,1.);
#14520 = DIRECTION('',(1.,0.));
#14521 = ( GEOMETRIC_REPRESENTATION_CONTEXT(2) 
PARAMETRIC_REPRESENTATION_CONTEXT() REPRESENTATION_CONTEXT('2D SPACE',''
  ) );
#14522 = ORIENTED_EDGE('',*,*,#14523,.F.);
#14523 = EDGE_CURVE('',#14524,#14495,#14526,.T.);
#14524 = VERTEX_POINT('',#14525);
#14525 = CARTESIAN_POINT('',(-36.,18.,-19.));
#14526 = SURFACE_CURVE('',#14527,(#14531,#14538),.PCURVE_S1.);
#14527 = LINE('',#14528,#14529);
#14528 = CARTESIAN_POINT('',(-39.,18.,-19.));
#14529 = VECTOR('',#14530,1.);
#14530 = DIRECTION('',(1.,0.,0.));
#14531 = PCURVE('',#14283,#14532);
#14532 = DEFINITIONAL_REPRESENTATION('',(#14533),#14537);
#14533 = LINE('',#14534,#14535);
#14534 = CARTESIAN_POINT('',(0.,48.));
#14535 = VECTOR('',#14536,1.);
#14536 = DIRECTION('',(1.,0.));
#14537 = ( GEOMETRIC_REPRESENTATION_CONTEXT(2) 
PARAMETRIC_REPRESENTATION_CONTEXT() REPRESENTATION_CONTEXT('2D SPACE',''
  ) );
#14538 = PCURVE('',#14539,#14544);
#14539 = PLANE('',#14540);
#14540 = AXIS2_PLACEMENT_3D('',#14541,#14542,#14543);
#14541 = CARTESIAN_POINT('',(-39.,18.,-22.));
#14542 = DIRECTION('',(0.,1.,0.));
#14543 = DIRECTION('',(0.,-0.,1.));
#14544 = DEFINITIONAL_REPRESENTATION('',(#14545),#14549);
#14545 = LINE('',#14546,#14547);
#14546 = CARTESIAN_POINT('',(3.,0.));
#14547 = VECTOR('',#14548,1.);
#14548 = DIRECTION('',(0.,1.));
#14549 = ( GEOMETRIC_REPRESENTATION_CONTEXT(2) 
PARAMETRIC_REPRESENTATION_CONTEXT() REPRESENTATION_CONTEXT('2D SPACE',''
  ) );
#14550 = ORIENTED_EDGE('',*,*,#14551,.F.);
#14551 = EDGE_CURVE('',#14263,#14524,#14552,.T.);
#14552 = SURFACE_CURVE('',#14553,(#14558,#14569),.PCURVE_S1.);
#14553 = CIRCLE('',#14554,3.);
#14554 = AXIS2_PLACEMENT_3D('',#14555,#14556,#14557);
#14555 = CARTESIAN_POINT('',(-36.,15.,-19.));
#14556 = DIRECTION('',(-0.,-0.,-1.));
#14557 = DIRECTION('',(0.,-1.,0.));
#14558 = PCURVE('',#14283,#14559);
#14559 = DEFINITIONAL_REPRESENTATION('',(#14560),#14568);
#14560 = ( BOUNDED_CURVE() B_SPLINE_CURVE(2,(#14561,#14562,#14563,#14564
    ,#14565,#14566,#14567),.UNSPECIFIED.,.T.,.F.) 
B_SPLINE_CURVE_WITH_KNOTS((1,2,2,2,2,1),(-2.094395102393,0.,
    2.094395102393,4.188790204786,6.28318530718,8.377580409573),
.UNSPECIFIED.) CURVE() GEOMETRIC_REPRESENTATION_ITEM() 
RATIONAL_B_SPLINE_CURVE((1.,0.5,1.,0.5,1.,0.5,1.)) REPRESENTATION_ITEM(
  '') );
#14561 = CARTESIAN_POINT('',(3.,42.));
#14562 = CARTESIAN_POINT('',(-2.196152422707,42.));
#14563 = CARTESIAN_POINT('',(0.401923788647,46.5));
#14564 = CARTESIAN_POINT('',(3.,51.));
#14565 = CARTESIAN_POINT('',(5.598076211353,46.5));
#14566 = CARTESIAN_POINT('',(8.196152422707,42.));
#14567 = CARTESIAN_POINT('',(3.,42.));
#14568 = ( GEOMETRIC_REPRESENTATION_CONTEXT(2) 
PARAMETRIC_REPRESENTATION_CONTEXT() REPRESENTATION_CONTEXT('2D SPACE',''
  ) );
#14569 = PCURVE('',#14365,#14570);
#14570 = DEFINITIONAL_REPRESENTATION('',(#14571),#14575);
#14571 = LINE('',#14572,#14573);
#14572 = CARTESIAN_POINT('',(7.853981633975,3.));
#14573 = VECTOR('',#14574,1.);
#14574 = DIRECTION('',(-1.,0.));
#14575 = ( GEOMETRIC_REPRESENTATION_CONTEXT(2) 
PARAMETRIC_REPRESENTATION_CONTEXT() REPRESENTATION_CONTEXT('2D SPACE',''
  ) );
#14576 = FACE_BOUND('',#14577,.T.);
#14577 = EDGE_LOOP('',(#14578));
#14578 = ORIENTED_EDGE('',*,*,#14579,.F.);
#14579 = EDGE_CURVE('',#14580,#14580,#14582,.T.);
#14580 = VERTEX_POINT('',#14581);
#14581 = CARTESIAN_POINT('',(-31.6,-26.5,-19.));
#14582 = SURFACE_CURVE('',#14583,(#14588,#14595),.PCURVE_S1.);
#14583 = CIRCLE('',#14584,2.4);
#14584 = AXIS2_PLACEMENT_3D('',#14585,#14586,#14587);
#14585 = CARTESIAN_POINT('',(-34.,-26.5,-19.));
#14586 = DIRECTION('',(0.,0.,1.));
#14587 = DIRECTION('',(1.,0.,-0.));
#14588 = PCURVE('',#14283,#14589);
#14589 = DEFINITIONAL_REPRESENTATION('',(#14590),#14594);
#14590 = CIRCLE('',#14591,2.4);
#14591 = AXIS2_PLACEMENT_2D('',#14592,#14593);
#14592 = CARTESIAN_POINT('',(5.,3.5));
#14593 = DIRECTION('',(1.,0.));
#14594 = ( GEOMETRIC_REPRESENTATION_CONTEXT(2) 
PARAMETRIC_REPRESENTATION_CONTEXT() REPRESENTATION_CONTEXT('2D SPACE',''
  ) );
#14595 = PCURVE('',#14596,#14601);
#14596 = CYLINDRICAL_SURFACE('',#14597,2.4);
#14597 = AXIS2_PLACEMENT_3D('',#14598,#14599,#14600);
#14598 = CARTESIAN_POINT('',(-34.,-26.5,-21.2));
#14599 = DIRECTION('',(0.,0.,1.));
#14600 = DIRECTION('',(1.,0.,-0.));
#14601 = DEFINITIONAL_REPRESENTATION('',(#14602),#14606);
#14602 = LINE('',#14603,#14604);
#14603 = CARTESIAN_POINT('',(0.,2.2));
#14604 = VECTOR('',#14605,1.);
#14605 = DIRECTION('',(1.,0.));
#14606 = ( GEOMETRIC_REPRESENTATION_CONTEXT(2) 
PARAMETRIC_REPRESENTATION_CONTEXT() REPRESENTATION_CONTEXT('2D SPACE',''
  ) );
#14607 = FACE_BOUND('',#14608,.T.);
#14608 = EDGE_LOOP('',(#14609));
#14609 = ORIENTED_EDGE('',*,*,#14610,.F.);
#14610 = EDGE_CURVE('',#14611,#14611,#14613,.T.);
#14611 = VERTEX_POINT('',#14612);
#14612 = CARTESIAN_POINT('',(-13.2,-22.,-19.));
#14613 = SURFACE_CURVE('',#14614,(#14619,#14626),.PCURVE_S1.);
#14614 = CIRCLE('',#14615,2.8);
#14615 = AXIS2_PLACEMENT_3D('',#14616,#14617,#14618);
#14616 = CARTESIAN_POINT('',(-16.,-22.,-19.));
#14617 = DIRECTION('',(0.,0.,1.));
#14618 = DIRECTION('',(1.,0.,-0.));
#14619 = PCURVE('',#14283,#14620);
#14620 = DEFINITIONAL_REPRESENTATION('',(#14621),#14625);
#14621 = CIRCLE('',#14622,2.8);
#14622 = AXIS2_PLACEMENT_2D('',#14623,#14624);
#14623 = CARTESIAN_POINT('',(23.,8.));
#14624 = DIRECTION('',(1.,0.));
#14625 = ( GEOMETRIC_REPRESENTATION_CONTEXT(2) 
PARAMETRIC_REPRESENTATION_CONTEXT() REPRESENTATION_CONTEXT('2D SPACE',''
  ) );
#14626 = PCURVE('',#14627,#14632);
#14627 = CYLINDRICAL_SURFACE('',#14628,2.8);
#14628 = AXIS2_PLACEMENT_3D('',#14629,#14630,#14631);
#14629 = CARTESIAN_POINT('',(-16.,-22.,-19.01));
#14630 = DIRECTION('',(0.,0.,1.));
#14631 = DIRECTION('',(1.,0.,-0.));
#14632 = DEFINITIONAL_REPRESENTATION('',(#14633),#14637);
#14633 = LINE('',#14634,#14635);
#14634 = CARTESIAN_POINT('',(0.,1.E-02));
#14635 = VECTOR('',#14636,1.);
#14636 = DIRECTION('',(1.,0.));
#14637 = ( GEOMETRIC_REPRESENTATION_CONTEXT(2) 
PARAMETRIC_REPRESENTATION_CONTEXT() REPRESENTATION_CONTEXT('2D SPACE',''
  ) );
#14638 = FACE_BOUND('',#14639,.T.);
#14639 = EDGE_LOOP('',(#14640));
#14640 = ORIENTED_EDGE('',*,*,#14641,.F.);
#14641 = EDGE_CURVE('',#14642,#14642,#14644,.T.);
#14642 = VERTEX_POINT('',#14643);
#14643 = CARTESIAN_POINT('',(20.8,-22.,-19.));
#14644 = SURFACE_CURVE('',#14645,(#14650,#14657),.PCURVE_S1.);
#14645 = CIRCLE('',#14646,2.8);
#14646 = AXIS2_PLACEMENT_3D('',#14647,#14648,#14649);
#14647 = CARTESIAN_POINT('',(18.,-22.,-19.));
#14648 = DIRECTION('',(0.,0.,1.));
#14649 = DIRECTION('',(1.,0.,-0.));
#14650 = PCURVE('',#14283,#14651);
#14651 = DEFINITIONAL_REPRESENTATION('',(#14652),#14656);
#14652 = CIRCLE('',#14653,2.8);
#14653 = AXIS2_PLACEMENT_2D('',#14654,#14655);
#14654 = CARTESIAN_POINT('',(57.,8.));
#14655 = DIRECTION('',(1.,0.));
#14656 = ( GEOMETRIC_REPRESENTATION_CONTEXT(2) 
PARAMETRIC_REPRESENTATION_CONTEXT() REPRESENTATION_CONTEXT('2D SPACE',''
  ) );
#14657 = PCURVE('',#14658,#14663);
#14658 = CYLINDRICAL_SURFACE('',#14659,2.8);
#14659 = AXIS2_PLACEMENT_3D('',#14660,#14661,#14662);
#14660 = CARTESIAN_POINT('',(18.,-22.,-19.01));
#14661 = DIRECTION('',(0.,0.,1.));
#14662 = DIRECTION('',(1.,0.,-0.));
#14663 = DEFINITIONAL_REPRESENTATION('',(#14664),#14668);
#14664 = LINE('',#14665,#14666);
#14665 = CARTESIAN_POINT('',(0.,1.E-02));
#14666 = VECTOR('',#14667,1.);
#14667 = DIRECTION('',(1.,0.));
#14668 = ( GEOMETRIC_REPRESENTATION_CONTEXT(2) 
PARAMETRIC_REPRESENTATION_CONTEXT() REPRESENTATION_CONTEXT('2D SPACE',''
  ) );
#14669 = FACE_BOUND('',#14670,.T.);
#14670 = EDGE_LOOP('',(#14671));
#14671 = ORIENTED_EDGE('',*,*,#14672,.F.);
#14672 = EDGE_CURVE('',#14673,#14673,#14675,.T.);
#14673 = VERTEX_POINT('',#14674);
#14674 = CARTESIAN_POINT('',(38.4,-26.5,-19.));
#14675 = SURFACE_CURVE('',#14676,(#14681,#14688),.PCURVE_S1.);
#14676 = CIRCLE('',#14677,2.4);
#14677 = AXIS2_PLACEMENT_3D('',#14678,#14679,#14680);
#14678 = CARTESIAN_POINT('',(36.,-26.5,-19.));
#14679 = DIRECTION('',(0.,0.,1.));
#14680 = DIRECTION('',(1.,0.,-0.));
#14681 = PCURVE('',#14283,#14682);
#14682 = DEFINITIONAL_REPRESENTATION('',(#14683),#14687);
#14683 = CIRCLE('',#14684,2.4);
#14684 = AXIS2_PLACEMENT_2D('',#14685,#14686);
#14685 = CARTESIAN_POINT('',(75.,3.5));
#14686 = DIRECTION('',(1.,0.));
#14687 = ( GEOMETRIC_REPRESENTATION_CONTEXT(2) 
PARAMETRIC_REPRESENTATION_CONTEXT() REPRESENTATION_CONTEXT('2D SPACE',''
  ) );
#14688 = PCURVE('',#14689,#14694);
#14689 = CYLINDRICAL_SURFACE('',#14690,2.4);
#14690 = AXIS2_PLACEMENT_3D('',#14691,#14692,#14693);
#14691 = CARTESIAN_POINT('',(36.,-26.5,-21.2));
#14692 = DIRECTION('',(0.,0.,1.));
#14693 = DIRECTION('',(1.,0.,-0.));
#14694 = DEFINITIONAL_REPRESENTATION('',(#14695),#14699);
#14695 = LINE('',#14696,#14697);
#14696 = CARTESIAN_POINT('',(0.,2.2));
#14697 = VECTOR('',#14698,1.);
#14698 = DIRECTION('',(1.,0.));
#14699 = ( GEOMETRIC_REPRESENTATION_CONTEXT(2) 
PARAMETRIC_REPRESENTATION_CONTEXT() REPRESENTATION_CONTEXT('2D SPACE',''
  ) );
#14700 = FACE_BOUND('',#14701,.T.);
#14701 = EDGE_LOOP('',(#14702));
#14702 = ORIENTED_EDGE('',*,*,#14703,.F.);
#14703 = EDGE_CURVE('',#14704,#14704,#14706,.T.);
#14704 = VERTEX_POINT('',#14705);
#14705 = CARTESIAN_POINT('',(-31.6,14.5,-19.));
#14706 = SURFACE_CURVE('',#14707,(#14712,#14719),.PCURVE_S1.);
#14707 = CIRCLE('',#14708,2.4);
#14708 = AXIS2_PLACEMENT_3D('',#14709,#14710,#14711);
#14709 = CARTESIAN_POINT('',(-34.,14.5,-19.));
#14710 = DIRECTION('',(0.,0.,1.));
#14711 = DIRECTION('',(1.,0.,-0.));
#14712 = PCURVE('',#14283,#14713);
#14713 = DEFINITIONAL_REPRESENTATION('',(#14714),#14718);
#14714 = CIRCLE('',#14715,2.4);
#14715 = AXIS2_PLACEMENT_2D('',#14716,#14717);
#14716 = CARTESIAN_POINT('',(5.,44.5));
#14717 = DIRECTION('',(1.,0.));
#14718 = ( GEOMETRIC_REPRESENTATION_CONTEXT(2) 
PARAMETRIC_REPRESENTATION_CONTEXT() REPRESENTATION_CONTEXT('2D SPACE',''
  ) );
#14719 = PCURVE('',#14720,#14725);
#14720 = CYLINDRICAL_SURFACE('',#14721,2.4);
#14721 = AXIS2_PLACEMENT_3D('',#14722,#14723,#14724);
#14722 = CARTESIAN_POINT('',(-34.,14.5,-21.2));
#14723 = DIRECTION('',(0.,0.,1.));
#14724 = DIRECTION('',(1.,0.,-0.));
#14725 = DEFINITIONAL_REPRESENTATION('',(#14726),#14730);
#14726 = LINE('',#14727,#14728);
#14727 = CARTESIAN_POINT('',(0.,2.2));
#14728 = VECTOR('',#14729,1.);
#14729 = DIRECTION('',(1.,0.));
#14730 = ( GEOMETRIC_REPRESENTATION_CONTEXT(2) 
PARAMETRIC_REPRESENTATION_CONTEXT() REPRESENTATION_CONTEXT('2D SPACE',''
  ) );
#14731 = FACE_BOUND('',#14732,.T.);
#14732 = EDGE_LOOP('',(#14733));
#14733 = ORIENTED_EDGE('',*,*,#14734,.F.);
#14734 = EDGE_CURVE('',#14735,#14735,#14737,.T.);
#14735 = VERTEX_POINT('',#14736);
#14736 = CARTESIAN_POINT('',(-13.2,10.,-19.));
#14737 = SURFACE_CURVE('',#14738,(#14743,#14750),.PCURVE_S1.);
#14738 = CIRCLE('',#14739,2.8);
#14739 = AXIS2_PLACEMENT_3D('',#14740,#14741,#14742);
#14740 = CARTESIAN_POINT('',(-16.,10.,-19.));
#14741 = DIRECTION('',(0.,0.,1.));
#14742 = DIRECTION('',(1.,0.,-0.));
#14743 = PCURVE('',#14283,#14744);
#14744 = DEFINITIONAL_REPRESENTATION('',(#14745),#14749);
#14745 = CIRCLE('',#14746,2.8);
#14746 = AXIS2_PLACEMENT_2D('',#14747,#14748);
#14747 = CARTESIAN_POINT('',(23.,40.));
#14748 = DIRECTION('',(1.,0.));
#14749 = ( GEOMETRIC_REPRESENTATION_CONTEXT(2) 
PARAMETRIC_REPRESENTATION_CONTEXT() REPRESENTATION_CONTEXT('2D SPACE',''
  ) );
#14750 = PCURVE('',#14751,#14756);
#14751 = CYLINDRICAL_SURFACE('',#14752,2.8);
#14752 = AXIS2_PLACEMENT_3D('',#14753,#14754,#14755);
#14753 = CARTESIAN_POINT('',(-16.,10.,-19.01));
#14754 = DIRECTION('',(0.,0.,1.));
#14755 = DIRECTION('',(1.,0.,-0.));
#14756 = DEFINITIONAL_REPRESENTATION('',(#14757),#14761);
#14757 = LINE('',#14758,#14759);
#14758 = CARTESIAN_POINT('',(0.,1.E-02));
#14759 = VECTOR('',#14760,1.);
#14760 = DIRECTION('',(1.,0.));
#14761 = ( GEOMETRIC_REPRESENTATION_CONTEXT(2) 
PARAMETRIC_REPRESENTATION_CONTEXT() REPRESENTATION_CONTEXT('2D SPACE',''
  ) );
#14762 = FACE_BOUND('',#14763,.T.);
#14763 = EDGE_LOOP('',(#14764));
#14764 = ORIENTED_EDGE('',*,*,#14765,.F.);
#14765 = EDGE_CURVE('',#14766,#14766,#14768,.T.);
#14766 = VERTEX_POINT('',#14767);
#14767 = CARTESIAN_POINT('',(38.21,-6.,-19.));
#14768 = SURFACE_CURVE('',#14769,(#14774,#14781),.PCURVE_S1.);
#14769 = CIRCLE('',#14770,3.21);
#14770 = AXIS2_PLACEMENT_3D('',#14771,#14772,#14773);
#14771 = CARTESIAN_POINT('',(35.,-6.,-19.));
#14772 = DIRECTION('',(0.,0.,1.));
#14773 = DIRECTION('',(1.,0.,-0.));
#14774 = PCURVE('',#14283,#14775);
#14775 = DEFINITIONAL_REPRESENTATION('',(#14776),#14780);
#14776 = CIRCLE('',#14777,3.21);
#14777 = AXIS2_PLACEMENT_2D('',#14778,#14779);
#14778 = CARTESIAN_POINT('',(74.,24.));
#14779 = DIRECTION('',(1.,0.));
#14780 = ( GEOMETRIC_REPRESENTATION_CONTEXT(2) 
PARAMETRIC_REPRESENTATION_CONTEXT() REPRESENTATION_CONTEXT('2D SPACE',''
  ) );
#14781 = PCURVE('',#14782,#14787);
#14782 = CYLINDRICAL_SURFACE('',#14783,3.21);
#14783 = AXIS2_PLACEMENT_3D('',#14784,#14785,#14786);
#14784 = CARTESIAN_POINT('',(35.,-6.,-19.6));
#14785 = DIRECTION('',(0.,0.,1.));
#14786 = DIRECTION('',(1.,0.,-0.));
#14787 = DEFINITIONAL_REPRESENTATION('',(#14788),#14792);
#14788 = LINE('',#14789,#14790);
#14789 = CARTESIAN_POINT('',(0.,0.6));
#14790 = VECTOR('',#14791,1.);
#14791 = DIRECTION('',(1.,0.));
#14792 = ( GEOMETRIC_REPRESENTATION_CONTEXT(2) 
PARAMETRIC_REPRESENTATION_CONTEXT() REPRESENTATION_CONTEXT('2D SPACE',''
  ) );
#14793 = FACE_BOUND('',#14794,.T.);
#14794 = EDGE_LOOP('',(#14795));
#14795 = ORIENTED_EDGE('',*,*,#14796,.F.);
#14796 = EDGE_CURVE('',#14797,#14797,#14799,.T.);
#14797 = VERTEX_POINT('',#14798);
#14798 = CARTESIAN_POINT('',(20.8,10.,-19.));
#14799 = SURFACE_CURVE('',#14800,(#14805,#14812),.PCURVE_S1.);
#14800 = CIRCLE('',#14801,2.8);
#14801 = AXIS2_PLACEMENT_3D('',#14802,#14803,#14804);
#14802 = CARTESIAN_POINT('',(18.,10.,-19.));
#14803 = DIRECTION('',(0.,0.,1.));
#14804 = DIRECTION('',(1.,0.,-0.));
#14805 = PCURVE('',#14283,#14806);
#14806 = DEFINITIONAL_REPRESENTATION('',(#14807),#14811);
#14807 = CIRCLE('',#14808,2.8);
#14808 = AXIS2_PLACEMENT_2D('',#14809,#14810);
#14809 = CARTESIAN_POINT('',(57.,40.));
#14810 = DIRECTION('',(1.,0.));
#14811 = ( GEOMETRIC_REPRESENTATION_CONTEXT(2) 
PARAMETRIC_REPRESENTATION_CONTEXT() REPRESENTATION_CONTEXT('2D SPACE',''
  ) );
#14812 = PCURVE('',#14813,#14818);
#14813 = CYLINDRICAL_SURFACE('',#14814,2.8);
#14814 = AXIS2_PLACEMENT_3D('',#14815,#14816,#14817);
#14815 = CARTESIAN_POINT('',(18.,10.,-19.01));
#14816 = DIRECTION('',(0.,0.,1.));
#14817 = DIRECTION('',(1.,0.,-0.));
#14818 = DEFINITIONAL_REPRESENTATION('',(#14819),#14823);
#14819 = LINE('',#14820,#14821);
#14820 = CARTESIAN_POINT('',(0.,1.E-02));
#14821 = VECTOR('',#14822,1.);
#14822 = DIRECTION('',(1.,0.));
#14823 = ( GEOMETRIC_REPRESENTATION_CONTEXT(2) 
PARAMETRIC_REPRESENTATION_CONTEXT() REPRESENTATION_CONTEXT('2D SPACE',''
  ) );
#14824 = FACE_BOUND('',#14825,.T.);
#14825 = EDGE_LOOP('',(#14826));
#14826 = ORIENTED_EDGE('',*,*,#14827,.F.);
#14827 = EDGE_CURVE('',#14828,#14828,#14830,.T.);
#14828 = VERTEX_POINT('',#14829);
#14829 = CARTESIAN_POINT('',(38.4,14.5,-19.));
#14830 = SURFACE_CURVE('',#14831,(#14836,#14843),.PCURVE_S1.);
#14831 = CIRCLE('',#14832,2.4);
#14832 = AXIS2_PLACEMENT_3D('',#14833,#14834,#14835);
#14833 = CARTESIAN_POINT('',(36.,14.5,-19.));
#14834 = DIRECTION('',(0.,0.,1.));
#14835 = DIRECTION('',(1.,0.,-0.));
#14836 = PCURVE('',#14283,#14837);
#14837 = DEFINITIONAL_REPRESENTATION('',(#14838),#14842);
#14838 = CIRCLE('',#14839,2.4);
#14839 = AXIS2_PLACEMENT_2D('',#14840,#14841);
#14840 = CARTESIAN_POINT('',(75.,44.5));
#14841 = DIRECTION('',(1.,0.));
#14842 = ( GEOMETRIC_REPRESENTATION_CONTEXT(2) 
PARAMETRIC_REPRESENTATION_CONTEXT() REPRESENTATION_CONTEXT('2D SPACE',''
  ) );
#14843 = PCURVE('',#14844,#14849);
#14844 = CYLINDRICAL_SURFACE('',#14845,2.4);
#14845 = AXIS2_PLACEMENT_3D('',#14846,#14847,#14848);
#14846 = CARTESIAN_POINT('',(36.,14.5,-21.2));
#14847 = DIRECTION('',(0.,0.,1.));
#14848 = DIRECTION('',(1.,0.,-0.));
#14849 = DEFINITIONAL_REPRESENTATION('',(#14850),#14854);
#14850 = LINE('',#14851,#14852);
#14851 = CARTESIAN_POINT('',(0.,2.2));
#14852 = VECTOR('',#14853,1.);
#14853 = DIRECTION('',(1.,0.));
#14854 = ( GEOMETRIC_REPRESENTATION_CONTEXT(2) 
PARAMETRIC_REPRESENTATION_CONTEXT() REPRESENTATION_CONTEXT('2D SPACE',''
  ) );
#14855 = ADVANCED_FACE('',(#14856),#14311,.T.);
#14856 = FACE_BOUND('',#14857,.T.);
#14857 = EDGE_LOOP('',(#14858,#14859,#14883,#14904));
#14858 = ORIENTED_EDGE('',*,*,#14295,.F.);
#14859 = ORIENTED_EDGE('',*,*,#14860,.T.);
#14860 = EDGE_CURVE('',#14296,#14861,#14863,.T.);
#14861 = VERTEX_POINT('',#14862);
#14862 = CARTESIAN_POINT('',(-36.,-30.,-21.2));
#14863 = SURFACE_CURVE('',#14864,(#14869,#14876),.PCURVE_S1.);
#14864 = CIRCLE('',#14865,3.);
#14865 = AXIS2_PLACEMENT_3D('',#14866,#14867,#14868);
#14866 = CARTESIAN_POINT('',(-36.,-27.,-21.2));
#14867 = DIRECTION('',(0.,0.,1.));
#14868 = DIRECTION('',(-1.,-0.,0.));
#14869 = PCURVE('',#14311,#14870);
#14870 = DEFINITIONAL_REPRESENTATION('',(#14871),#14875);
#14871 = LINE('',#14872,#14873);
#14872 = CARTESIAN_POINT('',(0.,0.8));
#14873 = VECTOR('',#14874,1.);
#14874 = DIRECTION('',(1.,0.));
#14875 = ( GEOMETRIC_REPRESENTATION_CONTEXT(2) 
PARAMETRIC_REPRESENTATION_CONTEXT() REPRESENTATION_CONTEXT('2D SPACE',''
  ) );
#14876 = PCURVE('',#14339,#14877);
#14877 = DEFINITIONAL_REPRESENTATION('',(#14878),#14882);
#14878 = CIRCLE('',#14879,3.);
#14879 = AXIS2_PLACEMENT_2D('',#14880,#14881);
#14880 = CARTESIAN_POINT('',(4.,4.));
#14881 = DIRECTION('',(-1.,0.));
#14882 = ( GEOMETRIC_REPRESENTATION_CONTEXT(2) 
PARAMETRIC_REPRESENTATION_CONTEXT() REPRESENTATION_CONTEXT('2D SPACE',''
  ) );
#14883 = ORIENTED_EDGE('',*,*,#14884,.T.);
#14884 = EDGE_CURVE('',#14861,#14382,#14885,.T.);
#14885 = SURFACE_CURVE('',#14886,(#14890,#14897),.PCURVE_S1.);
#14886 = LINE('',#14887,#14888);
#14887 = CARTESIAN_POINT('',(-36.,-30.,-22.));
#14888 = VECTOR('',#14889,1.);
#14889 = DIRECTION('',(0.,0.,1.));
#14890 = PCURVE('',#14311,#14891);
#14891 = DEFINITIONAL_REPRESENTATION('',(#14892),#14896);
#14892 = LINE('',#14893,#14894);
#14893 = CARTESIAN_POINT('',(1.570796326795,0.));
#14894 = VECTOR('',#14895,1.);
#14895 = DIRECTION('',(0.,1.));
#14896 = ( GEOMETRIC_REPRESENTATION_CONTEXT(2) 
PARAMETRIC_REPRESENTATION_CONTEXT() REPRESENTATION_CONTEXT('2D SPACE',''
  ) );
#14897 = PCURVE('',#14421,#14898);
#14898 = DEFINITIONAL_REPRESENTATION('',(#14899),#14903);
#14899 = LINE('',#14900,#14901);
#14900 = CARTESIAN_POINT('',(0.,3.));
#14901 = VECTOR('',#14902,1.);
#14902 = DIRECTION('',(1.,0.));
#14903 = ( GEOMETRIC_REPRESENTATION_CONTEXT(2) 
PARAMETRIC_REPRESENTATION_CONTEXT() REPRESENTATION_CONTEXT('2D SPACE',''
  ) );
#14904 = ORIENTED_EDGE('',*,*,#14381,.F.);
#14905 = ADVANCED_FACE('',(#14906,#15049,#15075,#15101,#15127,#15158),
  #14339,.F.);
#14906 = FACE_BOUND('',#14907,.F.);
#14907 = EDGE_LOOP('',(#14908,#14932,#14933,#14934,#14957,#14981,#15004,
    #15028));
#14908 = ORIENTED_EDGE('',*,*,#14909,.T.);
#14909 = EDGE_CURVE('',#14910,#14324,#14912,.T.);
#14910 = VERTEX_POINT('',#14911);
#14911 = CARTESIAN_POINT('',(-36.,18.,-21.2));
#14912 = SURFACE_CURVE('',#14913,(#14918,#14925),.PCURVE_S1.);
#14913 = CIRCLE('',#14914,3.);
#14914 = AXIS2_PLACEMENT_3D('',#14915,#14916,#14917);
#14915 = CARTESIAN_POINT('',(-36.,15.,-21.2));
#14916 = DIRECTION('',(0.,0.,1.));
#14917 = DIRECTION('',(-1.,-0.,0.));
#14918 = PCURVE('',#14339,#14919);
#14919 = DEFINITIONAL_REPRESENTATION('',(#14920),#14924);
#14920 = CIRCLE('',#14921,3.);
#14921 = AXIS2_PLACEMENT_2D('',#14922,#14923);
#14922 = CARTESIAN_POINT('',(4.,46.));
#14923 = DIRECTION('',(-1.,0.));
#14924 = ( GEOMETRIC_REPRESENTATION_CONTEXT(2) 
PARAMETRIC_REPRESENTATION_CONTEXT() REPRESENTATION_CONTEXT('2D SPACE',''
  ) );
#14925 = PCURVE('',#14365,#14926);
#14926 = DEFINITIONAL_REPRESENTATION('',(#14927),#14931);
#14927 = LINE('',#14928,#14929);
#14928 = CARTESIAN_POINT('',(0.,0.8));
#14929 = VECTOR('',#14930,1.);
#14930 = DIRECTION('',(1.,0.));
#14931 = ( GEOMETRIC_REPRESENTATION_CONTEXT(2) 
PARAMETRIC_REPRESENTATION_CONTEXT() REPRESENTATION_CONTEXT('2D SPACE',''
  ) );
#14932 = ORIENTED_EDGE('',*,*,#14323,.T.);
#14933 = ORIENTED_EDGE('',*,*,#14860,.T.);
#14934 = ORIENTED_EDGE('',*,*,#14935,.T.);
#14935 = EDGE_CURVE('',#14861,#14936,#14938,.T.);
#14936 = VERTEX_POINT('',#14937);
#14937 = CARTESIAN_POINT('',(44.,-30.,-21.2));
#14938 = SURFACE_CURVE('',#14939,(#14943,#14950),.PCURVE_S1.);
#14939 = LINE('',#14940,#14941);
#14940 = CARTESIAN_POINT('',(-39.5,-30.,-21.2));
#14941 = VECTOR('',#14942,1.);
#14942 = DIRECTION('',(1.,0.,0.));
#14943 = PCURVE('',#14339,#14944);
#14944 = DEFINITIONAL_REPRESENTATION('',(#14945),#14949);
#14945 = LINE('',#14946,#14947);
#14946 = CARTESIAN_POINT('',(0.5,1.));
#14947 = VECTOR('',#14948,1.);
#14948 = DIRECTION('',(1.,0.));
#14949 = ( GEOMETRIC_REPRESENTATION_CONTEXT(2) 
PARAMETRIC_REPRESENTATION_CONTEXT() REPRESENTATION_CONTEXT('2D SPACE',''
  ) );
#14950 = PCURVE('',#14421,#14951);
#14951 = DEFINITIONAL_REPRESENTATION('',(#14952),#14956);
#14952 = LINE('',#14953,#14954);
#14953 = CARTESIAN_POINT('',(0.8,-0.5));
#14954 = VECTOR('',#14955,1.);
#14955 = DIRECTION('',(0.,1.));
#14956 = ( GEOMETRIC_REPRESENTATION_CONTEXT(2) 
PARAMETRIC_REPRESENTATION_CONTEXT() REPRESENTATION_CONTEXT('2D SPACE',''
  ) );
#14957 = ORIENTED_EDGE('',*,*,#14958,.T.);
#14958 = EDGE_CURVE('',#14936,#14959,#14961,.T.);
#14959 = VERTEX_POINT('',#14960);
#14960 = CARTESIAN_POINT('',(47.,-27.,-21.2));
#14961 = SURFACE_CURVE('',#14962,(#14967,#14974),.PCURVE_S1.);
#14962 = CIRCLE('',#14963,3.);
#14963 = AXIS2_PLACEMENT_3D('',#14964,#14965,#14966);
#14964 = CARTESIAN_POINT('',(44.,-27.,-21.2));
#14965 = DIRECTION('',(0.,0.,1.));
#14966 = DIRECTION('',(1.,0.,-0.));
#14967 = PCURVE('',#14339,#14968);
#14968 = DEFINITIONAL_REPRESENTATION('',(#14969),#14973);
#14969 = CIRCLE('',#14970,3.);
#14970 = AXIS2_PLACEMENT_2D('',#14971,#14972);
#14971 = CARTESIAN_POINT('',(84.,4.));
#14972 = DIRECTION('',(1.,0.));
#14973 = ( GEOMETRIC_REPRESENTATION_CONTEXT(2) 
PARAMETRIC_REPRESENTATION_CONTEXT() REPRESENTATION_CONTEXT('2D SPACE',''
  ) );
#14974 = PCURVE('',#14454,#14975);
#14975 = DEFINITIONAL_REPRESENTATION('',(#14976),#14980);
#14976 = LINE('',#14977,#14978);
#14977 = CARTESIAN_POINT('',(0.,0.8));
#14978 = VECTOR('',#14979,1.);
#14979 = DIRECTION('',(1.,0.));
#14980 = ( GEOMETRIC_REPRESENTATION_CONTEXT(2) 
PARAMETRIC_REPRESENTATION_CONTEXT() REPRESENTATION_CONTEXT('2D SPACE',''
  ) );
#14981 = ORIENTED_EDGE('',*,*,#14982,.F.);
#14982 = EDGE_CURVE('',#14983,#14959,#14985,.T.);
#14983 = VERTEX_POINT('',#14984);
#14984 = CARTESIAN_POINT('',(47.,15.,-21.2));
#14985 = SURFACE_CURVE('',#14986,(#14990,#14997),.PCURVE_S1.);
#14986 = LINE('',#14987,#14988);
#14987 = CARTESIAN_POINT('',(47.,-30.5,-21.2));
#14988 = VECTOR('',#14989,1.);
#14989 = DIRECTION('',(0.,-1.,0.));
#14990 = PCURVE('',#14339,#14991);
#14991 = DEFINITIONAL_REPRESENTATION('',(#14992),#14996);
#14992 = LINE('',#14993,#14994);
#14993 = CARTESIAN_POINT('',(87.,0.5));
#14994 = VECTOR('',#14995,1.);
#14995 = DIRECTION('',(0.,-1.));
#14996 = ( GEOMETRIC_REPRESENTATION_CONTEXT(2) 
PARAMETRIC_REPRESENTATION_CONTEXT() REPRESENTATION_CONTEXT('2D SPACE',''
  ) );
#14997 = PCURVE('',#14482,#14998);
#14998 = DEFINITIONAL_REPRESENTATION('',(#14999),#15003);
#14999 = LINE('',#15000,#15001);
#15000 = CARTESIAN_POINT('',(0.8,0.5));
#15001 = VECTOR('',#15002,1.);
#15002 = DIRECTION('',(0.,1.));
#15003 = ( GEOMETRIC_REPRESENTATION_CONTEXT(2) 
PARAMETRIC_REPRESENTATION_CONTEXT() REPRESENTATION_CONTEXT('2D SPACE',''
  ) );
#15004 = ORIENTED_EDGE('',*,*,#15005,.T.);
#15005 = EDGE_CURVE('',#14983,#15006,#15008,.T.);
#15006 = VERTEX_POINT('',#15007);
#15007 = CARTESIAN_POINT('',(44.,18.,-21.2));
#15008 = SURFACE_CURVE('',#15009,(#15014,#15021),.PCURVE_S1.);
#15009 = CIRCLE('',#15010,3.);
#15010 = AXIS2_PLACEMENT_3D('',#15011,#15012,#15013);
#15011 = CARTESIAN_POINT('',(44.,15.,-21.2));
#15012 = DIRECTION('',(0.,0.,1.));
#15013 = DIRECTION('',(1.,0.,-0.));
#15014 = PCURVE('',#14339,#15015);
#15015 = DEFINITIONAL_REPRESENTATION('',(#15016),#15020);
#15016 = CIRCLE('',#15017,3.);
#15017 = AXIS2_PLACEMENT_2D('',#15018,#15019);
#15018 = CARTESIAN_POINT('',(84.,46.));
#15019 = DIRECTION('',(1.,0.));
#15020 = ( GEOMETRIC_REPRESENTATION_CONTEXT(2) 
PARAMETRIC_REPRESENTATION_CONTEXT() REPRESENTATION_CONTEXT('2D SPACE',''
  ) );
#15021 = PCURVE('',#14511,#15022);
#15022 = DEFINITIONAL_REPRESENTATION('',(#15023),#15027);
#15023 = LINE('',#15024,#15025);
#15024 = CARTESIAN_POINT('',(0.,0.8));
#15025 = VECTOR('',#15026,1.);
#15026 = DIRECTION('',(1.,0.));
#15027 = ( GEOMETRIC_REPRESENTATION_CONTEXT(2) 
PARAMETRIC_REPRESENTATION_CONTEXT() REPRESENTATION_CONTEXT('2D SPACE',''
  ) );
#15028 = ORIENTED_EDGE('',*,*,#15029,.F.);
#15029 = EDGE_CURVE('',#14910,#15006,#15030,.T.);
#15030 = SURFACE_CURVE('',#15031,(#15035,#15042),.PCURVE_S1.);
#15031 = LINE('',#15032,#15033);
#15032 = CARTESIAN_POINT('',(-39.5,18.,-21.2));
#15033 = VECTOR('',#15034,1.);
#15034 = DIRECTION('',(1.,0.,0.));
#15035 = PCURVE('',#14339,#15036);
#15036 = DEFINITIONAL_REPRESENTATION('',(#15037),#15041);
#15037 = LINE('',#15038,#15039);
#15038 = CARTESIAN_POINT('',(0.5,49.));
#15039 = VECTOR('',#15040,1.);
#15040 = DIRECTION('',(1.,0.));
#15041 = ( GEOMETRIC_REPRESENTATION_CONTEXT(2) 
PARAMETRIC_REPRESENTATION_CONTEXT() REPRESENTATION_CONTEXT('2D SPACE',''
  ) );
#15042 = PCURVE('',#14539,#15043);
#15043 = DEFINITIONAL_REPRESENTATION('',(#15044),#15048);
#15044 = LINE('',#15045,#15046);
#15045 = CARTESIAN_POINT('',(0.8,-0.5));
#15046 = VECTOR('',#15047,1.);
#15047 = DIRECTION('',(0.,1.));
#15048 = ( GEOMETRIC_REPRESENTATION_CONTEXT(2) 
PARAMETRIC_REPRESENTATION_CONTEXT() REPRESENTATION_CONTEXT('2D SPACE',''
  ) );
#15049 = FACE_BOUND('',#15050,.F.);
#15050 = EDGE_LOOP('',(#15051));
#15051 = ORIENTED_EDGE('',*,*,#15052,.F.);
#15052 = EDGE_CURVE('',#15053,#15053,#15055,.T.);
#15053 = VERTEX_POINT('',#15054);
#15054 = CARTESIAN_POINT('',(-31.6,-26.5,-21.2));
#15055 = SURFACE_CURVE('',#15056,(#15061,#15068),.PCURVE_S1.);
#15056 = CIRCLE('',#15057,2.4);
#15057 = AXIS2_PLACEMENT_3D('',#15058,#15059,#15060);
#15058 = CARTESIAN_POINT('',(-34.,-26.5,-21.2));
#15059 = DIRECTION('',(0.,0.,1.));
#15060 = DIRECTION('',(1.,0.,-0.));
#15061 = PCURVE('',#14339,#15062);
#15062 = DEFINITIONAL_REPRESENTATION('',(#15063),#15067);
#15063 = CIRCLE('',#15064,2.4);
#15064 = AXIS2_PLACEMENT_2D('',#15065,#15066);
#15065 = CARTESIAN_POINT('',(6.,4.5));
#15066 = DIRECTION('',(1.,0.));
#15067 = ( GEOMETRIC_REPRESENTATION_CONTEXT(2) 
PARAMETRIC_REPRESENTATION_CONTEXT() REPRESENTATION_CONTEXT('2D SPACE',''
  ) );
#15068 = PCURVE('',#14596,#15069);
#15069 = DEFINITIONAL_REPRESENTATION('',(#15070),#15074);
#15070 = LINE('',#15071,#15072);
#15071 = CARTESIAN_POINT('',(0.,0.));
#15072 = VECTOR('',#15073,1.);
#15073 = DIRECTION('',(1.,0.));
#15074 = ( GEOMETRIC_REPRESENTATION_CONTEXT(2) 
PARAMETRIC_REPRESENTATION_CONTEXT() REPRESENTATION_CONTEXT('2D SPACE',''
  ) );
#15075 = FACE_BOUND('',#15076,.F.);
#15076 = EDGE_LOOP('',(#15077));
#15077 = ORIENTED_EDGE('',*,*,#15078,.F.);
#15078 = EDGE_CURVE('',#15079,#15079,#15081,.T.);
#15079 = VERTEX_POINT('',#15080);
#15080 = CARTESIAN_POINT('',(38.4,-26.5,-21.2));
#15081 = SURFACE_CURVE('',#15082,(#15087,#15094),.PCURVE_S1.);
#15082 = CIRCLE('',#15083,2.4);
#15083 = AXIS2_PLACEMENT_3D('',#15084,#15085,#15086);
#15084 = CARTESIAN_POINT('',(36.,-26.5,-21.2));
#15085 = DIRECTION('',(0.,0.,1.));
#15086 = DIRECTION('',(1.,0.,-0.));
#15087 = PCURVE('',#14339,#15088);
#15088 = DEFINITIONAL_REPRESENTATION('',(#15089),#15093);
#15089 = CIRCLE('',#15090,2.4);
#15090 = AXIS2_PLACEMENT_2D('',#15091,#15092);
#15091 = CARTESIAN_POINT('',(76.,4.5));
#15092 = DIRECTION('',(1.,0.));
#15093 = ( GEOMETRIC_REPRESENTATION_CONTEXT(2) 
PARAMETRIC_REPRESENTATION_CONTEXT() REPRESENTATION_CONTEXT('2D SPACE',''
  ) );
#15094 = PCURVE('',#14689,#15095);
#15095 = DEFINITIONAL_REPRESENTATION('',(#15096),#15100);
#15096 = LINE('',#15097,#15098);
#15097 = CARTESIAN_POINT('',(0.,0.));
#15098 = VECTOR('',#15099,1.);
#15099 = DIRECTION('',(1.,0.));
#15100 = ( GEOMETRIC_REPRESENTATION_CONTEXT(2) 
PARAMETRIC_REPRESENTATION_CONTEXT() REPRESENTATION_CONTEXT('2D SPACE',''
  ) );
#15101 = FACE_BOUND('',#15102,.F.);
#15102 = EDGE_LOOP('',(#15103));
#15103 = ORIENTED_EDGE('',*,*,#15104,.F.);
#15104 = EDGE_CURVE('',#15105,#15105,#15107,.T.);
#15105 = VERTEX_POINT('',#15106);
#15106 = CARTESIAN_POINT('',(-31.6,14.5,-21.2));
#15107 = SURFACE_CURVE('',#15108,(#15113,#15120),.PCURVE_S1.);
#15108 = CIRCLE('',#15109,2.4);
#15109 = AXIS2_PLACEMENT_3D('',#15110,#15111,#15112);
#15110 = CARTESIAN_POINT('',(-34.,14.5,-21.2));
#15111 = DIRECTION('',(0.,0.,1.));
#15112 = DIRECTION('',(1.,0.,-0.));
#15113 = PCURVE('',#14339,#15114);
#15114 = DEFINITIONAL_REPRESENTATION('',(#15115),#15119);
#15115 = CIRCLE('',#15116,2.4);
#15116 = AXIS2_PLACEMENT_2D('',#15117,#15118);
#15117 = CARTESIAN_POINT('',(6.,45.5));
#15118 = DIRECTION('',(1.,0.));
#15119 = ( GEOMETRIC_REPRESENTATION_CONTEXT(2) 
PARAMETRIC_REPRESENTATION_CONTEXT() REPRESENTATION_CONTEXT('2D SPACE',''
  ) );
#15120 = PCURVE('',#14720,#15121);
#15121 = DEFINITIONAL_REPRESENTATION('',(#15122),#15126);
#15122 = LINE('',#15123,#15124);
#15123 = CARTESIAN_POINT('',(0.,0.));
#15124 = VECTOR('',#15125,1.);
#15125 = DIRECTION('',(1.,0.));
#15126 = ( GEOMETRIC_REPRESENTATION_CONTEXT(2) 
PARAMETRIC_REPRESENTATION_CONTEXT() REPRESENTATION_CONTEXT('2D SPACE',''
  ) );
#15127 = FACE_BOUND('',#15128,.F.);
#15128 = EDGE_LOOP('',(#15129));
#15129 = ORIENTED_EDGE('',*,*,#15130,.F.);
#15130 = EDGE_CURVE('',#15131,#15131,#15133,.T.);
#15131 = VERTEX_POINT('',#15132);
#15132 = CARTESIAN_POINT('',(38.2,-6.,-21.2));
#15133 = SURFACE_CURVE('',#15134,(#15139,#15146),.PCURVE_S1.);
#15134 = CIRCLE('',#15135,3.2);
#15135 = AXIS2_PLACEMENT_3D('',#15136,#15137,#15138);
#15136 = CARTESIAN_POINT('',(35.,-6.,-21.2));
#15137 = DIRECTION('',(0.,0.,1.));
#15138 = DIRECTION('',(1.,0.,-0.));
#15139 = PCURVE('',#14339,#15140);
#15140 = DEFINITIONAL_REPRESENTATION('',(#15141),#15145);
#15141 = CIRCLE('',#15142,3.2);
#15142 = AXIS2_PLACEMENT_2D('',#15143,#15144);
#15143 = CARTESIAN_POINT('',(75.,25.));
#15144 = DIRECTION('',(1.,0.));
#15145 = ( GEOMETRIC_REPRESENTATION_CONTEXT(2) 
PARAMETRIC_REPRESENTATION_CONTEXT() REPRESENTATION_CONTEXT('2D SPACE',''
  ) );
#15146 = PCURVE('',#15147,#15152);
#15147 = CYLINDRICAL_SURFACE('',#15148,3.2);
#15148 = AXIS2_PLACEMENT_3D('',#15149,#15150,#15151);
#15149 = CARTESIAN_POINT('',(35.,-6.,-22.01));
#15150 = DIRECTION('',(0.,0.,1.));
#15151 = DIRECTION('',(1.,0.,-0.));
#15152 = DEFINITIONAL_REPRESENTATION('',(#15153),#15157);
#15153 = LINE('',#15154,#15155);
#15154 = CARTESIAN_POINT('',(0.,0.81));
#15155 = VECTOR('',#15156,1.);
#15156 = DIRECTION('',(1.,0.));
#15157 = ( GEOMETRIC_REPRESENTATION_CONTEXT(2) 
PARAMETRIC_REPRESENTATION_CONTEXT() REPRESENTATION_CONTEXT('2D SPACE',''
  ) );
#15158 = FACE_BOUND('',#15159,.F.);
#15159 = EDGE_LOOP('',(#15160));
#15160 = ORIENTED_EDGE('',*,*,#15161,.F.);
#15161 = EDGE_CURVE('',#15162,#15162,#15164,.T.);
#15162 = VERTEX_POINT('',#15163);
#15163 = CARTESIAN_POINT('',(38.4,14.5,-21.2));
#15164 = SURFACE_CURVE('',#15165,(#15170,#15177),.PCURVE_S1.);
#15165 = CIRCLE('',#15166,2.4);
#15166 = AXIS2_PLACEMENT_3D('',#15167,#15168,#15169);
#15167 = CARTESIAN_POINT('',(36.,14.5,-21.2));
#15168 = DIRECTION('',(0.,0.,1.));
#15169 = DIRECTION('',(1.,0.,-0.));
#15170 = PCURVE('',#14339,#15171);
#15171 = DEFINITIONAL_REPRESENTATION('',(#15172),#15176);
#15172 = CIRCLE('',#15173,2.4);
#15173 = AXIS2_PLACEMENT_2D('',#15174,#15175);
#15174 = CARTESIAN_POINT('',(76.,45.5));
#15175 = DIRECTION('',(1.,0.));
#15176 = ( GEOMETRIC_REPRESENTATION_CONTEXT(2) 
PARAMETRIC_REPRESENTATION_CONTEXT() REPRESENTATION_CONTEXT('2D SPACE',''
  ) );
#15177 = PCURVE('',#14844,#15178);
#15178 = DEFINITIONAL_REPRESENTATION('',(#15179),#15183);
#15179 = LINE('',#15180,#15181);
#15180 = CARTESIAN_POINT('',(0.,0.));
#15181 = VECTOR('',#15182,1.);
#15182 = DIRECTION('',(1.,0.));
#15183 = ( GEOMETRIC_REPRESENTATION_CONTEXT(2) 
PARAMETRIC_REPRESENTATION_CONTEXT() REPRESENTATION_CONTEXT('2D SPACE',''
  ) );
#15184 = ADVANCED_FACE('',(#15185),#14365,.T.);
#15185 = FACE_BOUND('',#15186,.T.);
#15186 = EDGE_LOOP('',(#15187,#15188,#15189,#15190));
#15187 = ORIENTED_EDGE('',*,*,#14909,.T.);
#15188 = ORIENTED_EDGE('',*,*,#14351,.T.);
#15189 = ORIENTED_EDGE('',*,*,#14551,.T.);
#15190 = ORIENTED_EDGE('',*,*,#15191,.F.);
#15191 = EDGE_CURVE('',#14910,#14524,#15192,.T.);
#15192 = SURFACE_CURVE('',#15193,(#15197,#15204),.PCURVE_S1.);
#15193 = LINE('',#15194,#15195);
#15194 = CARTESIAN_POINT('',(-36.,18.,-22.));
#15195 = VECTOR('',#15196,1.);
#15196 = DIRECTION('',(0.,0.,1.));
#15197 = PCURVE('',#14365,#15198);
#15198 = DEFINITIONAL_REPRESENTATION('',(#15199),#15203);
#15199 = LINE('',#15200,#15201);
#15200 = CARTESIAN_POINT('',(4.712388980385,0.));
#15201 = VECTOR('',#15202,1.);
#15202 = DIRECTION('',(-0.,1.));
#15203 = ( GEOMETRIC_REPRESENTATION_CONTEXT(2) 
PARAMETRIC_REPRESENTATION_CONTEXT() REPRESENTATION_CONTEXT('2D SPACE',''
  ) );
#15204 = PCURVE('',#14539,#15205);
#15205 = DEFINITIONAL_REPRESENTATION('',(#15206),#15210);
#15206 = LINE('',#15207,#15208);
#15207 = CARTESIAN_POINT('',(0.,3.));
#15208 = VECTOR('',#15209,1.);
#15209 = DIRECTION('',(1.,0.));
#15210 = ( GEOMETRIC_REPRESENTATION_CONTEXT(2) 
PARAMETRIC_REPRESENTATION_CONTEXT() REPRESENTATION_CONTEXT('2D SPACE',''
  ) );
#15211 = ADVANCED_FACE('',(#15212),#14421,.F.);
#15212 = FACE_BOUND('',#15213,.F.);
#15213 = EDGE_LOOP('',(#15214,#15215,#15216,#15217));
#15214 = ORIENTED_EDGE('',*,*,#14935,.F.);
#15215 = ORIENTED_EDGE('',*,*,#14884,.T.);
#15216 = ORIENTED_EDGE('',*,*,#14405,.T.);
#15217 = ORIENTED_EDGE('',*,*,#15218,.F.);
#15218 = EDGE_CURVE('',#14936,#14406,#15219,.T.);
#15219 = SURFACE_CURVE('',#15220,(#15224,#15231),.PCURVE_S1.);
#15220 = LINE('',#15221,#15222);
#15221 = CARTESIAN_POINT('',(44.,-30.,-22.));
#15222 = VECTOR('',#15223,1.);
#15223 = DIRECTION('',(0.,0.,1.));
#15224 = PCURVE('',#14421,#15225);
#15225 = DEFINITIONAL_REPRESENTATION('',(#15226),#15230);
#15226 = LINE('',#15227,#15228);
#15227 = CARTESIAN_POINT('',(0.,83.));
#15228 = VECTOR('',#15229,1.);
#15229 = DIRECTION('',(1.,0.));
#15230 = ( GEOMETRIC_REPRESENTATION_CONTEXT(2) 
PARAMETRIC_REPRESENTATION_CONTEXT() REPRESENTATION_CONTEXT('2D SPACE',''
  ) );
#15231 = PCURVE('',#14454,#15232);
#15232 = DEFINITIONAL_REPRESENTATION('',(#15233),#15237);
#15233 = LINE('',#15234,#15235);
#15234 = CARTESIAN_POINT('',(4.712388980385,0.));
#15235 = VECTOR('',#15236,1.);
#15236 = DIRECTION('',(-0.,1.));
#15237 = ( GEOMETRIC_REPRESENTATION_CONTEXT(2) 
PARAMETRIC_REPRESENTATION_CONTEXT() REPRESENTATION_CONTEXT('2D SPACE',''
  ) );
#15238 = ADVANCED_FACE('',(#15239),#14539,.T.);
#15239 = FACE_BOUND('',#15240,.T.);
#15240 = EDGE_LOOP('',(#15241,#15242,#15243,#15244));
#15241 = ORIENTED_EDGE('',*,*,#15029,.F.);
#15242 = ORIENTED_EDGE('',*,*,#15191,.T.);
#15243 = ORIENTED_EDGE('',*,*,#14523,.T.);
#15244 = ORIENTED_EDGE('',*,*,#15245,.F.);
#15245 = EDGE_CURVE('',#15006,#14495,#15246,.T.);
#15246 = SURFACE_CURVE('',#15247,(#15251,#15258),.PCURVE_S1.);
#15247 = LINE('',#15248,#15249);
#15248 = CARTESIAN_POINT('',(44.,18.,-22.));
#15249 = VECTOR('',#15250,1.);
#15250 = DIRECTION('',(0.,0.,1.));
#15251 = PCURVE('',#14539,#15252);
#15252 = DEFINITIONAL_REPRESENTATION('',(#15253),#15257);
#15253 = LINE('',#15254,#15255);
#15254 = CARTESIAN_POINT('',(0.,83.));
#15255 = VECTOR('',#15256,1.);
#15256 = DIRECTION('',(1.,0.));
#15257 = ( GEOMETRIC_REPRESENTATION_CONTEXT(2) 
PARAMETRIC_REPRESENTATION_CONTEXT() REPRESENTATION_CONTEXT('2D SPACE',''
  ) );
#15258 = PCURVE('',#14511,#15259);
#15259 = DEFINITIONAL_REPRESENTATION('',(#15260),#15264);
#15260 = LINE('',#15261,#15262);
#15261 = CARTESIAN_POINT('',(1.570796326795,0.));
#15262 = VECTOR('',#15263,1.);
#15263 = DIRECTION('',(0.,1.));
#15264 = ( GEOMETRIC_REPRESENTATION_CONTEXT(2) 
PARAMETRIC_REPRESENTATION_CONTEXT() REPRESENTATION_CONTEXT('2D SPACE',''
  ) );
#15265 = ADVANCED_FACE('',(#15266),#14454,.T.);
#15266 = FACE_BOUND('',#15267,.T.);
#15267 = EDGE_LOOP('',(#15268,#15269,#15290,#15291));
#15268 = ORIENTED_EDGE('',*,*,#14958,.T.);
#15269 = ORIENTED_EDGE('',*,*,#15270,.T.);
#15270 = EDGE_CURVE('',#14959,#14434,#15271,.T.);
#15271 = SURFACE_CURVE('',#15272,(#15276,#15283),.PCURVE_S1.);
#15272 = LINE('',#15273,#15274);
#15273 = CARTESIAN_POINT('',(47.,-27.,-22.));
#15274 = VECTOR('',#15275,1.);
#15275 = DIRECTION('',(0.,0.,1.));
#15276 = PCURVE('',#14454,#15277);
#15277 = DEFINITIONAL_REPRESENTATION('',(#15278),#15282);
#15278 = LINE('',#15279,#15280);
#15279 = CARTESIAN_POINT('',(6.28318530718,0.));
#15280 = VECTOR('',#15281,1.);
#15281 = DIRECTION('',(-0.,1.));
#15282 = ( GEOMETRIC_REPRESENTATION_CONTEXT(2) 
PARAMETRIC_REPRESENTATION_CONTEXT() REPRESENTATION_CONTEXT('2D SPACE',''
  ) );
#15283 = PCURVE('',#14482,#15284);
#15284 = DEFINITIONAL_REPRESENTATION('',(#15285),#15289);
#15285 = LINE('',#15286,#15287);
#15286 = CARTESIAN_POINT('',(0.,-3.));
#15287 = VECTOR('',#15288,1.);
#15288 = DIRECTION('',(1.,0.));
#15289 = ( GEOMETRIC_REPRESENTATION_CONTEXT(2) 
PARAMETRIC_REPRESENTATION_CONTEXT() REPRESENTATION_CONTEXT('2D SPACE',''
  ) );
#15290 = ORIENTED_EDGE('',*,*,#14433,.T.);
#15291 = ORIENTED_EDGE('',*,*,#15218,.F.);
#15292 = ADVANCED_FACE('',(#15293),#14511,.T.);
#15293 = FACE_BOUND('',#15294,.T.);
#15294 = EDGE_LOOP('',(#15295,#15316,#15317,#15318));
#15295 = ORIENTED_EDGE('',*,*,#15296,.F.);
#15296 = EDGE_CURVE('',#14983,#14467,#15297,.T.);
#15297 = SURFACE_CURVE('',#15298,(#15302,#15309),.PCURVE_S1.);
#15298 = LINE('',#15299,#15300);
#15299 = CARTESIAN_POINT('',(47.,15.,-22.));
#15300 = VECTOR('',#15301,1.);
#15301 = DIRECTION('',(0.,0.,1.));
#15302 = PCURVE('',#14511,#15303);
#15303 = DEFINITIONAL_REPRESENTATION('',(#15304),#15308);
#15304 = LINE('',#15305,#15306);
#15305 = CARTESIAN_POINT('',(0.,0.));
#15306 = VECTOR('',#15307,1.);
#15307 = DIRECTION('',(0.,1.));
#15308 = ( GEOMETRIC_REPRESENTATION_CONTEXT(2) 
PARAMETRIC_REPRESENTATION_CONTEXT() REPRESENTATION_CONTEXT('2D SPACE',''
  ) );
#15309 = PCURVE('',#14482,#15310);
#15310 = DEFINITIONAL_REPRESENTATION('',(#15311),#15315);
#15311 = LINE('',#15312,#15313);
#15312 = CARTESIAN_POINT('',(0.,-45.));
#15313 = VECTOR('',#15314,1.);
#15314 = DIRECTION('',(1.,0.));
#15315 = ( GEOMETRIC_REPRESENTATION_CONTEXT(2) 
PARAMETRIC_REPRESENTATION_CONTEXT() REPRESENTATION_CONTEXT('2D SPACE',''
  ) );
#15316 = ORIENTED_EDGE('',*,*,#15005,.T.);
#15317 = ORIENTED_EDGE('',*,*,#15245,.T.);
#15318 = ORIENTED_EDGE('',*,*,#14494,.F.);
#15319 = ADVANCED_FACE('',(#15320),#14482,.T.);
#15320 = FACE_BOUND('',#15321,.T.);
#15321 = EDGE_LOOP('',(#15322,#15323,#15324,#15325));
#15322 = ORIENTED_EDGE('',*,*,#14466,.F.);
#15323 = ORIENTED_EDGE('',*,*,#15270,.F.);
#15324 = ORIENTED_EDGE('',*,*,#14982,.F.);
#15325 = ORIENTED_EDGE('',*,*,#15296,.T.);
#15326 = ADVANCED_FACE('',(#15327),#14596,.F.);
#15327 = FACE_BOUND('',#15328,.F.);
#15328 = EDGE_LOOP('',(#15329,#15330,#15351,#15352));
#15329 = ORIENTED_EDGE('',*,*,#14579,.F.);
#15330 = ORIENTED_EDGE('',*,*,#15331,.F.);
#15331 = EDGE_CURVE('',#15053,#14580,#15332,.T.);
#15332 = SEAM_CURVE('',#15333,(#15337,#15344),.PCURVE_S1.);
#15333 = LINE('',#15334,#15335);
#15334 = CARTESIAN_POINT('',(-31.6,-26.5,-21.2));
#15335 = VECTOR('',#15336,1.);
#15336 = DIRECTION('',(0.,0.,1.));
#15337 = PCURVE('',#14596,#15338);
#15338 = DEFINITIONAL_REPRESENTATION('',(#15339),#15343);
#15339 = LINE('',#15340,#15341);
#15340 = CARTESIAN_POINT('',(0.,-0.));
#15341 = VECTOR('',#15342,1.);
#15342 = DIRECTION('',(0.,1.));
#15343 = ( GEOMETRIC_REPRESENTATION_CONTEXT(2) 
PARAMETRIC_REPRESENTATION_CONTEXT() REPRESENTATION_CONTEXT('2D SPACE',''
  ) );
#15344 = PCURVE('',#14596,#15345);
#15345 = DEFINITIONAL_REPRESENTATION('',(#15346),#15350);
#15346 = LINE('',#15347,#15348);
#15347 = CARTESIAN_POINT('',(6.28318530718,-0.));
#15348 = VECTOR('',#15349,1.);
#15349 = DIRECTION('',(0.,1.));
#15350 = ( GEOMETRIC_REPRESENTATION_CONTEXT(2) 
PARAMETRIC_REPRESENTATION_CONTEXT() REPRESENTATION_CONTEXT('2D SPACE',''
  ) );
#15351 = ORIENTED_EDGE('',*,*,#15052,.T.);
#15352 = ORIENTED_EDGE('',*,*,#15331,.T.);
#15353 = ADVANCED_FACE('',(#15354),#14627,.T.);
#15354 = FACE_BOUND('',#15355,.T.);
#15355 = EDGE_LOOP('',(#15356,#15357,#15380,#15407));
#15356 = ORIENTED_EDGE('',*,*,#14610,.T.);
#15357 = ORIENTED_EDGE('',*,*,#15358,.T.);
#15358 = EDGE_CURVE('',#14611,#15359,#15361,.T.);
#15359 = VERTEX_POINT('',#15360);
#15360 = CARTESIAN_POINT('',(-13.2,-22.,-15.4));
#15361 = SEAM_CURVE('',#15362,(#15366,#15373),.PCURVE_S1.);
#15362 = LINE('',#15363,#15364);
#15363 = CARTESIAN_POINT('',(-13.2,-22.,-19.));
#15364 = VECTOR('',#15365,1.);
#15365 = DIRECTION('',(4.93432455389E-16,0.,1.));
#15366 = PCURVE('',#14627,#15367);
#15367 = DEFINITIONAL_REPRESENTATION('',(#15368),#15372);
#15368 = LINE('',#15369,#15370);
#15369 = CARTESIAN_POINT('',(6.28318530718,1.E-02));
#15370 = VECTOR('',#15371,1.);
#15371 = DIRECTION('',(0.,1.));
#15372 = ( GEOMETRIC_REPRESENTATION_CONTEXT(2) 
PARAMETRIC_REPRESENTATION_CONTEXT() REPRESENTATION_CONTEXT('2D SPACE',''
  ) );
#15373 = PCURVE('',#14627,#15374);
#15374 = DEFINITIONAL_REPRESENTATION('',(#15375),#15379);
#15375 = LINE('',#15376,#15377);
#15376 = CARTESIAN_POINT('',(4.138911435803E-13,1.E-02));
#15377 = VECTOR('',#15378,1.);
#15378 = DIRECTION('',(0.,1.));
#15379 = ( GEOMETRIC_REPRESENTATION_CONTEXT(2) 
PARAMETRIC_REPRESENTATION_CONTEXT() REPRESENTATION_CONTEXT('2D SPACE',''
  ) );
#15380 = ORIENTED_EDGE('',*,*,#15381,.F.);
#15381 = EDGE_CURVE('',#15359,#15359,#15382,.T.);
#15382 = SURFACE_CURVE('',#15383,(#15388,#15395),.PCURVE_S1.);
#15383 = CIRCLE('',#15384,2.8);
#15384 = AXIS2_PLACEMENT_3D('',#15385,#15386,#15387);
#15385 = CARTESIAN_POINT('',(-16.,-22.,-15.4));
#15386 = DIRECTION('',(0.,0.,1.));
#15387 = DIRECTION('',(1.,0.,-0.));
#15388 = PCURVE('',#14627,#15389);
#15389 = DEFINITIONAL_REPRESENTATION('',(#15390),#15394);
#15390 = LINE('',#15391,#15392);
#15391 = CARTESIAN_POINT('',(0.,3.61));
#15392 = VECTOR('',#15393,1.);
#15393 = DIRECTION('',(1.,0.));
#15394 = ( GEOMETRIC_REPRESENTATION_CONTEXT(2) 
PARAMETRIC_REPRESENTATION_CONTEXT() REPRESENTATION_CONTEXT('2D SPACE',''
  ) );
#15395 = PCURVE('',#15396,#15401);
#15396 = PLANE('',#15397);
#15397 = AXIS2_PLACEMENT_3D('',#15398,#15399,#15400);
#15398 = CARTESIAN_POINT('',(-16.,-22.,-15.4));
#15399 = DIRECTION('',(0.,0.,1.));
#15400 = DIRECTION('',(1.,0.,-0.));
#15401 = DEFINITIONAL_REPRESENTATION('',(#15402),#15406);
#15402 = CIRCLE('',#15403,2.8);
#15403 = AXIS2_PLACEMENT_2D('',#15404,#15405);
#15404 = CARTESIAN_POINT('',(0.,0.));
#15405 = DIRECTION('',(1.,0.));
#15406 = ( GEOMETRIC_REPRESENTATION_CONTEXT(2) 
PARAMETRIC_REPRESENTATION_CONTEXT() REPRESENTATION_CONTEXT('2D SPACE',''
  ) );
#15407 = ORIENTED_EDGE('',*,*,#15358,.F.);
#15408 = ADVANCED_FACE('',(#15409),#14658,.T.);
#15409 = FACE_BOUND('',#15410,.T.);
#15410 = EDGE_LOOP('',(#15411,#15412,#15435,#15462));
#15411 = ORIENTED_EDGE('',*,*,#14641,.T.);
#15412 = ORIENTED_EDGE('',*,*,#15413,.T.);
#15413 = EDGE_CURVE('',#14642,#15414,#15416,.T.);
#15414 = VERTEX_POINT('',#15415);
#15415 = CARTESIAN_POINT('',(20.8,-22.,-15.4));
#15416 = SEAM_CURVE('',#15417,(#15421,#15428),.PCURVE_S1.);
#15417 = LINE('',#15418,#15419);
#15418 = CARTESIAN_POINT('',(20.8,-22.,-19.));
#15419 = VECTOR('',#15420,1.);
#15420 = DIRECTION('',(0.,0.,1.));
#15421 = PCURVE('',#14658,#15422);
#15422 = DEFINITIONAL_REPRESENTATION('',(#15423),#15427);
#15423 = LINE('',#15424,#15425);
#15424 = CARTESIAN_POINT('',(6.28318530718,1.E-02));
#15425 = VECTOR('',#15426,1.);
#15426 = DIRECTION('',(0.,1.));
#15427 = ( GEOMETRIC_REPRESENTATION_CONTEXT(2) 
PARAMETRIC_REPRESENTATION_CONTEXT() REPRESENTATION_CONTEXT('2D SPACE',''
  ) );
#15428 = PCURVE('',#14658,#15429);
#15429 = DEFINITIONAL_REPRESENTATION('',(#15430),#15434);
#15430 = LINE('',#15431,#15432);
#15431 = CARTESIAN_POINT('',(4.138911435803E-13,1.E-02));
#15432 = VECTOR('',#15433,1.);
#15433 = DIRECTION('',(0.,1.));
#15434 = ( GEOMETRIC_REPRESENTATION_CONTEXT(2) 
PARAMETRIC_REPRESENTATION_CONTEXT() REPRESENTATION_CONTEXT('2D SPACE',''
  ) );
#15435 = ORIENTED_EDGE('',*,*,#15436,.F.);
#15436 = EDGE_CURVE('',#15414,#15414,#15437,.T.);
#15437 = SURFACE_CURVE('',#15438,(#15443,#15450),.PCURVE_S1.);
#15438 = CIRCLE('',#15439,2.8);
#15439 = AXIS2_PLACEMENT_3D('',#15440,#15441,#15442);
#15440 = CARTESIAN_POINT('',(18.,-22.,-15.4));
#15441 = DIRECTION('',(0.,0.,1.));
#15442 = DIRECTION('',(1.,0.,-0.));
#15443 = PCURVE('',#14658,#15444);
#15444 = DEFINITIONAL_REPRESENTATION('',(#15445),#15449);
#15445 = LINE('',#15446,#15447);
#15446 = CARTESIAN_POINT('',(0.,3.61));
#15447 = VECTOR('',#15448,1.);
#15448 = DIRECTION('',(1.,0.));
#15449 = ( GEOMETRIC_REPRESENTATION_CONTEXT(2) 
PARAMETRIC_REPRESENTATION_CONTEXT() REPRESENTATION_CONTEXT('2D SPACE',''
  ) );
#15450 = PCURVE('',#15451,#15456);
#15451 = PLANE('',#15452);
#15452 = AXIS2_PLACEMENT_3D('',#15453,#15454,#15455);
#15453 = CARTESIAN_POINT('',(18.,-22.,-15.4));
#15454 = DIRECTION('',(0.,0.,1.));
#15455 = DIRECTION('',(1.,0.,-0.));
#15456 = DEFINITIONAL_REPRESENTATION('',(#15457),#15461);
#15457 = CIRCLE('',#15458,2.8);
#15458 = AXIS2_PLACEMENT_2D('',#15459,#15460);
#15459 = CARTESIAN_POINT('',(0.,0.));
#15460 = DIRECTION('',(1.,0.));
#15461 = ( GEOMETRIC_REPRESENTATION_CONTEXT(2) 
PARAMETRIC_REPRESENTATION_CONTEXT() REPRESENTATION_CONTEXT('2D SPACE',''
  ) );
#15462 = ORIENTED_EDGE('',*,*,#15413,.F.);
#15463 = ADVANCED_FACE('',(#15464),#14689,.F.);
#15464 = FACE_BOUND('',#15465,.F.);
#15465 = EDGE_LOOP('',(#15466,#15467,#15488,#15489));
#15466 = ORIENTED_EDGE('',*,*,#14672,.F.);
#15467 = ORIENTED_EDGE('',*,*,#15468,.F.);
#15468 = EDGE_CURVE('',#15079,#14673,#15469,.T.);
#15469 = SEAM_CURVE('',#15470,(#15474,#15481),.PCURVE_S1.);
#15470 = LINE('',#15471,#15472);
#15471 = CARTESIAN_POINT('',(38.4,-26.5,-21.2));
#15472 = VECTOR('',#15473,1.);
#15473 = DIRECTION('',(0.,0.,1.));
#15474 = PCURVE('',#14689,#15475);
#15475 = DEFINITIONAL_REPRESENTATION('',(#15476),#15480);
#15476 = LINE('',#15477,#15478);
#15477 = CARTESIAN_POINT('',(0.,-0.));
#15478 = VECTOR('',#15479,1.);
#15479 = DIRECTION('',(0.,1.));
#15480 = ( GEOMETRIC_REPRESENTATION_CONTEXT(2) 
PARAMETRIC_REPRESENTATION_CONTEXT() REPRESENTATION_CONTEXT('2D SPACE',''
  ) );
#15481 = PCURVE('',#14689,#15482);
#15482 = DEFINITIONAL_REPRESENTATION('',(#15483),#15487);
#15483 = LINE('',#15484,#15485);
#15484 = CARTESIAN_POINT('',(6.28318530718,-0.));
#15485 = VECTOR('',#15486,1.);
#15486 = DIRECTION('',(0.,1.));
#15487 = ( GEOMETRIC_REPRESENTATION_CONTEXT(2) 
PARAMETRIC_REPRESENTATION_CONTEXT() REPRESENTATION_CONTEXT('2D SPACE',''
  ) );
#15488 = ORIENTED_EDGE('',*,*,#15078,.T.);
#15489 = ORIENTED_EDGE('',*,*,#15468,.T.);
#15490 = ADVANCED_FACE('',(#15491),#14720,.F.);
#15491 = FACE_BOUND('',#15492,.F.);
#15492 = EDGE_LOOP('',(#15493,#15494,#15515,#15516));
#15493 = ORIENTED_EDGE('',*,*,#14703,.F.);
#15494 = ORIENTED_EDGE('',*,*,#15495,.F.);
#15495 = EDGE_CURVE('',#15105,#14704,#15496,.T.);
#15496 = SEAM_CURVE('',#15497,(#15501,#15508),.PCURVE_S1.);
#15497 = LINE('',#15498,#15499);
#15498 = CARTESIAN_POINT('',(-31.6,14.5,-21.2));
#15499 = VECTOR('',#15500,1.);
#15500 = DIRECTION('',(0.,0.,1.));
#15501 = PCURVE('',#14720,#15502);
#15502 = DEFINITIONAL_REPRESENTATION('',(#15503),#15507);
#15503 = LINE('',#15504,#15505);
#15504 = CARTESIAN_POINT('',(0.,-0.));
#15505 = VECTOR('',#15506,1.);
#15506 = DIRECTION('',(0.,1.));
#15507 = ( GEOMETRIC_REPRESENTATION_CONTEXT(2) 
PARAMETRIC_REPRESENTATION_CONTEXT() REPRESENTATION_CONTEXT('2D SPACE',''
  ) );
#15508 = PCURVE('',#14720,#15509);
#15509 = DEFINITIONAL_REPRESENTATION('',(#15510),#15514);
#15510 = LINE('',#15511,#15512);
#15511 = CARTESIAN_POINT('',(6.28318530718,-0.));
#15512 = VECTOR('',#15513,1.);
#15513 = DIRECTION('',(0.,1.));
#15514 = ( GEOMETRIC_REPRESENTATION_CONTEXT(2) 
PARAMETRIC_REPRESENTATION_CONTEXT() REPRESENTATION_CONTEXT('2D SPACE',''
  ) );
#15515 = ORIENTED_EDGE('',*,*,#15104,.T.);
#15516 = ORIENTED_EDGE('',*,*,#15495,.T.);
#15517 = ADVANCED_FACE('',(#15518),#14751,.T.);
#15518 = FACE_BOUND('',#15519,.T.);
#15519 = EDGE_LOOP('',(#15520,#15521,#15544,#15571));
#15520 = ORIENTED_EDGE('',*,*,#14734,.T.);
#15521 = ORIENTED_EDGE('',*,*,#15522,.T.);
#15522 = EDGE_CURVE('',#14735,#15523,#15525,.T.);
#15523 = VERTEX_POINT('',#15524);
#15524 = CARTESIAN_POINT('',(-13.2,10.,-15.4));
#15525 = SEAM_CURVE('',#15526,(#15530,#15537),.PCURVE_S1.);
#15526 = LINE('',#15527,#15528);
#15527 = CARTESIAN_POINT('',(-13.2,10.,-19.));
#15528 = VECTOR('',#15529,1.);
#15529 = DIRECTION('',(0.,0.,1.));
#15530 = PCURVE('',#14751,#15531);
#15531 = DEFINITIONAL_REPRESENTATION('',(#15532),#15536);
#15532 = LINE('',#15533,#15534);
#15533 = CARTESIAN_POINT('',(6.28318530718,1.E-02));
#15534 = VECTOR('',#15535,1.);
#15535 = DIRECTION('',(0.,1.));
#15536 = ( GEOMETRIC_REPRESENTATION_CONTEXT(2) 
PARAMETRIC_REPRESENTATION_CONTEXT() REPRESENTATION_CONTEXT('2D SPACE',''
  ) );
#15537 = PCURVE('',#14751,#15538);
#15538 = DEFINITIONAL_REPRESENTATION('',(#15539),#15543);
#15539 = LINE('',#15540,#15541);
#15540 = CARTESIAN_POINT('',(4.138911435803E-13,1.E-02));
#15541 = VECTOR('',#15542,1.);
#15542 = DIRECTION('',(0.,1.));
#15543 = ( GEOMETRIC_REPRESENTATION_CONTEXT(2) 
PARAMETRIC_REPRESENTATION_CONTEXT() REPRESENTATION_CONTEXT('2D SPACE',''
  ) );
#15544 = ORIENTED_EDGE('',*,*,#15545,.F.);
#15545 = EDGE_CURVE('',#15523,#15523,#15546,.T.);
#15546 = SURFACE_CURVE('',#15547,(#15552,#15559),.PCURVE_S1.);
#15547 = CIRCLE('',#15548,2.8);
#15548 = AXIS2_PLACEMENT_3D('',#15549,#15550,#15551);
#15549 = CARTESIAN_POINT('',(-16.,10.,-15.4));
#15550 = DIRECTION('',(0.,0.,1.));
#15551 = DIRECTION('',(1.,0.,-0.));
#15552 = PCURVE('',#14751,#15553);
#15553 = DEFINITIONAL_REPRESENTATION('',(#15554),#15558);
#15554 = LINE('',#15555,#15556);
#15555 = CARTESIAN_POINT('',(0.,3.61));
#15556 = VECTOR('',#15557,1.);
#15557 = DIRECTION('',(1.,0.));
#15558 = ( GEOMETRIC_REPRESENTATION_CONTEXT(2) 
PARAMETRIC_REPRESENTATION_CONTEXT() REPRESENTATION_CONTEXT('2D SPACE',''
  ) );
#15559 = PCURVE('',#15560,#15565);
#15560 = PLANE('',#15561);
#15561 = AXIS2_PLACEMENT_3D('',#15562,#15563,#15564);
#15562 = CARTESIAN_POINT('',(-16.,10.,-15.4));
#15563 = DIRECTION('',(0.,0.,1.));
#15564 = DIRECTION('',(1.,0.,-0.));
#15565 = DEFINITIONAL_REPRESENTATION('',(#15566),#15570);
#15566 = CIRCLE('',#15567,2.8);
#15567 = AXIS2_PLACEMENT_2D('',#15568,#15569);
#15568 = CARTESIAN_POINT('',(0.,0.));
#15569 = DIRECTION('',(1.,0.));
#15570 = ( GEOMETRIC_REPRESENTATION_CONTEXT(2) 
PARAMETRIC_REPRESENTATION_CONTEXT() REPRESENTATION_CONTEXT('2D SPACE',''
  ) );
#15571 = ORIENTED_EDGE('',*,*,#15522,.F.);
#15572 = ADVANCED_FACE('',(#15573),#14782,.T.);
#15573 = FACE_BOUND('',#15574,.T.);
#15574 = EDGE_LOOP('',(#15575,#15598,#15625,#15626));
#15575 = ORIENTED_EDGE('',*,*,#15576,.T.);
#15576 = EDGE_CURVE('',#14766,#15577,#15579,.T.);
#15577 = VERTEX_POINT('',#15578);
#15578 = CARTESIAN_POINT('',(38.21,-6.,-18.));
#15579 = SEAM_CURVE('',#15580,(#15584,#15591),.PCURVE_S1.);
#15580 = LINE('',#15581,#15582);
#15581 = CARTESIAN_POINT('',(38.21,-6.,-19.6));
#15582 = VECTOR('',#15583,1.);
#15583 = DIRECTION('',(0.,0.,1.));
#15584 = PCURVE('',#14782,#15585);
#15585 = DEFINITIONAL_REPRESENTATION('',(#15586),#15590);
#15586 = LINE('',#15587,#15588);
#15587 = CARTESIAN_POINT('',(6.28318530718,0.));
#15588 = VECTOR('',#15589,1.);
#15589 = DIRECTION('',(0.,1.));
#15590 = ( GEOMETRIC_REPRESENTATION_CONTEXT(2) 
PARAMETRIC_REPRESENTATION_CONTEXT() REPRESENTATION_CONTEXT('2D SPACE',''
  ) );
#15591 = PCURVE('',#14782,#15592);
#15592 = DEFINITIONAL_REPRESENTATION('',(#15593),#15597);
#15593 = LINE('',#15594,#15595);
#15594 = CARTESIAN_POINT('',(4.138911435803E-13,0.));
#15595 = VECTOR('',#15596,1.);
#15596 = DIRECTION('',(0.,1.));
#15597 = ( GEOMETRIC_REPRESENTATION_CONTEXT(2) 
PARAMETRIC_REPRESENTATION_CONTEXT() REPRESENTATION_CONTEXT('2D SPACE',''
  ) );
#15598 = ORIENTED_EDGE('',*,*,#15599,.F.);
#15599 = EDGE_CURVE('',#15577,#15577,#15600,.T.);
#15600 = SURFACE_CURVE('',#15601,(#15606,#15613),.PCURVE_S1.);
#15601 = CIRCLE('',#15602,3.21);
#15602 = AXIS2_PLACEMENT_3D('',#15603,#15604,#15605);
#15603 = CARTESIAN_POINT('',(35.,-6.,-18.));
#15604 = DIRECTION('',(0.,0.,1.));
#15605 = DIRECTION('',(1.,0.,-0.));
#15606 = PCURVE('',#14782,#15607);
#15607 = DEFINITIONAL_REPRESENTATION('',(#15608),#15612);
#15608 = LINE('',#15609,#15610);
#15609 = CARTESIAN_POINT('',(0.,1.6));
#15610 = VECTOR('',#15611,1.);
#15611 = DIRECTION('',(1.,0.));
#15612 = ( GEOMETRIC_REPRESENTATION_CONTEXT(2) 
PARAMETRIC_REPRESENTATION_CONTEXT() REPRESENTATION_CONTEXT('2D SPACE',''
  ) );
#15613 = PCURVE('',#15614,#15619);
#15614 = PLANE('',#15615);
#15615 = AXIS2_PLACEMENT_3D('',#15616,#15617,#15618);
#15616 = CARTESIAN_POINT('',(35.,-6.,-18.));
#15617 = DIRECTION('',(0.,0.,1.));
#15618 = DIRECTION('',(1.,0.,-0.));
#15619 = DEFINITIONAL_REPRESENTATION('',(#15620),#15624);
#15620 = CIRCLE('',#15621,3.21);
#15621 = AXIS2_PLACEMENT_2D('',#15622,#15623);
#15622 = CARTESIAN_POINT('',(0.,0.));
#15623 = DIRECTION('',(1.,0.));
#15624 = ( GEOMETRIC_REPRESENTATION_CONTEXT(2) 
PARAMETRIC_REPRESENTATION_CONTEXT() REPRESENTATION_CONTEXT('2D SPACE',''
  ) );
#15625 = ORIENTED_EDGE('',*,*,#15576,.F.);
#15626 = ORIENTED_EDGE('',*,*,#14765,.T.);
#15627 = ADVANCED_FACE('',(#15628),#14813,.T.);
#15628 = FACE_BOUND('',#15629,.T.);
#15629 = EDGE_LOOP('',(#15630,#15631,#15654,#15681));
#15630 = ORIENTED_EDGE('',*,*,#14796,.T.);
#15631 = ORIENTED_EDGE('',*,*,#15632,.T.);
#15632 = EDGE_CURVE('',#14797,#15633,#15635,.T.);
#15633 = VERTEX_POINT('',#15634);
#15634 = CARTESIAN_POINT('',(20.8,10.,-15.4));
#15635 = SEAM_CURVE('',#15636,(#15640,#15647),.PCURVE_S1.);
#15636 = LINE('',#15637,#15638);
#15637 = CARTESIAN_POINT('',(20.8,10.,-19.));
#15638 = VECTOR('',#15639,1.);
#15639 = DIRECTION('',(0.,-4.93432455389E-16,1.));
#15640 = PCURVE('',#14813,#15641);
#15641 = DEFINITIONAL_REPRESENTATION('',(#15642),#15646);
#15642 = LINE('',#15643,#15644);
#15643 = CARTESIAN_POINT('',(6.28318530718,1.E-02));
#15644 = VECTOR('',#15645,1.);
#15645 = DIRECTION('',(0.,1.));
#15646 = ( GEOMETRIC_REPRESENTATION_CONTEXT(2) 
PARAMETRIC_REPRESENTATION_CONTEXT() REPRESENTATION_CONTEXT('2D SPACE',''
  ) );
#15647 = PCURVE('',#14813,#15648);
#15648 = DEFINITIONAL_REPRESENTATION('',(#15649),#15653);
#15649 = LINE('',#15650,#15651);
#15650 = CARTESIAN_POINT('',(4.138911435803E-13,1.E-02));
#15651 = VECTOR('',#15652,1.);
#15652 = DIRECTION('',(0.,1.));
#15653 = ( GEOMETRIC_REPRESENTATION_CONTEXT(2) 
PARAMETRIC_REPRESENTATION_CONTEXT() REPRESENTATION_CONTEXT('2D SPACE',''
  ) );
#15654 = ORIENTED_EDGE('',*,*,#15655,.F.);
#15655 = EDGE_CURVE('',#15633,#15633,#15656,.T.);
#15656 = SURFACE_CURVE('',#15657,(#15662,#15669),.PCURVE_S1.);
#15657 = CIRCLE('',#15658,2.8);
#15658 = AXIS2_PLACEMENT_3D('',#15659,#15660,#15661);
#15659 = CARTESIAN_POINT('',(18.,10.,-15.4));
#15660 = DIRECTION('',(0.,0.,1.));
#15661 = DIRECTION('',(1.,0.,-0.));
#15662 = PCURVE('',#14813,#15663);
#15663 = DEFINITIONAL_REPRESENTATION('',(#15664),#15668);
#15664 = LINE('',#15665,#15666);
#15665 = CARTESIAN_POINT('',(0.,3.61));
#15666 = VECTOR('',#15667,1.);
#15667 = DIRECTION('',(1.,0.));
#15668 = ( GEOMETRIC_REPRESENTATION_CONTEXT(2) 
PARAMETRIC_REPRESENTATION_CONTEXT() REPRESENTATION_CONTEXT('2D SPACE',''
  ) );
#15669 = PCURVE('',#15670,#15675);
#15670 = PLANE('',#15671);
#15671 = AXIS2_PLACEMENT_3D('',#15672,#15673,#15674);
#15672 = CARTESIAN_POINT('',(18.,10.,-15.4));
#15673 = DIRECTION('',(0.,0.,1.));
#15674 = DIRECTION('',(1.,0.,-0.));
#15675 = DEFINITIONAL_REPRESENTATION('',(#15676),#15680);
#15676 = CIRCLE('',#15677,2.8);
#15677 = AXIS2_PLACEMENT_2D('',#15678,#15679);
#15678 = CARTESIAN_POINT('',(0.,0.));
#15679 = DIRECTION('',(1.,0.));
#15680 = ( GEOMETRIC_REPRESENTATION_CONTEXT(2) 
PARAMETRIC_REPRESENTATION_CONTEXT() REPRESENTATION_CONTEXT('2D SPACE',''
  ) );
#15681 = ORIENTED_EDGE('',*,*,#15632,.F.);
#15682 = ADVANCED_FACE('',(#15683),#14844,.F.);
#15683 = FACE_BOUND('',#15684,.F.);
#15684 = EDGE_LOOP('',(#15685,#15686,#15707,#15708));
#15685 = ORIENTED_EDGE('',*,*,#14827,.F.);
#15686 = ORIENTED_EDGE('',*,*,#15687,.F.);
#15687 = EDGE_CURVE('',#15162,#14828,#15688,.T.);
#15688 = SEAM_CURVE('',#15689,(#15693,#15700),.PCURVE_S1.);
#15689 = LINE('',#15690,#15691);
#15690 = CARTESIAN_POINT('',(38.4,14.5,-21.2));
#15691 = VECTOR('',#15692,1.);
#15692 = DIRECTION('',(0.,0.,1.));
#15693 = PCURVE('',#14844,#15694);
#15694 = DEFINITIONAL_REPRESENTATION('',(#15695),#15699);
#15695 = LINE('',#15696,#15697);
#15696 = CARTESIAN_POINT('',(0.,-0.));
#15697 = VECTOR('',#15698,1.);
#15698 = DIRECTION('',(0.,1.));
#15699 = ( GEOMETRIC_REPRESENTATION_CONTEXT(2) 
PARAMETRIC_REPRESENTATION_CONTEXT() REPRESENTATION_CONTEXT('2D SPACE',''
  ) );
#15700 = PCURVE('',#14844,#15701);
#15701 = DEFINITIONAL_REPRESENTATION('',(#15702),#15706);
#15702 = LINE('',#15703,#15704);
#15703 = CARTESIAN_POINT('',(6.28318530718,-0.));
#15704 = VECTOR('',#15705,1.);
#15705 = DIRECTION('',(0.,1.));
#15706 = ( GEOMETRIC_REPRESENTATION_CONTEXT(2) 
PARAMETRIC_REPRESENTATION_CONTEXT() REPRESENTATION_CONTEXT('2D SPACE',''
  ) );
#15707 = ORIENTED_EDGE('',*,*,#15161,.T.);
#15708 = ORIENTED_EDGE('',*,*,#15687,.T.);
#15709 = ADVANCED_FACE('',(#15710),#15147,.F.);
#15710 = FACE_BOUND('',#15711,.F.);
#15711 = EDGE_LOOP('',(#15712,#15713,#15736,#15763));
#15712 = ORIENTED_EDGE('',*,*,#15130,.T.);
#15713 = ORIENTED_EDGE('',*,*,#15714,.T.);
#15714 = EDGE_CURVE('',#15131,#15715,#15717,.T.);
#15715 = VERTEX_POINT('',#15716);
#15716 = CARTESIAN_POINT('',(38.2,-6.,-19.6));
#15717 = SEAM_CURVE('',#15718,(#15722,#15729),.PCURVE_S1.);
#15718 = LINE('',#15719,#15720);
#15719 = CARTESIAN_POINT('',(38.2,-6.,-22.01));
#15720 = VECTOR('',#15721,1.);
#15721 = DIRECTION('',(0.,0.,1.));
#15722 = PCURVE('',#15147,#15723);
#15723 = DEFINITIONAL_REPRESENTATION('',(#15724),#15728);
#15724 = LINE('',#15725,#15726);
#15725 = CARTESIAN_POINT('',(6.28318530718,0.));
#15726 = VECTOR('',#15727,1.);
#15727 = DIRECTION('',(0.,1.));
#15728 = ( GEOMETRIC_REPRESENTATION_CONTEXT(2) 
PARAMETRIC_REPRESENTATION_CONTEXT() REPRESENTATION_CONTEXT('2D SPACE',''
  ) );
#15729 = PCURVE('',#15147,#15730);
#15730 = DEFINITIONAL_REPRESENTATION('',(#15731),#15735);
#15731 = LINE('',#15732,#15733);
#15732 = CARTESIAN_POINT('',(4.138911435803E-13,0.));
#15733 = VECTOR('',#15734,1.);
#15734 = DIRECTION('',(0.,1.));
#15735 = ( GEOMETRIC_REPRESENTATION_CONTEXT(2) 
PARAMETRIC_REPRESENTATION_CONTEXT() REPRESENTATION_CONTEXT('2D SPACE',''
  ) );
#15736 = ORIENTED_EDGE('',*,*,#15737,.F.);
#15737 = EDGE_CURVE('',#15715,#15715,#15738,.T.);
#15738 = SURFACE_CURVE('',#15739,(#15744,#15751),.PCURVE_S1.);
#15739 = CIRCLE('',#15740,3.2);
#15740 = AXIS2_PLACEMENT_3D('',#15741,#15742,#15743);
#15741 = CARTESIAN_POINT('',(35.,-6.,-19.6));
#15742 = DIRECTION('',(0.,0.,1.));
#15743 = DIRECTION('',(1.,0.,-0.));
#15744 = PCURVE('',#15147,#15745);
#15745 = DEFINITIONAL_REPRESENTATION('',(#15746),#15750);
#15746 = LINE('',#15747,#15748);
#15747 = CARTESIAN_POINT('',(0.,2.41));
#15748 = VECTOR('',#15749,1.);
#15749 = DIRECTION('',(1.,0.));
#15750 = ( GEOMETRIC_REPRESENTATION_CONTEXT(2) 
PARAMETRIC_REPRESENTATION_CONTEXT() REPRESENTATION_CONTEXT('2D SPACE',''
  ) );
#15751 = PCURVE('',#15752,#15757);
#15752 = PLANE('',#15753);
#15753 = AXIS2_PLACEMENT_3D('',#15754,#15755,#15756);
#15754 = CARTESIAN_POINT('',(35.,-6.,-19.6));
#15755 = DIRECTION('',(0.,0.,1.));
#15756 = DIRECTION('',(1.,0.,-0.));
#15757 = DEFINITIONAL_REPRESENTATION('',(#15758),#15762);
#15758 = CIRCLE('',#15759,3.2);
#15759 = AXIS2_PLACEMENT_2D('',#15760,#15761);
#15760 = CARTESIAN_POINT('',(0.,0.));
#15761 = DIRECTION('',(1.,0.));
#15762 = ( GEOMETRIC_REPRESENTATION_CONTEXT(2) 
PARAMETRIC_REPRESENTATION_CONTEXT() REPRESENTATION_CONTEXT('2D SPACE',''
  ) );
#15763 = ORIENTED_EDGE('',*,*,#15714,.F.);
#15764 = ADVANCED_FACE('',(#15765,#15796),#15396,.F.);
#15765 = FACE_BOUND('',#15766,.F.);
#15766 = EDGE_LOOP('',(#15767));
#15767 = ORIENTED_EDGE('',*,*,#15768,.T.);
#15768 = EDGE_CURVE('',#15769,#15769,#15771,.T.);
#15769 = VERTEX_POINT('',#15770);
#15770 = CARTESIAN_POINT('',(-12.,-22.,-15.4));
#15771 = SURFACE_CURVE('',#15772,(#15777,#15784),.PCURVE_S1.);
#15772 = CIRCLE('',#15773,4.);
#15773 = AXIS2_PLACEMENT_3D('',#15774,#15775,#15776);
#15774 = CARTESIAN_POINT('',(-16.,-22.,-15.4));
#15775 = DIRECTION('',(0.,0.,1.));
#15776 = DIRECTION('',(1.,0.,-0.));
#15777 = PCURVE('',#15396,#15778);
#15778 = DEFINITIONAL_REPRESENTATION('',(#15779),#15783);
#15779 = CIRCLE('',#15780,4.);
#15780 = AXIS2_PLACEMENT_2D('',#15781,#15782);
#15781 = CARTESIAN_POINT('',(0.,0.));
#15782 = DIRECTION('',(1.,0.));
#15783 = ( GEOMETRIC_REPRESENTATION_CONTEXT(2) 
PARAMETRIC_REPRESENTATION_CONTEXT() REPRESENTATION_CONTEXT('2D SPACE',''
  ) );
#15784 = PCURVE('',#15785,#15790);
#15785 = CYLINDRICAL_SURFACE('',#15786,4.);
#15786 = AXIS2_PLACEMENT_3D('',#15787,#15788,#15789);
#15787 = CARTESIAN_POINT('',(-16.,-22.,-15.4));
#15788 = DIRECTION('',(0.,0.,1.));
#15789 = DIRECTION('',(1.,0.,-0.));
#15790 = DEFINITIONAL_REPRESENTATION('',(#15791),#15795);
#15791 = LINE('',#15792,#15793);
#15792 = CARTESIAN_POINT('',(0.,0.));
#15793 = VECTOR('',#15794,1.);
#15794 = DIRECTION('',(1.,0.));
#15795 = ( GEOMETRIC_REPRESENTATION_CONTEXT(2) 
PARAMETRIC_REPRESENTATION_CONTEXT() REPRESENTATION_CONTEXT('2D SPACE',''
  ) );
#15796 = FACE_BOUND('',#15797,.F.);
#15797 = EDGE_LOOP('',(#15798));
#15798 = ORIENTED_EDGE('',*,*,#15381,.F.);
#15799 = ADVANCED_FACE('',(#15800,#15831),#15451,.F.);
#15800 = FACE_BOUND('',#15801,.F.);
#15801 = EDGE_LOOP('',(#15802));
#15802 = ORIENTED_EDGE('',*,*,#15803,.T.);
#15803 = EDGE_CURVE('',#15804,#15804,#15806,.T.);
#15804 = VERTEX_POINT('',#15805);
#15805 = CARTESIAN_POINT('',(22.,-22.,-15.4));
#15806 = SURFACE_CURVE('',#15807,(#15812,#15819),.PCURVE_S1.);
#15807 = CIRCLE('',#15808,4.);
#15808 = AXIS2_PLACEMENT_3D('',#15809,#15810,#15811);
#15809 = CARTESIAN_POINT('',(18.,-22.,-15.4));
#15810 = DIRECTION('',(0.,0.,1.));
#15811 = DIRECTION('',(1.,0.,-0.));
#15812 = PCURVE('',#15451,#15813);
#15813 = DEFINITIONAL_REPRESENTATION('',(#15814),#15818);
#15814 = CIRCLE('',#15815,4.);
#15815 = AXIS2_PLACEMENT_2D('',#15816,#15817);
#15816 = CARTESIAN_POINT('',(0.,0.));
#15817 = DIRECTION('',(1.,0.));
#15818 = ( GEOMETRIC_REPRESENTATION_CONTEXT(2) 
PARAMETRIC_REPRESENTATION_CONTEXT() REPRESENTATION_CONTEXT('2D SPACE',''
  ) );
#15819 = PCURVE('',#15820,#15825);
#15820 = CYLINDRICAL_SURFACE('',#15821,4.);
#15821 = AXIS2_PLACEMENT_3D('',#15822,#15823,#15824);
#15822 = CARTESIAN_POINT('',(18.,-22.,-15.4));
#15823 = DIRECTION('',(0.,0.,1.));
#15824 = DIRECTION('',(1.,0.,-0.));
#15825 = DEFINITIONAL_REPRESENTATION('',(#15826),#15830);
#15826 = LINE('',#15827,#15828);
#15827 = CARTESIAN_POINT('',(0.,0.));
#15828 = VECTOR('',#15829,1.);
#15829 = DIRECTION('',(1.,0.));
#15830 = ( GEOMETRIC_REPRESENTATION_CONTEXT(2) 
PARAMETRIC_REPRESENTATION_CONTEXT() REPRESENTATION_CONTEXT('2D SPACE',''
  ) );
#15831 = FACE_BOUND('',#15832,.F.);
#15832 = EDGE_LOOP('',(#15833));
#15833 = ORIENTED_EDGE('',*,*,#15436,.F.);
#15834 = ADVANCED_FACE('',(#15835,#15866),#15560,.F.);
#15835 = FACE_BOUND('',#15836,.F.);
#15836 = EDGE_LOOP('',(#15837));
#15837 = ORIENTED_EDGE('',*,*,#15838,.T.);
#15838 = EDGE_CURVE('',#15839,#15839,#15841,.T.);
#15839 = VERTEX_POINT('',#15840);
#15840 = CARTESIAN_POINT('',(-12.,10.,-15.4));
#15841 = SURFACE_CURVE('',#15842,(#15847,#15854),.PCURVE_S1.);
#15842 = CIRCLE('',#15843,4.);
#15843 = AXIS2_PLACEMENT_3D('',#15844,#15845,#15846);
#15844 = CARTESIAN_POINT('',(-16.,10.,-15.4));
#15845 = DIRECTION('',(0.,0.,1.));
#15846 = DIRECTION('',(1.,0.,-0.));
#15847 = PCURVE('',#15560,#15848);
#15848 = DEFINITIONAL_REPRESENTATION('',(#15849),#15853);
#15849 = CIRCLE('',#15850,4.);
#15850 = AXIS2_PLACEMENT_2D('',#15851,#15852);
#15851 = CARTESIAN_POINT('',(0.,0.));
#15852 = DIRECTION('',(1.,0.));
#15853 = ( GEOMETRIC_REPRESENTATION_CONTEXT(2) 
PARAMETRIC_REPRESENTATION_CONTEXT() REPRESENTATION_CONTEXT('2D SPACE',''
  ) );
#15854 = PCURVE('',#15855,#15860);
#15855 = CYLINDRICAL_SURFACE('',#15856,4.);
#15856 = AXIS2_PLACEMENT_3D('',#15857,#15858,#15859);
#15857 = CARTESIAN_POINT('',(-16.,10.,-15.4));
#15858 = DIRECTION('',(0.,0.,1.));
#15859 = DIRECTION('',(1.,0.,-0.));
#15860 = DEFINITIONAL_REPRESENTATION('',(#15861),#15865);
#15861 = LINE('',#15862,#15863);
#15862 = CARTESIAN_POINT('',(0.,0.));
#15863 = VECTOR('',#15864,1.);
#15864 = DIRECTION('',(1.,0.));
#15865 = ( GEOMETRIC_REPRESENTATION_CONTEXT(2) 
PARAMETRIC_REPRESENTATION_CONTEXT() REPRESENTATION_CONTEXT('2D SPACE',''
  ) );
#15866 = FACE_BOUND('',#15867,.F.);
#15867 = EDGE_LOOP('',(#15868));
#15868 = ORIENTED_EDGE('',*,*,#15545,.F.);
#15869 = ADVANCED_FACE('',(#15870,#15873),#15614,.T.);
#15870 = FACE_BOUND('',#15871,.T.);
#15871 = EDGE_LOOP('',(#15872));
#15872 = ORIENTED_EDGE('',*,*,#15599,.T.);
#15873 = FACE_BOUND('',#15874,.T.);
#15874 = EDGE_LOOP('',(#15875));
#15875 = ORIENTED_EDGE('',*,*,#15876,.F.);
#15876 = EDGE_CURVE('',#15877,#15877,#15879,.T.);
#15877 = VERTEX_POINT('',#15878);
#15878 = CARTESIAN_POINT('',(36.15,-6.,-18.));
#15879 = SURFACE_CURVE('',#15880,(#15885,#15892),.PCURVE_S1.);
#15880 = CIRCLE('',#15881,1.15);
#15881 = AXIS2_PLACEMENT_3D('',#15882,#15883,#15884);
#15882 = CARTESIAN_POINT('',(35.,-6.,-18.));
#15883 = DIRECTION('',(0.,0.,1.));
#15884 = DIRECTION('',(1.,0.,-0.));
#15885 = PCURVE('',#15614,#15886);
#15886 = DEFINITIONAL_REPRESENTATION('',(#15887),#15891);
#15887 = CIRCLE('',#15888,1.15);
#15888 = AXIS2_PLACEMENT_2D('',#15889,#15890);
#15889 = CARTESIAN_POINT('',(0.,0.));
#15890 = DIRECTION('',(1.,0.));
#15891 = ( GEOMETRIC_REPRESENTATION_CONTEXT(2) 
PARAMETRIC_REPRESENTATION_CONTEXT() REPRESENTATION_CONTEXT('2D SPACE',''
  ) );
#15892 = PCURVE('',#15893,#15898);
#15893 = CYLINDRICAL_SURFACE('',#15894,1.15);
#15894 = AXIS2_PLACEMENT_3D('',#15895,#15896,#15897);
#15895 = CARTESIAN_POINT('',(35.,-6.,-19.61));
#15896 = DIRECTION('',(0.,0.,1.));
#15897 = DIRECTION('',(1.,0.,-0.));
#15898 = DEFINITIONAL_REPRESENTATION('',(#15899),#15903);
#15899 = LINE('',#15900,#15901);
#15900 = CARTESIAN_POINT('',(0.,1.61));
#15901 = VECTOR('',#15902,1.);
#15902 = DIRECTION('',(1.,0.));
#15903 = ( GEOMETRIC_REPRESENTATION_CONTEXT(2) 
PARAMETRIC_REPRESENTATION_CONTEXT() REPRESENTATION_CONTEXT('2D SPACE',''
  ) );
#15904 = ADVANCED_FACE('',(#15905,#15936),#15670,.F.);
#15905 = FACE_BOUND('',#15906,.F.);
#15906 = EDGE_LOOP('',(#15907));
#15907 = ORIENTED_EDGE('',*,*,#15908,.T.);
#15908 = EDGE_CURVE('',#15909,#15909,#15911,.T.);
#15909 = VERTEX_POINT('',#15910);
#15910 = CARTESIAN_POINT('',(22.,10.,-15.4));
#15911 = SURFACE_CURVE('',#15912,(#15917,#15924),.PCURVE_S1.);
#15912 = CIRCLE('',#15913,4.);
#15913 = AXIS2_PLACEMENT_3D('',#15914,#15915,#15916);
#15914 = CARTESIAN_POINT('',(18.,10.,-15.4));
#15915 = DIRECTION('',(0.,0.,1.));
#15916 = DIRECTION('',(1.,0.,-0.));
#15917 = PCURVE('',#15670,#15918);
#15918 = DEFINITIONAL_REPRESENTATION('',(#15919),#15923);
#15919 = CIRCLE('',#15920,4.);
#15920 = AXIS2_PLACEMENT_2D('',#15921,#15922);
#15921 = CARTESIAN_POINT('',(0.,0.));
#15922 = DIRECTION('',(1.,0.));
#15923 = ( GEOMETRIC_REPRESENTATION_CONTEXT(2) 
PARAMETRIC_REPRESENTATION_CONTEXT() REPRESENTATION_CONTEXT('2D SPACE',''
  ) );
#15924 = PCURVE('',#15925,#15930);
#15925 = CYLINDRICAL_SURFACE('',#15926,4.);
#15926 = AXIS2_PLACEMENT_3D('',#15927,#15928,#15929);
#15927 = CARTESIAN_POINT('',(18.,10.,-15.4));
#15928 = DIRECTION('',(0.,0.,1.));
#15929 = DIRECTION('',(1.,0.,-0.));
#15930 = DEFINITIONAL_REPRESENTATION('',(#15931),#15935);
#15931 = LINE('',#15932,#15933);
#15932 = CARTESIAN_POINT('',(0.,0.));
#15933 = VECTOR('',#15934,1.);
#15934 = DIRECTION('',(1.,0.));
#15935 = ( GEOMETRIC_REPRESENTATION_CONTEXT(2) 
PARAMETRIC_REPRESENTATION_CONTEXT() REPRESENTATION_CONTEXT('2D SPACE',''
  ) );
#15936 = FACE_BOUND('',#15937,.F.);
#15937 = EDGE_LOOP('',(#15938));
#15938 = ORIENTED_EDGE('',*,*,#15655,.F.);
#15939 = ADVANCED_FACE('',(#15940,#15943),#15752,.F.);
#15940 = FACE_BOUND('',#15941,.F.);
#15941 = EDGE_LOOP('',(#15942));
#15942 = ORIENTED_EDGE('',*,*,#15737,.T.);
#15943 = FACE_BOUND('',#15944,.F.);
#15944 = EDGE_LOOP('',(#15945));
#15945 = ORIENTED_EDGE('',*,*,#15946,.F.);
#15946 = EDGE_CURVE('',#15947,#15947,#15949,.T.);
#15947 = VERTEX_POINT('',#15948);
#15948 = CARTESIAN_POINT('',(36.15,-6.,-19.6));
#15949 = SURFACE_CURVE('',#15950,(#15955,#15962),.PCURVE_S1.);
#15950 = CIRCLE('',#15951,1.15);
#15951 = AXIS2_PLACEMENT_3D('',#15952,#15953,#15954);
#15952 = CARTESIAN_POINT('',(35.,-6.,-19.6));
#15953 = DIRECTION('',(0.,0.,1.));
#15954 = DIRECTION('',(1.,0.,-0.));
#15955 = PCURVE('',#15752,#15956);
#15956 = DEFINITIONAL_REPRESENTATION('',(#15957),#15961);
#15957 = CIRCLE('',#15958,1.15);
#15958 = AXIS2_PLACEMENT_2D('',#15959,#15960);
#15959 = CARTESIAN_POINT('',(0.,0.));
#15960 = DIRECTION('',(1.,0.));
#15961 = ( GEOMETRIC_REPRESENTATION_CONTEXT(2) 
PARAMETRIC_REPRESENTATION_CONTEXT() REPRESENTATION_CONTEXT('2D SPACE',''
  ) );
#15962 = PCURVE('',#15893,#15963);
#15963 = DEFINITIONAL_REPRESENTATION('',(#15964),#15968);
#15964 = LINE('',#15965,#15966);
#15965 = CARTESIAN_POINT('',(0.,9.999999999998E-03));
#15966 = VECTOR('',#15967,1.);
#15967 = DIRECTION('',(1.,0.));
#15968 = ( GEOMETRIC_REPRESENTATION_CONTEXT(2) 
PARAMETRIC_REPRESENTATION_CONTEXT() REPRESENTATION_CONTEXT('2D SPACE',''
  ) );
#15969 = ADVANCED_FACE('',(#15970),#15785,.T.);
#15970 = FACE_BOUND('',#15971,.T.);
#15971 = EDGE_LOOP('',(#15972,#16001,#16022,#16023));
#15972 = ORIENTED_EDGE('',*,*,#15973,.F.);
#15973 = EDGE_CURVE('',#15974,#15974,#15976,.T.);
#15974 = VERTEX_POINT('',#15975);
#15975 = CARTESIAN_POINT('',(-12.,-22.,-13.9));
#15976 = SURFACE_CURVE('',#15977,(#15982,#15989),.PCURVE_S1.);
#15977 = CIRCLE('',#15978,4.);
#15978 = AXIS2_PLACEMENT_3D('',#15979,#15980,#15981);
#15979 = CARTESIAN_POINT('',(-16.,-22.,-13.9));
#15980 = DIRECTION('',(0.,0.,1.));
#15981 = DIRECTION('',(1.,0.,-0.));
#15982 = PCURVE('',#15785,#15983);
#15983 = DEFINITIONAL_REPRESENTATION('',(#15984),#15988);
#15984 = LINE('',#15985,#15986);
#15985 = CARTESIAN_POINT('',(0.,1.5));
#15986 = VECTOR('',#15987,1.);
#15987 = DIRECTION('',(1.,0.));
#15988 = ( GEOMETRIC_REPRESENTATION_CONTEXT(2) 
PARAMETRIC_REPRESENTATION_CONTEXT() REPRESENTATION_CONTEXT('2D SPACE',''
  ) );
#15989 = PCURVE('',#15990,#15995);
#15990 = PLANE('',#15991);
#15991 = AXIS2_PLACEMENT_3D('',#15992,#15993,#15994);
#15992 = CARTESIAN_POINT('',(-16.,-22.,-13.9));
#15993 = DIRECTION('',(0.,0.,1.));
#15994 = DIRECTION('',(1.,0.,-0.));
#15995 = DEFINITIONAL_REPRESENTATION('',(#15996),#16000);
#15996 = CIRCLE('',#15997,4.);
#15997 = AXIS2_PLACEMENT_2D('',#15998,#15999);
#15998 = CARTESIAN_POINT('',(0.,0.));
#15999 = DIRECTION('',(1.,0.));
#16000 = ( GEOMETRIC_REPRESENTATION_CONTEXT(2) 
PARAMETRIC_REPRESENTATION_CONTEXT() REPRESENTATION_CONTEXT('2D SPACE',''
  ) );
#16001 = ORIENTED_EDGE('',*,*,#16002,.F.);
#16002 = EDGE_CURVE('',#15769,#15974,#16003,.T.);
#16003 = SEAM_CURVE('',#16004,(#16008,#16015),.PCURVE_S1.);
#16004 = LINE('',#16005,#16006);
#16005 = CARTESIAN_POINT('',(-12.,-22.,-15.4));
#16006 = VECTOR('',#16007,1.);
#16007 = DIRECTION('',(0.,0.,1.));
#16008 = PCURVE('',#15785,#16009);
#16009 = DEFINITIONAL_REPRESENTATION('',(#16010),#16014);
#16010 = LINE('',#16011,#16012);
#16011 = CARTESIAN_POINT('',(0.,-0.));
#16012 = VECTOR('',#16013,1.);
#16013 = DIRECTION('',(0.,1.));
#16014 = ( GEOMETRIC_REPRESENTATION_CONTEXT(2) 
PARAMETRIC_REPRESENTATION_CONTEXT() REPRESENTATION_CONTEXT('2D SPACE',''
  ) );
#16015 = PCURVE('',#15785,#16016);
#16016 = DEFINITIONAL_REPRESENTATION('',(#16017),#16021);
#16017 = LINE('',#16018,#16019);
#16018 = CARTESIAN_POINT('',(6.28318530718,-0.));
#16019 = VECTOR('',#16020,1.);
#16020 = DIRECTION('',(0.,1.));
#16021 = ( GEOMETRIC_REPRESENTATION_CONTEXT(2) 
PARAMETRIC_REPRESENTATION_CONTEXT() REPRESENTATION_CONTEXT('2D SPACE',''
  ) );
#16022 = ORIENTED_EDGE('',*,*,#15768,.T.);
#16023 = ORIENTED_EDGE('',*,*,#16002,.T.);
#16024 = ADVANCED_FACE('',(#16025),#15820,.T.);
#16025 = FACE_BOUND('',#16026,.T.);
#16026 = EDGE_LOOP('',(#16027,#16056,#16077,#16078));
#16027 = ORIENTED_EDGE('',*,*,#16028,.F.);
#16028 = EDGE_CURVE('',#16029,#16029,#16031,.T.);
#16029 = VERTEX_POINT('',#16030);
#16030 = CARTESIAN_POINT('',(22.,-22.,-13.9));
#16031 = SURFACE_CURVE('',#16032,(#16037,#16044),.PCURVE_S1.);
#16032 = CIRCLE('',#16033,4.);
#16033 = AXIS2_PLACEMENT_3D('',#16034,#16035,#16036);
#16034 = CARTESIAN_POINT('',(18.,-22.,-13.9));
#16035 = DIRECTION('',(0.,0.,1.));
#16036 = DIRECTION('',(1.,0.,-0.));
#16037 = PCURVE('',#15820,#16038);
#16038 = DEFINITIONAL_REPRESENTATION('',(#16039),#16043);
#16039 = LINE('',#16040,#16041);
#16040 = CARTESIAN_POINT('',(0.,1.5));
#16041 = VECTOR('',#16042,1.);
#16042 = DIRECTION('',(1.,0.));
#16043 = ( GEOMETRIC_REPRESENTATION_CONTEXT(2) 
PARAMETRIC_REPRESENTATION_CONTEXT() REPRESENTATION_CONTEXT('2D SPACE',''
  ) );
#16044 = PCURVE('',#16045,#16050);
#16045 = PLANE('',#16046);
#16046 = AXIS2_PLACEMENT_3D('',#16047,#16048,#16049);
#16047 = CARTESIAN_POINT('',(18.,-22.,-13.9));
#16048 = DIRECTION('',(0.,0.,1.));
#16049 = DIRECTION('',(1.,0.,-0.));
#16050 = DEFINITIONAL_REPRESENTATION('',(#16051),#16055);
#16051 = CIRCLE('',#16052,4.);
#16052 = AXIS2_PLACEMENT_2D('',#16053,#16054);
#16053 = CARTESIAN_POINT('',(0.,0.));
#16054 = DIRECTION('',(1.,0.));
#16055 = ( GEOMETRIC_REPRESENTATION_CONTEXT(2) 
PARAMETRIC_REPRESENTATION_CONTEXT() REPRESENTATION_CONTEXT('2D SPACE',''
  ) );
#16056 = ORIENTED_EDGE('',*,*,#16057,.F.);
#16057 = EDGE_CURVE('',#15804,#16029,#16058,.T.);
#16058 = SEAM_CURVE('',#16059,(#16063,#16070),.PCURVE_S1.);
#16059 = LINE('',#16060,#16061);
#16060 = CARTESIAN_POINT('',(22.,-22.,-15.4));
#16061 = VECTOR('',#16062,1.);
#16062 = DIRECTION('',(0.,0.,1.));
#16063 = PCURVE('',#15820,#16064);
#16064 = DEFINITIONAL_REPRESENTATION('',(#16065),#16069);
#16065 = LINE('',#16066,#16067);
#16066 = CARTESIAN_POINT('',(0.,-0.));
#16067 = VECTOR('',#16068,1.);
#16068 = DIRECTION('',(0.,1.));
#16069 = ( GEOMETRIC_REPRESENTATION_CONTEXT(2) 
PARAMETRIC_REPRESENTATION_CONTEXT() REPRESENTATION_CONTEXT('2D SPACE',''
  ) );
#16070 = PCURVE('',#15820,#16071);
#16071 = DEFINITIONAL_REPRESENTATION('',(#16072),#16076);
#16072 = LINE('',#16073,#16074);
#16073 = CARTESIAN_POINT('',(6.28318530718,-0.));
#16074 = VECTOR('',#16075,1.);
#16075 = DIRECTION('',(0.,1.));
#16076 = ( GEOMETRIC_REPRESENTATION_CONTEXT(2) 
PARAMETRIC_REPRESENTATION_CONTEXT() REPRESENTATION_CONTEXT('2D SPACE',''
  ) );
#16077 = ORIENTED_EDGE('',*,*,#15803,.T.);
#16078 = ORIENTED_EDGE('',*,*,#16057,.T.);
#16079 = ADVANCED_FACE('',(#16080),#15855,.T.);
#16080 = FACE_BOUND('',#16081,.T.);
#16081 = EDGE_LOOP('',(#16082,#16111,#16132,#16133));
#16082 = ORIENTED_EDGE('',*,*,#16083,.F.);
#16083 = EDGE_CURVE('',#16084,#16084,#16086,.T.);
#16084 = VERTEX_POINT('',#16085);
#16085 = CARTESIAN_POINT('',(-12.,10.,-13.9));
#16086 = SURFACE_CURVE('',#16087,(#16092,#16099),.PCURVE_S1.);
#16087 = CIRCLE('',#16088,4.);
#16088 = AXIS2_PLACEMENT_3D('',#16089,#16090,#16091);
#16089 = CARTESIAN_POINT('',(-16.,10.,-13.9));
#16090 = DIRECTION('',(0.,0.,1.));
#16091 = DIRECTION('',(1.,0.,-0.));
#16092 = PCURVE('',#15855,#16093);
#16093 = DEFINITIONAL_REPRESENTATION('',(#16094),#16098);
#16094 = LINE('',#16095,#16096);
#16095 = CARTESIAN_POINT('',(0.,1.5));
#16096 = VECTOR('',#16097,1.);
#16097 = DIRECTION('',(1.,0.));
#16098 = ( GEOMETRIC_REPRESENTATION_CONTEXT(2) 
PARAMETRIC_REPRESENTATION_CONTEXT() REPRESENTATION_CONTEXT('2D SPACE',''
  ) );
#16099 = PCURVE('',#16100,#16105);
#16100 = PLANE('',#16101);
#16101 = AXIS2_PLACEMENT_3D('',#16102,#16103,#16104);
#16102 = CARTESIAN_POINT('',(-16.,10.,-13.9));
#16103 = DIRECTION('',(0.,0.,1.));
#16104 = DIRECTION('',(1.,0.,-0.));
#16105 = DEFINITIONAL_REPRESENTATION('',(#16106),#16110);
#16106 = CIRCLE('',#16107,4.);
#16107 = AXIS2_PLACEMENT_2D('',#16108,#16109);
#16108 = CARTESIAN_POINT('',(0.,0.));
#16109 = DIRECTION('',(1.,0.));
#16110 = ( GEOMETRIC_REPRESENTATION_CONTEXT(2) 
PARAMETRIC_REPRESENTATION_CONTEXT() REPRESENTATION_CONTEXT('2D SPACE',''
  ) );
#16111 = ORIENTED_EDGE('',*,*,#16112,.F.);
#16112 = EDGE_CURVE('',#15839,#16084,#16113,.T.);
#16113 = SEAM_CURVE('',#16114,(#16118,#16125),.PCURVE_S1.);
#16114 = LINE('',#16115,#16116);
#16115 = CARTESIAN_POINT('',(-12.,10.,-15.4));
#16116 = VECTOR('',#16117,1.);
#16117 = DIRECTION('',(0.,0.,1.));
#16118 = PCURVE('',#15855,#16119);
#16119 = DEFINITIONAL_REPRESENTATION('',(#16120),#16124);
#16120 = LINE('',#16121,#16122);
#16121 = CARTESIAN_POINT('',(0.,-0.));
#16122 = VECTOR('',#16123,1.);
#16123 = DIRECTION('',(0.,1.));
#16124 = ( GEOMETRIC_REPRESENTATION_CONTEXT(2) 
PARAMETRIC_REPRESENTATION_CONTEXT() REPRESENTATION_CONTEXT('2D SPACE',''
  ) );
#16125 = PCURVE('',#15855,#16126);
#16126 = DEFINITIONAL_REPRESENTATION('',(#16127),#16131);
#16127 = LINE('',#16128,#16129);
#16128 = CARTESIAN_POINT('',(6.28318530718,-0.));
#16129 = VECTOR('',#16130,1.);
#16130 = DIRECTION('',(0.,1.));
#16131 = ( GEOMETRIC_REPRESENTATION_CONTEXT(2) 
PARAMETRIC_REPRESENTATION_CONTEXT() REPRESENTATION_CONTEXT('2D SPACE',''
  ) );
#16132 = ORIENTED_EDGE('',*,*,#15838,.T.);
#16133 = ORIENTED_EDGE('',*,*,#16112,.T.);
#16134 = ADVANCED_FACE('',(#16135),#15893,.F.);
#16135 = FACE_BOUND('',#16136,.F.);
#16136 = EDGE_LOOP('',(#16137,#16138,#16159,#16160));
#16137 = ORIENTED_EDGE('',*,*,#15876,.F.);
#16138 = ORIENTED_EDGE('',*,*,#16139,.F.);
#16139 = EDGE_CURVE('',#15947,#15877,#16140,.T.);
#16140 = SEAM_CURVE('',#16141,(#16145,#16152),.PCURVE_S1.);
#16141 = LINE('',#16142,#16143);
#16142 = CARTESIAN_POINT('',(36.15,-6.,-19.61));
#16143 = VECTOR('',#16144,1.);
#16144 = DIRECTION('',(0.,0.,1.));
#16145 = PCURVE('',#15893,#16146);
#16146 = DEFINITIONAL_REPRESENTATION('',(#16147),#16151);
#16147 = LINE('',#16148,#16149);
#16148 = CARTESIAN_POINT('',(0.,-0.));
#16149 = VECTOR('',#16150,1.);
#16150 = DIRECTION('',(0.,1.));
#16151 = ( GEOMETRIC_REPRESENTATION_CONTEXT(2) 
PARAMETRIC_REPRESENTATION_CONTEXT() REPRESENTATION_CONTEXT('2D SPACE',''
  ) );
#16152 = PCURVE('',#15893,#16153);
#16153 = DEFINITIONAL_REPRESENTATION('',(#16154),#16158);
#16154 = LINE('',#16155,#16156);
#16155 = CARTESIAN_POINT('',(6.28318530718,-0.));
#16156 = VECTOR('',#16157,1.);
#16157 = DIRECTION('',(0.,1.));
#16158 = ( GEOMETRIC_REPRESENTATION_CONTEXT(2) 
PARAMETRIC_REPRESENTATION_CONTEXT() REPRESENTATION_CONTEXT('2D SPACE',''
  ) );
#16159 = ORIENTED_EDGE('',*,*,#15946,.T.);
#16160 = ORIENTED_EDGE('',*,*,#16139,.T.);
#16161 = ADVANCED_FACE('',(#16162),#15925,.T.);
#16162 = FACE_BOUND('',#16163,.T.);
#16163 = EDGE_LOOP('',(#16164,#16193,#16214,#16215));
#16164 = ORIENTED_EDGE('',*,*,#16165,.F.);
#16165 = EDGE_CURVE('',#16166,#16166,#16168,.T.);
#16166 = VERTEX_POINT('',#16167);
#16167 = CARTESIAN_POINT('',(22.,10.,-13.9));
#16168 = SURFACE_CURVE('',#16169,(#16174,#16181),.PCURVE_S1.);
#16169 = CIRCLE('',#16170,4.);
#16170 = AXIS2_PLACEMENT_3D('',#16171,#16172,#16173);
#16171 = CARTESIAN_POINT('',(18.,10.,-13.9));
#16172 = DIRECTION('',(0.,0.,1.));
#16173 = DIRECTION('',(1.,0.,-0.));
#16174 = PCURVE('',#15925,#16175);
#16175 = DEFINITIONAL_REPRESENTATION('',(#16176),#16180);
#16176 = LINE('',#16177,#16178);
#16177 = CARTESIAN_POINT('',(0.,1.5));
#16178 = VECTOR('',#16179,1.);
#16179 = DIRECTION('',(1.,0.));
#16180 = ( GEOMETRIC_REPRESENTATION_CONTEXT(2) 
PARAMETRIC_REPRESENTATION_CONTEXT() REPRESENTATION_CONTEXT('2D SPACE',''
  ) );
#16181 = PCURVE('',#16182,#16187);
#16182 = PLANE('',#16183);
#16183 = AXIS2_PLACEMENT_3D('',#16184,#16185,#16186);
#16184 = CARTESIAN_POINT('',(18.,10.,-13.9));
#16185 = DIRECTION('',(0.,0.,1.));
#16186 = DIRECTION('',(1.,0.,-0.));
#16187 = DEFINITIONAL_REPRESENTATION('',(#16188),#16192);
#16188 = CIRCLE('',#16189,4.);
#16189 = AXIS2_PLACEMENT_2D('',#16190,#16191);
#16190 = CARTESIAN_POINT('',(0.,0.));
#16191 = DIRECTION('',(1.,0.));
#16192 = ( GEOMETRIC_REPRESENTATION_CONTEXT(2) 
PARAMETRIC_REPRESENTATION_CONTEXT() REPRESENTATION_CONTEXT('2D SPACE',''
  ) );
#16193 = ORIENTED_EDGE('',*,*,#16194,.F.);
#16194 = EDGE_CURVE('',#15909,#16166,#16195,.T.);
#16195 = SEAM_CURVE('',#16196,(#16200,#16207),.PCURVE_S1.);
#16196 = LINE('',#16197,#16198);
#16197 = CARTESIAN_POINT('',(22.,10.,-15.4));
#16198 = VECTOR('',#16199,1.);
#16199 = DIRECTION('',(0.,0.,1.));
#16200 = PCURVE('',#15925,#16201);
#16201 = DEFINITIONAL_REPRESENTATION('',(#16202),#16206);
#16202 = LINE('',#16203,#16204);
#16203 = CARTESIAN_POINT('',(0.,-0.));
#16204 = VECTOR('',#16205,1.);
#16205 = DIRECTION('',(0.,1.));
#16206 = ( GEOMETRIC_REPRESENTATION_CONTEXT(2) 
PARAMETRIC_REPRESENTATION_CONTEXT() REPRESENTATION_CONTEXT('2D SPACE',''
  ) );
#16207 = PCURVE('',#15925,#16208);
#16208 = DEFINITIONAL_REPRESENTATION('',(#16209),#16213);
#16209 = LINE('',#16210,#16211);
#16210 = CARTESIAN_POINT('',(6.28318530718,-0.));
#16211 = VECTOR('',#16212,1.);
#16212 = DIRECTION('',(0.,1.));
#16213 = ( GEOMETRIC_REPRESENTATION_CONTEXT(2) 
PARAMETRIC_REPRESENTATION_CONTEXT() REPRESENTATION_CONTEXT('2D SPACE',''
  ) );
#16214 = ORIENTED_EDGE('',*,*,#15908,.T.);
#16215 = ORIENTED_EDGE('',*,*,#16194,.T.);
#16216 = ADVANCED_FACE('',(#16217),#15990,.T.);
#16217 = FACE_BOUND('',#16218,.T.);
#16218 = EDGE_LOOP('',(#16219));
#16219 = ORIENTED_EDGE('',*,*,#15973,.T.);
#16220 = ADVANCED_FACE('',(#16221),#16045,.T.);
#16221 = FACE_BOUND('',#16222,.T.);
#16222 = EDGE_LOOP('',(#16223));
#16223 = ORIENTED_EDGE('',*,*,#16028,.T.);
#16224 = ADVANCED_FACE('',(#16225),#16100,.T.);
#16225 = FACE_BOUND('',#16226,.T.);
#16226 = EDGE_LOOP('',(#16227));
#16227 = ORIENTED_EDGE('',*,*,#16083,.T.);
#16228 = ADVANCED_FACE('',(#16229),#16182,.T.);
#16229 = FACE_BOUND('',#16230,.T.);
#16230 = EDGE_LOOP('',(#16231));
#16231 = ORIENTED_EDGE('',*,*,#16165,.T.);
#16232 = ( GEOMETRIC_REPRESENTATION_CONTEXT(3) 
GLOBAL_UNCERTAINTY_ASSIGNED_CONTEXT((#16236)) 
GLOBAL_UNIT_ASSIGNED_CONTEXT((#16233,#16234,#16235)) 
REPRESENTATION_CONTEXT('Context #1',
  '3D Context with UNIT and UNCERTAINTY') );
#16233 = ( LENGTH_UNIT() NAMED_UNIT(*) SI_UNIT(.MILLI.,.METRE.) );
#16234 = ( NAMED_UNIT(*) PLANE_ANGLE_UNIT() SI_UNIT($,.RADIAN.) );
#16235 = ( NAMED_UNIT(*) SI_UNIT($,.STERADIAN.) SOLID_ANGLE_UNIT() );
#16236 = UNCERTAINTY_MEASURE_WITH_UNIT(LENGTH_MEASURE(1.E-07),#16233,
  'distance_accuracy_value','confusion accuracy');
#16237 = CONTEXT_DEPENDENT_SHAPE_REPRESENTATION(#16238,#16240);
#16238 = ( REPRESENTATION_RELATIONSHIP('','',#14253,#10) 
REPRESENTATION_RELATIONSHIP_WITH_TRANSFORMATION(#16239) 
SHAPE_REPRESENTATION_RELATIONSHIP() );
#16239 = ITEM_DEFINED_TRANSFORMATION('','',#11,#23);
#16240 = PRODUCT_DEFINITION_SHAPE('Placement','Placement of an item',
  #16241);
#16241 = NEXT_ASSEMBLY_USAGE_OCCURRENCE('18','holder','',#5,#14248,$);
#16242 = PRODUCT_RELATED_PRODUCT_CATEGORY('part',$,(#14250));
#16243 = SHAPE_DEFINITION_REPRESENTATION(#16244,#16250);
#16244 = PRODUCT_DEFINITION_SHAPE('','',#16245);
#16245 = PRODUCT_DEFINITION('design','',#16246,#16249);
#16246 = PRODUCT_DEFINITION_FORMATION('','',#16247);
#16247 = PRODUCT('contact_layer','contact_layer','',(#16248));
#16248 = PRODUCT_CONTEXT('',#2,'mechanical');
#16249 = PRODUCT_DEFINITION_CONTEXT('part definition',#2,'design');
#16250 = ADVANCED_BREP_SHAPE_REPRESENTATION('',(#11,#16251),#17133);
#16251 = MANIFOLD_SOLID_BREP('',#16252);
#16252 = CLOSED_SHELL('',(#16253,#16373,#16720,#16774,#16948,#16975,
    #17002,#17029,#17056,#17083,#17090,#17094,#17098,#17102,#17129));
#16253 = ADVANCED_FACE('',(#16254),#16268,.F.);
#16254 = FACE_BOUND('',#16255,.F.);
#16255 = EDGE_LOOP('',(#16256,#16291,#16319,#16347));
#16256 = ORIENTED_EDGE('',*,*,#16257,.T.);
#16257 = EDGE_CURVE('',#16258,#16260,#16262,.T.);
#16258 = VERTEX_POINT('',#16259);
#16259 = CARTESIAN_POINT('',(-39.,15.,-21.2));
#16260 = VERTEX_POINT('',#16261);
#16261 = CARTESIAN_POINT('',(-39.,-27.,-21.2));
#16262 = SURFACE_CURVE('',#16263,(#16267,#16279),.PCURVE_S1.);
#16263 = LINE('',#16264,#16265);
#16264 = CARTESIAN_POINT('',(-39.,-30.5,-21.2));
#16265 = VECTOR('',#16266,1.);
#16266 = DIRECTION('',(0.,-1.,0.));
#16267 = PCURVE('',#16268,#16273);
#16268 = PLANE('',#16269);
#16269 = AXIS2_PLACEMENT_3D('',#16270,#16271,#16272);
#16270 = CARTESIAN_POINT('',(-39.,-30.,-22.));
#16271 = DIRECTION('',(1.,0.,0.));
#16272 = DIRECTION('',(0.,0.,1.));
#16273 = DEFINITIONAL_REPRESENTATION('',(#16274),#16278);
#16274 = LINE('',#16275,#16276);
#16275 = CARTESIAN_POINT('',(0.8,0.5));
#16276 = VECTOR('',#16277,1.);
#16277 = DIRECTION('',(0.,1.));
#16278 = ( GEOMETRIC_REPRESENTATION_CONTEXT(2) 
PARAMETRIC_REPRESENTATION_CONTEXT() REPRESENTATION_CONTEXT('2D SPACE',''
  ) );
#16279 = PCURVE('',#16280,#16285);
#16280 = PLANE('',#16281);
#16281 = AXIS2_PLACEMENT_3D('',#16282,#16283,#16284);
#16282 = CARTESIAN_POINT('',(-40.,-31.,-21.2));
#16283 = DIRECTION('',(0.,0.,1.));
#16284 = DIRECTION('',(1.,0.,-0.));
#16285 = DEFINITIONAL_REPRESENTATION('',(#16286),#16290);
#16286 = LINE('',#16287,#16288);
#16287 = CARTESIAN_POINT('',(1.,0.5));
#16288 = VECTOR('',#16289,1.);
#16289 = DIRECTION('',(0.,-1.));
#16290 = ( GEOMETRIC_REPRESENTATION_CONTEXT(2) 
PARAMETRIC_REPRESENTATION_CONTEXT() REPRESENTATION_CONTEXT('2D SPACE',''
  ) );
#16291 = ORIENTED_EDGE('',*,*,#16292,.F.);
#16292 = EDGE_CURVE('',#16293,#16260,#16295,.T.);
#16293 = VERTEX_POINT('',#16294);
#16294 = CARTESIAN_POINT('',(-39.,-27.,-22.));
#16295 = SURFACE_CURVE('',#16296,(#16300,#16307),.PCURVE_S1.);
#16296 = LINE('',#16297,#16298);
#16297 = CARTESIAN_POINT('',(-39.,-27.,-22.));
#16298 = VECTOR('',#16299,1.);
#16299 = DIRECTION('',(0.,0.,1.));
#16300 = PCURVE('',#16268,#16301);
#16301 = DEFINITIONAL_REPRESENTATION('',(#16302),#16306);
#16302 = LINE('',#16303,#16304);
#16303 = CARTESIAN_POINT('',(0.,-3.));
#16304 = VECTOR('',#16305,1.);
#16305 = DIRECTION('',(1.,0.));
#16306 = ( GEOMETRIC_REPRESENTATION_CONTEXT(2) 
PARAMETRIC_REPRESENTATION_CONTEXT() REPRESENTATION_CONTEXT('2D SPACE',''
  ) );
#16307 = PCURVE('',#16308,#16313);
#16308 = CYLINDRICAL_SURFACE('',#16309,3.);
#16309 = AXIS2_PLACEMENT_3D('',#16310,#16311,#16312);
#16310 = CARTESIAN_POINT('',(-36.,-27.,-22.));
#16311 = DIRECTION('',(0.,0.,1.));
#16312 = DIRECTION('',(-1.,-0.,0.));
#16313 = DEFINITIONAL_REPRESENTATION('',(#16314),#16318);
#16314 = LINE('',#16315,#16316);
#16315 = CARTESIAN_POINT('',(0.,0.));
#16316 = VECTOR('',#16317,1.);
#16317 = DIRECTION('',(0.,1.));
#16318 = ( GEOMETRIC_REPRESENTATION_CONTEXT(2) 
PARAMETRIC_REPRESENTATION_CONTEXT() REPRESENTATION_CONTEXT('2D SPACE',''
  ) );
#16319 = ORIENTED_EDGE('',*,*,#16320,.T.);
#16320 = EDGE_CURVE('',#16293,#16321,#16323,.T.);
#16321 = VERTEX_POINT('',#16322);
#16322 = CARTESIAN_POINT('',(-39.,15.,-22.));
#16323 = SURFACE_CURVE('',#16324,(#16328,#16335),.PCURVE_S1.);
#16324 = LINE('',#16325,#16326);
#16325 = CARTESIAN_POINT('',(-39.,-30.,-22.));
#16326 = VECTOR('',#16327,1.);
#16327 = DIRECTION('',(0.,1.,0.));
#16328 = PCURVE('',#16268,#16329);
#16329 = DEFINITIONAL_REPRESENTATION('',(#16330),#16334);
#16330 = LINE('',#16331,#16332);
#16331 = CARTESIAN_POINT('',(0.,0.));
#16332 = VECTOR('',#16333,1.);
#16333 = DIRECTION('',(0.,-1.));
#16334 = ( GEOMETRIC_REPRESENTATION_CONTEXT(2) 
PARAMETRIC_REPRESENTATION_CONTEXT() REPRESENTATION_CONTEXT('2D SPACE',''
  ) );
#16335 = PCURVE('',#16336,#16341);
#16336 = PLANE('',#16337);
#16337 = AXIS2_PLACEMENT_3D('',#16338,#16339,#16340);
#16338 = CARTESIAN_POINT('',(-39.,-30.,-22.));
#16339 = DIRECTION('',(0.,0.,1.));
#16340 = DIRECTION('',(1.,0.,-0.));
#16341 = DEFINITIONAL_REPRESENTATION('',(#16342),#16346);
#16342 = LINE('',#16343,#16344);
#16343 = CARTESIAN_POINT('',(0.,0.));
#16344 = VECTOR('',#16345,1.);
#16345 = DIRECTION('',(0.,1.));
#16346 = ( GEOMETRIC_REPRESENTATION_CONTEXT(2) 
PARAMETRIC_REPRESENTATION_CONTEXT() REPRESENTATION_CONTEXT('2D SPACE',''
  ) );
#16347 = ORIENTED_EDGE('',*,*,#16348,.T.);
#16348 = EDGE_CURVE('',#16321,#16258,#16349,.T.);
#16349 = SURFACE_CURVE('',#16350,(#16354,#16361),.PCURVE_S1.);
#16350 = LINE('',#16351,#16352);
#16351 = CARTESIAN_POINT('',(-39.,15.,-22.));
#16352 = VECTOR('',#16353,1.);
#16353 = DIRECTION('',(0.,0.,1.));
#16354 = PCURVE('',#16268,#16355);
#16355 = DEFINITIONAL_REPRESENTATION('',(#16356),#16360);
#16356 = LINE('',#16357,#16358);
#16357 = CARTESIAN_POINT('',(0.,-45.));
#16358 = VECTOR('',#16359,1.);
#16359 = DIRECTION('',(1.,0.));
#16360 = ( GEOMETRIC_REPRESENTATION_CONTEXT(2) 
PARAMETRIC_REPRESENTATION_CONTEXT() REPRESENTATION_CONTEXT('2D SPACE',''
  ) );
#16361 = PCURVE('',#16362,#16367);
#16362 = CYLINDRICAL_SURFACE('',#16363,3.);
#16363 = AXIS2_PLACEMENT_3D('',#16364,#16365,#16366);
#16364 = CARTESIAN_POINT('',(-36.,15.,-22.));
#16365 = DIRECTION('',(0.,0.,1.));
#16366 = DIRECTION('',(-1.,-0.,0.));
#16367 = DEFINITIONAL_REPRESENTATION('',(#16368),#16372);
#16368 = LINE('',#16369,#16370);
#16369 = CARTESIAN_POINT('',(6.28318530718,0.));
#16370 = VECTOR('',#16371,1.);
#16371 = DIRECTION('',(-0.,1.));
#16372 = ( GEOMETRIC_REPRESENTATION_CONTEXT(2) 
PARAMETRIC_REPRESENTATION_CONTEXT() REPRESENTATION_CONTEXT('2D SPACE',''
  ) );
#16373 = ADVANCED_FACE('',(#16374,#16565,#16596,#16627,#16658,#16689),
  #16280,.T.);
#16374 = FACE_BOUND('',#16375,.T.);
#16375 = EDGE_LOOP('',(#16376,#16400,#16401,#16425,#16453,#16482,#16510,
    #16539));
#16376 = ORIENTED_EDGE('',*,*,#16377,.T.);
#16377 = EDGE_CURVE('',#16378,#16258,#16380,.T.);
#16378 = VERTEX_POINT('',#16379);
#16379 = CARTESIAN_POINT('',(-36.,18.,-21.2));
#16380 = SURFACE_CURVE('',#16381,(#16386,#16393),.PCURVE_S1.);
#16381 = CIRCLE('',#16382,3.);
#16382 = AXIS2_PLACEMENT_3D('',#16383,#16384,#16385);
#16383 = CARTESIAN_POINT('',(-36.,15.,-21.2));
#16384 = DIRECTION('',(0.,0.,1.));
#16385 = DIRECTION('',(-1.,-0.,0.));
#16386 = PCURVE('',#16280,#16387);
#16387 = DEFINITIONAL_REPRESENTATION('',(#16388),#16392);
#16388 = CIRCLE('',#16389,3.);
#16389 = AXIS2_PLACEMENT_2D('',#16390,#16391);
#16390 = CARTESIAN_POINT('',(4.,46.));
#16391 = DIRECTION('',(-1.,0.));
#16392 = ( GEOMETRIC_REPRESENTATION_CONTEXT(2) 
PARAMETRIC_REPRESENTATION_CONTEXT() REPRESENTATION_CONTEXT('2D SPACE',''
  ) );
#16393 = PCURVE('',#16362,#16394);
#16394 = DEFINITIONAL_REPRESENTATION('',(#16395),#16399);
#16395 = LINE('',#16396,#16397);
#16396 = CARTESIAN_POINT('',(0.,0.8));
#16397 = VECTOR('',#16398,1.);
#16398 = DIRECTION('',(1.,0.));
#16399 = ( GEOMETRIC_REPRESENTATION_CONTEXT(2) 
PARAMETRIC_REPRESENTATION_CONTEXT() REPRESENTATION_CONTEXT('2D SPACE',''
  ) );
#16400 = ORIENTED_EDGE('',*,*,#16257,.T.);
#16401 = ORIENTED_EDGE('',*,*,#16402,.T.);
#16402 = EDGE_CURVE('',#16260,#16403,#16405,.T.);
#16403 = VERTEX_POINT('',#16404);
#16404 = CARTESIAN_POINT('',(-36.,-30.,-21.2));
#16405 = SURFACE_CURVE('',#16406,(#16411,#16418),.PCURVE_S1.);
#16406 = CIRCLE('',#16407,3.);
#16407 = AXIS2_PLACEMENT_3D('',#16408,#16409,#16410);
#16408 = CARTESIAN_POINT('',(-36.,-27.,-21.2));
#16409 = DIRECTION('',(0.,0.,1.));
#16410 = DIRECTION('',(-1.,-0.,0.));
#16411 = PCURVE('',#16280,#16412);
#16412 = DEFINITIONAL_REPRESENTATION('',(#16413),#16417);
#16413 = CIRCLE('',#16414,3.);
#16414 = AXIS2_PLACEMENT_2D('',#16415,#16416);
#16415 = CARTESIAN_POINT('',(4.,4.));
#16416 = DIRECTION('',(-1.,0.));
#16417 = ( GEOMETRIC_REPRESENTATION_CONTEXT(2) 
PARAMETRIC_REPRESENTATION_CONTEXT() REPRESENTATION_CONTEXT('2D SPACE',''
  ) );
#16418 = PCURVE('',#16308,#16419);
#16419 = DEFINITIONAL_REPRESENTATION('',(#16420),#16424);
#16420 = LINE('',#16421,#16422);
#16421 = CARTESIAN_POINT('',(0.,0.8));
#16422 = VECTOR('',#16423,1.);
#16423 = DIRECTION('',(1.,0.));
#16424 = ( GEOMETRIC_REPRESENTATION_CONTEXT(2) 
PARAMETRIC_REPRESENTATION_CONTEXT() REPRESENTATION_CONTEXT('2D SPACE',''
  ) );
#16425 = ORIENTED_EDGE('',*,*,#16426,.T.);
#16426 = EDGE_CURVE('',#16403,#16427,#16429,.T.);
#16427 = VERTEX_POINT('',#16428);
#16428 = CARTESIAN_POINT('',(44.,-30.,-21.2));
#16429 = SURFACE_CURVE('',#16430,(#16434,#16441),.PCURVE_S1.);
#16430 = LINE('',#16431,#16432);
#16431 = CARTESIAN_POINT('',(-39.5,-30.,-21.2));
#16432 = VECTOR('',#16433,1.);
#16433 = DIRECTION('',(1.,0.,0.));
#16434 = PCURVE('',#16280,#16435);
#16435 = DEFINITIONAL_REPRESENTATION('',(#16436),#16440);
#16436 = LINE('',#16437,#16438);
#16437 = CARTESIAN_POINT('',(0.5,1.));
#16438 = VECTOR('',#16439,1.);
#16439 = DIRECTION('',(1.,0.));
#16440 = ( GEOMETRIC_REPRESENTATION_CONTEXT(2) 
PARAMETRIC_REPRESENTATION_CONTEXT() REPRESENTATION_CONTEXT('2D SPACE',''
  ) );
#16441 = PCURVE('',#16442,#16447);
#16442 = PLANE('',#16443);
#16443 = AXIS2_PLACEMENT_3D('',#16444,#16445,#16446);
#16444 = CARTESIAN_POINT('',(-39.,-30.,-22.));
#16445 = DIRECTION('',(0.,1.,0.));
#16446 = DIRECTION('',(0.,-0.,1.));
#16447 = DEFINITIONAL_REPRESENTATION('',(#16448),#16452);
#16448 = LINE('',#16449,#16450);
#16449 = CARTESIAN_POINT('',(0.8,-0.5));
#16450 = VECTOR('',#16451,1.);
#16451 = DIRECTION('',(0.,1.));
#16452 = ( GEOMETRIC_REPRESENTATION_CONTEXT(2) 
PARAMETRIC_REPRESENTATION_CONTEXT() REPRESENTATION_CONTEXT('2D SPACE',''
  ) );
#16453 = ORIENTED_EDGE('',*,*,#16454,.T.);
#16454 = EDGE_CURVE('',#16427,#16455,#16457,.T.);
#16455 = VERTEX_POINT('',#16456);
#16456 = CARTESIAN_POINT('',(47.,-27.,-21.2));
#16457 = SURFACE_CURVE('',#16458,(#16463,#16470),.PCURVE_S1.);
#16458 = CIRCLE('',#16459,3.);
#16459 = AXIS2_PLACEMENT_3D('',#16460,#16461,#16462);
#16460 = CARTESIAN_POINT('',(44.,-27.,-21.2));
#16461 = DIRECTION('',(0.,0.,1.));
#16462 = DIRECTION('',(1.,0.,-0.));
#16463 = PCURVE('',#16280,#16464);
#16464 = DEFINITIONAL_REPRESENTATION('',(#16465),#16469);
#16465 = CIRCLE('',#16466,3.);
#16466 = AXIS2_PLACEMENT_2D('',#16467,#16468);
#16467 = CARTESIAN_POINT('',(84.,4.));
#16468 = DIRECTION('',(1.,0.));
#16469 = ( GEOMETRIC_REPRESENTATION_CONTEXT(2) 
PARAMETRIC_REPRESENTATION_CONTEXT() REPRESENTATION_CONTEXT('2D SPACE',''
  ) );
#16470 = PCURVE('',#16471,#16476);
#16471 = CYLINDRICAL_SURFACE('',#16472,3.);
#16472 = AXIS2_PLACEMENT_3D('',#16473,#16474,#16475);
#16473 = CARTESIAN_POINT('',(44.,-27.,-22.));
#16474 = DIRECTION('',(0.,0.,1.));
#16475 = DIRECTION('',(1.,0.,-0.));
#16476 = DEFINITIONAL_REPRESENTATION('',(#16477),#16481);
#16477 = LINE('',#16478,#16479);
#16478 = CARTESIAN_POINT('',(0.,0.8));
#16479 = VECTOR('',#16480,1.);
#16480 = DIRECTION('',(1.,0.));
#16481 = ( GEOMETRIC_REPRESENTATION_CONTEXT(2) 
PARAMETRIC_REPRESENTATION_CONTEXT() REPRESENTATION_CONTEXT('2D SPACE',''
  ) );
#16482 = ORIENTED_EDGE('',*,*,#16483,.F.);
#16483 = EDGE_CURVE('',#16484,#16455,#16486,.T.);
#16484 = VERTEX_POINT('',#16485);
#16485 = CARTESIAN_POINT('',(47.,15.,-21.2));
#16486 = SURFACE_CURVE('',#16487,(#16491,#16498),.PCURVE_S1.);
#16487 = LINE('',#16488,#16489);
#16488 = CARTESIAN_POINT('',(47.,-30.5,-21.2));
#16489 = VECTOR('',#16490,1.);
#16490 = DIRECTION('',(0.,-1.,0.));
#16491 = PCURVE('',#16280,#16492);
#16492 = DEFINITIONAL_REPRESENTATION('',(#16493),#16497);
#16493 = LINE('',#16494,#16495);
#16494 = CARTESIAN_POINT('',(87.,0.5));
#16495 = VECTOR('',#16496,1.);
#16496 = DIRECTION('',(0.,-1.));
#16497 = ( GEOMETRIC_REPRESENTATION_CONTEXT(2) 
PARAMETRIC_REPRESENTATION_CONTEXT() REPRESENTATION_CONTEXT('2D SPACE',''
  ) );
#16498 = PCURVE('',#16499,#16504);
#16499 = PLANE('',#16500);
#16500 = AXIS2_PLACEMENT_3D('',#16501,#16502,#16503);
#16501 = CARTESIAN_POINT('',(47.,-30.,-22.));
#16502 = DIRECTION('',(1.,0.,0.));
#16503 = DIRECTION('',(0.,0.,1.));
#16504 = DEFINITIONAL_REPRESENTATION('',(#16505),#16509);
#16505 = LINE('',#16506,#16507);
#16506 = CARTESIAN_POINT('',(0.8,0.5));
#16507 = VECTOR('',#16508,1.);
#16508 = DIRECTION('',(0.,1.));
#16509 = ( GEOMETRIC_REPRESENTATION_CONTEXT(2) 
PARAMETRIC_REPRESENTATION_CONTEXT() REPRESENTATION_CONTEXT('2D SPACE',''
  ) );
#16510 = ORIENTED_EDGE('',*,*,#16511,.T.);
#16511 = EDGE_CURVE('',#16484,#16512,#16514,.T.);
#16512 = VERTEX_POINT('',#16513);
#16513 = CARTESIAN_POINT('',(44.,18.,-21.2));
#16514 = SURFACE_CURVE('',#16515,(#16520,#16527),.PCURVE_S1.);
#16515 = CIRCLE('',#16516,3.);
#16516 = AXIS2_PLACEMENT_3D('',#16517,#16518,#16519);
#16517 = CARTESIAN_POINT('',(44.,15.,-21.2));
#16518 = DIRECTION('',(0.,0.,1.));
#16519 = DIRECTION('',(1.,0.,-0.));
#16520 = PCURVE('',#16280,#16521);
#16521 = DEFINITIONAL_REPRESENTATION('',(#16522),#16526);
#16522 = CIRCLE('',#16523,3.);
#16523 = AXIS2_PLACEMENT_2D('',#16524,#16525);
#16524 = CARTESIAN_POINT('',(84.,46.));
#16525 = DIRECTION('',(1.,0.));
#16526 = ( GEOMETRIC_REPRESENTATION_CONTEXT(2) 
PARAMETRIC_REPRESENTATION_CONTEXT() REPRESENTATION_CONTEXT('2D SPACE',''
  ) );
#16527 = PCURVE('',#16528,#16533);
#16528 = CYLINDRICAL_SURFACE('',#16529,3.);
#16529 = AXIS2_PLACEMENT_3D('',#16530,#16531,#16532);
#16530 = CARTESIAN_POINT('',(44.,15.,-22.));
#16531 = DIRECTION('',(0.,0.,1.));
#16532 = DIRECTION('',(1.,0.,-0.));
#16533 = DEFINITIONAL_REPRESENTATION('',(#16534),#16538);
#16534 = LINE('',#16535,#16536);
#16535 = CARTESIAN_POINT('',(0.,0.8));
#16536 = VECTOR('',#16537,1.);
#16537 = DIRECTION('',(1.,0.));
#16538 = ( GEOMETRIC_REPRESENTATION_CONTEXT(2) 
PARAMETRIC_REPRESENTATION_CONTEXT() REPRESENTATION_CONTEXT('2D SPACE',''
  ) );
#16539 = ORIENTED_EDGE('',*,*,#16540,.F.);
#16540 = EDGE_CURVE('',#16378,#16512,#16541,.T.);
#16541 = SURFACE_CURVE('',#16542,(#16546,#16553),.PCURVE_S1.);
#16542 = LINE('',#16543,#16544);
#16543 = CARTESIAN_POINT('',(-39.5,18.,-21.2));
#16544 = VECTOR('',#16545,1.);
#16545 = DIRECTION('',(1.,0.,0.));
#16546 = PCURVE('',#16280,#16547);
#16547 = DEFINITIONAL_REPRESENTATION('',(#16548),#16552);
#16548 = LINE('',#16549,#16550);
#16549 = CARTESIAN_POINT('',(0.5,49.));
#16550 = VECTOR('',#16551,1.);
#16551 = DIRECTION('',(1.,0.));
#16552 = ( GEOMETRIC_REPRESENTATION_CONTEXT(2) 
PARAMETRIC_REPRESENTATION_CONTEXT() REPRESENTATION_CONTEXT('2D SPACE',''
  ) );
#16553 = PCURVE('',#16554,#16559);
#16554 = PLANE('',#16555);
#16555 = AXIS2_PLACEMENT_3D('',#16556,#16557,#16558);
#16556 = CARTESIAN_POINT('',(-39.,18.,-22.));
#16557 = DIRECTION('',(0.,1.,0.));
#16558 = DIRECTION('',(0.,-0.,1.));
#16559 = DEFINITIONAL_REPRESENTATION('',(#16560),#16564);
#16560 = LINE('',#16561,#16562);
#16561 = CARTESIAN_POINT('',(0.8,-0.5));
#16562 = VECTOR('',#16563,1.);
#16563 = DIRECTION('',(0.,1.));
#16564 = ( GEOMETRIC_REPRESENTATION_CONTEXT(2) 
PARAMETRIC_REPRESENTATION_CONTEXT() REPRESENTATION_CONTEXT('2D SPACE',''
  ) );
#16565 = FACE_BOUND('',#16566,.T.);
#16566 = EDGE_LOOP('',(#16567));
#16567 = ORIENTED_EDGE('',*,*,#16568,.F.);
#16568 = EDGE_CURVE('',#16569,#16569,#16571,.T.);
#16569 = VERTEX_POINT('',#16570);
#16570 = CARTESIAN_POINT('',(-31.6,-26.5,-21.2));
#16571 = SURFACE_CURVE('',#16572,(#16577,#16584),.PCURVE_S1.);
#16572 = CIRCLE('',#16573,2.4);
#16573 = AXIS2_PLACEMENT_3D('',#16574,#16575,#16576);
#16574 = CARTESIAN_POINT('',(-34.,-26.5,-21.2));
#16575 = DIRECTION('',(0.,0.,1.));
#16576 = DIRECTION('',(1.,0.,-0.));
#16577 = PCURVE('',#16280,#16578);
#16578 = DEFINITIONAL_REPRESENTATION('',(#16579),#16583);
#16579 = CIRCLE('',#16580,2.4);
#16580 = AXIS2_PLACEMENT_2D('',#16581,#16582);
#16581 = CARTESIAN_POINT('',(6.,4.5));
#16582 = DIRECTION('',(1.,0.));
#16583 = ( GEOMETRIC_REPRESENTATION_CONTEXT(2) 
PARAMETRIC_REPRESENTATION_CONTEXT() REPRESENTATION_CONTEXT('2D SPACE',''
  ) );
#16584 = PCURVE('',#16585,#16590);
#16585 = PLANE('',#16586);
#16586 = AXIS2_PLACEMENT_3D('',#16587,#16588,#16589);
#16587 = CARTESIAN_POINT('',(-34.,-26.5,-21.2));
#16588 = DIRECTION('',(0.,0.,1.));
#16589 = DIRECTION('',(1.,0.,-0.));
#16590 = DEFINITIONAL_REPRESENTATION('',(#16591),#16595);
#16591 = CIRCLE('',#16592,2.4);
#16592 = AXIS2_PLACEMENT_2D('',#16593,#16594);
#16593 = CARTESIAN_POINT('',(0.,0.));
#16594 = DIRECTION('',(1.,0.));
#16595 = ( GEOMETRIC_REPRESENTATION_CONTEXT(2) 
PARAMETRIC_REPRESENTATION_CONTEXT() REPRESENTATION_CONTEXT('2D SPACE',''
  ) );
#16596 = FACE_BOUND('',#16597,.T.);
#16597 = EDGE_LOOP('',(#16598));
#16598 = ORIENTED_EDGE('',*,*,#16599,.F.);
#16599 = EDGE_CURVE('',#16600,#16600,#16602,.T.);
#16600 = VERTEX_POINT('',#16601);
#16601 = CARTESIAN_POINT('',(38.4,-26.5,-21.2));
#16602 = SURFACE_CURVE('',#16603,(#16608,#16615),.PCURVE_S1.);
#16603 = CIRCLE('',#16604,2.4);
#16604 = AXIS2_PLACEMENT_3D('',#16605,#16606,#16607);
#16605 = CARTESIAN_POINT('',(36.,-26.5,-21.2));
#16606 = DIRECTION('',(0.,0.,1.));
#16607 = DIRECTION('',(1.,0.,-0.));
#16608 = PCURVE('',#16280,#16609);
#16609 = DEFINITIONAL_REPRESENTATION('',(#16610),#16614);
#16610 = CIRCLE('',#16611,2.4);
#16611 = AXIS2_PLACEMENT_2D('',#16612,#16613);
#16612 = CARTESIAN_POINT('',(76.,4.5));
#16613 = DIRECTION('',(1.,0.));
#16614 = ( GEOMETRIC_REPRESENTATION_CONTEXT(2) 
PARAMETRIC_REPRESENTATION_CONTEXT() REPRESENTATION_CONTEXT('2D SPACE',''
  ) );
#16615 = PCURVE('',#16616,#16621);
#16616 = PLANE('',#16617);
#16617 = AXIS2_PLACEMENT_3D('',#16618,#16619,#16620);
#16618 = CARTESIAN_POINT('',(36.,-26.5,-21.2));
#16619 = DIRECTION('',(0.,0.,1.));
#16620 = DIRECTION('',(1.,0.,-0.));
#16621 = DEFINITIONAL_REPRESENTATION('',(#16622),#16626);
#16622 = CIRCLE('',#16623,2.4);
#16623 = AXIS2_PLACEMENT_2D('',#16624,#16625);
#16624 = CARTESIAN_POINT('',(0.,0.));
#16625 = DIRECTION('',(1.,0.));
#16626 = ( GEOMETRIC_REPRESENTATION_CONTEXT(2) 
PARAMETRIC_REPRESENTATION_CONTEXT() REPRESENTATION_CONTEXT('2D SPACE',''
  ) );
#16627 = FACE_BOUND('',#16628,.T.);
#16628 = EDGE_LOOP('',(#16629));
#16629 = ORIENTED_EDGE('',*,*,#16630,.F.);
#16630 = EDGE_CURVE('',#16631,#16631,#16633,.T.);
#16631 = VERTEX_POINT('',#16632);
#16632 = CARTESIAN_POINT('',(-31.6,14.5,-21.2));
#16633 = SURFACE_CURVE('',#16634,(#16639,#16646),.PCURVE_S1.);
#16634 = CIRCLE('',#16635,2.4);
#16635 = AXIS2_PLACEMENT_3D('',#16636,#16637,#16638);
#16636 = CARTESIAN_POINT('',(-34.,14.5,-21.2));
#16637 = DIRECTION('',(0.,0.,1.));
#16638 = DIRECTION('',(1.,0.,-0.));
#16639 = PCURVE('',#16280,#16640);
#16640 = DEFINITIONAL_REPRESENTATION('',(#16641),#16645);
#16641 = CIRCLE('',#16642,2.4);
#16642 = AXIS2_PLACEMENT_2D('',#16643,#16644);
#16643 = CARTESIAN_POINT('',(6.,45.5));
#16644 = DIRECTION('',(1.,0.));
#16645 = ( GEOMETRIC_REPRESENTATION_CONTEXT(2) 
PARAMETRIC_REPRESENTATION_CONTEXT() REPRESENTATION_CONTEXT('2D SPACE',''
  ) );
#16646 = PCURVE('',#16647,#16652);
#16647 = PLANE('',#16648);
#16648 = AXIS2_PLACEMENT_3D('',#16649,#16650,#16651);
#16649 = CARTESIAN_POINT('',(-34.,14.5,-21.2));
#16650 = DIRECTION('',(0.,0.,1.));
#16651 = DIRECTION('',(1.,0.,-0.));
#16652 = DEFINITIONAL_REPRESENTATION('',(#16653),#16657);
#16653 = CIRCLE('',#16654,2.4);
#16654 = AXIS2_PLACEMENT_2D('',#16655,#16656);
#16655 = CARTESIAN_POINT('',(0.,0.));
#16656 = DIRECTION('',(1.,0.));
#16657 = ( GEOMETRIC_REPRESENTATION_CONTEXT(2) 
PARAMETRIC_REPRESENTATION_CONTEXT() REPRESENTATION_CONTEXT('2D SPACE',''
  ) );
#16658 = FACE_BOUND('',#16659,.T.);
#16659 = EDGE_LOOP('',(#16660));
#16660 = ORIENTED_EDGE('',*,*,#16661,.F.);
#16661 = EDGE_CURVE('',#16662,#16662,#16664,.T.);
#16662 = VERTEX_POINT('',#16663);
#16663 = CARTESIAN_POINT('',(38.2,-6.,-21.2));
#16664 = SURFACE_CURVE('',#16665,(#16670,#16677),.PCURVE_S1.);
#16665 = CIRCLE('',#16666,3.2);
#16666 = AXIS2_PLACEMENT_3D('',#16667,#16668,#16669);
#16667 = CARTESIAN_POINT('',(35.,-6.,-21.2));
#16668 = DIRECTION('',(0.,0.,1.));
#16669 = DIRECTION('',(1.,0.,-0.));
#16670 = PCURVE('',#16280,#16671);
#16671 = DEFINITIONAL_REPRESENTATION('',(#16672),#16676);
#16672 = CIRCLE('',#16673,3.2);
#16673 = AXIS2_PLACEMENT_2D('',#16674,#16675);
#16674 = CARTESIAN_POINT('',(75.,25.));
#16675 = DIRECTION('',(1.,0.));
#16676 = ( GEOMETRIC_REPRESENTATION_CONTEXT(2) 
PARAMETRIC_REPRESENTATION_CONTEXT() REPRESENTATION_CONTEXT('2D SPACE',''
  ) );
#16677 = PCURVE('',#16678,#16683);
#16678 = CYLINDRICAL_SURFACE('',#16679,3.2);
#16679 = AXIS2_PLACEMENT_3D('',#16680,#16681,#16682);
#16680 = CARTESIAN_POINT('',(35.,-6.,-22.01));
#16681 = DIRECTION('',(0.,0.,1.));
#16682 = DIRECTION('',(1.,0.,-0.));
#16683 = DEFINITIONAL_REPRESENTATION('',(#16684),#16688);
#16684 = LINE('',#16685,#16686);
#16685 = CARTESIAN_POINT('',(0.,0.81));
#16686 = VECTOR('',#16687,1.);
#16687 = DIRECTION('',(1.,0.));
#16688 = ( GEOMETRIC_REPRESENTATION_CONTEXT(2) 
PARAMETRIC_REPRESENTATION_CONTEXT() REPRESENTATION_CONTEXT('2D SPACE',''
  ) );
#16689 = FACE_BOUND('',#16690,.T.);
#16690 = EDGE_LOOP('',(#16691));
#16691 = ORIENTED_EDGE('',*,*,#16692,.F.);
#16692 = EDGE_CURVE('',#16693,#16693,#16695,.T.);
#16693 = VERTEX_POINT('',#16694);
#16694 = CARTESIAN_POINT('',(38.4,14.5,-21.2));
#16695 = SURFACE_CURVE('',#16696,(#16701,#16708),.PCURVE_S1.);
#16696 = CIRCLE('',#16697,2.4);
#16697 = AXIS2_PLACEMENT_3D('',#16698,#16699,#16700);
#16698 = CARTESIAN_POINT('',(36.,14.5,-21.2));
#16699 = DIRECTION('',(0.,0.,1.));
#16700 = DIRECTION('',(1.,0.,-0.));
#16701 = PCURVE('',#16280,#16702);
#16702 = DEFINITIONAL_REPRESENTATION('',(#16703),#16707);
#16703 = CIRCLE('',#16704,2.4);
#16704 = AXIS2_PLACEMENT_2D('',#16705,#16706);
#16705 = CARTESIAN_POINT('',(76.,45.5));
#16706 = DIRECTION('',(1.,0.));
#16707 = ( GEOMETRIC_REPRESENTATION_CONTEXT(2) 
PARAMETRIC_REPRESENTATION_CONTEXT() REPRESENTATION_CONTEXT('2D SPACE',''
  ) );
#16708 = PCURVE('',#16709,#16714);
#16709 = PLANE('',#16710);
#16710 = AXIS2_PLACEMENT_3D('',#16711,#16712,#16713);
#16711 = CARTESIAN_POINT('',(36.,14.5,-21.2));
#16712 = DIRECTION('',(0.,0.,1.));
#16713 = DIRECTION('',(1.,0.,-0.));
#16714 = DEFINITIONAL_REPRESENTATION('',(#16715),#16719);
#16715 = CIRCLE('',#16716,2.4);
#16716 = AXIS2_PLACEMENT_2D('',#16717,#16718);
#16717 = CARTESIAN_POINT('',(0.,0.));
#16718 = DIRECTION('',(1.,0.));
#16719 = ( GEOMETRIC_REPRESENTATION_CONTEXT(2) 
PARAMETRIC_REPRESENTATION_CONTEXT() REPRESENTATION_CONTEXT('2D SPACE',''
  ) );
#16720 = ADVANCED_FACE('',(#16721),#16362,.T.);
#16721 = FACE_BOUND('',#16722,.T.);
#16722 = EDGE_LOOP('',(#16723,#16751,#16752,#16753));
#16723 = ORIENTED_EDGE('',*,*,#16724,.F.);
#16724 = EDGE_CURVE('',#16321,#16725,#16727,.T.);
#16725 = VERTEX_POINT('',#16726);
#16726 = CARTESIAN_POINT('',(-36.,18.,-22.));
#16727 = SURFACE_CURVE('',#16728,(#16733,#16740),.PCURVE_S1.);
#16728 = CIRCLE('',#16729,3.);
#16729 = AXIS2_PLACEMENT_3D('',#16730,#16731,#16732);
#16730 = CARTESIAN_POINT('',(-36.,15.,-22.));
#16731 = DIRECTION('',(-0.,-0.,-1.));
#16732 = DIRECTION('',(0.,-1.,0.));
#16733 = PCURVE('',#16362,#16734);
#16734 = DEFINITIONAL_REPRESENTATION('',(#16735),#16739);
#16735 = LINE('',#16736,#16737);
#16736 = CARTESIAN_POINT('',(7.853981633975,0.));
#16737 = VECTOR('',#16738,1.);
#16738 = DIRECTION('',(-1.,0.));
#16739 = ( GEOMETRIC_REPRESENTATION_CONTEXT(2) 
PARAMETRIC_REPRESENTATION_CONTEXT() REPRESENTATION_CONTEXT('2D SPACE',''
  ) );
#16740 = PCURVE('',#16336,#16741);
#16741 = DEFINITIONAL_REPRESENTATION('',(#16742),#16750);
#16742 = ( BOUNDED_CURVE() B_SPLINE_CURVE(2,(#16743,#16744,#16745,#16746
    ,#16747,#16748,#16749),.UNSPECIFIED.,.T.,.F.) 
B_SPLINE_CURVE_WITH_KNOTS((1,2,2,2,2,1),(-2.094395102393,0.,
    2.094395102393,4.188790204786,6.28318530718,8.377580409573),
.UNSPECIFIED.) CURVE() GEOMETRIC_REPRESENTATION_ITEM() 
RATIONAL_B_SPLINE_CURVE((1.,0.5,1.,0.5,1.,0.5,1.)) REPRESENTATION_ITEM(
  '') );
#16743 = CARTESIAN_POINT('',(3.,42.));
#16744 = CARTESIAN_POINT('',(-2.196152422707,42.));
#16745 = CARTESIAN_POINT('',(0.401923788647,46.5));
#16746 = CARTESIAN_POINT('',(3.,51.));
#16747 = CARTESIAN_POINT('',(5.598076211353,46.5));
#16748 = CARTESIAN_POINT('',(8.196152422707,42.));
#16749 = CARTESIAN_POINT('',(3.,42.));
#16750 = ( GEOMETRIC_REPRESENTATION_CONTEXT(2) 
PARAMETRIC_REPRESENTATION_CONTEXT() REPRESENTATION_CONTEXT('2D SPACE',''
  ) );
#16751 = ORIENTED_EDGE('',*,*,#16348,.T.);
#16752 = ORIENTED_EDGE('',*,*,#16377,.F.);
#16753 = ORIENTED_EDGE('',*,*,#16754,.F.);
#16754 = EDGE_CURVE('',#16725,#16378,#16755,.T.);
#16755 = SURFACE_CURVE('',#16756,(#16760,#16767),.PCURVE_S1.);
#16756 = LINE('',#16757,#16758);
#16757 = CARTESIAN_POINT('',(-36.,18.,-22.));
#16758 = VECTOR('',#16759,1.);
#16759 = DIRECTION('',(0.,0.,1.));
#16760 = PCURVE('',#16362,#16761);
#16761 = DEFINITIONAL_REPRESENTATION('',(#16762),#16766);
#16762 = LINE('',#16763,#16764);
#16763 = CARTESIAN_POINT('',(4.712388980385,0.));
#16764 = VECTOR('',#16765,1.);
#16765 = DIRECTION('',(-0.,1.));
#16766 = ( GEOMETRIC_REPRESENTATION_CONTEXT(2) 
PARAMETRIC_REPRESENTATION_CONTEXT() REPRESENTATION_CONTEXT('2D SPACE',''
  ) );
#16767 = PCURVE('',#16554,#16768);
#16768 = DEFINITIONAL_REPRESENTATION('',(#16769),#16773);
#16769 = LINE('',#16770,#16771);
#16770 = CARTESIAN_POINT('',(0.,3.));
#16771 = VECTOR('',#16772,1.);
#16772 = DIRECTION('',(1.,0.));
#16773 = ( GEOMETRIC_REPRESENTATION_CONTEXT(2) 
PARAMETRIC_REPRESENTATION_CONTEXT() REPRESENTATION_CONTEXT('2D SPACE',''
  ) );
#16774 = ADVANCED_FACE('',(#16775,#16922),#16336,.F.);
#16775 = FACE_BOUND('',#16776,.F.);
#16776 = EDGE_LOOP('',(#16777,#16778,#16802,#16825,#16853,#16876,#16900,
    #16921));
#16777 = ORIENTED_EDGE('',*,*,#16320,.F.);
#16778 = ORIENTED_EDGE('',*,*,#16779,.T.);
#16779 = EDGE_CURVE('',#16293,#16780,#16782,.T.);
#16780 = VERTEX_POINT('',#16781);
#16781 = CARTESIAN_POINT('',(-36.,-30.,-22.));
#16782 = SURFACE_CURVE('',#16783,(#16788,#16795),.PCURVE_S1.);
#16783 = CIRCLE('',#16784,3.);
#16784 = AXIS2_PLACEMENT_3D('',#16785,#16786,#16787);
#16785 = CARTESIAN_POINT('',(-36.,-27.,-22.));
#16786 = DIRECTION('',(0.,0.,1.));
#16787 = DIRECTION('',(0.,-1.,0.));
#16788 = PCURVE('',#16336,#16789);
#16789 = DEFINITIONAL_REPRESENTATION('',(#16790),#16794);
#16790 = CIRCLE('',#16791,3.);
#16791 = AXIS2_PLACEMENT_2D('',#16792,#16793);
#16792 = CARTESIAN_POINT('',(3.,3.));
#16793 = DIRECTION('',(0.,-1.));
#16794 = ( GEOMETRIC_REPRESENTATION_CONTEXT(2) 
PARAMETRIC_REPRESENTATION_CONTEXT() REPRESENTATION_CONTEXT('2D SPACE',''
  ) );
#16795 = PCURVE('',#16308,#16796);
#16796 = DEFINITIONAL_REPRESENTATION('',(#16797),#16801);
#16797 = LINE('',#16798,#16799);
#16798 = CARTESIAN_POINT('',(-4.712388980385,0.));
#16799 = VECTOR('',#16800,1.);
#16800 = DIRECTION('',(1.,0.));
#16801 = ( GEOMETRIC_REPRESENTATION_CONTEXT(2) 
PARAMETRIC_REPRESENTATION_CONTEXT() REPRESENTATION_CONTEXT('2D SPACE',''
  ) );
#16802 = ORIENTED_EDGE('',*,*,#16803,.T.);
#16803 = EDGE_CURVE('',#16780,#16804,#16806,.T.);
#16804 = VERTEX_POINT('',#16805);
#16805 = CARTESIAN_POINT('',(44.,-30.,-22.));
#16806 = SURFACE_CURVE('',#16807,(#16811,#16818),.PCURVE_S1.);
#16807 = LINE('',#16808,#16809);
#16808 = CARTESIAN_POINT('',(-39.,-30.,-22.));
#16809 = VECTOR('',#16810,1.);
#16810 = DIRECTION('',(1.,0.,0.));
#16811 = PCURVE('',#16336,#16812);
#16812 = DEFINITIONAL_REPRESENTATION('',(#16813),#16817);
#16813 = LINE('',#16814,#16815);
#16814 = CARTESIAN_POINT('',(0.,0.));
#16815 = VECTOR('',#16816,1.);
#16816 = DIRECTION('',(1.,0.));
#16817 = ( GEOMETRIC_REPRESENTATION_CONTEXT(2) 
PARAMETRIC_REPRESENTATION_CONTEXT() REPRESENTATION_CONTEXT('2D SPACE',''
  ) );
#16818 = PCURVE('',#16442,#16819);
#16819 = DEFINITIONAL_REPRESENTATION('',(#16820),#16824);
#16820 = LINE('',#16821,#16822);
#16821 = CARTESIAN_POINT('',(0.,0.));
#16822 = VECTOR('',#16823,1.);
#16823 = DIRECTION('',(0.,1.));
#16824 = ( GEOMETRIC_REPRESENTATION_CONTEXT(2) 
PARAMETRIC_REPRESENTATION_CONTEXT() REPRESENTATION_CONTEXT('2D SPACE',''
  ) );
#16825 = ORIENTED_EDGE('',*,*,#16826,.F.);
#16826 = EDGE_CURVE('',#16827,#16804,#16829,.T.);
#16827 = VERTEX_POINT('',#16828);
#16828 = CARTESIAN_POINT('',(47.,-27.,-22.));
#16829 = SURFACE_CURVE('',#16830,(#16835,#16846),.PCURVE_S1.);
#16830 = CIRCLE('',#16831,3.);
#16831 = AXIS2_PLACEMENT_3D('',#16832,#16833,#16834);
#16832 = CARTESIAN_POINT('',(44.,-27.,-22.));
#16833 = DIRECTION('',(-0.,-0.,-1.));
#16834 = DIRECTION('',(0.,-1.,0.));
#16835 = PCURVE('',#16336,#16836);
#16836 = DEFINITIONAL_REPRESENTATION('',(#16837),#16845);
#16837 = ( BOUNDED_CURVE() B_SPLINE_CURVE(2,(#16838,#16839,#16840,#16841
    ,#16842,#16843,#16844),.UNSPECIFIED.,.T.,.F.) 
B_SPLINE_CURVE_WITH_KNOTS((1,2,2,2,2,1),(-2.094395102393,0.,
    2.094395102393,4.188790204786,6.28318530718,8.377580409573),
.UNSPECIFIED.) CURVE() GEOMETRIC_REPRESENTATION_ITEM() 
RATIONAL_B_SPLINE_CURVE((1.,0.5,1.,0.5,1.,0.5,1.)) REPRESENTATION_ITEM(
  '') );
#16838 = CARTESIAN_POINT('',(83.,0.));
#16839 = CARTESIAN_POINT('',(77.803847577293,0.));
#16840 = CARTESIAN_POINT('',(80.401923788647,4.5));
#16841 = CARTESIAN_POINT('',(83.,9.));
#16842 = CARTESIAN_POINT('',(85.598076211353,4.5));
#16843 = CARTESIAN_POINT('',(88.196152422707,4.440892098501E-15));
#16844 = CARTESIAN_POINT('',(83.,0.));
#16845 = ( GEOMETRIC_REPRESENTATION_CONTEXT(2) 
PARAMETRIC_REPRESENTATION_CONTEXT() REPRESENTATION_CONTEXT('2D SPACE',''
  ) );
#16846 = PCURVE('',#16471,#16847);
#16847 = DEFINITIONAL_REPRESENTATION('',(#16848),#16852);
#16848 = LINE('',#16849,#16850);
#16849 = CARTESIAN_POINT('',(10.995574287565,0.));
#16850 = VECTOR('',#16851,1.);
#16851 = DIRECTION('',(-1.,0.));
#16852 = ( GEOMETRIC_REPRESENTATION_CONTEXT(2) 
PARAMETRIC_REPRESENTATION_CONTEXT() REPRESENTATION_CONTEXT('2D SPACE',''
  ) );
#16853 = ORIENTED_EDGE('',*,*,#16854,.T.);
#16854 = EDGE_CURVE('',#16827,#16855,#16857,.T.);
#16855 = VERTEX_POINT('',#16856);
#16856 = CARTESIAN_POINT('',(47.,15.,-22.));
#16857 = SURFACE_CURVE('',#16858,(#16862,#16869),.PCURVE_S1.);
#16858 = LINE('',#16859,#16860);
#16859 = CARTESIAN_POINT('',(47.,-30.,-22.));
#16860 = VECTOR('',#16861,1.);
#16861 = DIRECTION('',(0.,1.,0.));
#16862 = PCURVE('',#16336,#16863);
#16863 = DEFINITIONAL_REPRESENTATION('',(#16864),#16868);
#16864 = LINE('',#16865,#16866);
#16865 = CARTESIAN_POINT('',(86.,0.));
#16866 = VECTOR('',#16867,1.);
#16867 = DIRECTION('',(0.,1.));
#16868 = ( GEOMETRIC_REPRESENTATION_CONTEXT(2) 
PARAMETRIC_REPRESENTATION_CONTEXT() REPRESENTATION_CONTEXT('2D SPACE',''
  ) );
#16869 = PCURVE('',#16499,#16870);
#16870 = DEFINITIONAL_REPRESENTATION('',(#16871),#16875);
#16871 = LINE('',#16872,#16873);
#16872 = CARTESIAN_POINT('',(0.,0.));
#16873 = VECTOR('',#16874,1.);
#16874 = DIRECTION('',(0.,-1.));
#16875 = ( GEOMETRIC_REPRESENTATION_CONTEXT(2) 
PARAMETRIC_REPRESENTATION_CONTEXT() REPRESENTATION_CONTEXT('2D SPACE',''
  ) );
#16876 = ORIENTED_EDGE('',*,*,#16877,.T.);
#16877 = EDGE_CURVE('',#16855,#16878,#16880,.T.);
#16878 = VERTEX_POINT('',#16879);
#16879 = CARTESIAN_POINT('',(44.,18.,-22.));
#16880 = SURFACE_CURVE('',#16881,(#16886,#16893),.PCURVE_S1.);
#16881 = CIRCLE('',#16882,3.);
#16882 = AXIS2_PLACEMENT_3D('',#16883,#16884,#16885);
#16883 = CARTESIAN_POINT('',(44.,15.,-22.));
#16884 = DIRECTION('',(0.,0.,1.));
#16885 = DIRECTION('',(0.,-1.,0.));
#16886 = PCURVE('',#16336,#16887);
#16887 = DEFINITIONAL_REPRESENTATION('',(#16888),#16892);
#16888 = CIRCLE('',#16889,3.);
#16889 = AXIS2_PLACEMENT_2D('',#16890,#16891);
#16890 = CARTESIAN_POINT('',(83.,45.));
#16891 = DIRECTION('',(0.,-1.));
#16892 = ( GEOMETRIC_REPRESENTATION_CONTEXT(2) 
PARAMETRIC_REPRESENTATION_CONTEXT() REPRESENTATION_CONTEXT('2D SPACE',''
  ) );
#16893 = PCURVE('',#16528,#16894);
#16894 = DEFINITIONAL_REPRESENTATION('',(#16895),#16899);
#16895 = LINE('',#16896,#16897);
#16896 = CARTESIAN_POINT('',(-1.570796326795,0.));
#16897 = VECTOR('',#16898,1.);
#16898 = DIRECTION('',(1.,0.));
#16899 = ( GEOMETRIC_REPRESENTATION_CONTEXT(2) 
PARAMETRIC_REPRESENTATION_CONTEXT() REPRESENTATION_CONTEXT('2D SPACE',''
  ) );
#16900 = ORIENTED_EDGE('',*,*,#16901,.F.);
#16901 = EDGE_CURVE('',#16725,#16878,#16902,.T.);
#16902 = SURFACE_CURVE('',#16903,(#16907,#16914),.PCURVE_S1.);
#16903 = LINE('',#16904,#16905);
#16904 = CARTESIAN_POINT('',(-39.,18.,-22.));
#16905 = VECTOR('',#16906,1.);
#16906 = DIRECTION('',(1.,0.,0.));
#16907 = PCURVE('',#16336,#16908);
#16908 = DEFINITIONAL_REPRESENTATION('',(#16909),#16913);
#16909 = LINE('',#16910,#16911);
#16910 = CARTESIAN_POINT('',(0.,48.));
#16911 = VECTOR('',#16912,1.);
#16912 = DIRECTION('',(1.,0.));
#16913 = ( GEOMETRIC_REPRESENTATION_CONTEXT(2) 
PARAMETRIC_REPRESENTATION_CONTEXT() REPRESENTATION_CONTEXT('2D SPACE',''
  ) );
#16914 = PCURVE('',#16554,#16915);
#16915 = DEFINITIONAL_REPRESENTATION('',(#16916),#16920);
#16916 = LINE('',#16917,#16918);
#16917 = CARTESIAN_POINT('',(0.,0.));
#16918 = VECTOR('',#16919,1.);
#16919 = DIRECTION('',(0.,1.));
#16920 = ( GEOMETRIC_REPRESENTATION_CONTEXT(2) 
PARAMETRIC_REPRESENTATION_CONTEXT() REPRESENTATION_CONTEXT('2D SPACE',''
  ) );
#16921 = ORIENTED_EDGE('',*,*,#16724,.F.);
#16922 = FACE_BOUND('',#16923,.F.);
#16923 = EDGE_LOOP('',(#16924));
#16924 = ORIENTED_EDGE('',*,*,#16925,.F.);
#16925 = EDGE_CURVE('',#16926,#16926,#16928,.T.);
#16926 = VERTEX_POINT('',#16927);
#16927 = CARTESIAN_POINT('',(38.2,-6.,-22.));
#16928 = SURFACE_CURVE('',#16929,(#16934,#16941),.PCURVE_S1.);
#16929 = CIRCLE('',#16930,3.2);
#16930 = AXIS2_PLACEMENT_3D('',#16931,#16932,#16933);
#16931 = CARTESIAN_POINT('',(35.,-6.,-22.));
#16932 = DIRECTION('',(0.,0.,1.));
#16933 = DIRECTION('',(1.,0.,-0.));
#16934 = PCURVE('',#16336,#16935);
#16935 = DEFINITIONAL_REPRESENTATION('',(#16936),#16940);
#16936 = CIRCLE('',#16937,3.2);
#16937 = AXIS2_PLACEMENT_2D('',#16938,#16939);
#16938 = CARTESIAN_POINT('',(74.,24.));
#16939 = DIRECTION('',(1.,0.));
#16940 = ( GEOMETRIC_REPRESENTATION_CONTEXT(2) 
PARAMETRIC_REPRESENTATION_CONTEXT() REPRESENTATION_CONTEXT('2D SPACE',''
  ) );
#16941 = PCURVE('',#16678,#16942);
#16942 = DEFINITIONAL_REPRESENTATION('',(#16943),#16947);
#16943 = LINE('',#16944,#16945);
#16944 = CARTESIAN_POINT('',(0.,1.E-02));
#16945 = VECTOR('',#16946,1.);
#16946 = DIRECTION('',(1.,0.));
#16947 = ( GEOMETRIC_REPRESENTATION_CONTEXT(2) 
PARAMETRIC_REPRESENTATION_CONTEXT() REPRESENTATION_CONTEXT('2D SPACE',''
  ) );
#16948 = ADVANCED_FACE('',(#16949),#16308,.T.);
#16949 = FACE_BOUND('',#16950,.T.);
#16950 = EDGE_LOOP('',(#16951,#16952,#16953,#16974));
#16951 = ORIENTED_EDGE('',*,*,#16292,.F.);
#16952 = ORIENTED_EDGE('',*,*,#16779,.T.);
#16953 = ORIENTED_EDGE('',*,*,#16954,.T.);
#16954 = EDGE_CURVE('',#16780,#16403,#16955,.T.);
#16955 = SURFACE_CURVE('',#16956,(#16960,#16967),.PCURVE_S1.);
#16956 = LINE('',#16957,#16958);
#16957 = CARTESIAN_POINT('',(-36.,-30.,-22.));
#16958 = VECTOR('',#16959,1.);
#16959 = DIRECTION('',(0.,0.,1.));
#16960 = PCURVE('',#16308,#16961);
#16961 = DEFINITIONAL_REPRESENTATION('',(#16962),#16966);
#16962 = LINE('',#16963,#16964);
#16963 = CARTESIAN_POINT('',(1.570796326795,0.));
#16964 = VECTOR('',#16965,1.);
#16965 = DIRECTION('',(0.,1.));
#16966 = ( GEOMETRIC_REPRESENTATION_CONTEXT(2) 
PARAMETRIC_REPRESENTATION_CONTEXT() REPRESENTATION_CONTEXT('2D SPACE',''
  ) );
#16967 = PCURVE('',#16442,#16968);
#16968 = DEFINITIONAL_REPRESENTATION('',(#16969),#16973);
#16969 = LINE('',#16970,#16971);
#16970 = CARTESIAN_POINT('',(0.,3.));
#16971 = VECTOR('',#16972,1.);
#16972 = DIRECTION('',(1.,0.));
#16973 = ( GEOMETRIC_REPRESENTATION_CONTEXT(2) 
PARAMETRIC_REPRESENTATION_CONTEXT() REPRESENTATION_CONTEXT('2D SPACE',''
  ) );
#16974 = ORIENTED_EDGE('',*,*,#16402,.F.);
#16975 = ADVANCED_FACE('',(#16976),#16554,.T.);
#16976 = FACE_BOUND('',#16977,.T.);
#16977 = EDGE_LOOP('',(#16978,#16979,#16980,#16981));
#16978 = ORIENTED_EDGE('',*,*,#16901,.F.);
#16979 = ORIENTED_EDGE('',*,*,#16754,.T.);
#16980 = ORIENTED_EDGE('',*,*,#16540,.T.);
#16981 = ORIENTED_EDGE('',*,*,#16982,.F.);
#16982 = EDGE_CURVE('',#16878,#16512,#16983,.T.);
#16983 = SURFACE_CURVE('',#16984,(#16988,#16995),.PCURVE_S1.);
#16984 = LINE('',#16985,#16986);
#16985 = CARTESIAN_POINT('',(44.,18.,-22.));
#16986 = VECTOR('',#16987,1.);
#16987 = DIRECTION('',(0.,0.,1.));
#16988 = PCURVE('',#16554,#16989);
#16989 = DEFINITIONAL_REPRESENTATION('',(#16990),#16994);
#16990 = LINE('',#16991,#16992);
#16991 = CARTESIAN_POINT('',(0.,83.));
#16992 = VECTOR('',#16993,1.);
#16993 = DIRECTION('',(1.,0.));
#16994 = ( GEOMETRIC_REPRESENTATION_CONTEXT(2) 
PARAMETRIC_REPRESENTATION_CONTEXT() REPRESENTATION_CONTEXT('2D SPACE',''
  ) );
#16995 = PCURVE('',#16528,#16996);
#16996 = DEFINITIONAL_REPRESENTATION('',(#16997),#17001);
#16997 = LINE('',#16998,#16999);
#16998 = CARTESIAN_POINT('',(1.570796326795,0.));
#16999 = VECTOR('',#17000,1.);
#17000 = DIRECTION('',(0.,1.));
#17001 = ( GEOMETRIC_REPRESENTATION_CONTEXT(2) 
PARAMETRIC_REPRESENTATION_CONTEXT() REPRESENTATION_CONTEXT('2D SPACE',''
  ) );
#17002 = ADVANCED_FACE('',(#17003),#16528,.T.);
#17003 = FACE_BOUND('',#17004,.T.);
#17004 = EDGE_LOOP('',(#17005,#17026,#17027,#17028));
#17005 = ORIENTED_EDGE('',*,*,#17006,.F.);
#17006 = EDGE_CURVE('',#16855,#16484,#17007,.T.);
#17007 = SURFACE_CURVE('',#17008,(#17012,#17019),.PCURVE_S1.);
#17008 = LINE('',#17009,#17010);
#17009 = CARTESIAN_POINT('',(47.,15.,-22.));
#17010 = VECTOR('',#17011,1.);
#17011 = DIRECTION('',(0.,0.,1.));
#17012 = PCURVE('',#16528,#17013);
#17013 = DEFINITIONAL_REPRESENTATION('',(#17014),#17018);
#17014 = LINE('',#17015,#17016);
#17015 = CARTESIAN_POINT('',(0.,0.));
#17016 = VECTOR('',#17017,1.);
#17017 = DIRECTION('',(0.,1.));
#17018 = ( GEOMETRIC_REPRESENTATION_CONTEXT(2) 
PARAMETRIC_REPRESENTATION_CONTEXT() REPRESENTATION_CONTEXT('2D SPACE',''
  ) );
#17019 = PCURVE('',#16499,#17020);
#17020 = DEFINITIONAL_REPRESENTATION('',(#17021),#17025);
#17021 = LINE('',#17022,#17023);
#17022 = CARTESIAN_POINT('',(0.,-45.));
#17023 = VECTOR('',#17024,1.);
#17024 = DIRECTION('',(1.,0.));
#17025 = ( GEOMETRIC_REPRESENTATION_CONTEXT(2) 
PARAMETRIC_REPRESENTATION_CONTEXT() REPRESENTATION_CONTEXT('2D SPACE',''
  ) );
#17026 = ORIENTED_EDGE('',*,*,#16877,.T.);
#17027 = ORIENTED_EDGE('',*,*,#16982,.T.);
#17028 = ORIENTED_EDGE('',*,*,#16511,.F.);
#17029 = ADVANCED_FACE('',(#17030),#16499,.T.);
#17030 = FACE_BOUND('',#17031,.T.);
#17031 = EDGE_LOOP('',(#17032,#17033,#17054,#17055));
#17032 = ORIENTED_EDGE('',*,*,#16483,.T.);
#17033 = ORIENTED_EDGE('',*,*,#17034,.F.);
#17034 = EDGE_CURVE('',#16827,#16455,#17035,.T.);
#17035 = SURFACE_CURVE('',#17036,(#17040,#17047),.PCURVE_S1.);
#17036 = LINE('',#17037,#17038);
#17037 = CARTESIAN_POINT('',(47.,-27.,-22.));
#17038 = VECTOR('',#17039,1.);
#17039 = DIRECTION('',(0.,0.,1.));
#17040 = PCURVE('',#16499,#17041);
#17041 = DEFINITIONAL_REPRESENTATION('',(#17042),#17046);
#17042 = LINE('',#17043,#17044);
#17043 = CARTESIAN_POINT('',(0.,-3.));
#17044 = VECTOR('',#17045,1.);
#17045 = DIRECTION('',(1.,0.));
#17046 = ( GEOMETRIC_REPRESENTATION_CONTEXT(2) 
PARAMETRIC_REPRESENTATION_CONTEXT() REPRESENTATION_CONTEXT('2D SPACE',''
  ) );
#17047 = PCURVE('',#16471,#17048);
#17048 = DEFINITIONAL_REPRESENTATION('',(#17049),#17053);
#17049 = LINE('',#17050,#17051);
#17050 = CARTESIAN_POINT('',(6.28318530718,0.));
#17051 = VECTOR('',#17052,1.);
#17052 = DIRECTION('',(-0.,1.));
#17053 = ( GEOMETRIC_REPRESENTATION_CONTEXT(2) 
PARAMETRIC_REPRESENTATION_CONTEXT() REPRESENTATION_CONTEXT('2D SPACE',''
  ) );
#17054 = ORIENTED_EDGE('',*,*,#16854,.T.);
#17055 = ORIENTED_EDGE('',*,*,#17006,.T.);
#17056 = ADVANCED_FACE('',(#17057),#16471,.T.);
#17057 = FACE_BOUND('',#17058,.T.);
#17058 = EDGE_LOOP('',(#17059,#17060,#17061,#17062));
#17059 = ORIENTED_EDGE('',*,*,#16826,.F.);
#17060 = ORIENTED_EDGE('',*,*,#17034,.T.);
#17061 = ORIENTED_EDGE('',*,*,#16454,.F.);
#17062 = ORIENTED_EDGE('',*,*,#17063,.F.);
#17063 = EDGE_CURVE('',#16804,#16427,#17064,.T.);
#17064 = SURFACE_CURVE('',#17065,(#17069,#17076),.PCURVE_S1.);
#17065 = LINE('',#17066,#17067);
#17066 = CARTESIAN_POINT('',(44.,-30.,-22.));
#17067 = VECTOR('',#17068,1.);
#17068 = DIRECTION('',(0.,0.,1.));
#17069 = PCURVE('',#16471,#17070);
#17070 = DEFINITIONAL_REPRESENTATION('',(#17071),#17075);
#17071 = LINE('',#17072,#17073);
#17072 = CARTESIAN_POINT('',(4.712388980385,0.));
#17073 = VECTOR('',#17074,1.);
#17074 = DIRECTION('',(-0.,1.));
#17075 = ( GEOMETRIC_REPRESENTATION_CONTEXT(2) 
PARAMETRIC_REPRESENTATION_CONTEXT() REPRESENTATION_CONTEXT('2D SPACE',''
  ) );
#17076 = PCURVE('',#16442,#17077);
#17077 = DEFINITIONAL_REPRESENTATION('',(#17078),#17082);
#17078 = LINE('',#17079,#17080);
#17079 = CARTESIAN_POINT('',(0.,83.));
#17080 = VECTOR('',#17081,1.);
#17081 = DIRECTION('',(1.,0.));
#17082 = ( GEOMETRIC_REPRESENTATION_CONTEXT(2) 
PARAMETRIC_REPRESENTATION_CONTEXT() REPRESENTATION_CONTEXT('2D SPACE',''
  ) );
#17083 = ADVANCED_FACE('',(#17084),#16442,.F.);
#17084 = FACE_BOUND('',#17085,.F.);
#17085 = EDGE_LOOP('',(#17086,#17087,#17088,#17089));
#17086 = ORIENTED_EDGE('',*,*,#16803,.F.);
#17087 = ORIENTED_EDGE('',*,*,#16954,.T.);
#17088 = ORIENTED_EDGE('',*,*,#16426,.T.);
#17089 = ORIENTED_EDGE('',*,*,#17063,.F.);
#17090 = ADVANCED_FACE('',(#17091),#16585,.T.);
#17091 = FACE_BOUND('',#17092,.F.);
#17092 = EDGE_LOOP('',(#17093));
#17093 = ORIENTED_EDGE('',*,*,#16568,.F.);
#17094 = ADVANCED_FACE('',(#17095),#16616,.T.);
#17095 = FACE_BOUND('',#17096,.F.);
#17096 = EDGE_LOOP('',(#17097));
#17097 = ORIENTED_EDGE('',*,*,#16599,.F.);
#17098 = ADVANCED_FACE('',(#17099),#16647,.T.);
#17099 = FACE_BOUND('',#17100,.F.);
#17100 = EDGE_LOOP('',(#17101));
#17101 = ORIENTED_EDGE('',*,*,#16630,.F.);
#17102 = ADVANCED_FACE('',(#17103),#16678,.F.);
#17103 = FACE_BOUND('',#17104,.F.);
#17104 = EDGE_LOOP('',(#17105,#17106,#17127,#17128));
#17105 = ORIENTED_EDGE('',*,*,#16661,.F.);
#17106 = ORIENTED_EDGE('',*,*,#17107,.F.);
#17107 = EDGE_CURVE('',#16926,#16662,#17108,.T.);
#17108 = SEAM_CURVE('',#17109,(#17113,#17120),.PCURVE_S1.);
#17109 = LINE('',#17110,#17111);
#17110 = CARTESIAN_POINT('',(38.2,-6.,-22.01));
#17111 = VECTOR('',#17112,1.);
#17112 = DIRECTION('',(0.,0.,1.));
#17113 = PCURVE('',#16678,#17114);
#17114 = DEFINITIONAL_REPRESENTATION('',(#17115),#17119);
#17115 = LINE('',#17116,#17117);
#17116 = CARTESIAN_POINT('',(0.,-0.));
#17117 = VECTOR('',#17118,1.);
#17118 = DIRECTION('',(0.,1.));
#17119 = ( GEOMETRIC_REPRESENTATION_CONTEXT(2) 
PARAMETRIC_REPRESENTATION_CONTEXT() REPRESENTATION_CONTEXT('2D SPACE',''
  ) );
#17120 = PCURVE('',#16678,#17121);
#17121 = DEFINITIONAL_REPRESENTATION('',(#17122),#17126);
#17122 = LINE('',#17123,#17124);
#17123 = CARTESIAN_POINT('',(6.28318530718,-0.));
#17124 = VECTOR('',#17125,1.);
#17125 = DIRECTION('',(0.,1.));
#17126 = ( GEOMETRIC_REPRESENTATION_CONTEXT(2) 
PARAMETRIC_REPRESENTATION_CONTEXT() REPRESENTATION_CONTEXT('2D SPACE',''
  ) );
#17127 = ORIENTED_EDGE('',*,*,#16925,.T.);
#17128 = ORIENTED_EDGE('',*,*,#17107,.T.);
#17129 = ADVANCED_FACE('',(#17130),#16709,.T.);
#17130 = FACE_BOUND('',#17131,.F.);
#17131 = EDGE_LOOP('',(#17132));
#17132 = ORIENTED_EDGE('',*,*,#16692,.F.);
#17133 = ( GEOMETRIC_REPRESENTATION_CONTEXT(3) 
GLOBAL_UNCERTAINTY_ASSIGNED_CONTEXT((#17137)) 
GLOBAL_UNIT_ASSIGNED_CONTEXT((#17134,#17135,#17136)) 
REPRESENTATION_CONTEXT('Context #1',
  '3D Context with UNIT and UNCERTAINTY') );
#17134 = ( LENGTH_UNIT() NAMED_UNIT(*) SI_UNIT(.MILLI.,.METRE.) );
#17135 = ( NAMED_UNIT(*) PLANE_ANGLE_UNIT() SI_UNIT($,.RADIAN.) );
#17136 = ( NAMED_UNIT(*) SI_UNIT($,.STERADIAN.) SOLID_ANGLE_UNIT() );
#17137 = UNCERTAINTY_MEASURE_WITH_UNIT(LENGTH_MEASURE(1.E-07),#17134,
  'distance_accuracy_value','confusion accuracy');
#17138 = CONTEXT_DEPENDENT_SHAPE_REPRESENTATION(#17139,#17141);
#17139 = ( REPRESENTATION_RELATIONSHIP('','',#16250,#10) 
REPRESENTATION_RELATIONSHIP_WITH_TRANSFORMATION(#17140) 
SHAPE_REPRESENTATION_RELATIONSHIP() );
#17140 = ITEM_DEFINED_TRANSFORMATION('','',#11,#27);
#17141 = PRODUCT_DEFINITION_SHAPE('Placement','Placement of an item',
  #17142);
#17142 = NEXT_ASSEMBLY_USAGE_OCCURRENCE('19','contact_layer','',#5,
  #16245,$);
#17143 = PRODUCT_RELATED_PRODUCT_CATEGORY('part',$,(#16247));
#17144 = SHAPE_DEFINITION_REPRESENTATION(#17145,#17151);
#17145 = PRODUCT_DEFINITION_SHAPE('','',#17146);
#17146 = PRODUCT_DEFINITION('design','',#17147,#17150);
#17147 = PRODUCT_DEFINITION_FORMATION('','',#17148);
#17148 = PRODUCT('washer','washer','',(#17149));
#17149 = PRODUCT_CONTEXT('',#2,'mechanical');
#17150 = PRODUCT_DEFINITION_CONTEXT('part definition',#2,'design');
#17151 = ADVANCED_BREP_SHAPE_REPRESENTATION('',(#11,#17152),#17334);
#17152 = MANIFOLD_SOLID_BREP('',#17153);
#17153 = CLOSED_SHELL('',(#17154,#17242,#17277,#17307));
#17154 = ADVANCED_FACE('',(#17155),#17168,.T.);
#17155 = FACE_BOUND('',#17156,.T.);
#17156 = EDGE_LOOP('',(#17157,#17191,#17214,#17241));
#17157 = ORIENTED_EDGE('',*,*,#17158,.F.);
#17158 = EDGE_CURVE('',#17159,#17159,#17161,.T.);
#17159 = VERTEX_POINT('',#17160);
#17160 = CARTESIAN_POINT('',(38.,-6.,-19.6));
#17161 = SURFACE_CURVE('',#17162,(#17167,#17179),.PCURVE_S1.);
#17162 = CIRCLE('',#17163,3.);
#17163 = AXIS2_PLACEMENT_3D('',#17164,#17165,#17166);
#17164 = CARTESIAN_POINT('',(35.,-6.,-19.6));
#17165 = DIRECTION('',(0.,0.,1.));
#17166 = DIRECTION('',(1.,0.,-0.));
#17167 = PCURVE('',#17168,#17173);
#17168 = CYLINDRICAL_SURFACE('',#17169,3.);
#17169 = AXIS2_PLACEMENT_3D('',#17170,#17171,#17172);
#17170 = CARTESIAN_POINT('',(35.,-6.,-19.9));
#17171 = DIRECTION('',(0.,0.,1.));
#17172 = DIRECTION('',(1.,0.,-0.));
#17173 = DEFINITIONAL_REPRESENTATION('',(#17174),#17178);
#17174 = LINE('',#17175,#17176);
#17175 = CARTESIAN_POINT('',(0.,0.3));
#17176 = VECTOR('',#17177,1.);
#17177 = DIRECTION('',(1.,0.));
#17178 = ( GEOMETRIC_REPRESENTATION_CONTEXT(2) 
PARAMETRIC_REPRESENTATION_CONTEXT() REPRESENTATION_CONTEXT('2D SPACE',''
  ) );
#17179 = PCURVE('',#17180,#17185);
#17180 = PLANE('',#17181);
#17181 = AXIS2_PLACEMENT_3D('',#17182,#17183,#17184);
#17182 = CARTESIAN_POINT('',(35.,-6.,-19.6));
#17183 = DIRECTION('',(0.,0.,1.));
#17184 = DIRECTION('',(1.,0.,-0.));
#17185 = DEFINITIONAL_REPRESENTATION('',(#17186),#17190);
#17186 = CIRCLE('',#17187,3.);
#17187 = AXIS2_PLACEMENT_2D('',#17188,#17189);
#17188 = CARTESIAN_POINT('',(0.,0.));
#17189 = DIRECTION('',(1.,0.));
#17190 = ( GEOMETRIC_REPRESENTATION_CONTEXT(2) 
PARAMETRIC_REPRESENTATION_CONTEXT() REPRESENTATION_CONTEXT('2D SPACE',''
  ) );
#17191 = ORIENTED_EDGE('',*,*,#17192,.F.);
#17192 = EDGE_CURVE('',#17193,#17159,#17195,.T.);
#17193 = VERTEX_POINT('',#17194);
#17194 = CARTESIAN_POINT('',(38.,-6.,-19.9));
#17195 = SEAM_CURVE('',#17196,(#17200,#17207),.PCURVE_S1.);
#17196 = LINE('',#17197,#17198);
#17197 = CARTESIAN_POINT('',(38.,-6.,-19.9));
#17198 = VECTOR('',#17199,1.);
#17199 = DIRECTION('',(0.,0.,1.));
#17200 = PCURVE('',#17168,#17201);
#17201 = DEFINITIONAL_REPRESENTATION('',(#17202),#17206);
#17202 = LINE('',#17203,#17204);
#17203 = CARTESIAN_POINT('',(0.,-0.));
#17204 = VECTOR('',#17205,1.);
#17205 = DIRECTION('',(0.,1.));
#17206 = ( GEOMETRIC_REPRESENTATION_CONTEXT(2) 
PARAMETRIC_REPRESENTATION_CONTEXT() REPRESENTATION_CONTEXT('2D SPACE',''
  ) );
#17207 = PCURVE('',#17168,#17208);
#17208 = DEFINITIONAL_REPRESENTATION('',(#17209),#17213);
#17209 = LINE('',#17210,#17211);
#17210 = CARTESIAN_POINT('',(6.28318530718,-0.));
#17211 = VECTOR('',#17212,1.);
#17212 = DIRECTION('',(0.,1.));
#17213 = ( GEOMETRIC_REPRESENTATION_CONTEXT(2) 
PARAMETRIC_REPRESENTATION_CONTEXT() REPRESENTATION_CONTEXT('2D SPACE',''
  ) );
#17214 = ORIENTED_EDGE('',*,*,#17215,.T.);
#17215 = EDGE_CURVE('',#17193,#17193,#17216,.T.);
#17216 = SURFACE_CURVE('',#17217,(#17222,#17229),.PCURVE_S1.);
#17217 = CIRCLE('',#17218,3.);
#17218 = AXIS2_PLACEMENT_3D('',#17219,#17220,#17221);
#17219 = CARTESIAN_POINT('',(35.,-6.,-19.9));
#17220 = DIRECTION('',(0.,0.,1.));
#17221 = DIRECTION('',(1.,0.,-0.));
#17222 = PCURVE('',#17168,#17223);
#17223 = DEFINITIONAL_REPRESENTATION('',(#17224),#17228);
#17224 = LINE('',#17225,#17226);
#17225 = CARTESIAN_POINT('',(0.,0.));
#17226 = VECTOR('',#17227,1.);
#17227 = DIRECTION('',(1.,0.));
#17228 = ( GEOMETRIC_REPRESENTATION_CONTEXT(2) 
PARAMETRIC_REPRESENTATION_CONTEXT() REPRESENTATION_CONTEXT('2D SPACE',''
  ) );
#17229 = PCURVE('',#17230,#17235);
#17230 = PLANE('',#17231);
#17231 = AXIS2_PLACEMENT_3D('',#17232,#17233,#17234);
#17232 = CARTESIAN_POINT('',(35.,-6.,-19.9));
#17233 = DIRECTION('',(0.,0.,1.));
#17234 = DIRECTION('',(1.,0.,-0.));
#17235 = DEFINITIONAL_REPRESENTATION('',(#17236),#17240);
#17236 = CIRCLE('',#17237,3.);
#17237 = AXIS2_PLACEMENT_2D('',#17238,#17239);
#17238 = CARTESIAN_POINT('',(0.,0.));
#17239 = DIRECTION('',(1.,0.));
#17240 = ( GEOMETRIC_REPRESENTATION_CONTEXT(2) 
PARAMETRIC_REPRESENTATION_CONTEXT() REPRESENTATION_CONTEXT('2D SPACE',''
  ) );
#17241 = ORIENTED_EDGE('',*,*,#17192,.T.);
#17242 = ADVANCED_FACE('',(#17243,#17246),#17180,.T.);
#17243 = FACE_BOUND('',#17244,.T.);
#17244 = EDGE_LOOP('',(#17245));
#17245 = ORIENTED_EDGE('',*,*,#17158,.T.);
#17246 = FACE_BOUND('',#17247,.T.);
#17247 = EDGE_LOOP('',(#17248));
#17248 = ORIENTED_EDGE('',*,*,#17249,.F.);
#17249 = EDGE_CURVE('',#17250,#17250,#17252,.T.);
#17250 = VERTEX_POINT('',#17251);
#17251 = CARTESIAN_POINT('',(36.15,-6.,-19.6));
#17252 = SURFACE_CURVE('',#17253,(#17258,#17265),.PCURVE_S1.);
#17253 = CIRCLE('',#17254,1.15);
#17254 = AXIS2_PLACEMENT_3D('',#17255,#17256,#17257);
#17255 = CARTESIAN_POINT('',(35.,-6.,-19.6));
#17256 = DIRECTION('',(0.,0.,1.));
#17257 = DIRECTION('',(1.,0.,-0.));
#17258 = PCURVE('',#17180,#17259);
#17259 = DEFINITIONAL_REPRESENTATION('',(#17260),#17264);
#17260 = CIRCLE('',#17261,1.15);
#17261 = AXIS2_PLACEMENT_2D('',#17262,#17263);
#17262 = CARTESIAN_POINT('',(0.,0.));
#17263 = DIRECTION('',(1.,0.));
#17264 = ( GEOMETRIC_REPRESENTATION_CONTEXT(2) 
PARAMETRIC_REPRESENTATION_CONTEXT() REPRESENTATION_CONTEXT('2D SPACE',''
  ) );
#17265 = PCURVE('',#17266,#17271);
#17266 = CYLINDRICAL_SURFACE('',#17267,1.15);
#17267 = AXIS2_PLACEMENT_3D('',#17268,#17269,#17270);
#17268 = CARTESIAN_POINT('',(35.,-6.,-19.91));
#17269 = DIRECTION('',(0.,0.,1.));
#17270 = DIRECTION('',(1.,0.,-0.));
#17271 = DEFINITIONAL_REPRESENTATION('',(#17272),#17276);
#17272 = LINE('',#17273,#17274);
#17273 = CARTESIAN_POINT('',(0.,0.31));
#17274 = VECTOR('',#17275,1.);
#17275 = DIRECTION('',(1.,0.));
#17276 = ( GEOMETRIC_REPRESENTATION_CONTEXT(2) 
PARAMETRIC_REPRESENTATION_CONTEXT() REPRESENTATION_CONTEXT('2D SPACE',''
  ) );
#17277 = ADVANCED_FACE('',(#17278,#17281),#17230,.F.);
#17278 = FACE_BOUND('',#17279,.F.);
#17279 = EDGE_LOOP('',(#17280));
#17280 = ORIENTED_EDGE('',*,*,#17215,.T.);
#17281 = FACE_BOUND('',#17282,.F.);
#17282 = EDGE_LOOP('',(#17283));
#17283 = ORIENTED_EDGE('',*,*,#17284,.F.);
#17284 = EDGE_CURVE('',#17285,#17285,#17287,.T.);
#17285 = VERTEX_POINT('',#17286);
#17286 = CARTESIAN_POINT('',(36.15,-6.,-19.9));
#17287 = SURFACE_CURVE('',#17288,(#17293,#17300),.PCURVE_S1.);
#17288 = CIRCLE('',#17289,1.15);
#17289 = AXIS2_PLACEMENT_3D('',#17290,#17291,#17292);
#17290 = CARTESIAN_POINT('',(35.,-6.,-19.9));
#17291 = DIRECTION('',(0.,0.,1.));
#17292 = DIRECTION('',(1.,0.,-0.));
#17293 = PCURVE('',#17230,#17294);
#17294 = DEFINITIONAL_REPRESENTATION('',(#17295),#17299);
#17295 = CIRCLE('',#17296,1.15);
#17296 = AXIS2_PLACEMENT_2D('',#17297,#17298);
#17297 = CARTESIAN_POINT('',(0.,0.));
#17298 = DIRECTION('',(1.,0.));
#17299 = ( GEOMETRIC_REPRESENTATION_CONTEXT(2) 
PARAMETRIC_REPRESENTATION_CONTEXT() REPRESENTATION_CONTEXT('2D SPACE',''
  ) );
#17300 = PCURVE('',#17266,#17301);
#17301 = DEFINITIONAL_REPRESENTATION('',(#17302),#17306);
#17302 = LINE('',#17303,#17304);
#17303 = CARTESIAN_POINT('',(0.,1.E-02));
#17304 = VECTOR('',#17305,1.);
#17305 = DIRECTION('',(1.,0.));
#17306 = ( GEOMETRIC_REPRESENTATION_CONTEXT(2) 
PARAMETRIC_REPRESENTATION_CONTEXT() REPRESENTATION_CONTEXT('2D SPACE',''
  ) );
#17307 = ADVANCED_FACE('',(#17308),#17266,.F.);
#17308 = FACE_BOUND('',#17309,.F.);
#17309 = EDGE_LOOP('',(#17310,#17311,#17332,#17333));
#17310 = ORIENTED_EDGE('',*,*,#17249,.F.);
#17311 = ORIENTED_EDGE('',*,*,#17312,.F.);
#17312 = EDGE_CURVE('',#17285,#17250,#17313,.T.);
#17313 = SEAM_CURVE('',#17314,(#17318,#17325),.PCURVE_S1.);
#17314 = LINE('',#17315,#17316);
#17315 = CARTESIAN_POINT('',(36.15,-6.,-19.91));
#17316 = VECTOR('',#17317,1.);
#17317 = DIRECTION('',(0.,0.,1.));
#17318 = PCURVE('',#17266,#17319);
#17319 = DEFINITIONAL_REPRESENTATION('',(#17320),#17324);
#17320 = LINE('',#17321,#17322);
#17321 = CARTESIAN_POINT('',(0.,-0.));
#17322 = VECTOR('',#17323,1.);
#17323 = DIRECTION('',(0.,1.));
#17324 = ( GEOMETRIC_REPRESENTATION_CONTEXT(2) 
PARAMETRIC_REPRESENTATION_CONTEXT() REPRESENTATION_CONTEXT('2D SPACE',''
  ) );
#17325 = PCURVE('',#17266,#17326);
#17326 = DEFINITIONAL_REPRESENTATION('',(#17327),#17331);
#17327 = LINE('',#17328,#17329);
#17328 = CARTESIAN_POINT('',(6.28318530718,-0.));
#17329 = VECTOR('',#17330,1.);
#17330 = DIRECTION('',(0.,1.));
#17331 = ( GEOMETRIC_REPRESENTATION_CONTEXT(2) 
PARAMETRIC_REPRESENTATION_CONTEXT() REPRESENTATION_CONTEXT('2D SPACE',''
  ) );
#17332 = ORIENTED_EDGE('',*,*,#17284,.T.);
#17333 = ORIENTED_EDGE('',*,*,#17312,.T.);
#17334 = ( GEOMETRIC_REPRESENTATION_CONTEXT(3) 
GLOBAL_UNCERTAINTY_ASSIGNED_CONTEXT((#17338)) 
GLOBAL_UNIT_ASSIGNED_CONTEXT((#17335,#17336,#17337)) 
REPRESENTATION_CONTEXT('Context #1',
  '3D Context with UNIT and UNCERTAINTY') );
#17335 = ( LENGTH_UNIT() NAMED_UNIT(*) SI_UNIT(.MILLI.,.METRE.) );
#17336 = ( NAMED_UNIT(*) PLANE_ANGLE_UNIT() SI_UNIT($,.RADIAN.) );
#17337 = ( NAMED_UNIT(*) SI_UNIT($,.STERADIAN.) SOLID_ANGLE_UNIT() );
#17338 = UNCERTAINTY_MEASURE_WITH_UNIT(LENGTH_MEASURE(1.E-07),#17335,
  'distance_accuracy_value','confusion accuracy');
#17339 = CONTEXT_DEPENDENT_SHAPE_REPRESENTATION(#17340,#17342);
#17340 = ( REPRESENTATION_RELATIONSHIP('','',#17151,#10) 
REPRESENTATION_RELATIONSHIP_WITH_TRANSFORMATION(#17341) 
SHAPE_REPRESENTATION_RELATIONSHIP() );
#17341 = ITEM_DEFINED_TRANSFORMATION('','',#11,#31);
#17342 = PRODUCT_DEFINITION_SHAPE('Placement','Placement of an item',
  #17343);
#17343 = NEXT_ASSEMBLY_USAGE_OCCURRENCE('20','washer','',#5,#17146,$);
#17344 = PRODUCT_RELATED_PRODUCT_CATEGORY('part',$,(#17148));
#17345 = SHAPE_DEFINITION_REPRESENTATION(#17346,#17352);
#17346 = PRODUCT_DEFINITION_SHAPE('','',#17347);
#17347 = PRODUCT_DEFINITION('design','',#17348,#17351);
#17348 = PRODUCT_DEFINITION_FORMATION('','',#17349);
#17349 = PRODUCT('screw','screw','',(#17350));
#17350 = PRODUCT_CONTEXT('',#2,'mechanical');
#17351 = PRODUCT_DEFINITION_CONTEXT('part definition',#2,'design');
#17352 = ADVANCED_BREP_SHAPE_REPRESENTATION('',(#11,#17353),#17541);
#17353 = MANIFOLD_SOLID_BREP('',#17354);
#17354 = CLOSED_SHELL('',(#17355,#17443,#17478,#17482,#17537));
#17355 = ADVANCED_FACE('',(#17356),#17369,.T.);
#17356 = FACE_BOUND('',#17357,.T.);
#17357 = EDGE_LOOP('',(#17358,#17392,#17415,#17442));
#17358 = ORIENTED_EDGE('',*,*,#17359,.F.);
#17359 = EDGE_CURVE('',#17360,#17360,#17362,.T.);
#17360 = VERTEX_POINT('',#17361);
#17361 = CARTESIAN_POINT('',(36.9,-6.,-19.9));
#17362 = SURFACE_CURVE('',#17363,(#17368,#17380),.PCURVE_S1.);
#17363 = CIRCLE('',#17364,1.9);
#17364 = AXIS2_PLACEMENT_3D('',#17365,#17366,#17367);
#17365 = CARTESIAN_POINT('',(35.,-6.,-19.9));
#17366 = DIRECTION('',(0.,0.,1.));
#17367 = DIRECTION('',(1.,0.,-0.));
#17368 = PCURVE('',#17369,#17374);
#17369 = CYLINDRICAL_SURFACE('',#17370,1.9);
#17370 = AXIS2_PLACEMENT_3D('',#17371,#17372,#17373);
#17371 = CARTESIAN_POINT('',(35.,-6.,-21.2));
#17372 = DIRECTION('',(0.,0.,1.));
#17373 = DIRECTION('',(1.,0.,-0.));
#17374 = DEFINITIONAL_REPRESENTATION('',(#17375),#17379);
#17375 = LINE('',#17376,#17377);
#17376 = CARTESIAN_POINT('',(0.,1.3));
#17377 = VECTOR('',#17378,1.);
#17378 = DIRECTION('',(1.,0.));
#17379 = ( GEOMETRIC_REPRESENTATION_CONTEXT(2) 
PARAMETRIC_REPRESENTATION_CONTEXT() REPRESENTATION_CONTEXT('2D SPACE',''
  ) );
#17380 = PCURVE('',#17381,#17386);
#17381 = PLANE('',#17382);
#17382 = AXIS2_PLACEMENT_3D('',#17383,#17384,#17385);
#17383 = CARTESIAN_POINT('',(35.,-6.,-19.9));
#17384 = DIRECTION('',(0.,0.,1.));
#17385 = DIRECTION('',(1.,0.,-0.));
#17386 = DEFINITIONAL_REPRESENTATION('',(#17387),#17391);
#17387 = CIRCLE('',#17388,1.9);
#17388 = AXIS2_PLACEMENT_2D('',#17389,#17390);
#17389 = CARTESIAN_POINT('',(0.,0.));
#17390 = DIRECTION('',(1.,0.));
#17391 = ( GEOMETRIC_REPRESENTATION_CONTEXT(2) 
PARAMETRIC_REPRESENTATION_CONTEXT() REPRESENTATION_CONTEXT('2D SPACE',''
  ) );
#17392 = ORIENTED_EDGE('',*,*,#17393,.F.);
#17393 = EDGE_CURVE('',#17394,#17360,#17396,.T.);
#17394 = VERTEX_POINT('',#17395);
#17395 = CARTESIAN_POINT('',(36.9,-6.,-21.2));
#17396 = SEAM_CURVE('',#17397,(#17401,#17408),.PCURVE_S1.);
#17397 = LINE('',#17398,#17399);
#17398 = CARTESIAN_POINT('',(36.9,-6.,-21.2));
#17399 = VECTOR('',#17400,1.);
#17400 = DIRECTION('',(0.,0.,1.));
#17401 = PCURVE('',#17369,#17402);
#17402 = DEFINITIONAL_REPRESENTATION('',(#17403),#17407);
#17403 = LINE('',#17404,#17405);
#17404 = CARTESIAN_POINT('',(0.,-0.));
#17405 = VECTOR('',#17406,1.);
#17406 = DIRECTION('',(0.,1.));
#17407 = ( GEOMETRIC_REPRESENTATION_CONTEXT(2) 
PARAMETRIC_REPRESENTATION_CONTEXT() REPRESENTATION_CONTEXT('2D SPACE',''
  ) );
#17408 = PCURVE('',#17369,#17409);
#17409 = DEFINITIONAL_REPRESENTATION('',(#17410),#17414);
#17410 = LINE('',#17411,#17412);
#17411 = CARTESIAN_POINT('',(6.28318530718,-0.));
#17412 = VECTOR('',#17413,1.);
#17413 = DIRECTION('',(0.,1.));
#17414 = ( GEOMETRIC_REPRESENTATION_CONTEXT(2) 
PARAMETRIC_REPRESENTATION_CONTEXT() REPRESENTATION_CONTEXT('2D SPACE',''
  ) );
#17415 = ORIENTED_EDGE('',*,*,#17416,.T.);
#17416 = EDGE_CURVE('',#17394,#17394,#17417,.T.);
#17417 = SURFACE_CURVE('',#17418,(#17423,#17430),.PCURVE_S1.);
#17418 = CIRCLE('',#17419,1.9);
#17419 = AXIS2_PLACEMENT_3D('',#17420,#17421,#17422);
#17420 = CARTESIAN_POINT('',(35.,-6.,-21.2));
#17421 = DIRECTION('',(0.,0.,1.));
#17422 = DIRECTION('',(1.,0.,-0.));
#17423 = PCURVE('',#17369,#17424);
#17424 = DEFINITIONAL_REPRESENTATION('',(#17425),#17429);
#17425 = LINE('',#17426,#17427);
#17426 = CARTESIAN_POINT('',(0.,0.));
#17427 = VECTOR('',#17428,1.);
#17428 = DIRECTION('',(1.,0.));
#17429 = ( GEOMETRIC_REPRESENTATION_CONTEXT(2) 
PARAMETRIC_REPRESENTATION_CONTEXT() REPRESENTATION_CONTEXT('2D SPACE',''
  ) );
#17430 = PCURVE('',#17431,#17436);
#17431 = PLANE('',#17432);
#17432 = AXIS2_PLACEMENT_3D('',#17433,#17434,#17435);
#17433 = CARTESIAN_POINT('',(35.,-6.,-21.2));
#17434 = DIRECTION('',(0.,0.,1.));
#17435 = DIRECTION('',(1.,0.,-0.));
#17436 = DEFINITIONAL_REPRESENTATION('',(#17437),#17441);
#17437 = CIRCLE('',#17438,1.9);
#17438 = AXIS2_PLACEMENT_2D('',#17439,#17440);
#17439 = CARTESIAN_POINT('',(0.,0.));
#17440 = DIRECTION('',(1.,0.));
#17441 = ( GEOMETRIC_REPRESENTATION_CONTEXT(2) 
PARAMETRIC_REPRESENTATION_CONTEXT() REPRESENTATION_CONTEXT('2D SPACE',''
  ) );
#17442 = ORIENTED_EDGE('',*,*,#17393,.T.);
#17443 = ADVANCED_FACE('',(#17444,#17447),#17381,.T.);
#17444 = FACE_BOUND('',#17445,.T.);
#17445 = EDGE_LOOP('',(#17446));
#17446 = ORIENTED_EDGE('',*,*,#17359,.T.);
#17447 = FACE_BOUND('',#17448,.T.);
#17448 = EDGE_LOOP('',(#17449));
#17449 = ORIENTED_EDGE('',*,*,#17450,.F.);
#17450 = EDGE_CURVE('',#17451,#17451,#17453,.T.);
#17451 = VERTEX_POINT('',#17452);
#17452 = CARTESIAN_POINT('',(36.,-6.,-19.9));
#17453 = SURFACE_CURVE('',#17454,(#17459,#17466),.PCURVE_S1.);
#17454 = CIRCLE('',#17455,1.);
#17455 = AXIS2_PLACEMENT_3D('',#17456,#17457,#17458);
#17456 = CARTESIAN_POINT('',(35.,-6.,-19.9));
#17457 = DIRECTION('',(0.,0.,1.));
#17458 = DIRECTION('',(1.,0.,-0.));
#17459 = PCURVE('',#17381,#17460);
#17460 = DEFINITIONAL_REPRESENTATION('',(#17461),#17465);
#17461 = CIRCLE('',#17462,1.);
#17462 = AXIS2_PLACEMENT_2D('',#17463,#17464);
#17463 = CARTESIAN_POINT('',(0.,0.));
#17464 = DIRECTION('',(1.,0.));
#17465 = ( GEOMETRIC_REPRESENTATION_CONTEXT(2) 
PARAMETRIC_REPRESENTATION_CONTEXT() REPRESENTATION_CONTEXT('2D SPACE',''
  ) );
#17466 = PCURVE('',#17467,#17472);
#17467 = CYLINDRICAL_SURFACE('',#17468,1.);
#17468 = AXIS2_PLACEMENT_3D('',#17469,#17470,#17471);
#17469 = CARTESIAN_POINT('',(35.,-6.,-19.9));
#17470 = DIRECTION('',(0.,0.,1.));
#17471 = DIRECTION('',(1.,0.,-0.));
#17472 = DEFINITIONAL_REPRESENTATION('',(#17473),#17477);
#17473 = LINE('',#17474,#17475);
#17474 = CARTESIAN_POINT('',(0.,0.));
#17475 = VECTOR('',#17476,1.);
#17476 = DIRECTION('',(1.,0.));
#17477 = ( GEOMETRIC_REPRESENTATION_CONTEXT(2) 
PARAMETRIC_REPRESENTATION_CONTEXT() REPRESENTATION_CONTEXT('2D SPACE',''
  ) );
#17478 = ADVANCED_FACE('',(#17479),#17431,.F.);
#17479 = FACE_BOUND('',#17480,.T.);
#17480 = EDGE_LOOP('',(#17481));
#17481 = ORIENTED_EDGE('',*,*,#17416,.F.);
#17482 = ADVANCED_FACE('',(#17483),#17467,.T.);
#17483 = FACE_BOUND('',#17484,.T.);
#17484 = EDGE_LOOP('',(#17485,#17514,#17535,#17536));
#17485 = ORIENTED_EDGE('',*,*,#17486,.F.);
#17486 = EDGE_CURVE('',#17487,#17487,#17489,.T.);
#17487 = VERTEX_POINT('',#17488);
#17488 = CARTESIAN_POINT('',(36.,-6.,-9.9));
#17489 = SURFACE_CURVE('',#17490,(#17495,#17502),.PCURVE_S1.);
#17490 = CIRCLE('',#17491,1.);
#17491 = AXIS2_PLACEMENT_3D('',#17492,#17493,#17494);
#17492 = CARTESIAN_POINT('',(35.,-6.,-9.9));
#17493 = DIRECTION('',(0.,0.,1.));
#17494 = DIRECTION('',(1.,0.,-0.));
#17495 = PCURVE('',#17467,#17496);
#17496 = DEFINITIONAL_REPRESENTATION('',(#17497),#17501);
#17497 = LINE('',#17498,#17499);
#17498 = CARTESIAN_POINT('',(0.,10.));
#17499 = VECTOR('',#17500,1.);
#17500 = DIRECTION('',(1.,0.));
#17501 = ( GEOMETRIC_REPRESENTATION_CONTEXT(2) 
PARAMETRIC_REPRESENTATION_CONTEXT() REPRESENTATION_CONTEXT('2D SPACE',''
  ) );
#17502 = PCURVE('',#17503,#17508);
#17503 = PLANE('',#17504);
#17504 = AXIS2_PLACEMENT_3D('',#17505,#17506,#17507);
#17505 = CARTESIAN_POINT('',(35.,-6.,-9.9));
#17506 = DIRECTION('',(0.,0.,1.));
#17507 = DIRECTION('',(1.,0.,-0.));
#17508 = DEFINITIONAL_REPRESENTATION('',(#17509),#17513);
#17509 = CIRCLE('',#17510,1.);
#17510 = AXIS2_PLACEMENT_2D('',#17511,#17512);
#17511 = CARTESIAN_POINT('',(0.,0.));
#17512 = DIRECTION('',(1.,0.));
#17513 = ( GEOMETRIC_REPRESENTATION_CONTEXT(2) 
PARAMETRIC_REPRESENTATION_CONTEXT() REPRESENTATION_CONTEXT('2D SPACE',''
  ) );
#17514 = ORIENTED_EDGE('',*,*,#17515,.F.);
#17515 = EDGE_CURVE('',#17451,#17487,#17516,.T.);
#17516 = SEAM_CURVE('',#17517,(#17521,#17528),.PCURVE_S1.);
#17517 = LINE('',#17518,#17519);
#17518 = CARTESIAN_POINT('',(36.,-6.,-19.9));
#17519 = VECTOR('',#17520,1.);
#17520 = DIRECTION('',(0.,0.,1.));
#17521 = PCURVE('',#17467,#17522);
#17522 = DEFINITIONAL_REPRESENTATION('',(#17523),#17527);
#17523 = LINE('',#17524,#17525);
#17524 = CARTESIAN_POINT('',(0.,-0.));
#17525 = VECTOR('',#17526,1.);
#17526 = DIRECTION('',(0.,1.));
#17527 = ( GEOMETRIC_REPRESENTATION_CONTEXT(2) 
PARAMETRIC_REPRESENTATION_CONTEXT() REPRESENTATION_CONTEXT('2D SPACE',''
  ) );
#17528 = PCURVE('',#17467,#17529);
#17529 = DEFINITIONAL_REPRESENTATION('',(#17530),#17534);
#17530 = LINE('',#17531,#17532);
#17531 = CARTESIAN_POINT('',(6.28318530718,-0.));
#17532 = VECTOR('',#17533,1.);
#17533 = DIRECTION('',(0.,1.));
#17534 = ( GEOMETRIC_REPRESENTATION_CONTEXT(2) 
PARAMETRIC_REPRESENTATION_CONTEXT() REPRESENTATION_CONTEXT('2D SPACE',''
  ) );
#17535 = ORIENTED_EDGE('',*,*,#17450,.T.);
#17536 = ORIENTED_EDGE('',*,*,#17515,.T.);
#17537 = ADVANCED_FACE('',(#17538),#17503,.T.);
#17538 = FACE_BOUND('',#17539,.T.);
#17539 = EDGE_LOOP('',(#17540));
#17540 = ORIENTED_EDGE('',*,*,#17486,.T.);
#17541 = ( GEOMETRIC_REPRESENTATION_CONTEXT(3) 
GLOBAL_UNCERTAINTY_ASSIGNED_CONTEXT((#17545)) 
GLOBAL_UNIT_ASSIGNED_CONTEXT((#17542,#17543,#17544)) 
REPRESENTATION_CONTEXT('Context #1',
  '3D Context with UNIT and UNCERTAINTY') );
#17542 = ( LENGTH_UNIT() NAMED_UNIT(*) SI_UNIT(.MILLI.,.METRE.) );
#17543 = ( NAMED_UNIT(*) PLANE_ANGLE_UNIT() SI_UNIT($,.RADIAN.) );
#17544 = ( NAMED_UNIT(*) SI_UNIT($,.STERADIAN.) SOLID_ANGLE_UNIT() );
#17545 = UNCERTAINTY_MEASURE_WITH_UNIT(LENGTH_MEASURE(1.E-07),#17542,
  'distance_accuracy_value','confusion accuracy');
#17546 = CONTEXT_DEPENDENT_SHAPE_REPRESENTATION(#17547,#17549);
#17547 = ( REPRESENTATION_RELATIONSHIP('','',#17352,#10) 
REPRESENTATION_RELATIONSHIP_WITH_TRANSFORMATION(#17548) 
SHAPE_REPRESENTATION_RELATIONSHIP() );
#17548 = ITEM_DEFINED_TRANSFORMATION('','',#11,#35);
#17549 = PRODUCT_DEFINITION_SHAPE('Placement','Placement of an item',
  #17550);
#17550 = NEXT_ASSEMBLY_USAGE_OCCURRENCE('21','screw','',#5,#17347,$);
#17551 = PRODUCT_RELATED_PRODUCT_CATEGORY('part',$,(#17349));
#17552 = SHAPE_DEFINITION_REPRESENTATION(#17553,#17559);
#17553 = PRODUCT_DEFINITION_SHAPE('','',#17554);
#17554 = PRODUCT_DEFINITION('design','',#17555,#17558);
#17555 = PRODUCT_DEFINITION_FORMATION('','',#17556);
#17556 = PRODUCT('nut','nut','',(#17557));
#17557 = PRODUCT_CONTEXT('',#2,'mechanical');
#17558 = PRODUCT_DEFINITION_CONTEXT('part definition',#2,'design');
#17559 = ADVANCED_BREP_SHAPE_REPRESENTATION('',(#11,#17560),#17974);
#17560 = MANIFOLD_SOLID_BREP('',#17561);
#17561 = CLOSED_SHELL('',(#17562,#17682,#17758,#17838,#17887,#17940,
    #17947));
#17562 = ADVANCED_FACE('',(#17563),#17577,.F.);
#17563 = FACE_BOUND('',#17564,.F.);
#17564 = EDGE_LOOP('',(#17565,#17600,#17628,#17656));
#17565 = ORIENTED_EDGE('',*,*,#17566,.F.);
#17566 = EDGE_CURVE('',#17567,#17569,#17571,.T.);
#17567 = VERTEX_POINT('',#17568);
#17568 = CARTESIAN_POINT('',(33.,-8.,-11.6));
#17569 = VERTEX_POINT('',#17570);
#17570 = CARTESIAN_POINT('',(33.,-8.,-10.4));
#17571 = SURFACE_CURVE('',#17572,(#17576,#17588),.PCURVE_S1.);
#17572 = LINE('',#17573,#17574);
#17573 = CARTESIAN_POINT('',(33.,-8.,-11.6));
#17574 = VECTOR('',#17575,1.);
#17575 = DIRECTION('',(0.,0.,1.));
#17576 = PCURVE('',#17577,#17582);
#17577 = PLANE('',#17578);
#17578 = AXIS2_PLACEMENT_3D('',#17579,#17580,#17581);
#17579 = CARTESIAN_POINT('',(33.,-8.,-11.6));
#17580 = DIRECTION('',(1.,0.,-0.));
#17581 = DIRECTION('',(0.,0.,1.));
#17582 = DEFINITIONAL_REPRESENTATION('',(#17583),#17587);
#17583 = LINE('',#17584,#17585);
#17584 = CARTESIAN_POINT('',(0.,0.));
#17585 = VECTOR('',#17586,1.);
#17586 = DIRECTION('',(1.,0.));
#17587 = ( GEOMETRIC_REPRESENTATION_CONTEXT(2) 
PARAMETRIC_REPRESENTATION_CONTEXT() REPRESENTATION_CONTEXT('2D SPACE',''
  ) );
#17588 = PCURVE('',#17589,#17594);
#17589 = PLANE('',#17590);
#17590 = AXIS2_PLACEMENT_3D('',#17591,#17592,#17593);
#17591 = CARTESIAN_POINT('',(33.,-8.,-11.6));
#17592 = DIRECTION('',(-0.,1.,0.));
#17593 = DIRECTION('',(0.,0.,1.));
#17594 = DEFINITIONAL_REPRESENTATION('',(#17595),#17599);
#17595 = LINE('',#17596,#17597);
#17596 = CARTESIAN_POINT('',(0.,0.));
#17597 = VECTOR('',#17598,1.);
#17598 = DIRECTION('',(1.,0.));
#17599 = ( GEOMETRIC_REPRESENTATION_CONTEXT(2) 
PARAMETRIC_REPRESENTATION_CONTEXT() REPRESENTATION_CONTEXT('2D SPACE',''
  ) );
#17600 = ORIENTED_EDGE('',*,*,#17601,.T.);
#17601 = EDGE_CURVE('',#17567,#17602,#17604,.T.);
#17602 = VERTEX_POINT('',#17603);
#17603 = CARTESIAN_POINT('',(33.,-4.,-11.6));
#17604 = SURFACE_CURVE('',#17605,(#17609,#17616),.PCURVE_S1.);
#17605 = LINE('',#17606,#17607);
#17606 = CARTESIAN_POINT('',(33.,-8.,-11.6));
#17607 = VECTOR('',#17608,1.);
#17608 = DIRECTION('',(-0.,1.,0.));
#17609 = PCURVE('',#17577,#17610);
#17610 = DEFINITIONAL_REPRESENTATION('',(#17611),#17615);
#17611 = LINE('',#17612,#17613);
#17612 = CARTESIAN_POINT('',(0.,0.));
#17613 = VECTOR('',#17614,1.);
#17614 = DIRECTION('',(0.,-1.));
#17615 = ( GEOMETRIC_REPRESENTATION_CONTEXT(2) 
PARAMETRIC_REPRESENTATION_CONTEXT() REPRESENTATION_CONTEXT('2D SPACE',''
  ) );
#17616 = PCURVE('',#17617,#17622);
#17617 = PLANE('',#17618);
#17618 = AXIS2_PLACEMENT_3D('',#17619,#17620,#17621);
#17619 = CARTESIAN_POINT('',(33.,-8.,-11.6));
#17620 = DIRECTION('',(0.,0.,1.));
#17621 = DIRECTION('',(1.,0.,-0.));
#17622 = DEFINITIONAL_REPRESENTATION('',(#17623),#17627);
#17623 = LINE('',#17624,#17625);
#17624 = CARTESIAN_POINT('',(0.,0.));
#17625 = VECTOR('',#17626,1.);
#17626 = DIRECTION('',(0.,1.));
#17627 = ( GEOMETRIC_REPRESENTATION_CONTEXT(2) 
PARAMETRIC_REPRESENTATION_CONTEXT() REPRESENTATION_CONTEXT('2D SPACE',''
  ) );
#17628 = ORIENTED_EDGE('',*,*,#17629,.T.);
#17629 = EDGE_CURVE('',#17602,#17630,#17632,.T.);
#17630 = VERTEX_POINT('',#17631);
#17631 = CARTESIAN_POINT('',(33.,-4.,-10.4));
#17632 = SURFACE_CURVE('',#17633,(#17637,#17644),.PCURVE_S1.);
#17633 = LINE('',#17634,#17635);
#17634 = CARTESIAN_POINT('',(33.,-4.,-11.6));
#17635 = VECTOR('',#17636,1.);
#17636 = DIRECTION('',(0.,0.,1.));
#17637 = PCURVE('',#17577,#17638);
#17638 = DEFINITIONAL_REPRESENTATION('',(#17639),#17643);
#17639 = LINE('',#17640,#17641);
#17640 = CARTESIAN_POINT('',(0.,-4.));
#17641 = VECTOR('',#17642,1.);
#17642 = DIRECTION('',(1.,0.));
#17643 = ( GEOMETRIC_REPRESENTATION_CONTEXT(2) 
PARAMETRIC_REPRESENTATION_CONTEXT() REPRESENTATION_CONTEXT('2D SPACE',''
  ) );
#17644 = PCURVE('',#17645,#17650);
#17645 = PLANE('',#17646);
#17646 = AXIS2_PLACEMENT_3D('',#17647,#17648,#17649);
#17647 = CARTESIAN_POINT('',(33.,-4.,-11.6));
#17648 = DIRECTION('',(-0.,1.,0.));
#17649 = DIRECTION('',(0.,0.,1.));
#17650 = DEFINITIONAL_REPRESENTATION('',(#17651),#17655);
#17651 = LINE('',#17652,#17653);
#17652 = CARTESIAN_POINT('',(0.,0.));
#17653 = VECTOR('',#17654,1.);
#17654 = DIRECTION('',(1.,0.));
#17655 = ( GEOMETRIC_REPRESENTATION_CONTEXT(2) 
PARAMETRIC_REPRESENTATION_CONTEXT() REPRESENTATION_CONTEXT('2D SPACE',''
  ) );
#17656 = ORIENTED_EDGE('',*,*,#17657,.F.);
#17657 = EDGE_CURVE('',#17569,#17630,#17658,.T.);
#17658 = SURFACE_CURVE('',#17659,(#17663,#17670),.PCURVE_S1.);
#17659 = LINE('',#17660,#17661);
#17660 = CARTESIAN_POINT('',(33.,-8.,-10.4));
#17661 = VECTOR('',#17662,1.);
#17662 = DIRECTION('',(-0.,1.,0.));
#17663 = PCURVE('',#17577,#17664);
#17664 = DEFINITIONAL_REPRESENTATION('',(#17665),#17669);
#17665 = LINE('',#17666,#17667);
#17666 = CARTESIAN_POINT('',(1.2,0.));
#17667 = VECTOR('',#17668,1.);
#17668 = DIRECTION('',(0.,-1.));
#17669 = ( GEOMETRIC_REPRESENTATION_CONTEXT(2) 
PARAMETRIC_REPRESENTATION_CONTEXT() REPRESENTATION_CONTEXT('2D SPACE',''
  ) );
#17670 = PCURVE('',#17671,#17676);
#17671 = PLANE('',#17672);
#17672 = AXIS2_PLACEMENT_3D('',#17673,#17674,#17675);
#17673 = CARTESIAN_POINT('',(33.,-8.,-10.4));
#17674 = DIRECTION('',(0.,0.,1.));
#17675 = DIRECTION('',(1.,0.,-0.));
#17676 = DEFINITIONAL_REPRESENTATION('',(#17677),#17681);
#17677 = LINE('',#17678,#17679);
#17678 = CARTESIAN_POINT('',(0.,0.));
#17679 = VECTOR('',#17680,1.);
#17680 = DIRECTION('',(0.,1.));
#17681 = ( GEOMETRIC_REPRESENTATION_CONTEXT(2) 
PARAMETRIC_REPRESENTATION_CONTEXT() REPRESENTATION_CONTEXT('2D SPACE',''
  ) );
#17682 = ADVANCED_FACE('',(#17683),#17589,.F.);
#17683 = FACE_BOUND('',#17684,.F.);
#17684 = EDGE_LOOP('',(#17685,#17708,#17709,#17732));
#17685 = ORIENTED_EDGE('',*,*,#17686,.F.);
#17686 = EDGE_CURVE('',#17567,#17687,#17689,.T.);
#17687 = VERTEX_POINT('',#17688);
#17688 = CARTESIAN_POINT('',(37.,-8.,-11.6));
#17689 = SURFACE_CURVE('',#17690,(#17694,#17701),.PCURVE_S1.);
#17690 = LINE('',#17691,#17692);
#17691 = CARTESIAN_POINT('',(33.,-8.,-11.6));
#17692 = VECTOR('',#17693,1.);
#17693 = DIRECTION('',(1.,0.,-0.));
#17694 = PCURVE('',#17589,#17695);
#17695 = DEFINITIONAL_REPRESENTATION('',(#17696),#17700);
#17696 = LINE('',#17697,#17698);
#17697 = CARTESIAN_POINT('',(0.,0.));
#17698 = VECTOR('',#17699,1.);
#17699 = DIRECTION('',(0.,1.));
#17700 = ( GEOMETRIC_REPRESENTATION_CONTEXT(2) 
PARAMETRIC_REPRESENTATION_CONTEXT() REPRESENTATION_CONTEXT('2D SPACE',''
  ) );
#17701 = PCURVE('',#17617,#17702);
#17702 = DEFINITIONAL_REPRESENTATION('',(#17703),#17707);
#17703 = LINE('',#17704,#17705);
#17704 = CARTESIAN_POINT('',(0.,0.));
#17705 = VECTOR('',#17706,1.);
#17706 = DIRECTION('',(1.,0.));
#17707 = ( GEOMETRIC_REPRESENTATION_CONTEXT(2) 
PARAMETRIC_REPRESENTATION_CONTEXT() REPRESENTATION_CONTEXT('2D SPACE',''
  ) );
#17708 = ORIENTED_EDGE('',*,*,#17566,.T.);
#17709 = ORIENTED_EDGE('',*,*,#17710,.T.);
#17710 = EDGE_CURVE('',#17569,#17711,#17713,.T.);
#17711 = VERTEX_POINT('',#17712);
#17712 = CARTESIAN_POINT('',(37.,-8.,-10.4));
#17713 = SURFACE_CURVE('',#17714,(#17718,#17725),.PCURVE_S1.);
#17714 = LINE('',#17715,#17716);
#17715 = CARTESIAN_POINT('',(33.,-8.,-10.4));
#17716 = VECTOR('',#17717,1.);
#17717 = DIRECTION('',(1.,0.,-0.));
#17718 = PCURVE('',#17589,#17719);
#17719 = DEFINITIONAL_REPRESENTATION('',(#17720),#17724);
#17720 = LINE('',#17721,#17722);
#17721 = CARTESIAN_POINT('',(1.2,0.));
#17722 = VECTOR('',#17723,1.);
#17723 = DIRECTION('',(0.,1.));
#17724 = ( GEOMETRIC_REPRESENTATION_CONTEXT(2) 
PARAMETRIC_REPRESENTATION_CONTEXT() REPRESENTATION_CONTEXT('2D SPACE',''
  ) );
#17725 = PCURVE('',#17671,#17726);
#17726 = DEFINITIONAL_REPRESENTATION('',(#17727),#17731);
#17727 = LINE('',#17728,#17729);
#17728 = CARTESIAN_POINT('',(0.,0.));
#17729 = VECTOR('',#17730,1.);
#17730 = DIRECTION('',(1.,0.));
#17731 = ( GEOMETRIC_REPRESENTATION_CONTEXT(2) 
PARAMETRIC_REPRESENTATION_CONTEXT() REPRESENTATION_CONTEXT('2D SPACE',''
  ) );
#17732 = ORIENTED_EDGE('',*,*,#17733,.F.);
#17733 = EDGE_CURVE('',#17687,#17711,#17734,.T.);
#17734 = SURFACE_CURVE('',#17735,(#17739,#17746),.PCURVE_S1.);
#17735 = LINE('',#17736,#17737);
#17736 = CARTESIAN_POINT('',(37.,-8.,-11.6));
#17737 = VECTOR('',#17738,1.);
#17738 = DIRECTION('',(0.,0.,1.));
#17739 = PCURVE('',#17589,#17740);
#17740 = DEFINITIONAL_REPRESENTATION('',(#17741),#17745);
#17741 = LINE('',#17742,#17743);
#17742 = CARTESIAN_POINT('',(0.,4.));
#17743 = VECTOR('',#17744,1.);
#17744 = DIRECTION('',(1.,0.));
#17745 = ( GEOMETRIC_REPRESENTATION_CONTEXT(2) 
PARAMETRIC_REPRESENTATION_CONTEXT() REPRESENTATION_CONTEXT('2D SPACE',''
  ) );
#17746 = PCURVE('',#17747,#17752);
#17747 = PLANE('',#17748);
#17748 = AXIS2_PLACEMENT_3D('',#17749,#17750,#17751);
#17749 = CARTESIAN_POINT('',(37.,-8.,-11.6));
#17750 = DIRECTION('',(1.,0.,-0.));
#17751 = DIRECTION('',(0.,0.,1.));
#17752 = DEFINITIONAL_REPRESENTATION('',(#17753),#17757);
#17753 = LINE('',#17754,#17755);
#17754 = CARTESIAN_POINT('',(0.,0.));
#17755 = VECTOR('',#17756,1.);
#17756 = DIRECTION('',(1.,0.));
#17757 = ( GEOMETRIC_REPRESENTATION_CONTEXT(2) 
PARAMETRIC_REPRESENTATION_CONTEXT() REPRESENTATION_CONTEXT('2D SPACE',''
  ) );
#17758 = ADVANCED_FACE('',(#17759,#17807),#17671,.T.);
#17759 = FACE_BOUND('',#17760,.T.);
#17760 = EDGE_LOOP('',(#17761,#17762,#17763,#17786));
#17761 = ORIENTED_EDGE('',*,*,#17657,.F.);
#17762 = ORIENTED_EDGE('',*,*,#17710,.T.);
#17763 = ORIENTED_EDGE('',*,*,#17764,.T.);
#17764 = EDGE_CURVE('',#17711,#17765,#17767,.T.);
#17765 = VERTEX_POINT('',#17766);
#17766 = CARTESIAN_POINT('',(37.,-4.,-10.4));
#17767 = SURFACE_CURVE('',#17768,(#17772,#17779),.PCURVE_S1.);
#17768 = LINE('',#17769,#17770);
#17769 = CARTESIAN_POINT('',(37.,-8.,-10.4));
#17770 = VECTOR('',#17771,1.);
#17771 = DIRECTION('',(-0.,1.,0.));
#17772 = PCURVE('',#17671,#17773);
#17773 = DEFINITIONAL_REPRESENTATION('',(#17774),#17778);
#17774 = LINE('',#17775,#17776);
#17775 = CARTESIAN_POINT('',(4.,0.));
#17776 = VECTOR('',#17777,1.);
#17777 = DIRECTION('',(0.,1.));
#17778 = ( GEOMETRIC_REPRESENTATION_CONTEXT(2) 
PARAMETRIC_REPRESENTATION_CONTEXT() REPRESENTATION_CONTEXT('2D SPACE',''
  ) );
#17779 = PCURVE('',#17747,#17780);
#17780 = DEFINITIONAL_REPRESENTATION('',(#17781),#17785);
#17781 = LINE('',#17782,#17783);
#17782 = CARTESIAN_POINT('',(1.2,0.));
#17783 = VECTOR('',#17784,1.);
#17784 = DIRECTION('',(0.,-1.));
#17785 = ( GEOMETRIC_REPRESENTATION_CONTEXT(2) 
PARAMETRIC_REPRESENTATION_CONTEXT() REPRESENTATION_CONTEXT('2D SPACE',''
  ) );
#17786 = ORIENTED_EDGE('',*,*,#17787,.F.);
#17787 = EDGE_CURVE('',#17630,#17765,#17788,.T.);
#17788 = SURFACE_CURVE('',#17789,(#17793,#17800),.PCURVE_S1.);
#17789 = LINE('',#17790,#17791);
#17790 = CARTESIAN_POINT('',(33.,-4.,-10.4));
#17791 = VECTOR('',#17792,1.);
#17792 = DIRECTION('',(1.,0.,-0.));
#17793 = PCURVE('',#17671,#17794);
#17794 = DEFINITIONAL_REPRESENTATION('',(#17795),#17799);
#17795 = LINE('',#17796,#17797);
#17796 = CARTESIAN_POINT('',(0.,4.));
#17797 = VECTOR('',#17798,1.);
#17798 = DIRECTION('',(1.,0.));
#17799 = ( GEOMETRIC_REPRESENTATION_CONTEXT(2) 
PARAMETRIC_REPRESENTATION_CONTEXT() REPRESENTATION_CONTEXT('2D SPACE',''
  ) );
#17800 = PCURVE('',#17645,#17801);
#17801 = DEFINITIONAL_REPRESENTATION('',(#17802),#17806);
#17802 = LINE('',#17803,#17804);
#17803 = CARTESIAN_POINT('',(1.2,0.));
#17804 = VECTOR('',#17805,1.);
#17805 = DIRECTION('',(0.,1.));
#17806 = ( GEOMETRIC_REPRESENTATION_CONTEXT(2) 
PARAMETRIC_REPRESENTATION_CONTEXT() REPRESENTATION_CONTEXT('2D SPACE',''
  ) );
#17807 = FACE_BOUND('',#17808,.T.);
#17808 = EDGE_LOOP('',(#17809));
#17809 = ORIENTED_EDGE('',*,*,#17810,.F.);
#17810 = EDGE_CURVE('',#17811,#17811,#17813,.T.);
#17811 = VERTEX_POINT('',#17812);
#17812 = CARTESIAN_POINT('',(36.,-6.,-10.4));
#17813 = SURFACE_CURVE('',#17814,(#17819,#17826),.PCURVE_S1.);
#17814 = CIRCLE('',#17815,1.);
#17815 = AXIS2_PLACEMENT_3D('',#17816,#17817,#17818);
#17816 = CARTESIAN_POINT('',(35.,-6.,-10.4));
#17817 = DIRECTION('',(0.,0.,1.));
#17818 = DIRECTION('',(1.,0.,-0.));
#17819 = PCURVE('',#17671,#17820);
#17820 = DEFINITIONAL_REPRESENTATION('',(#17821),#17825);
#17821 = CIRCLE('',#17822,1.);
#17822 = AXIS2_PLACEMENT_2D('',#17823,#17824);
#17823 = CARTESIAN_POINT('',(2.,2.));
#17824 = DIRECTION('',(1.,0.));
#17825 = ( GEOMETRIC_REPRESENTATION_CONTEXT(2) 
PARAMETRIC_REPRESENTATION_CONTEXT() REPRESENTATION_CONTEXT('2D SPACE',''
  ) );
#17826 = PCURVE('',#17827,#17832);
#17827 = CYLINDRICAL_SURFACE('',#17828,1.);
#17828 = AXIS2_PLACEMENT_3D('',#17829,#17830,#17831);
#17829 = CARTESIAN_POINT('',(35.,-6.,-11.61));
#17830 = DIRECTION('',(0.,0.,1.));
#17831 = DIRECTION('',(1.,0.,-0.));
#17832 = DEFINITIONAL_REPRESENTATION('',(#17833),#17837);
#17833 = LINE('',#17834,#17835);
#17834 = CARTESIAN_POINT('',(0.,1.21));
#17835 = VECTOR('',#17836,1.);
#17836 = DIRECTION('',(1.,0.));
#17837 = ( GEOMETRIC_REPRESENTATION_CONTEXT(2) 
PARAMETRIC_REPRESENTATION_CONTEXT() REPRESENTATION_CONTEXT('2D SPACE',''
  ) );
#17838 = ADVANCED_FACE('',(#17839),#17645,.T.);
#17839 = FACE_BOUND('',#17840,.T.);
#17840 = EDGE_LOOP('',(#17841,#17864,#17865,#17866));
#17841 = ORIENTED_EDGE('',*,*,#17842,.F.);
#17842 = EDGE_CURVE('',#17602,#17843,#17845,.T.);
#17843 = VERTEX_POINT('',#17844);
#17844 = CARTESIAN_POINT('',(37.,-4.,-11.6));
#17845 = SURFACE_CURVE('',#17846,(#17850,#17857),.PCURVE_S1.);
#17846 = LINE('',#17847,#17848);
#17847 = CARTESIAN_POINT('',(33.,-4.,-11.6));
#17848 = VECTOR('',#17849,1.);
#17849 = DIRECTION('',(1.,0.,-0.));
#17850 = PCURVE('',#17645,#17851);
#17851 = DEFINITIONAL_REPRESENTATION('',(#17852),#17856);
#17852 = LINE('',#17853,#17854);
#17853 = CARTESIAN_POINT('',(0.,0.));
#17854 = VECTOR('',#17855,1.);
#17855 = DIRECTION('',(0.,1.));
#17856 = ( GEOMETRIC_REPRESENTATION_CONTEXT(2) 
PARAMETRIC_REPRESENTATION_CONTEXT() REPRESENTATION_CONTEXT('2D SPACE',''
  ) );
#17857 = PCURVE('',#17617,#17858);
#17858 = DEFINITIONAL_REPRESENTATION('',(#17859),#17863);
#17859 = LINE('',#17860,#17861);
#17860 = CARTESIAN_POINT('',(0.,4.));
#17861 = VECTOR('',#17862,1.);
#17862 = DIRECTION('',(1.,0.));
#17863 = ( GEOMETRIC_REPRESENTATION_CONTEXT(2) 
PARAMETRIC_REPRESENTATION_CONTEXT() REPRESENTATION_CONTEXT('2D SPACE',''
  ) );
#17864 = ORIENTED_EDGE('',*,*,#17629,.T.);
#17865 = ORIENTED_EDGE('',*,*,#17787,.T.);
#17866 = ORIENTED_EDGE('',*,*,#17867,.F.);
#17867 = EDGE_CURVE('',#17843,#17765,#17868,.T.);
#17868 = SURFACE_CURVE('',#17869,(#17873,#17880),.PCURVE_S1.);
#17869 = LINE('',#17870,#17871);
#17870 = CARTESIAN_POINT('',(37.,-4.,-11.6));
#17871 = VECTOR('',#17872,1.);
#17872 = DIRECTION('',(0.,0.,1.));
#17873 = PCURVE('',#17645,#17874);
#17874 = DEFINITIONAL_REPRESENTATION('',(#17875),#17879);
#17875 = LINE('',#17876,#17877);
#17876 = CARTESIAN_POINT('',(0.,4.));
#17877 = VECTOR('',#17878,1.);
#17878 = DIRECTION('',(1.,0.));
#17879 = ( GEOMETRIC_REPRESENTATION_CONTEXT(2) 
PARAMETRIC_REPRESENTATION_CONTEXT() REPRESENTATION_CONTEXT('2D SPACE',''
  ) );
#17880 = PCURVE('',#17747,#17881);
#17881 = DEFINITIONAL_REPRESENTATION('',(#17882),#17886);
#17882 = LINE('',#17883,#17884);
#17883 = CARTESIAN_POINT('',(0.,-4.));
#17884 = VECTOR('',#17885,1.);
#17885 = DIRECTION('',(1.,0.));
#17886 = ( GEOMETRIC_REPRESENTATION_CONTEXT(2) 
PARAMETRIC_REPRESENTATION_CONTEXT() REPRESENTATION_CONTEXT('2D SPACE',''
  ) );
#17887 = ADVANCED_FACE('',(#17888,#17914),#17617,.F.);
#17888 = FACE_BOUND('',#17889,.F.);
#17889 = EDGE_LOOP('',(#17890,#17891,#17892,#17913));
#17890 = ORIENTED_EDGE('',*,*,#17601,.F.);
#17891 = ORIENTED_EDGE('',*,*,#17686,.T.);
#17892 = ORIENTED_EDGE('',*,*,#17893,.T.);
#17893 = EDGE_CURVE('',#17687,#17843,#17894,.T.);
#17894 = SURFACE_CURVE('',#17895,(#17899,#17906),.PCURVE_S1.);
#17895 = LINE('',#17896,#17897);
#17896 = CARTESIAN_POINT('',(37.,-8.,-11.6));
#17897 = VECTOR('',#17898,1.);
#17898 = DIRECTION('',(-0.,1.,0.));
#17899 = PCURVE('',#17617,#17900);
#17900 = DEFINITIONAL_REPRESENTATION('',(#17901),#17905);
#17901 = LINE('',#17902,#17903);
#17902 = CARTESIAN_POINT('',(4.,0.));
#17903 = VECTOR('',#17904,1.);
#17904 = DIRECTION('',(0.,1.));
#17905 = ( GEOMETRIC_REPRESENTATION_CONTEXT(2) 
PARAMETRIC_REPRESENTATION_CONTEXT() REPRESENTATION_CONTEXT('2D SPACE',''
  ) );
#17906 = PCURVE('',#17747,#17907);
#17907 = DEFINITIONAL_REPRESENTATION('',(#17908),#17912);
#17908 = LINE('',#17909,#17910);
#17909 = CARTESIAN_POINT('',(0.,0.));
#17910 = VECTOR('',#17911,1.);
#17911 = DIRECTION('',(0.,-1.));
#17912 = ( GEOMETRIC_REPRESENTATION_CONTEXT(2) 
PARAMETRIC_REPRESENTATION_CONTEXT() REPRESENTATION_CONTEXT('2D SPACE',''
  ) );
#17913 = ORIENTED_EDGE('',*,*,#17842,.F.);
#17914 = FACE_BOUND('',#17915,.F.);
#17915 = EDGE_LOOP('',(#17916));
#17916 = ORIENTED_EDGE('',*,*,#17917,.F.);
#17917 = EDGE_CURVE('',#17918,#17918,#17920,.T.);
#17918 = VERTEX_POINT('',#17919);
#17919 = CARTESIAN_POINT('',(36.,-6.,-11.6));
#17920 = SURFACE_CURVE('',#17921,(#17926,#17933),.PCURVE_S1.);
#17921 = CIRCLE('',#17922,1.);
#17922 = AXIS2_PLACEMENT_3D('',#17923,#17924,#17925);
#17923 = CARTESIAN_POINT('',(35.,-6.,-11.6));
#17924 = DIRECTION('',(0.,0.,1.));
#17925 = DIRECTION('',(1.,0.,-0.));
#17926 = PCURVE('',#17617,#17927);
#17927 = DEFINITIONAL_REPRESENTATION('',(#17928),#17932);
#17928 = CIRCLE('',#17929,1.);
#17929 = AXIS2_PLACEMENT_2D('',#17930,#17931);
#17930 = CARTESIAN_POINT('',(2.,2.));
#17931 = DIRECTION('',(1.,0.));
#17932 = ( GEOMETRIC_REPRESENTATION_CONTEXT(2) 
PARAMETRIC_REPRESENTATION_CONTEXT() REPRESENTATION_CONTEXT('2D SPACE',''
  ) );
#17933 = PCURVE('',#17827,#17934);
#17934 = DEFINITIONAL_REPRESENTATION('',(#17935),#17939);
#17935 = LINE('',#17936,#17937);
#17936 = CARTESIAN_POINT('',(0.,1.E-02));
#17937 = VECTOR('',#17938,1.);
#17938 = DIRECTION('',(1.,0.));
#17939 = ( GEOMETRIC_REPRESENTATION_CONTEXT(2) 
PARAMETRIC_REPRESENTATION_CONTEXT() REPRESENTATION_CONTEXT('2D SPACE',''
  ) );
#17940 = ADVANCED_FACE('',(#17941),#17747,.T.);
#17941 = FACE_BOUND('',#17942,.T.);
#17942 = EDGE_LOOP('',(#17943,#17944,#17945,#17946));
#17943 = ORIENTED_EDGE('',*,*,#17733,.F.);
#17944 = ORIENTED_EDGE('',*,*,#17893,.T.);
#17945 = ORIENTED_EDGE('',*,*,#17867,.T.);
#17946 = ORIENTED_EDGE('',*,*,#17764,.F.);
#17947 = ADVANCED_FACE('',(#17948),#17827,.F.);
#17948 = FACE_BOUND('',#17949,.F.);
#17949 = EDGE_LOOP('',(#17950,#17951,#17972,#17973));
#17950 = ORIENTED_EDGE('',*,*,#17810,.F.);
#17951 = ORIENTED_EDGE('',*,*,#17952,.F.);
#17952 = EDGE_CURVE('',#17918,#17811,#17953,.T.);
#17953 = SEAM_CURVE('',#17954,(#17958,#17965),.PCURVE_S1.);
#17954 = LINE('',#17955,#17956);
#17955 = CARTESIAN_POINT('',(36.,-6.,-11.61));
#17956 = VECTOR('',#17957,1.);
#17957 = DIRECTION('',(0.,0.,1.));
#17958 = PCURVE('',#17827,#17959);
#17959 = DEFINITIONAL_REPRESENTATION('',(#17960),#17964);
#17960 = LINE('',#17961,#17962);
#17961 = CARTESIAN_POINT('',(0.,-0.));
#17962 = VECTOR('',#17963,1.);
#17963 = DIRECTION('',(0.,1.));
#17964 = ( GEOMETRIC_REPRESENTATION_CONTEXT(2) 
PARAMETRIC_REPRESENTATION_CONTEXT() REPRESENTATION_CONTEXT('2D SPACE',''
  ) );
#17965 = PCURVE('',#17827,#17966);
#17966 = DEFINITIONAL_REPRESENTATION('',(#17967),#17971);
#17967 = LINE('',#17968,#17969);
#17968 = CARTESIAN_POINT('',(6.28318530718,-0.));
#17969 = VECTOR('',#17970,1.);
#17970 = DIRECTION('',(0.,1.));
#17971 = ( GEOMETRIC_REPRESENTATION_CONTEXT(2) 
PARAMETRIC_REPRESENTATION_CONTEXT() REPRESENTATION_CONTEXT('2D SPACE',''
  ) );
#17972 = ORIENTED_EDGE('',*,*,#17917,.T.);
#17973 = ORIENTED_EDGE('',*,*,#17952,.T.);
#17974 = ( GEOMETRIC_REPRESENTATION_CONTEXT(3) 
GLOBAL_UNCERTAINTY_ASSIGNED_CONTEXT((#17978)) 
GLOBAL_UNIT_ASSIGNED_CONTEXT((#17975,#17976,#17977)) 
REPRESENTATION_CONTEXT('Context #1',
  '3D Context with UNIT and UNCERTAINTY') );
#17975 = ( LENGTH_UNIT() NAMED_UNIT(*) SI_UNIT(.MILLI.,.METRE.) );
#17976 = ( NAMED_UNIT(*) PLANE_ANGLE_UNIT() SI_UNIT($,.RADIAN.) );
#17977 = ( NAMED_UNIT(*) SI_UNIT($,.STERADIAN.) SOLID_ANGLE_UNIT() );
#17978 = UNCERTAINTY_MEASURE_WITH_UNIT(LENGTH_MEASURE(1.E-07),#17975,
  'distance_accuracy_value','confusion accuracy');
#17979 = CONTEXT_DEPENDENT_SHAPE_REPRESENTATION(#17980,#17982);
#17980 = ( REPRESENTATION_RELATIONSHIP('','',#17559,#10) 
REPRESENTATION_RELATIONSHIP_WITH_TRANSFORMATION(#17981) 
SHAPE_REPRESENTATION_RELATIONSHIP() );
#17981 = ITEM_DEFINED_TRANSFORMATION('','',#11,#39);
#17982 = PRODUCT_DEFINITION_SHAPE('Placement','Placement of an item',
  #17983);
#17983 = NEXT_ASSEMBLY_USAGE_OCCURRENCE('22','nut','',#5,#17554,$);
#17984 = PRODUCT_RELATED_PRODUCT_CATEGORY('part',$,(#17556));
#17985 = SHAPE_DEFINITION_REPRESENTATION(#17986,#17992);
#17986 = PRODUCT_DEFINITION_SHAPE('','',#17987);
#17987 = PRODUCT_DEFINITION('design','',#17988,#17991);
#17988 = PRODUCT_DEFINITION_FORMATION('','',#17989);
#17989 = PRODUCT('boot_-34_-26.5_screw','boot_-34_-26.5_screw','',(
    #17990));
#17990 = PRODUCT_CONTEXT('',#2,'mechanical');
#17991 = PRODUCT_DEFINITION_CONTEXT('part definition',#2,'design');
#17992 = ADVANCED_BREP_SHAPE_REPRESENTATION('',(#11,#17993),#18181);
#17993 = MANIFOLD_SOLID_BREP('',#17994);
#17994 = CLOSED_SHELL('',(#17995,#18083,#18118,#18122,#18177));
#17995 = ADVANCED_FACE('',(#17996),#18009,.T.);
#17996 = FACE_BOUND('',#17997,.T.);
#17997 = EDGE_LOOP('',(#17998,#18032,#18055,#18082));
#17998 = ORIENTED_EDGE('',*,*,#17999,.F.);
#17999 = EDGE_CURVE('',#18000,#18000,#18002,.T.);
#18000 = VERTEX_POINT('',#18001);
#18001 = CARTESIAN_POINT('',(-32.1,-26.5,-19.));
#18002 = SURFACE_CURVE('',#18003,(#18008,#18020),.PCURVE_S1.);
#18003 = CIRCLE('',#18004,1.9);
#18004 = AXIS2_PLACEMENT_3D('',#18005,#18006,#18007);
#18005 = CARTESIAN_POINT('',(-34.,-26.5,-19.));
#18006 = DIRECTION('',(0.,0.,1.));
#18007 = DIRECTION('',(1.,0.,-0.));
#18008 = PCURVE('',#18009,#18014);
#18009 = CYLINDRICAL_SURFACE('',#18010,1.9);
#18010 = AXIS2_PLACEMENT_3D('',#18011,#18012,#18013);
#18011 = CARTESIAN_POINT('',(-34.,-26.5,-20.3));
#18012 = DIRECTION('',(0.,0.,1.));
#18013 = DIRECTION('',(1.,0.,-0.));
#18014 = DEFINITIONAL_REPRESENTATION('',(#18015),#18019);
#18015 = LINE('',#18016,#18017);
#18016 = CARTESIAN_POINT('',(0.,1.3));
#18017 = VECTOR('',#18018,1.);
#18018 = DIRECTION('',(1.,0.));
#18019 = ( GEOMETRIC_REPRESENTATION_CONTEXT(2) 
PARAMETRIC_REPRESENTATION_CONTEXT() REPRESENTATION_CONTEXT('2D SPACE',''
  ) );
#18020 = PCURVE('',#18021,#18026);
#18021 = PLANE('',#18022);
#18022 = AXIS2_PLACEMENT_3D('',#18023,#18024,#18025);
#18023 = CARTESIAN_POINT('',(-34.,-26.5,-19.));
#18024 = DIRECTION('',(0.,0.,1.));
#18025 = DIRECTION('',(1.,0.,-0.));
#18026 = DEFINITIONAL_REPRESENTATION('',(#18027),#18031);
#18027 = CIRCLE('',#18028,1.9);
#18028 = AXIS2_PLACEMENT_2D('',#18029,#18030);
#18029 = CARTESIAN_POINT('',(0.,0.));
#18030 = DIRECTION('',(1.,0.));
#18031 = ( GEOMETRIC_REPRESENTATION_CONTEXT(2) 
PARAMETRIC_REPRESENTATION_CONTEXT() REPRESENTATION_CONTEXT('2D SPACE',''
  ) );
#18032 = ORIENTED_EDGE('',*,*,#18033,.F.);
#18033 = EDGE_CURVE('',#18034,#18000,#18036,.T.);
#18034 = VERTEX_POINT('',#18035);
#18035 = CARTESIAN_POINT('',(-32.1,-26.5,-20.3));
#18036 = SEAM_CURVE('',#18037,(#18041,#18048),.PCURVE_S1.);
#18037 = LINE('',#18038,#18039);
#18038 = CARTESIAN_POINT('',(-32.1,-26.5,-20.3));
#18039 = VECTOR('',#18040,1.);
#18040 = DIRECTION('',(0.,0.,1.));
#18041 = PCURVE('',#18009,#18042);
#18042 = DEFINITIONAL_REPRESENTATION('',(#18043),#18047);
#18043 = LINE('',#18044,#18045);
#18044 = CARTESIAN_POINT('',(0.,-0.));
#18045 = VECTOR('',#18046,1.);
#18046 = DIRECTION('',(0.,1.));
#18047 = ( GEOMETRIC_REPRESENTATION_CONTEXT(2) 
PARAMETRIC_REPRESENTATION_CONTEXT() REPRESENTATION_CONTEXT('2D SPACE',''
  ) );
#18048 = PCURVE('',#18009,#18049);
#18049 = DEFINITIONAL_REPRESENTATION('',(#18050),#18054);
#18050 = LINE('',#18051,#18052);
#18051 = CARTESIAN_POINT('',(6.28318530718,-0.));
#18052 = VECTOR('',#18053,1.);
#18053 = DIRECTION('',(0.,1.));
#18054 = ( GEOMETRIC_REPRESENTATION_CONTEXT(2) 
PARAMETRIC_REPRESENTATION_CONTEXT() REPRESENTATION_CONTEXT('2D SPACE',''
  ) );
#18055 = ORIENTED_EDGE('',*,*,#18056,.T.);
#18056 = EDGE_CURVE('',#18034,#18034,#18057,.T.);
#18057 = SURFACE_CURVE('',#18058,(#18063,#18070),.PCURVE_S1.);
#18058 = CIRCLE('',#18059,1.9);
#18059 = AXIS2_PLACEMENT_3D('',#18060,#18061,#18062);
#18060 = CARTESIAN_POINT('',(-34.,-26.5,-20.3));
#18061 = DIRECTION('',(0.,0.,1.));
#18062 = DIRECTION('',(1.,0.,-0.));
#18063 = PCURVE('',#18009,#18064);
#18064 = DEFINITIONAL_REPRESENTATION('',(#18065),#18069);
#18065 = LINE('',#18066,#18067);
#18066 = CARTESIAN_POINT('',(0.,0.));
#18067 = VECTOR('',#18068,1.);
#18068 = DIRECTION('',(1.,0.));
#18069 = ( GEOMETRIC_REPRESENTATION_CONTEXT(2) 
PARAMETRIC_REPRESENTATION_CONTEXT() REPRESENTATION_CONTEXT('2D SPACE',''
  ) );
#18070 = PCURVE('',#18071,#18076);
#18071 = PLANE('',#18072);
#18072 = AXIS2_PLACEMENT_3D('',#18073,#18074,#18075);
#18073 = CARTESIAN_POINT('',(-34.,-26.5,-20.3));
#18074 = DIRECTION('',(0.,0.,1.));
#18075 = DIRECTION('',(1.,0.,-0.));
#18076 = DEFINITIONAL_REPRESENTATION('',(#18077),#18081);
#18077 = CIRCLE('',#18078,1.9);
#18078 = AXIS2_PLACEMENT_2D('',#18079,#18080);
#18079 = CARTESIAN_POINT('',(0.,0.));
#18080 = DIRECTION('',(1.,0.));
#18081 = ( GEOMETRIC_REPRESENTATION_CONTEXT(2) 
PARAMETRIC_REPRESENTATION_CONTEXT() REPRESENTATION_CONTEXT('2D SPACE',''
  ) );
#18082 = ORIENTED_EDGE('',*,*,#18033,.T.);
#18083 = ADVANCED_FACE('',(#18084,#18087),#18021,.T.);
#18084 = FACE_BOUND('',#18085,.T.);
#18085 = EDGE_LOOP('',(#18086));
#18086 = ORIENTED_EDGE('',*,*,#17999,.T.);
#18087 = FACE_BOUND('',#18088,.T.);
#18088 = EDGE_LOOP('',(#18089));
#18089 = ORIENTED_EDGE('',*,*,#18090,.F.);
#18090 = EDGE_CURVE('',#18091,#18091,#18093,.T.);
#18091 = VERTEX_POINT('',#18092);
#18092 = CARTESIAN_POINT('',(-33.,-26.5,-19.));
#18093 = SURFACE_CURVE('',#18094,(#18099,#18106),.PCURVE_S1.);
#18094 = CIRCLE('',#18095,1.);
#18095 = AXIS2_PLACEMENT_3D('',#18096,#18097,#18098);
#18096 = CARTESIAN_POINT('',(-34.,-26.5,-19.));
#18097 = DIRECTION('',(0.,0.,1.));
#18098 = DIRECTION('',(1.,0.,-0.));
#18099 = PCURVE('',#18021,#18100);
#18100 = DEFINITIONAL_REPRESENTATION('',(#18101),#18105);
#18101 = CIRCLE('',#18102,1.);
#18102 = AXIS2_PLACEMENT_2D('',#18103,#18104);
#18103 = CARTESIAN_POINT('',(0.,0.));
#18104 = DIRECTION('',(1.,0.));
#18105 = ( GEOMETRIC_REPRESENTATION_CONTEXT(2) 
PARAMETRIC_REPRESENTATION_CONTEXT() REPRESENTATION_CONTEXT('2D SPACE',''
  ) );
#18106 = PCURVE('',#18107,#18112);
#18107 = CYLINDRICAL_SURFACE('',#18108,1.);
#18108 = AXIS2_PLACEMENT_3D('',#18109,#18110,#18111);
#18109 = CARTESIAN_POINT('',(-34.,-26.5,-19.));
#18110 = DIRECTION('',(0.,0.,1.));
#18111 = DIRECTION('',(1.,0.,-0.));
#18112 = DEFINITIONAL_REPRESENTATION('',(#18113),#18117);
#18113 = LINE('',#18114,#18115);
#18114 = CARTESIAN_POINT('',(0.,0.));
#18115 = VECTOR('',#18116,1.);
#18116 = DIRECTION('',(1.,0.));
#18117 = ( GEOMETRIC_REPRESENTATION_CONTEXT(2) 
PARAMETRIC_REPRESENTATION_CONTEXT() REPRESENTATION_CONTEXT('2D SPACE',''
  ) );
#18118 = ADVANCED_FACE('',(#18119),#18071,.F.);
#18119 = FACE_BOUND('',#18120,.T.);
#18120 = EDGE_LOOP('',(#18121));
#18121 = ORIENTED_EDGE('',*,*,#18056,.F.);
#18122 = ADVANCED_FACE('',(#18123),#18107,.T.);
#18123 = FACE_BOUND('',#18124,.T.);
#18124 = EDGE_LOOP('',(#18125,#18154,#18175,#18176));
#18125 = ORIENTED_EDGE('',*,*,#18126,.F.);
#18126 = EDGE_CURVE('',#18127,#18127,#18129,.T.);
#18127 = VERTEX_POINT('',#18128);
#18128 = CARTESIAN_POINT('',(-33.,-26.5,-13.));
#18129 = SURFACE_CURVE('',#18130,(#18135,#18142),.PCURVE_S1.);
#18130 = CIRCLE('',#18131,1.);
#18131 = AXIS2_PLACEMENT_3D('',#18132,#18133,#18134);
#18132 = CARTESIAN_POINT('',(-34.,-26.5,-13.));
#18133 = DIRECTION('',(0.,0.,1.));
#18134 = DIRECTION('',(1.,0.,-0.));
#18135 = PCURVE('',#18107,#18136);
#18136 = DEFINITIONAL_REPRESENTATION('',(#18137),#18141);
#18137 = LINE('',#18138,#18139);
#18138 = CARTESIAN_POINT('',(0.,6.));
#18139 = VECTOR('',#18140,1.);
#18140 = DIRECTION('',(1.,0.));
#18141 = ( GEOMETRIC_REPRESENTATION_CONTEXT(2) 
PARAMETRIC_REPRESENTATION_CONTEXT() REPRESENTATION_CONTEXT('2D SPACE',''
  ) );
#18142 = PCURVE('',#18143,#18148);
#18143 = PLANE('',#18144);
#18144 = AXIS2_PLACEMENT_3D('',#18145,#18146,#18147);
#18145 = CARTESIAN_POINT('',(-34.,-26.5,-13.));
#18146 = DIRECTION('',(0.,0.,1.));
#18147 = DIRECTION('',(1.,0.,-0.));
#18148 = DEFINITIONAL_REPRESENTATION('',(#18149),#18153);
#18149 = CIRCLE('',#18150,1.);
#18150 = AXIS2_PLACEMENT_2D('',#18151,#18152);
#18151 = CARTESIAN_POINT('',(0.,0.));
#18152 = DIRECTION('',(1.,0.));
#18153 = ( GEOMETRIC_REPRESENTATION_CONTEXT(2) 
PARAMETRIC_REPRESENTATION_CONTEXT() REPRESENTATION_CONTEXT('2D SPACE',''
  ) );
#18154 = ORIENTED_EDGE('',*,*,#18155,.F.);
#18155 = EDGE_CURVE('',#18091,#18127,#18156,.T.);
#18156 = SEAM_CURVE('',#18157,(#18161,#18168),.PCURVE_S1.);
#18157 = LINE('',#18158,#18159);
#18158 = CARTESIAN_POINT('',(-33.,-26.5,-19.));
#18159 = VECTOR('',#18160,1.);
#18160 = DIRECTION('',(0.,0.,1.));
#18161 = PCURVE('',#18107,#18162);
#18162 = DEFINITIONAL_REPRESENTATION('',(#18163),#18167);
#18163 = LINE('',#18164,#18165);
#18164 = CARTESIAN_POINT('',(0.,-0.));
#18165 = VECTOR('',#18166,1.);
#18166 = DIRECTION('',(0.,1.));
#18167 = ( GEOMETRIC_REPRESENTATION_CONTEXT(2) 
PARAMETRIC_REPRESENTATION_CONTEXT() REPRESENTATION_CONTEXT('2D SPACE',''
  ) );
#18168 = PCURVE('',#18107,#18169);
#18169 = DEFINITIONAL_REPRESENTATION('',(#18170),#18174);
#18170 = LINE('',#18171,#18172);
#18171 = CARTESIAN_POINT('',(6.28318530718,-0.));
#18172 = VECTOR('',#18173,1.);
#18173 = DIRECTION('',(0.,1.));
#18174 = ( GEOMETRIC_REPRESENTATION_CONTEXT(2) 
PARAMETRIC_REPRESENTATION_CONTEXT() REPRESENTATION_CONTEXT('2D SPACE',''
  ) );
#18175 = ORIENTED_EDGE('',*,*,#18090,.T.);
#18176 = ORIENTED_EDGE('',*,*,#18155,.T.);
#18177 = ADVANCED_FACE('',(#18178),#18143,.T.);
#18178 = FACE_BOUND('',#18179,.T.);
#18179 = EDGE_LOOP('',(#18180));
#18180 = ORIENTED_EDGE('',*,*,#18126,.T.);
#18181 = ( GEOMETRIC_REPRESENTATION_CONTEXT(3) 
GLOBAL_UNCERTAINTY_ASSIGNED_CONTEXT((#18185)) 
GLOBAL_UNIT_ASSIGNED_CONTEXT((#18182,#18183,#18184)) 
REPRESENTATION_CONTEXT('Context #1',
  '3D Context with UNIT and UNCERTAINTY') );
#18182 = ( LENGTH_UNIT() NAMED_UNIT(*) SI_UNIT(.MILLI.,.METRE.) );
#18183 = ( NAMED_UNIT(*) PLANE_ANGLE_UNIT() SI_UNIT($,.RADIAN.) );
#18184 = ( NAMED_UNIT(*) SI_UNIT($,.STERADIAN.) SOLID_ANGLE_UNIT() );
#18185 = UNCERTAINTY_MEASURE_WITH_UNIT(LENGTH_MEASURE(1.E-07),#18182,
  'distance_accuracy_value','confusion accuracy');
#18186 = CONTEXT_DEPENDENT_SHAPE_REPRESENTATION(#18187,#18189);
#18187 = ( REPRESENTATION_RELATIONSHIP('','',#17992,#10) 
REPRESENTATION_RELATIONSHIP_WITH_TRANSFORMATION(#18188) 
SHAPE_REPRESENTATION_RELATIONSHIP() );
#18188 = ITEM_DEFINED_TRANSFORMATION('','',#11,#43);
#18189 = PRODUCT_DEFINITION_SHAPE('Placement','Placement of an item',
  #18190);
#18190 = NEXT_ASSEMBLY_USAGE_OCCURRENCE('23','boot_-34_-26.5_screw','',
  #5,#17987,$);
#18191 = PRODUCT_RELATED_PRODUCT_CATEGORY('part',$,(#17989));
#18192 = SHAPE_DEFINITION_REPRESENTATION(#18193,#18199);
#18193 = PRODUCT_DEFINITION_SHAPE('','',#18194);
#18194 = PRODUCT_DEFINITION('design','',#18195,#18198);
#18195 = PRODUCT_DEFINITION_FORMATION('','',#18196);
#18196 = PRODUCT('boot_-34_-26.5_nut','boot_-34_-26.5_nut','',(#18197));
#18197 = PRODUCT_CONTEXT('',#2,'mechanical');
#18198 = PRODUCT_DEFINITION_CONTEXT('part definition',#2,'design');
#18199 = ADVANCED_BREP_SHAPE_REPRESENTATION('',(#11,#18200),#18614);
#18200 = MANIFOLD_SOLID_BREP('',#18201);
#18201 = CLOSED_SHELL('',(#18202,#18322,#18398,#18478,#18527,#18580,
    #18587));
#18202 = ADVANCED_FACE('',(#18203),#18217,.F.);
#18203 = FACE_BOUND('',#18204,.F.);
#18204 = EDGE_LOOP('',(#18205,#18240,#18268,#18296));
#18205 = ORIENTED_EDGE('',*,*,#18206,.F.);
#18206 = EDGE_CURVE('',#18207,#18209,#18211,.T.);
#18207 = VERTEX_POINT('',#18208);
#18208 = CARTESIAN_POINT('',(-36.,-28.5,-14.6));
#18209 = VERTEX_POINT('',#18210);
#18210 = CARTESIAN_POINT('',(-36.,-28.5,-13.4));
#18211 = SURFACE_CURVE('',#18212,(#18216,#18228),.PCURVE_S1.);
#18212 = LINE('',#18213,#18214);
#18213 = CARTESIAN_POINT('',(-36.,-28.5,-14.6));
#18214 = VECTOR('',#18215,1.);
#18215 = DIRECTION('',(0.,0.,1.));
#18216 = PCURVE('',#18217,#18222);
#18217 = PLANE('',#18218);
#18218 = AXIS2_PLACEMENT_3D('',#18219,#18220,#18221);
#18219 = CARTESIAN_POINT('',(-36.,-28.5,-14.6));
#18220 = DIRECTION('',(1.,0.,0.));
#18221 = DIRECTION('',(0.,0.,1.));
#18222 = DEFINITIONAL_REPRESENTATION('',(#18223),#18227);
#18223 = LINE('',#18224,#18225);
#18224 = CARTESIAN_POINT('',(0.,0.));
#18225 = VECTOR('',#18226,1.);
#18226 = DIRECTION('',(1.,0.));
#18227 = ( GEOMETRIC_REPRESENTATION_CONTEXT(2) 
PARAMETRIC_REPRESENTATION_CONTEXT() REPRESENTATION_CONTEXT('2D SPACE',''
  ) );
#18228 = PCURVE('',#18229,#18234);
#18229 = PLANE('',#18230);
#18230 = AXIS2_PLACEMENT_3D('',#18231,#18232,#18233);
#18231 = CARTESIAN_POINT('',(-36.,-28.5,-14.6));
#18232 = DIRECTION('',(0.,1.,0.));
#18233 = DIRECTION('',(0.,-0.,1.));
#18234 = DEFINITIONAL_REPRESENTATION('',(#18235),#18239);
#18235 = LINE('',#18236,#18237);
#18236 = CARTESIAN_POINT('',(0.,0.));
#18237 = VECTOR('',#18238,1.);
#18238 = DIRECTION('',(1.,0.));
#18239 = ( GEOMETRIC_REPRESENTATION_CONTEXT(2) 
PARAMETRIC_REPRESENTATION_CONTEXT() REPRESENTATION_CONTEXT('2D SPACE',''
  ) );
#18240 = ORIENTED_EDGE('',*,*,#18241,.T.);
#18241 = EDGE_CURVE('',#18207,#18242,#18244,.T.);
#18242 = VERTEX_POINT('',#18243);
#18243 = CARTESIAN_POINT('',(-36.,-24.5,-14.6));
#18244 = SURFACE_CURVE('',#18245,(#18249,#18256),.PCURVE_S1.);
#18245 = LINE('',#18246,#18247);
#18246 = CARTESIAN_POINT('',(-36.,-28.5,-14.6));
#18247 = VECTOR('',#18248,1.);
#18248 = DIRECTION('',(0.,1.,0.));
#18249 = PCURVE('',#18217,#18250);
#18250 = DEFINITIONAL_REPRESENTATION('',(#18251),#18255);
#18251 = LINE('',#18252,#18253);
#18252 = CARTESIAN_POINT('',(0.,0.));
#18253 = VECTOR('',#18254,1.);
#18254 = DIRECTION('',(0.,-1.));
#18255 = ( GEOMETRIC_REPRESENTATION_CONTEXT(2) 
PARAMETRIC_REPRESENTATION_CONTEXT() REPRESENTATION_CONTEXT('2D SPACE',''
  ) );
#18256 = PCURVE('',#18257,#18262);
#18257 = PLANE('',#18258);
#18258 = AXIS2_PLACEMENT_3D('',#18259,#18260,#18261);
#18259 = CARTESIAN_POINT('',(-36.,-28.5,-14.6));
#18260 = DIRECTION('',(0.,0.,1.));
#18261 = DIRECTION('',(1.,0.,-0.));
#18262 = DEFINITIONAL_REPRESENTATION('',(#18263),#18267);
#18263 = LINE('',#18264,#18265);
#18264 = CARTESIAN_POINT('',(0.,0.));
#18265 = VECTOR('',#18266,1.);
#18266 = DIRECTION('',(0.,1.));
#18267 = ( GEOMETRIC_REPRESENTATION_CONTEXT(2) 
PARAMETRIC_REPRESENTATION_CONTEXT() REPRESENTATION_CONTEXT('2D SPACE',''
  ) );
#18268 = ORIENTED_EDGE('',*,*,#18269,.T.);
#18269 = EDGE_CURVE('',#18242,#18270,#18272,.T.);
#18270 = VERTEX_POINT('',#18271);
#18271 = CARTESIAN_POINT('',(-36.,-24.5,-13.4));
#18272 = SURFACE_CURVE('',#18273,(#18277,#18284),.PCURVE_S1.);
#18273 = LINE('',#18274,#18275);
#18274 = CARTESIAN_POINT('',(-36.,-24.5,-14.6));
#18275 = VECTOR('',#18276,1.);
#18276 = DIRECTION('',(0.,0.,1.));
#18277 = PCURVE('',#18217,#18278);
#18278 = DEFINITIONAL_REPRESENTATION('',(#18279),#18283);
#18279 = LINE('',#18280,#18281);
#18280 = CARTESIAN_POINT('',(0.,-4.));
#18281 = VECTOR('',#18282,1.);
#18282 = DIRECTION('',(1.,0.));
#18283 = ( GEOMETRIC_REPRESENTATION_CONTEXT(2) 
PARAMETRIC_REPRESENTATION_CONTEXT() REPRESENTATION_CONTEXT('2D SPACE',''
  ) );
#18284 = PCURVE('',#18285,#18290);
#18285 = PLANE('',#18286);
#18286 = AXIS2_PLACEMENT_3D('',#18287,#18288,#18289);
#18287 = CARTESIAN_POINT('',(-36.,-24.5,-14.6));
#18288 = DIRECTION('',(0.,1.,0.));
#18289 = DIRECTION('',(0.,-0.,1.));
#18290 = DEFINITIONAL_REPRESENTATION('',(#18291),#18295);
#18291 = LINE('',#18292,#18293);
#18292 = CARTESIAN_POINT('',(0.,0.));
#18293 = VECTOR('',#18294,1.);
#18294 = DIRECTION('',(1.,0.));
#18295 = ( GEOMETRIC_REPRESENTATION_CONTEXT(2) 
PARAMETRIC_REPRESENTATION_CONTEXT() REPRESENTATION_CONTEXT('2D SPACE',''
  ) );
#18296 = ORIENTED_EDGE('',*,*,#18297,.F.);
#18297 = EDGE_CURVE('',#18209,#18270,#18298,.T.);
#18298 = SURFACE_CURVE('',#18299,(#18303,#18310),.PCURVE_S1.);
#18299 = LINE('',#18300,#18301);
#18300 = CARTESIAN_POINT('',(-36.,-28.5,-13.4));
#18301 = VECTOR('',#18302,1.);
#18302 = DIRECTION('',(0.,1.,0.));
#18303 = PCURVE('',#18217,#18304);
#18304 = DEFINITIONAL_REPRESENTATION('',(#18305),#18309);
#18305 = LINE('',#18306,#18307);
#18306 = CARTESIAN_POINT('',(1.2,0.));
#18307 = VECTOR('',#18308,1.);
#18308 = DIRECTION('',(0.,-1.));
#18309 = ( GEOMETRIC_REPRESENTATION_CONTEXT(2) 
PARAMETRIC_REPRESENTATION_CONTEXT() REPRESENTATION_CONTEXT('2D SPACE',''
  ) );
#18310 = PCURVE('',#18311,#18316);
#18311 = PLANE('',#18312);
#18312 = AXIS2_PLACEMENT_3D('',#18313,#18314,#18315);
#18313 = CARTESIAN_POINT('',(-36.,-28.5,-13.4));
#18314 = DIRECTION('',(0.,0.,1.));
#18315 = DIRECTION('',(1.,0.,-0.));
#18316 = DEFINITIONAL_REPRESENTATION('',(#18317),#18321);
#18317 = LINE('',#18318,#18319);
#18318 = CARTESIAN_POINT('',(0.,0.));
#18319 = VECTOR('',#18320,1.);
#18320 = DIRECTION('',(0.,1.));
#18321 = ( GEOMETRIC_REPRESENTATION_CONTEXT(2) 
PARAMETRIC_REPRESENTATION_CONTEXT() REPRESENTATION_CONTEXT('2D SPACE',''
  ) );
#18322 = ADVANCED_FACE('',(#18323),#18229,.F.);
#18323 = FACE_BOUND('',#18324,.F.);
#18324 = EDGE_LOOP('',(#18325,#18348,#18349,#18372));
#18325 = ORIENTED_EDGE('',*,*,#18326,.F.);
#18326 = EDGE_CURVE('',#18207,#18327,#18329,.T.);
#18327 = VERTEX_POINT('',#18328);
#18328 = CARTESIAN_POINT('',(-32.,-28.5,-14.6));
#18329 = SURFACE_CURVE('',#18330,(#18334,#18341),.PCURVE_S1.);
#18330 = LINE('',#18331,#18332);
#18331 = CARTESIAN_POINT('',(-36.,-28.5,-14.6));
#18332 = VECTOR('',#18333,1.);
#18333 = DIRECTION('',(1.,0.,0.));
#18334 = PCURVE('',#18229,#18335);
#18335 = DEFINITIONAL_REPRESENTATION('',(#18336),#18340);
#18336 = LINE('',#18337,#18338);
#18337 = CARTESIAN_POINT('',(0.,0.));
#18338 = VECTOR('',#18339,1.);
#18339 = DIRECTION('',(0.,1.));
#18340 = ( GEOMETRIC_REPRESENTATION_CONTEXT(2) 
PARAMETRIC_REPRESENTATION_CONTEXT() REPRESENTATION_CONTEXT('2D SPACE',''
  ) );
#18341 = PCURVE('',#18257,#18342);
#18342 = DEFINITIONAL_REPRESENTATION('',(#18343),#18347);
#18343 = LINE('',#18344,#18345);
#18344 = CARTESIAN_POINT('',(0.,0.));
#18345 = VECTOR('',#18346,1.);
#18346 = DIRECTION('',(1.,0.));
#18347 = ( GEOMETRIC_REPRESENTATION_CONTEXT(2) 
PARAMETRIC_REPRESENTATION_CONTEXT() REPRESENTATION_CONTEXT('2D SPACE',''
  ) );
#18348 = ORIENTED_EDGE('',*,*,#18206,.T.);
#18349 = ORIENTED_EDGE('',*,*,#18350,.T.);
#18350 = EDGE_CURVE('',#18209,#18351,#18353,.T.);
#18351 = VERTEX_POINT('',#18352);
#18352 = CARTESIAN_POINT('',(-32.,-28.5,-13.4));
#18353 = SURFACE_CURVE('',#18354,(#18358,#18365),.PCURVE_S1.);
#18354 = LINE('',#18355,#18356);
#18355 = CARTESIAN_POINT('',(-36.,-28.5,-13.4));
#18356 = VECTOR('',#18357,1.);
#18357 = DIRECTION('',(1.,0.,0.));
#18358 = PCURVE('',#18229,#18359);
#18359 = DEFINITIONAL_REPRESENTATION('',(#18360),#18364);
#18360 = LINE('',#18361,#18362);
#18361 = CARTESIAN_POINT('',(1.2,0.));
#18362 = VECTOR('',#18363,1.);
#18363 = DIRECTION('',(0.,1.));
#18364 = ( GEOMETRIC_REPRESENTATION_CONTEXT(2) 
PARAMETRIC_REPRESENTATION_CONTEXT() REPRESENTATION_CONTEXT('2D SPACE',''
  ) );
#18365 = PCURVE('',#18311,#18366);
#18366 = DEFINITIONAL_REPRESENTATION('',(#18367),#18371);
#18367 = LINE('',#18368,#18369);
#18368 = CARTESIAN_POINT('',(0.,0.));
#18369 = VECTOR('',#18370,1.);
#18370 = DIRECTION('',(1.,0.));
#18371 = ( GEOMETRIC_REPRESENTATION_CONTEXT(2) 
PARAMETRIC_REPRESENTATION_CONTEXT() REPRESENTATION_CONTEXT('2D SPACE',''
  ) );
#18372 = ORIENTED_EDGE('',*,*,#18373,.F.);
#18373 = EDGE_CURVE('',#18327,#18351,#18374,.T.);
#18374 = SURFACE_CURVE('',#18375,(#18379,#18386),.PCURVE_S1.);
#18375 = LINE('',#18376,#18377);
#18376 = CARTESIAN_POINT('',(-32.,-28.5,-14.6));
#18377 = VECTOR('',#18378,1.);
#18378 = DIRECTION('',(0.,0.,1.));
#18379 = PCURVE('',#18229,#18380);
#18380 = DEFINITIONAL_REPRESENTATION('',(#18381),#18385);
#18381 = LINE('',#18382,#18383);
#18382 = CARTESIAN_POINT('',(0.,4.));
#18383 = VECTOR('',#18384,1.);
#18384 = DIRECTION('',(1.,0.));
#18385 = ( GEOMETRIC_REPRESENTATION_CONTEXT(2) 
PARAMETRIC_REPRESENTATION_CONTEXT() REPRESENTATION_CONTEXT('2D SPACE',''
  ) );
#18386 = PCURVE('',#18387,#18392);
#18387 = PLANE('',#18388);
#18388 = AXIS2_PLACEMENT_3D('',#18389,#18390,#18391);
#18389 = CARTESIAN_POINT('',(-32.,-28.5,-14.6));
#18390 = DIRECTION('',(1.,0.,0.));
#18391 = DIRECTION('',(0.,0.,1.));
#18392 = DEFINITIONAL_REPRESENTATION('',(#18393),#18397);
#18393 = LINE('',#18394,#18395);
#18394 = CARTESIAN_POINT('',(0.,0.));
#18395 = VECTOR('',#18396,1.);
#18396 = DIRECTION('',(1.,0.));
#18397 = ( GEOMETRIC_REPRESENTATION_CONTEXT(2) 
PARAMETRIC_REPRESENTATION_CONTEXT() REPRESENTATION_CONTEXT('2D SPACE',''
  ) );
#18398 = ADVANCED_FACE('',(#18399,#18447),#18311,.T.);
#18399 = FACE_BOUND('',#18400,.T.);
#18400 = EDGE_LOOP('',(#18401,#18402,#18403,#18426));
#18401 = ORIENTED_EDGE('',*,*,#18297,.F.);
#18402 = ORIENTED_EDGE('',*,*,#18350,.T.);
#18403 = ORIENTED_EDGE('',*,*,#18404,.T.);
#18404 = EDGE_CURVE('',#18351,#18405,#18407,.T.);
#18405 = VERTEX_POINT('',#18406);
#18406 = CARTESIAN_POINT('',(-32.,-24.5,-13.4));
#18407 = SURFACE_CURVE('',#18408,(#18412,#18419),.PCURVE_S1.);
#18408 = LINE('',#18409,#18410);
#18409 = CARTESIAN_POINT('',(-32.,-28.5,-13.4));
#18410 = VECTOR('',#18411,1.);
#18411 = DIRECTION('',(0.,1.,0.));
#18412 = PCURVE('',#18311,#18413);
#18413 = DEFINITIONAL_REPRESENTATION('',(#18414),#18418);
#18414 = LINE('',#18415,#18416);
#18415 = CARTESIAN_POINT('',(4.,0.));
#18416 = VECTOR('',#18417,1.);
#18417 = DIRECTION('',(0.,1.));
#18418 = ( GEOMETRIC_REPRESENTATION_CONTEXT(2) 
PARAMETRIC_REPRESENTATION_CONTEXT() REPRESENTATION_CONTEXT('2D SPACE',''
  ) );
#18419 = PCURVE('',#18387,#18420);
#18420 = DEFINITIONAL_REPRESENTATION('',(#18421),#18425);
#18421 = LINE('',#18422,#18423);
#18422 = CARTESIAN_POINT('',(1.2,0.));
#18423 = VECTOR('',#18424,1.);
#18424 = DIRECTION('',(0.,-1.));
#18425 = ( GEOMETRIC_REPRESENTATION_CONTEXT(2) 
PARAMETRIC_REPRESENTATION_CONTEXT() REPRESENTATION_CONTEXT('2D SPACE',''
  ) );
#18426 = ORIENTED_EDGE('',*,*,#18427,.F.);
#18427 = EDGE_CURVE('',#18270,#18405,#18428,.T.);
#18428 = SURFACE_CURVE('',#18429,(#18433,#18440),.PCURVE_S1.);
#18429 = LINE('',#18430,#18431);
#18430 = CARTESIAN_POINT('',(-36.,-24.5,-13.4));
#18431 = VECTOR('',#18432,1.);
#18432 = DIRECTION('',(1.,0.,0.));
#18433 = PCURVE('',#18311,#18434);
#18434 = DEFINITIONAL_REPRESENTATION('',(#18435),#18439);
#18435 = LINE('',#18436,#18437);
#18436 = CARTESIAN_POINT('',(0.,4.));
#18437 = VECTOR('',#18438,1.);
#18438 = DIRECTION('',(1.,0.));
#18439 = ( GEOMETRIC_REPRESENTATION_CONTEXT(2) 
PARAMETRIC_REPRESENTATION_CONTEXT() REPRESENTATION_CONTEXT('2D SPACE',''
  ) );
#18440 = PCURVE('',#18285,#18441);
#18441 = DEFINITIONAL_REPRESENTATION('',(#18442),#18446);
#18442 = LINE('',#18443,#18444);
#18443 = CARTESIAN_POINT('',(1.2,0.));
#18444 = VECTOR('',#18445,1.);
#18445 = DIRECTION('',(0.,1.));
#18446 = ( GEOMETRIC_REPRESENTATION_CONTEXT(2) 
PARAMETRIC_REPRESENTATION_CONTEXT() REPRESENTATION_CONTEXT('2D SPACE',''
  ) );
#18447 = FACE_BOUND('',#18448,.T.);
#18448 = EDGE_LOOP('',(#18449));
#18449 = ORIENTED_EDGE('',*,*,#18450,.F.);
#18450 = EDGE_CURVE('',#18451,#18451,#18453,.T.);
#18451 = VERTEX_POINT('',#18452);
#18452 = CARTESIAN_POINT('',(-33.,-26.5,-13.4));
#18453 = SURFACE_CURVE('',#18454,(#18459,#18466),.PCURVE_S1.);
#18454 = CIRCLE('',#18455,1.);
#18455 = AXIS2_PLACEMENT_3D('',#18456,#18457,#18458);
#18456 = CARTESIAN_POINT('',(-34.,-26.5,-13.4));
#18457 = DIRECTION('',(0.,0.,1.));
#18458 = DIRECTION('',(1.,0.,-0.));
#18459 = PCURVE('',#18311,#18460);
#18460 = DEFINITIONAL_REPRESENTATION('',(#18461),#18465);
#18461 = CIRCLE('',#18462,1.);
#18462 = AXIS2_PLACEMENT_2D('',#18463,#18464);
#18463 = CARTESIAN_POINT('',(2.,2.));
#18464 = DIRECTION('',(1.,0.));
#18465 = ( GEOMETRIC_REPRESENTATION_CONTEXT(2) 
PARAMETRIC_REPRESENTATION_CONTEXT() REPRESENTATION_CONTEXT('2D SPACE',''
  ) );
#18466 = PCURVE('',#18467,#18472);
#18467 = CYLINDRICAL_SURFACE('',#18468,1.);
#18468 = AXIS2_PLACEMENT_3D('',#18469,#18470,#18471);
#18469 = CARTESIAN_POINT('',(-34.,-26.5,-14.7));
#18470 = DIRECTION('',(0.,0.,1.));
#18471 = DIRECTION('',(1.,0.,-0.));
#18472 = DEFINITIONAL_REPRESENTATION('',(#18473),#18477);
#18473 = LINE('',#18474,#18475);
#18474 = CARTESIAN_POINT('',(0.,1.3));
#18475 = VECTOR('',#18476,1.);
#18476 = DIRECTION('',(1.,0.));
#18477 = ( GEOMETRIC_REPRESENTATION_CONTEXT(2) 
PARAMETRIC_REPRESENTATION_CONTEXT() REPRESENTATION_CONTEXT('2D SPACE',''
  ) );
#18478 = ADVANCED_FACE('',(#18479),#18285,.T.);
#18479 = FACE_BOUND('',#18480,.T.);
#18480 = EDGE_LOOP('',(#18481,#18504,#18505,#18506));
#18481 = ORIENTED_EDGE('',*,*,#18482,.F.);
#18482 = EDGE_CURVE('',#18242,#18483,#18485,.T.);
#18483 = VERTEX_POINT('',#18484);
#18484 = CARTESIAN_POINT('',(-32.,-24.5,-14.6));
#18485 = SURFACE_CURVE('',#18486,(#18490,#18497),.PCURVE_S1.);
#18486 = LINE('',#18487,#18488);
#18487 = CARTESIAN_POINT('',(-36.,-24.5,-14.6));
#18488 = VECTOR('',#18489,1.);
#18489 = DIRECTION('',(1.,0.,0.));
#18490 = PCURVE('',#18285,#18491);
#18491 = DEFINITIONAL_REPRESENTATION('',(#18492),#18496);
#18492 = LINE('',#18493,#18494);
#18493 = CARTESIAN_POINT('',(0.,0.));
#18494 = VECTOR('',#18495,1.);
#18495 = DIRECTION('',(0.,1.));
#18496 = ( GEOMETRIC_REPRESENTATION_CONTEXT(2) 
PARAMETRIC_REPRESENTATION_CONTEXT() REPRESENTATION_CONTEXT('2D SPACE',''
  ) );
#18497 = PCURVE('',#18257,#18498);
#18498 = DEFINITIONAL_REPRESENTATION('',(#18499),#18503);
#18499 = LINE('',#18500,#18501);
#18500 = CARTESIAN_POINT('',(0.,4.));
#18501 = VECTOR('',#18502,1.);
#18502 = DIRECTION('',(1.,0.));
#18503 = ( GEOMETRIC_REPRESENTATION_CONTEXT(2) 
PARAMETRIC_REPRESENTATION_CONTEXT() REPRESENTATION_CONTEXT('2D SPACE',''
  ) );
#18504 = ORIENTED_EDGE('',*,*,#18269,.T.);
#18505 = ORIENTED_EDGE('',*,*,#18427,.T.);
#18506 = ORIENTED_EDGE('',*,*,#18507,.F.);
#18507 = EDGE_CURVE('',#18483,#18405,#18508,.T.);
#18508 = SURFACE_CURVE('',#18509,(#18513,#18520),.PCURVE_S1.);
#18509 = LINE('',#18510,#18511);
#18510 = CARTESIAN_POINT('',(-32.,-24.5,-14.6));
#18511 = VECTOR('',#18512,1.);
#18512 = DIRECTION('',(0.,0.,1.));
#18513 = PCURVE('',#18285,#18514);
#18514 = DEFINITIONAL_REPRESENTATION('',(#18515),#18519);
#18515 = LINE('',#18516,#18517);
#18516 = CARTESIAN_POINT('',(0.,4.));
#18517 = VECTOR('',#18518,1.);
#18518 = DIRECTION('',(1.,0.));
#18519 = ( GEOMETRIC_REPRESENTATION_CONTEXT(2) 
PARAMETRIC_REPRESENTATION_CONTEXT() REPRESENTATION_CONTEXT('2D SPACE',''
  ) );
#18520 = PCURVE('',#18387,#18521);
#18521 = DEFINITIONAL_REPRESENTATION('',(#18522),#18526);
#18522 = LINE('',#18523,#18524);
#18523 = CARTESIAN_POINT('',(0.,-4.));
#18524 = VECTOR('',#18525,1.);
#18525 = DIRECTION('',(1.,0.));
#18526 = ( GEOMETRIC_REPRESENTATION_CONTEXT(2) 
PARAMETRIC_REPRESENTATION_CONTEXT() REPRESENTATION_CONTEXT('2D SPACE',''
  ) );
#18527 = ADVANCED_FACE('',(#18528,#18554),#18257,.F.);
#18528 = FACE_BOUND('',#18529,.F.);
#18529 = EDGE_LOOP('',(#18530,#18531,#18532,#18553));
#18530 = ORIENTED_EDGE('',*,*,#18241,.F.);
#18531 = ORIENTED_EDGE('',*,*,#18326,.T.);
#18532 = ORIENTED_EDGE('',*,*,#18533,.T.);
#18533 = EDGE_CURVE('',#18327,#18483,#18534,.T.);
#18534 = SURFACE_CURVE('',#18535,(#18539,#18546),.PCURVE_S1.);
#18535 = LINE('',#18536,#18537);
#18536 = CARTESIAN_POINT('',(-32.,-28.5,-14.6));
#18537 = VECTOR('',#18538,1.);
#18538 = DIRECTION('',(0.,1.,0.));
#18539 = PCURVE('',#18257,#18540);
#18540 = DEFINITIONAL_REPRESENTATION('',(#18541),#18545);
#18541 = LINE('',#18542,#18543);
#18542 = CARTESIAN_POINT('',(4.,0.));
#18543 = VECTOR('',#18544,1.);
#18544 = DIRECTION('',(0.,1.));
#18545 = ( GEOMETRIC_REPRESENTATION_CONTEXT(2) 
PARAMETRIC_REPRESENTATION_CONTEXT() REPRESENTATION_CONTEXT('2D SPACE',''
  ) );
#18546 = PCURVE('',#18387,#18547);
#18547 = DEFINITIONAL_REPRESENTATION('',(#18548),#18552);
#18548 = LINE('',#18549,#18550);
#18549 = CARTESIAN_POINT('',(0.,0.));
#18550 = VECTOR('',#18551,1.);
#18551 = DIRECTION('',(0.,-1.));
#18552 = ( GEOMETRIC_REPRESENTATION_CONTEXT(2) 
PARAMETRIC_REPRESENTATION_CONTEXT() REPRESENTATION_CONTEXT('2D SPACE',''
  ) );
#18553 = ORIENTED_EDGE('',*,*,#18482,.F.);
#18554 = FACE_BOUND('',#18555,.F.);
#18555 = EDGE_LOOP('',(#18556));
#18556 = ORIENTED_EDGE('',*,*,#18557,.F.);
#18557 = EDGE_CURVE('',#18558,#18558,#18560,.T.);
#18558 = VERTEX_POINT('',#18559);
#18559 = CARTESIAN_POINT('',(-33.,-26.5,-14.6));
#18560 = SURFACE_CURVE('',#18561,(#18566,#18573),.PCURVE_S1.);
#18561 = CIRCLE('',#18562,1.);
#18562 = AXIS2_PLACEMENT_3D('',#18563,#18564,#18565);
#18563 = CARTESIAN_POINT('',(-34.,-26.5,-14.6));
#18564 = DIRECTION('',(0.,0.,1.));
#18565 = DIRECTION('',(1.,0.,-0.));
#18566 = PCURVE('',#18257,#18567);
#18567 = DEFINITIONAL_REPRESENTATION('',(#18568),#18572);
#18568 = CIRCLE('',#18569,1.);
#18569 = AXIS2_PLACEMENT_2D('',#18570,#18571);
#18570 = CARTESIAN_POINT('',(2.,2.));
#18571 = DIRECTION('',(1.,0.));
#18572 = ( GEOMETRIC_REPRESENTATION_CONTEXT(2) 
PARAMETRIC_REPRESENTATION_CONTEXT() REPRESENTATION_CONTEXT('2D SPACE',''
  ) );
#18573 = PCURVE('',#18467,#18574);
#18574 = DEFINITIONAL_REPRESENTATION('',(#18575),#18579);
#18575 = LINE('',#18576,#18577);
#18576 = CARTESIAN_POINT('',(0.,0.1));
#18577 = VECTOR('',#18578,1.);
#18578 = DIRECTION('',(1.,0.));
#18579 = ( GEOMETRIC_REPRESENTATION_CONTEXT(2) 
PARAMETRIC_REPRESENTATION_CONTEXT() REPRESENTATION_CONTEXT('2D SPACE',''
  ) );
#18580 = ADVANCED_FACE('',(#18581),#18387,.T.);
#18581 = FACE_BOUND('',#18582,.T.);
#18582 = EDGE_LOOP('',(#18583,#18584,#18585,#18586));
#18583 = ORIENTED_EDGE('',*,*,#18373,.F.);
#18584 = ORIENTED_EDGE('',*,*,#18533,.T.);
#18585 = ORIENTED_EDGE('',*,*,#18507,.T.);
#18586 = ORIENTED_EDGE('',*,*,#18404,.F.);
#18587 = ADVANCED_FACE('',(#18588),#18467,.F.);
#18588 = FACE_BOUND('',#18589,.F.);
#18589 = EDGE_LOOP('',(#18590,#18591,#18612,#18613));
#18590 = ORIENTED_EDGE('',*,*,#18450,.F.);
#18591 = ORIENTED_EDGE('',*,*,#18592,.F.);
#18592 = EDGE_CURVE('',#18558,#18451,#18593,.T.);
#18593 = SEAM_CURVE('',#18594,(#18598,#18605),.PCURVE_S1.);
#18594 = LINE('',#18595,#18596);
#18595 = CARTESIAN_POINT('',(-33.,-26.5,-14.7));
#18596 = VECTOR('',#18597,1.);
#18597 = DIRECTION('',(0.,0.,1.));
#18598 = PCURVE('',#18467,#18599);
#18599 = DEFINITIONAL_REPRESENTATION('',(#18600),#18604);
#18600 = LINE('',#18601,#18602);
#18601 = CARTESIAN_POINT('',(0.,-0.));
#18602 = VECTOR('',#18603,1.);
#18603 = DIRECTION('',(0.,1.));
#18604 = ( GEOMETRIC_REPRESENTATION_CONTEXT(2) 
PARAMETRIC_REPRESENTATION_CONTEXT() REPRESENTATION_CONTEXT('2D SPACE',''
  ) );
#18605 = PCURVE('',#18467,#18606);
#18606 = DEFINITIONAL_REPRESENTATION('',(#18607),#18611);
#18607 = LINE('',#18608,#18609);
#18608 = CARTESIAN_POINT('',(6.28318530718,-0.));
#18609 = VECTOR('',#18610,1.);
#18610 = DIRECTION('',(0.,1.));
#18611 = ( GEOMETRIC_REPRESENTATION_CONTEXT(2) 
PARAMETRIC_REPRESENTATION_CONTEXT() REPRESENTATION_CONTEXT('2D SPACE',''
  ) );
#18612 = ORIENTED_EDGE('',*,*,#18557,.T.);
#18613 = ORIENTED_EDGE('',*,*,#18592,.T.);
#18614 = ( GEOMETRIC_REPRESENTATION_CONTEXT(3) 
GLOBAL_UNCERTAINTY_ASSIGNED_CONTEXT((#18618)) 
GLOBAL_UNIT_ASSIGNED_CONTEXT((#18615,#18616,#18617)) 
REPRESENTATION_CONTEXT('Context #1',
  '3D Context with UNIT and UNCERTAINTY') );
#18615 = ( LENGTH_UNIT() NAMED_UNIT(*) SI_UNIT(.MILLI.,.METRE.) );
#18616 = ( NAMED_UNIT(*) PLANE_ANGLE_UNIT() SI_UNIT($,.RADIAN.) );
#18617 = ( NAMED_UNIT(*) SI_UNIT($,.STERADIAN.) SOLID_ANGLE_UNIT() );
#18618 = UNCERTAINTY_MEASURE_WITH_UNIT(LENGTH_MEASURE(1.E-07),#18615,
  'distance_accuracy_value','confusion accuracy');
#18619 = CONTEXT_DEPENDENT_SHAPE_REPRESENTATION(#18620,#18622);
#18620 = ( REPRESENTATION_RELATIONSHIP('','',#18199,#10) 
REPRESENTATION_RELATIONSHIP_WITH_TRANSFORMATION(#18621) 
SHAPE_REPRESENTATION_RELATIONSHIP() );
#18621 = ITEM_DEFINED_TRANSFORMATION('','',#11,#47);
#18622 = PRODUCT_DEFINITION_SHAPE('Placement','Placement of an item',
  #18623);
#18623 = NEXT_ASSEMBLY_USAGE_OCCURRENCE('24','boot_-34_-26.5_nut','',#5,
  #18194,$);
#18624 = PRODUCT_RELATED_PRODUCT_CATEGORY('part',$,(#18196));
#18625 = SHAPE_DEFINITION_REPRESENTATION(#18626,#18632);
#18626 = PRODUCT_DEFINITION_SHAPE('','',#18627);
#18627 = PRODUCT_DEFINITION('design','',#18628,#18631);
#18628 = PRODUCT_DEFINITION_FORMATION('','',#18629);
#18629 = PRODUCT('boot_-34_14.5_screw','boot_-34_14.5_screw','',(#18630)
  );
#18630 = PRODUCT_CONTEXT('',#2,'mechanical');
#18631 = PRODUCT_DEFINITION_CONTEXT('part definition',#2,'design');
#18632 = ADVANCED_BREP_SHAPE_REPRESENTATION('',(#11,#18633),#18821);
#18633 = MANIFOLD_SOLID_BREP('',#18634);
#18634 = CLOSED_SHELL('',(#18635,#18723,#18758,#18762,#18817));
#18635 = ADVANCED_FACE('',(#18636),#18649,.T.);
#18636 = FACE_BOUND('',#18637,.T.);
#18637 = EDGE_LOOP('',(#18638,#18672,#18695,#18722));
#18638 = ORIENTED_EDGE('',*,*,#18639,.F.);
#18639 = EDGE_CURVE('',#18640,#18640,#18642,.T.);
#18640 = VERTEX_POINT('',#18641);
#18641 = CARTESIAN_POINT('',(-32.1,14.5,-19.));
#18642 = SURFACE_CURVE('',#18643,(#18648,#18660),.PCURVE_S1.);
#18643 = CIRCLE('',#18644,1.9);
#18644 = AXIS2_PLACEMENT_3D('',#18645,#18646,#18647);
#18645 = CARTESIAN_POINT('',(-34.,14.5,-19.));
#18646 = DIRECTION('',(0.,0.,1.));
#18647 = DIRECTION('',(1.,0.,-0.));
#18648 = PCURVE('',#18649,#18654);
#18649 = CYLINDRICAL_SURFACE('',#18650,1.9);
#18650 = AXIS2_PLACEMENT_3D('',#18651,#18652,#18653);
#18651 = CARTESIAN_POINT('',(-34.,14.5,-20.3));
#18652 = DIRECTION('',(0.,0.,1.));
#18653 = DIRECTION('',(1.,0.,-0.));
#18654 = DEFINITIONAL_REPRESENTATION('',(#18655),#18659);
#18655 = LINE('',#18656,#18657);
#18656 = CARTESIAN_POINT('',(0.,1.3));
#18657 = VECTOR('',#18658,1.);
#18658 = DIRECTION('',(1.,0.));
#18659 = ( GEOMETRIC_REPRESENTATION_CONTEXT(2) 
PARAMETRIC_REPRESENTATION_CONTEXT() REPRESENTATION_CONTEXT('2D SPACE',''
  ) );
#18660 = PCURVE('',#18661,#18666);
#18661 = PLANE('',#18662);
#18662 = AXIS2_PLACEMENT_3D('',#18663,#18664,#18665);
#18663 = CARTESIAN_POINT('',(-34.,14.5,-19.));
#18664 = DIRECTION('',(0.,0.,1.));
#18665 = DIRECTION('',(1.,0.,-0.));
#18666 = DEFINITIONAL_REPRESENTATION('',(#18667),#18671);
#18667 = CIRCLE('',#18668,1.9);
#18668 = AXIS2_PLACEMENT_2D('',#18669,#18670);
#18669 = CARTESIAN_POINT('',(0.,0.));
#18670 = DIRECTION('',(1.,0.));
#18671 = ( GEOMETRIC_REPRESENTATION_CONTEXT(2) 
PARAMETRIC_REPRESENTATION_CONTEXT() REPRESENTATION_CONTEXT('2D SPACE',''
  ) );
#18672 = ORIENTED_EDGE('',*,*,#18673,.F.);
#18673 = EDGE_CURVE('',#18674,#18640,#18676,.T.);
#18674 = VERTEX_POINT('',#18675);
#18675 = CARTESIAN_POINT('',(-32.1,14.5,-20.3));
#18676 = SEAM_CURVE('',#18677,(#18681,#18688),.PCURVE_S1.);
#18677 = LINE('',#18678,#18679);
#18678 = CARTESIAN_POINT('',(-32.1,14.5,-20.3));
#18679 = VECTOR('',#18680,1.);
#18680 = DIRECTION('',(0.,0.,1.));
#18681 = PCURVE('',#18649,#18682);
#18682 = DEFINITIONAL_REPRESENTATION('',(#18683),#18687);
#18683 = LINE('',#18684,#18685);
#18684 = CARTESIAN_POINT('',(0.,-0.));
#18685 = VECTOR('',#18686,1.);
#18686 = DIRECTION('',(0.,1.));
#18687 = ( GEOMETRIC_REPRESENTATION_CONTEXT(2) 
PARAMETRIC_REPRESENTATION_CONTEXT() REPRESENTATION_CONTEXT('2D SPACE',''
  ) );
#18688 = PCURVE('',#18649,#18689);
#18689 = DEFINITIONAL_REPRESENTATION('',(#18690),#18694);
#18690 = LINE('',#18691,#18692);
#18691 = CARTESIAN_POINT('',(6.28318530718,-0.));
#18692 = VECTOR('',#18693,1.);
#18693 = DIRECTION('',(0.,1.));
#18694 = ( GEOMETRIC_REPRESENTATION_CONTEXT(2) 
PARAMETRIC_REPRESENTATION_CONTEXT() REPRESENTATION_CONTEXT('2D SPACE',''
  ) );
#18695 = ORIENTED_EDGE('',*,*,#18696,.T.);
#18696 = EDGE_CURVE('',#18674,#18674,#18697,.T.);
#18697 = SURFACE_CURVE('',#18698,(#18703,#18710),.PCURVE_S1.);
#18698 = CIRCLE('',#18699,1.9);
#18699 = AXIS2_PLACEMENT_3D('',#18700,#18701,#18702);
#18700 = CARTESIAN_POINT('',(-34.,14.5,-20.3));
#18701 = DIRECTION('',(0.,0.,1.));
#18702 = DIRECTION('',(1.,0.,-0.));
#18703 = PCURVE('',#18649,#18704);
#18704 = DEFINITIONAL_REPRESENTATION('',(#18705),#18709);
#18705 = LINE('',#18706,#18707);
#18706 = CARTESIAN_POINT('',(0.,0.));
#18707 = VECTOR('',#18708,1.);
#18708 = DIRECTION('',(1.,0.));
#18709 = ( GEOMETRIC_REPRESENTATION_CONTEXT(2) 
PARAMETRIC_REPRESENTATION_CONTEXT() REPRESENTATION_CONTEXT('2D SPACE',''
  ) );
#18710 = PCURVE('',#18711,#18716);
#18711 = PLANE('',#18712);
#18712 = AXIS2_PLACEMENT_3D('',#18713,#18714,#18715);
#18713 = CARTESIAN_POINT('',(-34.,14.5,-20.3));
#18714 = DIRECTION('',(0.,0.,1.));
#18715 = DIRECTION('',(1.,0.,-0.));
#18716 = DEFINITIONAL_REPRESENTATION('',(#18717),#18721);
#18717 = CIRCLE('',#18718,1.9);
#18718 = AXIS2_PLACEMENT_2D('',#18719,#18720);
#18719 = CARTESIAN_POINT('',(0.,0.));
#18720 = DIRECTION('',(1.,0.));
#18721 = ( GEOMETRIC_REPRESENTATION_CONTEXT(2) 
PARAMETRIC_REPRESENTATION_CONTEXT() REPRESENTATION_CONTEXT('2D SPACE',''
  ) );
#18722 = ORIENTED_EDGE('',*,*,#18673,.T.);
#18723 = ADVANCED_FACE('',(#18724,#18727),#18661,.T.);
#18724 = FACE_BOUND('',#18725,.T.);
#18725 = EDGE_LOOP('',(#18726));
#18726 = ORIENTED_EDGE('',*,*,#18639,.T.);
#18727 = FACE_BOUND('',#18728,.T.);
#18728 = EDGE_LOOP('',(#18729));
#18729 = ORIENTED_EDGE('',*,*,#18730,.F.);
#18730 = EDGE_CURVE('',#18731,#18731,#18733,.T.);
#18731 = VERTEX_POINT('',#18732);
#18732 = CARTESIAN_POINT('',(-33.,14.5,-19.));
#18733 = SURFACE_CURVE('',#18734,(#18739,#18746),.PCURVE_S1.);
#18734 = CIRCLE('',#18735,1.);
#18735 = AXIS2_PLACEMENT_3D('',#18736,#18737,#18738);
#18736 = CARTESIAN_POINT('',(-34.,14.5,-19.));
#18737 = DIRECTION('',(0.,0.,1.));
#18738 = DIRECTION('',(1.,0.,-0.));
#18739 = PCURVE('',#18661,#18740);
#18740 = DEFINITIONAL_REPRESENTATION('',(#18741),#18745);
#18741 = CIRCLE('',#18742,1.);
#18742 = AXIS2_PLACEMENT_2D('',#18743,#18744);
#18743 = CARTESIAN_POINT('',(0.,0.));
#18744 = DIRECTION('',(1.,0.));
#18745 = ( GEOMETRIC_REPRESENTATION_CONTEXT(2) 
PARAMETRIC_REPRESENTATION_CONTEXT() REPRESENTATION_CONTEXT('2D SPACE',''
  ) );
#18746 = PCURVE('',#18747,#18752);
#18747 = CYLINDRICAL_SURFACE('',#18748,1.);
#18748 = AXIS2_PLACEMENT_3D('',#18749,#18750,#18751);
#18749 = CARTESIAN_POINT('',(-34.,14.5,-19.));
#18750 = DIRECTION('',(0.,0.,1.));
#18751 = DIRECTION('',(1.,0.,-0.));
#18752 = DEFINITIONAL_REPRESENTATION('',(#18753),#18757);
#18753 = LINE('',#18754,#18755);
#18754 = CARTESIAN_POINT('',(0.,0.));
#18755 = VECTOR('',#18756,1.);
#18756 = DIRECTION('',(1.,0.));
#18757 = ( GEOMETRIC_REPRESENTATION_CONTEXT(2) 
PARAMETRIC_REPRESENTATION_CONTEXT() REPRESENTATION_CONTEXT('2D SPACE',''
  ) );
#18758 = ADVANCED_FACE('',(#18759),#18711,.F.);
#18759 = FACE_BOUND('',#18760,.T.);
#18760 = EDGE_LOOP('',(#18761));
#18761 = ORIENTED_EDGE('',*,*,#18696,.F.);
#18762 = ADVANCED_FACE('',(#18763),#18747,.T.);
#18763 = FACE_BOUND('',#18764,.T.);
#18764 = EDGE_LOOP('',(#18765,#18794,#18815,#18816));
#18765 = ORIENTED_EDGE('',*,*,#18766,.F.);
#18766 = EDGE_CURVE('',#18767,#18767,#18769,.T.);
#18767 = VERTEX_POINT('',#18768);
#18768 = CARTESIAN_POINT('',(-33.,14.5,-13.));
#18769 = SURFACE_CURVE('',#18770,(#18775,#18782),.PCURVE_S1.);
#18770 = CIRCLE('',#18771,1.);
#18771 = AXIS2_PLACEMENT_3D('',#18772,#18773,#18774);
#18772 = CARTESIAN_POINT('',(-34.,14.5,-13.));
#18773 = DIRECTION('',(0.,0.,1.));
#18774 = DIRECTION('',(1.,0.,-0.));
#18775 = PCURVE('',#18747,#18776);
#18776 = DEFINITIONAL_REPRESENTATION('',(#18777),#18781);
#18777 = LINE('',#18778,#18779);
#18778 = CARTESIAN_POINT('',(0.,6.));
#18779 = VECTOR('',#18780,1.);
#18780 = DIRECTION('',(1.,0.));
#18781 = ( GEOMETRIC_REPRESENTATION_CONTEXT(2) 
PARAMETRIC_REPRESENTATION_CONTEXT() REPRESENTATION_CONTEXT('2D SPACE',''
  ) );
#18782 = PCURVE('',#18783,#18788);
#18783 = PLANE('',#18784);
#18784 = AXIS2_PLACEMENT_3D('',#18785,#18786,#18787);
#18785 = CARTESIAN_POINT('',(-34.,14.5,-13.));
#18786 = DIRECTION('',(0.,0.,1.));
#18787 = DIRECTION('',(1.,0.,-0.));
#18788 = DEFINITIONAL_REPRESENTATION('',(#18789),#18793);
#18789 = CIRCLE('',#18790,1.);
#18790 = AXIS2_PLACEMENT_2D('',#18791,#18792);
#18791 = CARTESIAN_POINT('',(0.,0.));
#18792 = DIRECTION('',(1.,0.));
#18793 = ( GEOMETRIC_REPRESENTATION_CONTEXT(2) 
PARAMETRIC_REPRESENTATION_CONTEXT() REPRESENTATION_CONTEXT('2D SPACE',''
  ) );
#18794 = ORIENTED_EDGE('',*,*,#18795,.F.);
#18795 = EDGE_CURVE('',#18731,#18767,#18796,.T.);
#18796 = SEAM_CURVE('',#18797,(#18801,#18808),.PCURVE_S1.);
#18797 = LINE('',#18798,#18799);
#18798 = CARTESIAN_POINT('',(-33.,14.5,-19.));
#18799 = VECTOR('',#18800,1.);
#18800 = DIRECTION('',(0.,0.,1.));
#18801 = PCURVE('',#18747,#18802);
#18802 = DEFINITIONAL_REPRESENTATION('',(#18803),#18807);
#18803 = LINE('',#18804,#18805);
#18804 = CARTESIAN_POINT('',(0.,-0.));
#18805 = VECTOR('',#18806,1.);
#18806 = DIRECTION('',(0.,1.));
#18807 = ( GEOMETRIC_REPRESENTATION_CONTEXT(2) 
PARAMETRIC_REPRESENTATION_CONTEXT() REPRESENTATION_CONTEXT('2D SPACE',''
  ) );
#18808 = PCURVE('',#18747,#18809);
#18809 = DEFINITIONAL_REPRESENTATION('',(#18810),#18814);
#18810 = LINE('',#18811,#18812);
#18811 = CARTESIAN_POINT('',(6.28318530718,-0.));
#18812 = VECTOR('',#18813,1.);
#18813 = DIRECTION('',(0.,1.));
#18814 = ( GEOMETRIC_REPRESENTATION_CONTEXT(2) 
PARAMETRIC_REPRESENTATION_CONTEXT() REPRESENTATION_CONTEXT('2D SPACE',''
  ) );
#18815 = ORIENTED_EDGE('',*,*,#18730,.T.);
#18816 = ORIENTED_EDGE('',*,*,#18795,.T.);
#18817 = ADVANCED_FACE('',(#18818),#18783,.T.);
#18818 = FACE_BOUND('',#18819,.T.);
#18819 = EDGE_LOOP('',(#18820));
#18820 = ORIENTED_EDGE('',*,*,#18766,.T.);
#18821 = ( GEOMETRIC_REPRESENTATION_CONTEXT(3) 
GLOBAL_UNCERTAINTY_ASSIGNED_CONTEXT((#18825)) 
GLOBAL_UNIT_ASSIGNED_CONTEXT((#18822,#18823,#18824)) 
REPRESENTATION_CONTEXT('Context #1',
  '3D Context with UNIT and UNCERTAINTY') );
#18822 = ( LENGTH_UNIT() NAMED_UNIT(*) SI_UNIT(.MILLI.,.METRE.) );
#18823 = ( NAMED_UNIT(*) PLANE_ANGLE_UNIT() SI_UNIT($,.RADIAN.) );
#18824 = ( NAMED_UNIT(*) SI_UNIT($,.STERADIAN.) SOLID_ANGLE_UNIT() );
#18825 = UNCERTAINTY_MEASURE_WITH_UNIT(LENGTH_MEASURE(1.E-07),#18822,
  'distance_accuracy_value','confusion accuracy');
#18826 = CONTEXT_DEPENDENT_SHAPE_REPRESENTATION(#18827,#18829);
#18827 = ( REPRESENTATION_RELATIONSHIP('','',#18632,#10) 
REPRESENTATION_RELATIONSHIP_WITH_TRANSFORMATION(#18828) 
SHAPE_REPRESENTATION_RELATIONSHIP() );
#18828 = ITEM_DEFINED_TRANSFORMATION('','',#11,#51);
#18829 = PRODUCT_DEFINITION_SHAPE('Placement','Placement of an item',
  #18830);
#18830 = NEXT_ASSEMBLY_USAGE_OCCURRENCE('25','boot_-34_14.5_screw','',#5
  ,#18627,$);
#18831 = PRODUCT_RELATED_PRODUCT_CATEGORY('part',$,(#18629));
#18832 = SHAPE_DEFINITION_REPRESENTATION(#18833,#18839);
#18833 = PRODUCT_DEFINITION_SHAPE('','',#18834);
#18834 = PRODUCT_DEFINITION('design','',#18835,#18838);
#18835 = PRODUCT_DEFINITION_FORMATION('','',#18836);
#18836 = PRODUCT('boot_-34_14.5_nut','boot_-34_14.5_nut','',(#18837));
#18837 = PRODUCT_CONTEXT('',#2,'mechanical');
#18838 = PRODUCT_DEFINITION_CONTEXT('part definition',#2,'design');
#18839 = ADVANCED_BREP_SHAPE_REPRESENTATION('',(#11,#18840),#19254);
#18840 = MANIFOLD_SOLID_BREP('',#18841);
#18841 = CLOSED_SHELL('',(#18842,#18962,#19038,#19118,#19167,#19220,
    #19227));
#18842 = ADVANCED_FACE('',(#18843),#18857,.F.);
#18843 = FACE_BOUND('',#18844,.F.);
#18844 = EDGE_LOOP('',(#18845,#18880,#18908,#18936));
#18845 = ORIENTED_EDGE('',*,*,#18846,.F.);
#18846 = EDGE_CURVE('',#18847,#18849,#18851,.T.);
#18847 = VERTEX_POINT('',#18848);
#18848 = CARTESIAN_POINT('',(-36.,12.5,-14.6));
#18849 = VERTEX_POINT('',#18850);
#18850 = CARTESIAN_POINT('',(-36.,12.5,-13.4));
#18851 = SURFACE_CURVE('',#18852,(#18856,#18868),.PCURVE_S1.);
#18852 = LINE('',#18853,#18854);
#18853 = CARTESIAN_POINT('',(-36.,12.5,-14.6));
#18854 = VECTOR('',#18855,1.);
#18855 = DIRECTION('',(0.,0.,1.));
#18856 = PCURVE('',#18857,#18862);
#18857 = PLANE('',#18858);
#18858 = AXIS2_PLACEMENT_3D('',#18859,#18860,#18861);
#18859 = CARTESIAN_POINT('',(-36.,12.5,-14.6));
#18860 = DIRECTION('',(1.,0.,0.));
#18861 = DIRECTION('',(0.,0.,1.));
#18862 = DEFINITIONAL_REPRESENTATION('',(#18863),#18867);
#18863 = LINE('',#18864,#18865);
#18864 = CARTESIAN_POINT('',(0.,0.));
#18865 = VECTOR('',#18866,1.);
#18866 = DIRECTION('',(1.,0.));
#18867 = ( GEOMETRIC_REPRESENTATION_CONTEXT(2) 
PARAMETRIC_REPRESENTATION_CONTEXT() REPRESENTATION_CONTEXT('2D SPACE',''
  ) );
#18868 = PCURVE('',#18869,#18874);
#18869 = PLANE('',#18870);
#18870 = AXIS2_PLACEMENT_3D('',#18871,#18872,#18873);
#18871 = CARTESIAN_POINT('',(-36.,12.5,-14.6));
#18872 = DIRECTION('',(0.,1.,0.));
#18873 = DIRECTION('',(0.,-0.,1.));
#18874 = DEFINITIONAL_REPRESENTATION('',(#18875),#18879);
#18875 = LINE('',#18876,#18877);
#18876 = CARTESIAN_POINT('',(0.,0.));
#18877 = VECTOR('',#18878,1.);
#18878 = DIRECTION('',(1.,0.));
#18879 = ( GEOMETRIC_REPRESENTATION_CONTEXT(2) 
PARAMETRIC_REPRESENTATION_CONTEXT() REPRESENTATION_CONTEXT('2D SPACE',''
  ) );
#18880 = ORIENTED_EDGE('',*,*,#18881,.T.);
#18881 = EDGE_CURVE('',#18847,#18882,#18884,.T.);
#18882 = VERTEX_POINT('',#18883);
#18883 = CARTESIAN_POINT('',(-36.,16.5,-14.6));
#18884 = SURFACE_CURVE('',#18885,(#18889,#18896),.PCURVE_S1.);
#18885 = LINE('',#18886,#18887);
#18886 = CARTESIAN_POINT('',(-36.,12.5,-14.6));
#18887 = VECTOR('',#18888,1.);
#18888 = DIRECTION('',(0.,1.,0.));
#18889 = PCURVE('',#18857,#18890);
#18890 = DEFINITIONAL_REPRESENTATION('',(#18891),#18895);
#18891 = LINE('',#18892,#18893);
#18892 = CARTESIAN_POINT('',(0.,0.));
#18893 = VECTOR('',#18894,1.);
#18894 = DIRECTION('',(0.,-1.));
#18895 = ( GEOMETRIC_REPRESENTATION_CONTEXT(2) 
PARAMETRIC_REPRESENTATION_CONTEXT() REPRESENTATION_CONTEXT('2D SPACE',''
  ) );
#18896 = PCURVE('',#18897,#18902);
#18897 = PLANE('',#18898);
#18898 = AXIS2_PLACEMENT_3D('',#18899,#18900,#18901);
#18899 = CARTESIAN_POINT('',(-36.,12.5,-14.6));
#18900 = DIRECTION('',(0.,0.,1.));
#18901 = DIRECTION('',(1.,0.,-0.));
#18902 = DEFINITIONAL_REPRESENTATION('',(#18903),#18907);
#18903 = LINE('',#18904,#18905);
#18904 = CARTESIAN_POINT('',(0.,0.));
#18905 = VECTOR('',#18906,1.);
#18906 = DIRECTION('',(0.,1.));
#18907 = ( GEOMETRIC_REPRESENTATION_CONTEXT(2) 
PARAMETRIC_REPRESENTATION_CONTEXT() REPRESENTATION_CONTEXT('2D SPACE',''
  ) );
#18908 = ORIENTED_EDGE('',*,*,#18909,.T.);
#18909 = EDGE_CURVE('',#18882,#18910,#18912,.T.);
#18910 = VERTEX_POINT('',#18911);
#18911 = CARTESIAN_POINT('',(-36.,16.5,-13.4));
#18912 = SURFACE_CURVE('',#18913,(#18917,#18924),.PCURVE_S1.);
#18913 = LINE('',#18914,#18915);
#18914 = CARTESIAN_POINT('',(-36.,16.5,-14.6));
#18915 = VECTOR('',#18916,1.);
#18916 = DIRECTION('',(0.,0.,1.));
#18917 = PCURVE('',#18857,#18918);
#18918 = DEFINITIONAL_REPRESENTATION('',(#18919),#18923);
#18919 = LINE('',#18920,#18921);
#18920 = CARTESIAN_POINT('',(0.,-4.));
#18921 = VECTOR('',#18922,1.);
#18922 = DIRECTION('',(1.,0.));
#18923 = ( GEOMETRIC_REPRESENTATION_CONTEXT(2) 
PARAMETRIC_REPRESENTATION_CONTEXT() REPRESENTATION_CONTEXT('2D SPACE',''
  ) );
#18924 = PCURVE('',#18925,#18930);
#18925 = PLANE('',#18926);
#18926 = AXIS2_PLACEMENT_3D('',#18927,#18928,#18929);
#18927 = CARTESIAN_POINT('',(-36.,16.5,-14.6));
#18928 = DIRECTION('',(0.,1.,0.));
#18929 = DIRECTION('',(0.,-0.,1.));
#18930 = DEFINITIONAL_REPRESENTATION('',(#18931),#18935);
#18931 = LINE('',#18932,#18933);
#18932 = CARTESIAN_POINT('',(0.,0.));
#18933 = VECTOR('',#18934,1.);
#18934 = DIRECTION('',(1.,0.));
#18935 = ( GEOMETRIC_REPRESENTATION_CONTEXT(2) 
PARAMETRIC_REPRESENTATION_CONTEXT() REPRESENTATION_CONTEXT('2D SPACE',''
  ) );
#18936 = ORIENTED_EDGE('',*,*,#18937,.F.);
#18937 = EDGE_CURVE('',#18849,#18910,#18938,.T.);
#18938 = SURFACE_CURVE('',#18939,(#18943,#18950),.PCURVE_S1.);
#18939 = LINE('',#18940,#18941);
#18940 = CARTESIAN_POINT('',(-36.,12.5,-13.4));
#18941 = VECTOR('',#18942,1.);
#18942 = DIRECTION('',(0.,1.,0.));
#18943 = PCURVE('',#18857,#18944);
#18944 = DEFINITIONAL_REPRESENTATION('',(#18945),#18949);
#18945 = LINE('',#18946,#18947);
#18946 = CARTESIAN_POINT('',(1.2,0.));
#18947 = VECTOR('',#18948,1.);
#18948 = DIRECTION('',(0.,-1.));
#18949 = ( GEOMETRIC_REPRESENTATION_CONTEXT(2) 
PARAMETRIC_REPRESENTATION_CONTEXT() REPRESENTATION_CONTEXT('2D SPACE',''
  ) );
#18950 = PCURVE('',#18951,#18956);
#18951 = PLANE('',#18952);
#18952 = AXIS2_PLACEMENT_3D('',#18953,#18954,#18955);
#18953 = CARTESIAN_POINT('',(-36.,12.5,-13.4));
#18954 = DIRECTION('',(0.,0.,1.));
#18955 = DIRECTION('',(1.,0.,-0.));
#18956 = DEFINITIONAL_REPRESENTATION('',(#18957),#18961);
#18957 = LINE('',#18958,#18959);
#18958 = CARTESIAN_POINT('',(0.,0.));
#18959 = VECTOR('',#18960,1.);
#18960 = DIRECTION('',(0.,1.));
#18961 = ( GEOMETRIC_REPRESENTATION_CONTEXT(2) 
PARAMETRIC_REPRESENTATION_CONTEXT() REPRESENTATION_CONTEXT('2D SPACE',''
  ) );
#18962 = ADVANCED_FACE('',(#18963),#18869,.F.);
#18963 = FACE_BOUND('',#18964,.F.);
#18964 = EDGE_LOOP('',(#18965,#18988,#18989,#19012));
#18965 = ORIENTED_EDGE('',*,*,#18966,.F.);
#18966 = EDGE_CURVE('',#18847,#18967,#18969,.T.);
#18967 = VERTEX_POINT('',#18968);
#18968 = CARTESIAN_POINT('',(-32.,12.5,-14.6));
#18969 = SURFACE_CURVE('',#18970,(#18974,#18981),.PCURVE_S1.);
#18970 = LINE('',#18971,#18972);
#18971 = CARTESIAN_POINT('',(-36.,12.5,-14.6));
#18972 = VECTOR('',#18973,1.);
#18973 = DIRECTION('',(1.,0.,0.));
#18974 = PCURVE('',#18869,#18975);
#18975 = DEFINITIONAL_REPRESENTATION('',(#18976),#18980);
#18976 = LINE('',#18977,#18978);
#18977 = CARTESIAN_POINT('',(0.,0.));
#18978 = VECTOR('',#18979,1.);
#18979 = DIRECTION('',(0.,1.));
#18980 = ( GEOMETRIC_REPRESENTATION_CONTEXT(2) 
PARAMETRIC_REPRESENTATION_CONTEXT() REPRESENTATION_CONTEXT('2D SPACE',''
  ) );
#18981 = PCURVE('',#18897,#18982);
#18982 = DEFINITIONAL_REPRESENTATION('',(#18983),#18987);
#18983 = LINE('',#18984,#18985);
#18984 = CARTESIAN_POINT('',(0.,0.));
#18985 = VECTOR('',#18986,1.);
#18986 = DIRECTION('',(1.,0.));
#18987 = ( GEOMETRIC_REPRESENTATION_CONTEXT(2) 
PARAMETRIC_REPRESENTATION_CONTEXT() REPRESENTATION_CONTEXT('2D SPACE',''
  ) );
#18988 = ORIENTED_EDGE('',*,*,#18846,.T.);
#18989 = ORIENTED_EDGE('',*,*,#18990,.T.);
#18990 = EDGE_CURVE('',#18849,#18991,#18993,.T.);
#18991 = VERTEX_POINT('',#18992);
#18992 = CARTESIAN_POINT('',(-32.,12.5,-13.4));
#18993 = SURFACE_CURVE('',#18994,(#18998,#19005),.PCURVE_S1.);
#18994 = LINE('',#18995,#18996);
#18995 = CARTESIAN_POINT('',(-36.,12.5,-13.4));
#18996 = VECTOR('',#18997,1.);
#18997 = DIRECTION('',(1.,0.,0.));
#18998 = PCURVE('',#18869,#18999);
#18999 = DEFINITIONAL_REPRESENTATION('',(#19000),#19004);
#19000 = LINE('',#19001,#19002);
#19001 = CARTESIAN_POINT('',(1.2,0.));
#19002 = VECTOR('',#19003,1.);
#19003 = DIRECTION('',(0.,1.));
#19004 = ( GEOMETRIC_REPRESENTATION_CONTEXT(2) 
PARAMETRIC_REPRESENTATION_CONTEXT() REPRESENTATION_CONTEXT('2D SPACE',''
  ) );
#19005 = PCURVE('',#18951,#19006);
#19006 = DEFINITIONAL_REPRESENTATION('',(#19007),#19011);
#19007 = LINE('',#19008,#19009);
#19008 = CARTESIAN_POINT('',(0.,0.));
#19009 = VECTOR('',#19010,1.);
#19010 = DIRECTION('',(1.,0.));
#19011 = ( GEOMETRIC_REPRESENTATION_CONTEXT(2) 
PARAMETRIC_REPRESENTATION_CONTEXT() REPRESENTATION_CONTEXT('2D SPACE',''
  ) );
#19012 = ORIENTED_EDGE('',*,*,#19013,.F.);
#19013 = EDGE_CURVE('',#18967,#18991,#19014,.T.);
#19014 = SURFACE_CURVE('',#19015,(#19019,#19026),.PCURVE_S1.);
#19015 = LINE('',#19016,#19017);
#19016 = CARTESIAN_POINT('',(-32.,12.5,-14.6));
#19017 = VECTOR('',#19018,1.);
#19018 = DIRECTION('',(0.,0.,1.));
#19019 = PCURVE('',#18869,#19020);
#19020 = DEFINITIONAL_REPRESENTATION('',(#19021),#19025);
#19021 = LINE('',#19022,#19023);
#19022 = CARTESIAN_POINT('',(0.,4.));
#19023 = VECTOR('',#19024,1.);
#19024 = DIRECTION('',(1.,0.));
#19025 = ( GEOMETRIC_REPRESENTATION_CONTEXT(2) 
PARAMETRIC_REPRESENTATION_CONTEXT() REPRESENTATION_CONTEXT('2D SPACE',''
  ) );
#19026 = PCURVE('',#19027,#19032);
#19027 = PLANE('',#19028);
#19028 = AXIS2_PLACEMENT_3D('',#19029,#19030,#19031);
#19029 = CARTESIAN_POINT('',(-32.,12.5,-14.6));
#19030 = DIRECTION('',(1.,0.,0.));
#19031 = DIRECTION('',(0.,0.,1.));
#19032 = DEFINITIONAL_REPRESENTATION('',(#19033),#19037);
#19033 = LINE('',#19034,#19035);
#19034 = CARTESIAN_POINT('',(0.,0.));
#19035 = VECTOR('',#19036,1.);
#19036 = DIRECTION('',(1.,0.));
#19037 = ( GEOMETRIC_REPRESENTATION_CONTEXT(2) 
PARAMETRIC_REPRESENTATION_CONTEXT() REPRESENTATION_CONTEXT('2D SPACE',''
  ) );
#19038 = ADVANCED_FACE('',(#19039,#19087),#18951,.T.);
#19039 = FACE_BOUND('',#19040,.T.);
#19040 = EDGE_LOOP('',(#19041,#19042,#19043,#19066));
#19041 = ORIENTED_EDGE('',*,*,#18937,.F.);
#19042 = ORIENTED_EDGE('',*,*,#18990,.T.);
#19043 = ORIENTED_EDGE('',*,*,#19044,.T.);
#19044 = EDGE_CURVE('',#18991,#19045,#19047,.T.);
#19045 = VERTEX_POINT('',#19046);
#19046 = CARTESIAN_POINT('',(-32.,16.5,-13.4));
#19047 = SURFACE_CURVE('',#19048,(#19052,#19059),.PCURVE_S1.);
#19048 = LINE('',#19049,#19050);
#19049 = CARTESIAN_POINT('',(-32.,12.5,-13.4));
#19050 = VECTOR('',#19051,1.);
#19051 = DIRECTION('',(0.,1.,0.));
#19052 = PCURVE('',#18951,#19053);
#19053 = DEFINITIONAL_REPRESENTATION('',(#19054),#19058);
#19054 = LINE('',#19055,#19056);
#19055 = CARTESIAN_POINT('',(4.,0.));
#19056 = VECTOR('',#19057,1.);
#19057 = DIRECTION('',(0.,1.));
#19058 = ( GEOMETRIC_REPRESENTATION_CONTEXT(2) 
PARAMETRIC_REPRESENTATION_CONTEXT() REPRESENTATION_CONTEXT('2D SPACE',''
  ) );
#19059 = PCURVE('',#19027,#19060);
#19060 = DEFINITIONAL_REPRESENTATION('',(#19061),#19065);
#19061 = LINE('',#19062,#19063);
#19062 = CARTESIAN_POINT('',(1.2,0.));
#19063 = VECTOR('',#19064,1.);
#19064 = DIRECTION('',(0.,-1.));
#19065 = ( GEOMETRIC_REPRESENTATION_CONTEXT(2) 
PARAMETRIC_REPRESENTATION_CONTEXT() REPRESENTATION_CONTEXT('2D SPACE',''
  ) );
#19066 = ORIENTED_EDGE('',*,*,#19067,.F.);
#19067 = EDGE_CURVE('',#18910,#19045,#19068,.T.);
#19068 = SURFACE_CURVE('',#19069,(#19073,#19080),.PCURVE_S1.);
#19069 = LINE('',#19070,#19071);
#19070 = CARTESIAN_POINT('',(-36.,16.5,-13.4));
#19071 = VECTOR('',#19072,1.);
#19072 = DIRECTION('',(1.,0.,0.));
#19073 = PCURVE('',#18951,#19074);
#19074 = DEFINITIONAL_REPRESENTATION('',(#19075),#19079);
#19075 = LINE('',#19076,#19077);
#19076 = CARTESIAN_POINT('',(0.,4.));
#19077 = VECTOR('',#19078,1.);
#19078 = DIRECTION('',(1.,0.));
#19079 = ( GEOMETRIC_REPRESENTATION_CONTEXT(2) 
PARAMETRIC_REPRESENTATION_CONTEXT() REPRESENTATION_CONTEXT('2D SPACE',''
  ) );
#19080 = PCURVE('',#18925,#19081);
#19081 = DEFINITIONAL_REPRESENTATION('',(#19082),#19086);
#19082 = LINE('',#19083,#19084);
#19083 = CARTESIAN_POINT('',(1.2,0.));
#19084 = VECTOR('',#19085,1.);
#19085 = DIRECTION('',(0.,1.));
#19086 = ( GEOMETRIC_REPRESENTATION_CONTEXT(2) 
PARAMETRIC_REPRESENTATION_CONTEXT() REPRESENTATION_CONTEXT('2D SPACE',''
  ) );
#19087 = FACE_BOUND('',#19088,.T.);
#19088 = EDGE_LOOP('',(#19089));
#19089 = ORIENTED_EDGE('',*,*,#19090,.F.);
#19090 = EDGE_CURVE('',#19091,#19091,#19093,.T.);
#19091 = VERTEX_POINT('',#19092);
#19092 = CARTESIAN_POINT('',(-33.,14.5,-13.4));
#19093 = SURFACE_CURVE('',#19094,(#19099,#19106),.PCURVE_S1.);
#19094 = CIRCLE('',#19095,1.);
#19095 = AXIS2_PLACEMENT_3D('',#19096,#19097,#19098);
#19096 = CARTESIAN_POINT('',(-34.,14.5,-13.4));
#19097 = DIRECTION('',(0.,0.,1.));
#19098 = DIRECTION('',(1.,0.,-0.));
#19099 = PCURVE('',#18951,#19100);
#19100 = DEFINITIONAL_REPRESENTATION('',(#19101),#19105);
#19101 = CIRCLE('',#19102,1.);
#19102 = AXIS2_PLACEMENT_2D('',#19103,#19104);
#19103 = CARTESIAN_POINT('',(2.,2.));
#19104 = DIRECTION('',(1.,0.));
#19105 = ( GEOMETRIC_REPRESENTATION_CONTEXT(2) 
PARAMETRIC_REPRESENTATION_CONTEXT() REPRESENTATION_CONTEXT('2D SPACE',''
  ) );
#19106 = PCURVE('',#19107,#19112);
#19107 = CYLINDRICAL_SURFACE('',#19108,1.);
#19108 = AXIS2_PLACEMENT_3D('',#19109,#19110,#19111);
#19109 = CARTESIAN_POINT('',(-34.,14.5,-14.7));
#19110 = DIRECTION('',(0.,0.,1.));
#19111 = DIRECTION('',(1.,0.,-0.));
#19112 = DEFINITIONAL_REPRESENTATION('',(#19113),#19117);
#19113 = LINE('',#19114,#19115);
#19114 = CARTESIAN_POINT('',(0.,1.3));
#19115 = VECTOR('',#19116,1.);
#19116 = DIRECTION('',(1.,0.));
#19117 = ( GEOMETRIC_REPRESENTATION_CONTEXT(2) 
PARAMETRIC_REPRESENTATION_CONTEXT() REPRESENTATION_CONTEXT('2D SPACE',''
  ) );
#19118 = ADVANCED_FACE('',(#19119),#18925,.T.);
#19119 = FACE_BOUND('',#19120,.T.);
#19120 = EDGE_LOOP('',(#19121,#19144,#19145,#19146));
#19121 = ORIENTED_EDGE('',*,*,#19122,.F.);
#19122 = EDGE_CURVE('',#18882,#19123,#19125,.T.);
#19123 = VERTEX_POINT('',#19124);
#19124 = CARTESIAN_POINT('',(-32.,16.5,-14.6));
#19125 = SURFACE_CURVE('',#19126,(#19130,#19137),.PCURVE_S1.);
#19126 = LINE('',#19127,#19128);
#19127 = CARTESIAN_POINT('',(-36.,16.5,-14.6));
#19128 = VECTOR('',#19129,1.);
#19129 = DIRECTION('',(1.,0.,0.));
#19130 = PCURVE('',#18925,#19131);
#19131 = DEFINITIONAL_REPRESENTATION('',(#19132),#19136);
#19132 = LINE('',#19133,#19134);
#19133 = CARTESIAN_POINT('',(0.,0.));
#19134 = VECTOR('',#19135,1.);
#19135 = DIRECTION('',(0.,1.));
#19136 = ( GEOMETRIC_REPRESENTATION_CONTEXT(2) 
PARAMETRIC_REPRESENTATION_CONTEXT() REPRESENTATION_CONTEXT('2D SPACE',''
  ) );
#19137 = PCURVE('',#18897,#19138);
#19138 = DEFINITIONAL_REPRESENTATION('',(#19139),#19143);
#19139 = LINE('',#19140,#19141);
#19140 = CARTESIAN_POINT('',(0.,4.));
#19141 = VECTOR('',#19142,1.);
#19142 = DIRECTION('',(1.,0.));
#19143 = ( GEOMETRIC_REPRESENTATION_CONTEXT(2) 
PARAMETRIC_REPRESENTATION_CONTEXT() REPRESENTATION_CONTEXT('2D SPACE',''
  ) );
#19144 = ORIENTED_EDGE('',*,*,#18909,.T.);
#19145 = ORIENTED_EDGE('',*,*,#19067,.T.);
#19146 = ORIENTED_EDGE('',*,*,#19147,.F.);
#19147 = EDGE_CURVE('',#19123,#19045,#19148,.T.);
#19148 = SURFACE_CURVE('',#19149,(#19153,#19160),.PCURVE_S1.);
#19149 = LINE('',#19150,#19151);
#19150 = CARTESIAN_POINT('',(-32.,16.5,-14.6));
#19151 = VECTOR('',#19152,1.);
#19152 = DIRECTION('',(0.,0.,1.));
#19153 = PCURVE('',#18925,#19154);
#19154 = DEFINITIONAL_REPRESENTATION('',(#19155),#19159);
#19155 = LINE('',#19156,#19157);
#19156 = CARTESIAN_POINT('',(0.,4.));
#19157 = VECTOR('',#19158,1.);
#19158 = DIRECTION('',(1.,0.));
#19159 = ( GEOMETRIC_REPRESENTATION_CONTEXT(2) 
PARAMETRIC_REPRESENTATION_CONTEXT() REPRESENTATION_CONTEXT('2D SPACE',''
  ) );
#19160 = PCURVE('',#19027,#19161);
#19161 = DEFINITIONAL_REPRESENTATION('',(#19162),#19166);
#19162 = LINE('',#19163,#19164);
#19163 = CARTESIAN_POINT('',(0.,-4.));
#19164 = VECTOR('',#19165,1.);
#19165 = DIRECTION('',(1.,0.));
#19166 = ( GEOMETRIC_REPRESENTATION_CONTEXT(2) 
PARAMETRIC_REPRESENTATION_CONTEXT() REPRESENTATION_CONTEXT('2D SPACE',''
  ) );
#19167 = ADVANCED_FACE('',(#19168,#19194),#18897,.F.);
#19168 = FACE_BOUND('',#19169,.F.);
#19169 = EDGE_LOOP('',(#19170,#19171,#19172,#19193));
#19170 = ORIENTED_EDGE('',*,*,#18881,.F.);
#19171 = ORIENTED_EDGE('',*,*,#18966,.T.);
#19172 = ORIENTED_EDGE('',*,*,#19173,.T.);
#19173 = EDGE_CURVE('',#18967,#19123,#19174,.T.);
#19174 = SURFACE_CURVE('',#19175,(#19179,#19186),.PCURVE_S1.);
#19175 = LINE('',#19176,#19177);
#19176 = CARTESIAN_POINT('',(-32.,12.5,-14.6));
#19177 = VECTOR('',#19178,1.);
#19178 = DIRECTION('',(0.,1.,0.));
#19179 = PCURVE('',#18897,#19180);
#19180 = DEFINITIONAL_REPRESENTATION('',(#19181),#19185);
#19181 = LINE('',#19182,#19183);
#19182 = CARTESIAN_POINT('',(4.,0.));
#19183 = VECTOR('',#19184,1.);
#19184 = DIRECTION('',(0.,1.));
#19185 = ( GEOMETRIC_REPRESENTATION_CONTEXT(2) 
PARAMETRIC_REPRESENTATION_CONTEXT() REPRESENTATION_CONTEXT('2D SPACE',''
  ) );
#19186 = PCURVE('',#19027,#19187);
#19187 = DEFINITIONAL_REPRESENTATION('',(#19188),#19192);
#19188 = LINE('',#19189,#19190);
#19189 = CARTESIAN_POINT('',(0.,0.));
#19190 = VECTOR('',#19191,1.);
#19191 = DIRECTION('',(0.,-1.));
#19192 = ( GEOMETRIC_REPRESENTATION_CONTEXT(2) 
PARAMETRIC_REPRESENTATION_CONTEXT() REPRESENTATION_CONTEXT('2D SPACE',''
  ) );
#19193 = ORIENTED_EDGE('',*,*,#19122,.F.);
#19194 = FACE_BOUND('',#19195,.F.);
#19195 = EDGE_LOOP('',(#19196));
#19196 = ORIENTED_EDGE('',*,*,#19197,.F.);
#19197 = EDGE_CURVE('',#19198,#19198,#19200,.T.);
#19198 = VERTEX_POINT('',#19199);
#19199 = CARTESIAN_POINT('',(-33.,14.5,-14.6));
#19200 = SURFACE_CURVE('',#19201,(#19206,#19213),.PCURVE_S1.);
#19201 = CIRCLE('',#19202,1.);
#19202 = AXIS2_PLACEMENT_3D('',#19203,#19204,#19205);
#19203 = CARTESIAN_POINT('',(-34.,14.5,-14.6));
#19204 = DIRECTION('',(0.,0.,1.));
#19205 = DIRECTION('',(1.,0.,-0.));
#19206 = PCURVE('',#18897,#19207);
#19207 = DEFINITIONAL_REPRESENTATION('',(#19208),#19212);
#19208 = CIRCLE('',#19209,1.);
#19209 = AXIS2_PLACEMENT_2D('',#19210,#19211);
#19210 = CARTESIAN_POINT('',(2.,2.));
#19211 = DIRECTION('',(1.,0.));
#19212 = ( GEOMETRIC_REPRESENTATION_CONTEXT(2) 
PARAMETRIC_REPRESENTATION_CONTEXT() REPRESENTATION_CONTEXT('2D SPACE',''
  ) );
#19213 = PCURVE('',#19107,#19214);
#19214 = DEFINITIONAL_REPRESENTATION('',(#19215),#19219);
#19215 = LINE('',#19216,#19217);
#19216 = CARTESIAN_POINT('',(0.,0.1));
#19217 = VECTOR('',#19218,1.);
#19218 = DIRECTION('',(1.,0.));
#19219 = ( GEOMETRIC_REPRESENTATION_CONTEXT(2) 
PARAMETRIC_REPRESENTATION_CONTEXT() REPRESENTATION_CONTEXT('2D SPACE',''
  ) );
#19220 = ADVANCED_FACE('',(#19221),#19027,.T.);
#19221 = FACE_BOUND('',#19222,.T.);
#19222 = EDGE_LOOP('',(#19223,#19224,#19225,#19226));
#19223 = ORIENTED_EDGE('',*,*,#19013,.F.);
#19224 = ORIENTED_EDGE('',*,*,#19173,.T.);
#19225 = ORIENTED_EDGE('',*,*,#19147,.T.);
#19226 = ORIENTED_EDGE('',*,*,#19044,.F.);
#19227 = ADVANCED_FACE('',(#19228),#19107,.F.);
#19228 = FACE_BOUND('',#19229,.F.);
#19229 = EDGE_LOOP('',(#19230,#19231,#19252,#19253));
#19230 = ORIENTED_EDGE('',*,*,#19090,.F.);
#19231 = ORIENTED_EDGE('',*,*,#19232,.F.);
#19232 = EDGE_CURVE('',#19198,#19091,#19233,.T.);
#19233 = SEAM_CURVE('',#19234,(#19238,#19245),.PCURVE_S1.);
#19234 = LINE('',#19235,#19236);
#19235 = CARTESIAN_POINT('',(-33.,14.5,-14.7));
#19236 = VECTOR('',#19237,1.);
#19237 = DIRECTION('',(0.,0.,1.));
#19238 = PCURVE('',#19107,#19239);
#19239 = DEFINITIONAL_REPRESENTATION('',(#19240),#19244);
#19240 = LINE('',#19241,#19242);
#19241 = CARTESIAN_POINT('',(0.,-0.));
#19242 = VECTOR('',#19243,1.);
#19243 = DIRECTION('',(0.,1.));
#19244 = ( GEOMETRIC_REPRESENTATION_CONTEXT(2) 
PARAMETRIC_REPRESENTATION_CONTEXT() REPRESENTATION_CONTEXT('2D SPACE',''
  ) );
#19245 = PCURVE('',#19107,#19246);
#19246 = DEFINITIONAL_REPRESENTATION('',(#19247),#19251);
#19247 = LINE('',#19248,#19249);
#19248 = CARTESIAN_POINT('',(6.28318530718,-0.));
#19249 = VECTOR('',#19250,1.);
#19250 = DIRECTION('',(0.,1.));
#19251 = ( GEOMETRIC_REPRESENTATION_CONTEXT(2) 
PARAMETRIC_REPRESENTATION_CONTEXT() REPRESENTATION_CONTEXT('2D SPACE',''
  ) );
#19252 = ORIENTED_EDGE('',*,*,#19197,.T.);
#19253 = ORIENTED_EDGE('',*,*,#19232,.T.);
#19254 = ( GEOMETRIC_REPRESENTATION_CONTEXT(3) 
GLOBAL_UNCERTAINTY_ASSIGNED_CONTEXT((#19258)) 
GLOBAL_UNIT_ASSIGNED_CONTEXT((#19255,#19256,#19257)) 
REPRESENTATION_CONTEXT('Context #1',
  '3D Context with UNIT and UNCERTAINTY') );
#19255 = ( LENGTH_UNIT() NAMED_UNIT(*) SI_UNIT(.MILLI.,.METRE.) );
#19256 = ( NAMED_UNIT(*) PLANE_ANGLE_UNIT() SI_UNIT($,.RADIAN.) );
#19257 = ( NAMED_UNIT(*) SI_UNIT($,.STERADIAN.) SOLID_ANGLE_UNIT() );
#19258 = UNCERTAINTY_MEASURE_WITH_UNIT(LENGTH_MEASURE(1.E-07),#19255,
  'distance_accuracy_value','confusion accuracy');
#19259 = CONTEXT_DEPENDENT_SHAPE_REPRESENTATION(#19260,#19262);
#19260 = ( REPRESENTATION_RELATIONSHIP('','',#18839,#10) 
REPRESENTATION_RELATIONSHIP_WITH_TRANSFORMATION(#19261) 
SHAPE_REPRESENTATION_RELATIONSHIP() );
#19261 = ITEM_DEFINED_TRANSFORMATION('','',#11,#55);
#19262 = PRODUCT_DEFINITION_SHAPE('Placement','Placement of an item',
  #19263);
#19263 = NEXT_ASSEMBLY_USAGE_OCCURRENCE('26','boot_-34_14.5_nut','',#5,
  #18834,$);
#19264 = PRODUCT_RELATED_PRODUCT_CATEGORY('part',$,(#18836));
#19265 = SHAPE_DEFINITION_REPRESENTATION(#19266,#19272);
#19266 = PRODUCT_DEFINITION_SHAPE('','',#19267);
#19267 = PRODUCT_DEFINITION('design','',#19268,#19271);
#19268 = PRODUCT_DEFINITION_FORMATION('','',#19269);
#19269 = PRODUCT('boot_36_-26.5_screw','boot_36_-26.5_screw','',(#19270)
  );
#19270 = PRODUCT_CONTEXT('',#2,'mechanical');
#19271 = PRODUCT_DEFINITION_CONTEXT('part definition',#2,'design');
#19272 = ADVANCED_BREP_SHAPE_REPRESENTATION('',(#11,#19273),#19461);
#19273 = MANIFOLD_SOLID_BREP('',#19274);
#19274 = CLOSED_SHELL('',(#19275,#19363,#19398,#19402,#19457));
#19275 = ADVANCED_FACE('',(#19276),#19289,.T.);
#19276 = FACE_BOUND('',#19277,.T.);
#19277 = EDGE_LOOP('',(#19278,#19312,#19335,#19362));
#19278 = ORIENTED_EDGE('',*,*,#19279,.F.);
#19279 = EDGE_CURVE('',#19280,#19280,#19282,.T.);
#19280 = VERTEX_POINT('',#19281);
#19281 = CARTESIAN_POINT('',(37.9,-26.5,-19.));
#19282 = SURFACE_CURVE('',#19283,(#19288,#19300),.PCURVE_S1.);
#19283 = CIRCLE('',#19284,1.9);
#19284 = AXIS2_PLACEMENT_3D('',#19285,#19286,#19287);
#19285 = CARTESIAN_POINT('',(36.,-26.5,-19.));
#19286 = DIRECTION('',(0.,0.,1.));
#19287 = DIRECTION('',(1.,0.,-0.));
#19288 = PCURVE('',#19289,#19294);
#19289 = CYLINDRICAL_SURFACE('',#19290,1.9);
#19290 = AXIS2_PLACEMENT_3D('',#19291,#19292,#19293);
#19291 = CARTESIAN_POINT('',(36.,-26.5,-20.3));
#19292 = DIRECTION('',(0.,0.,1.));
#19293 = DIRECTION('',(1.,0.,-0.));
#19294 = DEFINITIONAL_REPRESENTATION('',(#19295),#19299);
#19295 = LINE('',#19296,#19297);
#19296 = CARTESIAN_POINT('',(0.,1.3));
#19297 = VECTOR('',#19298,1.);
#19298 = DIRECTION('',(1.,0.));
#19299 = ( GEOMETRIC_REPRESENTATION_CONTEXT(2) 
PARAMETRIC_REPRESENTATION_CONTEXT() REPRESENTATION_CONTEXT('2D SPACE',''
  ) );
#19300 = PCURVE('',#19301,#19306);
#19301 = PLANE('',#19302);
#19302 = AXIS2_PLACEMENT_3D('',#19303,#19304,#19305);
#19303 = CARTESIAN_POINT('',(36.,-26.5,-19.));
#19304 = DIRECTION('',(0.,0.,1.));
#19305 = DIRECTION('',(1.,0.,-0.));
#19306 = DEFINITIONAL_REPRESENTATION('',(#19307),#19311);
#19307 = CIRCLE('',#19308,1.9);
#19308 = AXIS2_PLACEMENT_2D('',#19309,#19310);
#19309 = CARTESIAN_POINT('',(0.,0.));
#19310 = DIRECTION('',(1.,0.));
#19311 = ( GEOMETRIC_REPRESENTATION_CONTEXT(2) 
PARAMETRIC_REPRESENTATION_CONTEXT() REPRESENTATION_CONTEXT('2D SPACE',''
  ) );
#19312 = ORIENTED_EDGE('',*,*,#19313,.F.);
#19313 = EDGE_CURVE('',#19314,#19280,#19316,.T.);
#19314 = VERTEX_POINT('',#19315);
#19315 = CARTESIAN_POINT('',(37.9,-26.5,-20.3));
#19316 = SEAM_CURVE('',#19317,(#19321,#19328),.PCURVE_S1.);
#19317 = LINE('',#19318,#19319);
#19318 = CARTESIAN_POINT('',(37.9,-26.5,-20.3));
#19319 = VECTOR('',#19320,1.);
#19320 = DIRECTION('',(0.,0.,1.));
#19321 = PCURVE('',#19289,#19322);
#19322 = DEFINITIONAL_REPRESENTATION('',(#19323),#19327);
#19323 = LINE('',#19324,#19325);
#19324 = CARTESIAN_POINT('',(0.,-0.));
#19325 = VECTOR('',#19326,1.);
#19326 = DIRECTION('',(0.,1.));
#19327 = ( GEOMETRIC_REPRESENTATION_CONTEXT(2) 
PARAMETRIC_REPRESENTATION_CONTEXT() REPRESENTATION_CONTEXT('2D SPACE',''
  ) );
#19328 = PCURVE('',#19289,#19329);
#19329 = DEFINITIONAL_REPRESENTATION('',(#19330),#19334);
#19330 = LINE('',#19331,#19332);
#19331 = CARTESIAN_POINT('',(6.28318530718,-0.));
#19332 = VECTOR('',#19333,1.);
#19333 = DIRECTION('',(0.,1.));
#19334 = ( GEOMETRIC_REPRESENTATION_CONTEXT(2) 
PARAMETRIC_REPRESENTATION_CONTEXT() REPRESENTATION_CONTEXT('2D SPACE',''
  ) );
#19335 = ORIENTED_EDGE('',*,*,#19336,.T.);
#19336 = EDGE_CURVE('',#19314,#19314,#19337,.T.);
#19337 = SURFACE_CURVE('',#19338,(#19343,#19350),.PCURVE_S1.);
#19338 = CIRCLE('',#19339,1.9);
#19339 = AXIS2_PLACEMENT_3D('',#19340,#19341,#19342);
#19340 = CARTESIAN_POINT('',(36.,-26.5,-20.3));
#19341 = DIRECTION('',(0.,0.,1.));
#19342 = DIRECTION('',(1.,0.,-0.));
#19343 = PCURVE('',#19289,#19344);
#19344 = DEFINITIONAL_REPRESENTATION('',(#19345),#19349);
#19345 = LINE('',#19346,#19347);
#19346 = CARTESIAN_POINT('',(0.,0.));
#19347 = VECTOR('',#19348,1.);
#19348 = DIRECTION('',(1.,0.));
#19349 = ( GEOMETRIC_REPRESENTATION_CONTEXT(2) 
PARAMETRIC_REPRESENTATION_CONTEXT() REPRESENTATION_CONTEXT('2D SPACE',''
  ) );
#19350 = PCURVE('',#19351,#19356);
#19351 = PLANE('',#19352);
#19352 = AXIS2_PLACEMENT_3D('',#19353,#19354,#19355);
#19353 = CARTESIAN_POINT('',(36.,-26.5,-20.3));
#19354 = DIRECTION('',(0.,0.,1.));
#19355 = DIRECTION('',(1.,0.,-0.));
#19356 = DEFINITIONAL_REPRESENTATION('',(#19357),#19361);
#19357 = CIRCLE('',#19358,1.9);
#19358 = AXIS2_PLACEMENT_2D('',#19359,#19360);
#19359 = CARTESIAN_POINT('',(0.,0.));
#19360 = DIRECTION('',(1.,0.));
#19361 = ( GEOMETRIC_REPRESENTATION_CONTEXT(2) 
PARAMETRIC_REPRESENTATION_CONTEXT() REPRESENTATION_CONTEXT('2D SPACE',''
  ) );
#19362 = ORIENTED_EDGE('',*,*,#19313,.T.);
#19363 = ADVANCED_FACE('',(#19364,#19367),#19301,.T.);
#19364 = FACE_BOUND('',#19365,.T.);
#19365 = EDGE_LOOP('',(#19366));
#19366 = ORIENTED_EDGE('',*,*,#19279,.T.);
#19367 = FACE_BOUND('',#19368,.T.);
#19368 = EDGE_LOOP('',(#19369));
#19369 = ORIENTED_EDGE('',*,*,#19370,.F.);
#19370 = EDGE_CURVE('',#19371,#19371,#19373,.T.);
#19371 = VERTEX_POINT('',#19372);
#19372 = CARTESIAN_POINT('',(37.,-26.5,-19.));
#19373 = SURFACE_CURVE('',#19374,(#19379,#19386),.PCURVE_S1.);
#19374 = CIRCLE('',#19375,1.);
#19375 = AXIS2_PLACEMENT_3D('',#19376,#19377,#19378);
#19376 = CARTESIAN_POINT('',(36.,-26.5,-19.));
#19377 = DIRECTION('',(0.,0.,1.));
#19378 = DIRECTION('',(1.,0.,-0.));
#19379 = PCURVE('',#19301,#19380);
#19380 = DEFINITIONAL_REPRESENTATION('',(#19381),#19385);
#19381 = CIRCLE('',#19382,1.);
#19382 = AXIS2_PLACEMENT_2D('',#19383,#19384);
#19383 = CARTESIAN_POINT('',(0.,0.));
#19384 = DIRECTION('',(1.,0.));
#19385 = ( GEOMETRIC_REPRESENTATION_CONTEXT(2) 
PARAMETRIC_REPRESENTATION_CONTEXT() REPRESENTATION_CONTEXT('2D SPACE',''
  ) );
#19386 = PCURVE('',#19387,#19392);
#19387 = CYLINDRICAL_SURFACE('',#19388,1.);
#19388 = AXIS2_PLACEMENT_3D('',#19389,#19390,#19391);
#19389 = CARTESIAN_POINT('',(36.,-26.5,-19.));
#19390 = DIRECTION('',(0.,0.,1.));
#19391 = DIRECTION('',(1.,0.,-0.));
#19392 = DEFINITIONAL_REPRESENTATION('',(#19393),#19397);
#19393 = LINE('',#19394,#19395);
#19394 = CARTESIAN_POINT('',(0.,0.));
#19395 = VECTOR('',#19396,1.);
#19396 = DIRECTION('',(1.,0.));
#19397 = ( GEOMETRIC_REPRESENTATION_CONTEXT(2) 
PARAMETRIC_REPRESENTATION_CONTEXT() REPRESENTATION_CONTEXT('2D SPACE',''
  ) );
#19398 = ADVANCED_FACE('',(#19399),#19351,.F.);
#19399 = FACE_BOUND('',#19400,.T.);
#19400 = EDGE_LOOP('',(#19401));
#19401 = ORIENTED_EDGE('',*,*,#19336,.F.);
#19402 = ADVANCED_FACE('',(#19403),#19387,.T.);
#19403 = FACE_BOUND('',#19404,.T.);
#19404 = EDGE_LOOP('',(#19405,#19434,#19455,#19456));
#19405 = ORIENTED_EDGE('',*,*,#19406,.F.);
#19406 = EDGE_CURVE('',#19407,#19407,#19409,.T.);
#19407 = VERTEX_POINT('',#19408);
#19408 = CARTESIAN_POINT('',(37.,-26.5,-13.));
#19409 = SURFACE_CURVE('',#19410,(#19415,#19422),.PCURVE_S1.);
#19410 = CIRCLE('',#19411,1.);
#19411 = AXIS2_PLACEMENT_3D('',#19412,#19413,#19414);
#19412 = CARTESIAN_POINT('',(36.,-26.5,-13.));
#19413 = DIRECTION('',(0.,0.,1.));
#19414 = DIRECTION('',(1.,0.,-0.));
#19415 = PCURVE('',#19387,#19416);
#19416 = DEFINITIONAL_REPRESENTATION('',(#19417),#19421);
#19417 = LINE('',#19418,#19419);
#19418 = CARTESIAN_POINT('',(0.,6.));
#19419 = VECTOR('',#19420,1.);
#19420 = DIRECTION('',(1.,0.));
#19421 = ( GEOMETRIC_REPRESENTATION_CONTEXT(2) 
PARAMETRIC_REPRESENTATION_CONTEXT() REPRESENTATION_CONTEXT('2D SPACE',''
  ) );
#19422 = PCURVE('',#19423,#19428);
#19423 = PLANE('',#19424);
#19424 = AXIS2_PLACEMENT_3D('',#19425,#19426,#19427);
#19425 = CARTESIAN_POINT('',(36.,-26.5,-13.));
#19426 = DIRECTION('',(0.,0.,1.));
#19427 = DIRECTION('',(1.,0.,-0.));
#19428 = DEFINITIONAL_REPRESENTATION('',(#19429),#19433);
#19429 = CIRCLE('',#19430,1.);
#19430 = AXIS2_PLACEMENT_2D('',#19431,#19432);
#19431 = CARTESIAN_POINT('',(0.,0.));
#19432 = DIRECTION('',(1.,0.));
#19433 = ( GEOMETRIC_REPRESENTATION_CONTEXT(2) 
PARAMETRIC_REPRESENTATION_CONTEXT() REPRESENTATION_CONTEXT('2D SPACE',''
  ) );
#19434 = ORIENTED_EDGE('',*,*,#19435,.F.);
#19435 = EDGE_CURVE('',#19371,#19407,#19436,.T.);
#19436 = SEAM_CURVE('',#19437,(#19441,#19448),.PCURVE_S1.);
#19437 = LINE('',#19438,#19439);
#19438 = CARTESIAN_POINT('',(37.,-26.5,-19.));
#19439 = VECTOR('',#19440,1.);
#19440 = DIRECTION('',(0.,0.,1.));
#19441 = PCURVE('',#19387,#19442);
#19442 = DEFINITIONAL_REPRESENTATION('',(#19443),#19447);
#19443 = LINE('',#19444,#19445);
#19444 = CARTESIAN_POINT('',(0.,-0.));
#19445 = VECTOR('',#19446,1.);
#19446 = DIRECTION('',(0.,1.));
#19447 = ( GEOMETRIC_REPRESENTATION_CONTEXT(2) 
PARAMETRIC_REPRESENTATION_CONTEXT() REPRESENTATION_CONTEXT('2D SPACE',''
  ) );
#19448 = PCURVE('',#19387,#19449);
#19449 = DEFINITIONAL_REPRESENTATION('',(#19450),#19454);
#19450 = LINE('',#19451,#19452);
#19451 = CARTESIAN_POINT('',(6.28318530718,-0.));
#19452 = VECTOR('',#19453,1.);
#19453 = DIRECTION('',(0.,1.));
#19454 = ( GEOMETRIC_REPRESENTATION_CONTEXT(2) 
PARAMETRIC_REPRESENTATION_CONTEXT() REPRESENTATION_CONTEXT('2D SPACE',''
  ) );
#19455 = ORIENTED_EDGE('',*,*,#19370,.T.);
#19456 = ORIENTED_EDGE('',*,*,#19435,.T.);
#19457 = ADVANCED_FACE('',(#19458),#19423,.T.);
#19458 = FACE_BOUND('',#19459,.T.);
#19459 = EDGE_LOOP('',(#19460));
#19460 = ORIENTED_EDGE('',*,*,#19406,.T.);
#19461 = ( GEOMETRIC_REPRESENTATION_CONTEXT(3) 
GLOBAL_UNCERTAINTY_ASSIGNED_CONTEXT((#19465)) 
GLOBAL_UNIT_ASSIGNED_CONTEXT((#19462,#19463,#19464)) 
REPRESENTATION_CONTEXT('Context #1',
  '3D Context with UNIT and UNCERTAINTY') );
#19462 = ( LENGTH_UNIT() NAMED_UNIT(*) SI_UNIT(.MILLI.,.METRE.) );
#19463 = ( NAMED_UNIT(*) PLANE_ANGLE_UNIT() SI_UNIT($,.RADIAN.) );
#19464 = ( NAMED_UNIT(*) SI_UNIT($,.STERADIAN.) SOLID_ANGLE_UNIT() );
#19465 = UNCERTAINTY_MEASURE_WITH_UNIT(LENGTH_MEASURE(1.E-07),#19462,
  'distance_accuracy_value','confusion accuracy');
#19466 = CONTEXT_DEPENDENT_SHAPE_REPRESENTATION(#19467,#19469);
#19467 = ( REPRESENTATION_RELATIONSHIP('','',#19272,#10) 
REPRESENTATION_RELATIONSHIP_WITH_TRANSFORMATION(#19468) 
SHAPE_REPRESENTATION_RELATIONSHIP() );
#19468 = ITEM_DEFINED_TRANSFORMATION('','',#11,#59);
#19469 = PRODUCT_DEFINITION_SHAPE('Placement','Placement of an item',
  #19470);
#19470 = NEXT_ASSEMBLY_USAGE_OCCURRENCE('27','boot_36_-26.5_screw','',#5
  ,#19267,$);
#19471 = PRODUCT_RELATED_PRODUCT_CATEGORY('part',$,(#19269));
#19472 = SHAPE_DEFINITION_REPRESENTATION(#19473,#19479);
#19473 = PRODUCT_DEFINITION_SHAPE('','',#19474);
#19474 = PRODUCT_DEFINITION('design','',#19475,#19478);
#19475 = PRODUCT_DEFINITION_FORMATION('','',#19476);
#19476 = PRODUCT('boot_36_-26.5_nut','boot_36_-26.5_nut','',(#19477));
#19477 = PRODUCT_CONTEXT('',#2,'mechanical');
#19478 = PRODUCT_DEFINITION_CONTEXT('part definition',#2,'design');
#19479 = ADVANCED_BREP_SHAPE_REPRESENTATION('',(#11,#19480),#19894);
#19480 = MANIFOLD_SOLID_BREP('',#19481);
#19481 = CLOSED_SHELL('',(#19482,#19602,#19678,#19758,#19807,#19860,
    #19867));
#19482 = ADVANCED_FACE('',(#19483),#19497,.F.);
#19483 = FACE_BOUND('',#19484,.F.);
#19484 = EDGE_LOOP('',(#19485,#19520,#19548,#19576));
#19485 = ORIENTED_EDGE('',*,*,#19486,.F.);
#19486 = EDGE_CURVE('',#19487,#19489,#19491,.T.);
#19487 = VERTEX_POINT('',#19488);
#19488 = CARTESIAN_POINT('',(34.,-28.5,-14.6));
#19489 = VERTEX_POINT('',#19490);
#19490 = CARTESIAN_POINT('',(34.,-28.5,-13.4));
#19491 = SURFACE_CURVE('',#19492,(#19496,#19508),.PCURVE_S1.);
#19492 = LINE('',#19493,#19494);
#19493 = CARTESIAN_POINT('',(34.,-28.5,-14.6));
#19494 = VECTOR('',#19495,1.);
#19495 = DIRECTION('',(0.,0.,1.));
#19496 = PCURVE('',#19497,#19502);
#19497 = PLANE('',#19498);
#19498 = AXIS2_PLACEMENT_3D('',#19499,#19500,#19501);
#19499 = CARTESIAN_POINT('',(34.,-28.5,-14.6));
#19500 = DIRECTION('',(1.,0.,0.));
#19501 = DIRECTION('',(0.,0.,1.));
#19502 = DEFINITIONAL_REPRESENTATION('',(#19503),#19507);
#19503 = LINE('',#19504,#19505);
#19504 = CARTESIAN_POINT('',(0.,0.));
#19505 = VECTOR('',#19506,1.);
#19506 = DIRECTION('',(1.,0.));
#19507 = ( GEOMETRIC_REPRESENTATION_CONTEXT(2) 
PARAMETRIC_REPRESENTATION_CONTEXT() REPRESENTATION_CONTEXT('2D SPACE',''
  ) );
#19508 = PCURVE('',#19509,#19514);
#19509 = PLANE('',#19510);
#19510 = AXIS2_PLACEMENT_3D('',#19511,#19512,#19513);
#19511 = CARTESIAN_POINT('',(34.,-28.5,-14.6));
#19512 = DIRECTION('',(0.,1.,0.));
#19513 = DIRECTION('',(0.,-0.,1.));
#19514 = DEFINITIONAL_REPRESENTATION('',(#19515),#19519);
#19515 = LINE('',#19516,#19517);
#19516 = CARTESIAN_POINT('',(0.,0.));
#19517 = VECTOR('',#19518,1.);
#19518 = DIRECTION('',(1.,0.));
#19519 = ( GEOMETRIC_REPRESENTATION_CONTEXT(2) 
PARAMETRIC_REPRESENTATION_CONTEXT() REPRESENTATION_CONTEXT('2D SPACE',''
  ) );
#19520 = ORIENTED_EDGE('',*,*,#19521,.T.);
#19521 = EDGE_CURVE('',#19487,#19522,#19524,.T.);
#19522 = VERTEX_POINT('',#19523);
#19523 = CARTESIAN_POINT('',(34.,-24.5,-14.6));
#19524 = SURFACE_CURVE('',#19525,(#19529,#19536),.PCURVE_S1.);
#19525 = LINE('',#19526,#19527);
#19526 = CARTESIAN_POINT('',(34.,-28.5,-14.6));
#19527 = VECTOR('',#19528,1.);
#19528 = DIRECTION('',(0.,1.,0.));
#19529 = PCURVE('',#19497,#19530);
#19530 = DEFINITIONAL_REPRESENTATION('',(#19531),#19535);
#19531 = LINE('',#19532,#19533);
#19532 = CARTESIAN_POINT('',(0.,0.));
#19533 = VECTOR('',#19534,1.);
#19534 = DIRECTION('',(0.,-1.));
#19535 = ( GEOMETRIC_REPRESENTATION_CONTEXT(2) 
PARAMETRIC_REPRESENTATION_CONTEXT() REPRESENTATION_CONTEXT('2D SPACE',''
  ) );
#19536 = PCURVE('',#19537,#19542);
#19537 = PLANE('',#19538);
#19538 = AXIS2_PLACEMENT_3D('',#19539,#19540,#19541);
#19539 = CARTESIAN_POINT('',(34.,-28.5,-14.6));
#19540 = DIRECTION('',(0.,0.,1.));
#19541 = DIRECTION('',(1.,0.,-0.));
#19542 = DEFINITIONAL_REPRESENTATION('',(#19543),#19547);
#19543 = LINE('',#19544,#19545);
#19544 = CARTESIAN_POINT('',(0.,0.));
#19545 = VECTOR('',#19546,1.);
#19546 = DIRECTION('',(0.,1.));
#19547 = ( GEOMETRIC_REPRESENTATION_CONTEXT(2) 
PARAMETRIC_REPRESENTATION_CONTEXT() REPRESENTATION_CONTEXT('2D SPACE',''
  ) );
#19548 = ORIENTED_EDGE('',*,*,#19549,.T.);
#19549 = EDGE_CURVE('',#19522,#19550,#19552,.T.);
#19550 = VERTEX_POINT('',#19551);
#19551 = CARTESIAN_POINT('',(34.,-24.5,-13.4));
#19552 = SURFACE_CURVE('',#19553,(#19557,#19564),.PCURVE_S1.);
#19553 = LINE('',#19554,#19555);
#19554 = CARTESIAN_POINT('',(34.,-24.5,-14.6));
#19555 = VECTOR('',#19556,1.);
#19556 = DIRECTION('',(0.,0.,1.));
#19557 = PCURVE('',#19497,#19558);
#19558 = DEFINITIONAL_REPRESENTATION('',(#19559),#19563);
#19559 = LINE('',#19560,#19561);
#19560 = CARTESIAN_POINT('',(0.,-4.));
#19561 = VECTOR('',#19562,1.);
#19562 = DIRECTION('',(1.,0.));
#19563 = ( GEOMETRIC_REPRESENTATION_CONTEXT(2) 
PARAMETRIC_REPRESENTATION_CONTEXT() REPRESENTATION_CONTEXT('2D SPACE',''
  ) );
#19564 = PCURVE('',#19565,#19570);
#19565 = PLANE('',#19566);
#19566 = AXIS2_PLACEMENT_3D('',#19567,#19568,#19569);
#19567 = CARTESIAN_POINT('',(34.,-24.5,-14.6));
#19568 = DIRECTION('',(0.,1.,0.));
#19569 = DIRECTION('',(0.,-0.,1.));
#19570 = DEFINITIONAL_REPRESENTATION('',(#19571),#19575);
#19571 = LINE('',#19572,#19573);
#19572 = CARTESIAN_POINT('',(0.,0.));
#19573 = VECTOR('',#19574,1.);
#19574 = DIRECTION('',(1.,0.));
#19575 = ( GEOMETRIC_REPRESENTATION_CONTEXT(2) 
PARAMETRIC_REPRESENTATION_CONTEXT() REPRESENTATION_CONTEXT('2D SPACE',''
  ) );
#19576 = ORIENTED_EDGE('',*,*,#19577,.F.);
#19577 = EDGE_CURVE('',#19489,#19550,#19578,.T.);
#19578 = SURFACE_CURVE('',#19579,(#19583,#19590),.PCURVE_S1.);
#19579 = LINE('',#19580,#19581);
#19580 = CARTESIAN_POINT('',(34.,-28.5,-13.4));
#19581 = VECTOR('',#19582,1.);
#19582 = DIRECTION('',(0.,1.,0.));
#19583 = PCURVE('',#19497,#19584);
#19584 = DEFINITIONAL_REPRESENTATION('',(#19585),#19589);
#19585 = LINE('',#19586,#19587);
#19586 = CARTESIAN_POINT('',(1.2,0.));
#19587 = VECTOR('',#19588,1.);
#19588 = DIRECTION('',(0.,-1.));
#19589 = ( GEOMETRIC_REPRESENTATION_CONTEXT(2) 
PARAMETRIC_REPRESENTATION_CONTEXT() REPRESENTATION_CONTEXT('2D SPACE',''
  ) );
#19590 = PCURVE('',#19591,#19596);
#19591 = PLANE('',#19592);
#19592 = AXIS2_PLACEMENT_3D('',#19593,#19594,#19595);
#19593 = CARTESIAN_POINT('',(34.,-28.5,-13.4));
#19594 = DIRECTION('',(0.,0.,1.));
#19595 = DIRECTION('',(1.,0.,-0.));
#19596 = DEFINITIONAL_REPRESENTATION('',(#19597),#19601);
#19597 = LINE('',#19598,#19599);
#19598 = CARTESIAN_POINT('',(0.,0.));
#19599 = VECTOR('',#19600,1.);
#19600 = DIRECTION('',(0.,1.));
#19601 = ( GEOMETRIC_REPRESENTATION_CONTEXT(2) 
PARAMETRIC_REPRESENTATION_CONTEXT() REPRESENTATION_CONTEXT('2D SPACE',''
  ) );
#19602 = ADVANCED_FACE('',(#19603),#19509,.F.);
#19603 = FACE_BOUND('',#19604,.F.);
#19604 = EDGE_LOOP('',(#19605,#19628,#19629,#19652));
#19605 = ORIENTED_EDGE('',*,*,#19606,.F.);
#19606 = EDGE_CURVE('',#19487,#19607,#19609,.T.);
#19607 = VERTEX_POINT('',#19608);
#19608 = CARTESIAN_POINT('',(38.,-28.5,-14.6));
#19609 = SURFACE_CURVE('',#19610,(#19614,#19621),.PCURVE_S1.);
#19610 = LINE('',#19611,#19612);
#19611 = CARTESIAN_POINT('',(34.,-28.5,-14.6));
#19612 = VECTOR('',#19613,1.);
#19613 = DIRECTION('',(1.,0.,0.));
#19614 = PCURVE('',#19509,#19615);
#19615 = DEFINITIONAL_REPRESENTATION('',(#19616),#19620);
#19616 = LINE('',#19617,#19618);
#19617 = CARTESIAN_POINT('',(0.,0.));
#19618 = VECTOR('',#19619,1.);
#19619 = DIRECTION('',(0.,1.));
#19620 = ( GEOMETRIC_REPRESENTATION_CONTEXT(2) 
PARAMETRIC_REPRESENTATION_CONTEXT() REPRESENTATION_CONTEXT('2D SPACE',''
  ) );
#19621 = PCURVE('',#19537,#19622);
#19622 = DEFINITIONAL_REPRESENTATION('',(#19623),#19627);
#19623 = LINE('',#19624,#19625);
#19624 = CARTESIAN_POINT('',(0.,0.));
#19625 = VECTOR('',#19626,1.);
#19626 = DIRECTION('',(1.,0.));
#19627 = ( GEOMETRIC_REPRESENTATION_CONTEXT(2) 
PARAMETRIC_REPRESENTATION_CONTEXT() REPRESENTATION_CONTEXT('2D SPACE',''
  ) );
#19628 = ORIENTED_EDGE('',*,*,#19486,.T.);
#19629 = ORIENTED_EDGE('',*,*,#19630,.T.);
#19630 = EDGE_CURVE('',#19489,#19631,#19633,.T.);
#19631 = VERTEX_POINT('',#19632);
#19632 = CARTESIAN_POINT('',(38.,-28.5,-13.4));
#19633 = SURFACE_CURVE('',#19634,(#19638,#19645),.PCURVE_S1.);
#19634 = LINE('',#19635,#19636);
#19635 = CARTESIAN_POINT('',(34.,-28.5,-13.4));
#19636 = VECTOR('',#19637,1.);
#19637 = DIRECTION('',(1.,0.,0.));
#19638 = PCURVE('',#19509,#19639);
#19639 = DEFINITIONAL_REPRESENTATION('',(#19640),#19644);
#19640 = LINE('',#19641,#19642);
#19641 = CARTESIAN_POINT('',(1.2,0.));
#19642 = VECTOR('',#19643,1.);
#19643 = DIRECTION('',(0.,1.));
#19644 = ( GEOMETRIC_REPRESENTATION_CONTEXT(2) 
PARAMETRIC_REPRESENTATION_CONTEXT() REPRESENTATION_CONTEXT('2D SPACE',''
  ) );
#19645 = PCURVE('',#19591,#19646);
#19646 = DEFINITIONAL_REPRESENTATION('',(#19647),#19651);
#19647 = LINE('',#19648,#19649);
#19648 = CARTESIAN_POINT('',(0.,0.));
#19649 = VECTOR('',#19650,1.);
#19650 = DIRECTION('',(1.,0.));
#19651 = ( GEOMETRIC_REPRESENTATION_CONTEXT(2) 
PARAMETRIC_REPRESENTATION_CONTEXT() REPRESENTATION_CONTEXT('2D SPACE',''
  ) );
#19652 = ORIENTED_EDGE('',*,*,#19653,.F.);
#19653 = EDGE_CURVE('',#19607,#19631,#19654,.T.);
#19654 = SURFACE_CURVE('',#19655,(#19659,#19666),.PCURVE_S1.);
#19655 = LINE('',#19656,#19657);
#19656 = CARTESIAN_POINT('',(38.,-28.5,-14.6));
#19657 = VECTOR('',#19658,1.);
#19658 = DIRECTION('',(0.,0.,1.));
#19659 = PCURVE('',#19509,#19660);
#19660 = DEFINITIONAL_REPRESENTATION('',(#19661),#19665);
#19661 = LINE('',#19662,#19663);
#19662 = CARTESIAN_POINT('',(0.,4.));
#19663 = VECTOR('',#19664,1.);
#19664 = DIRECTION('',(1.,0.));
#19665 = ( GEOMETRIC_REPRESENTATION_CONTEXT(2) 
PARAMETRIC_REPRESENTATION_CONTEXT() REPRESENTATION_CONTEXT('2D SPACE',''
  ) );
#19666 = PCURVE('',#19667,#19672);
#19667 = PLANE('',#19668);
#19668 = AXIS2_PLACEMENT_3D('',#19669,#19670,#19671);
#19669 = CARTESIAN_POINT('',(38.,-28.5,-14.6));
#19670 = DIRECTION('',(1.,0.,0.));
#19671 = DIRECTION('',(0.,0.,1.));
#19672 = DEFINITIONAL_REPRESENTATION('',(#19673),#19677);
#19673 = LINE('',#19674,#19675);
#19674 = CARTESIAN_POINT('',(0.,0.));
#19675 = VECTOR('',#19676,1.);
#19676 = DIRECTION('',(1.,0.));
#19677 = ( GEOMETRIC_REPRESENTATION_CONTEXT(2) 
PARAMETRIC_REPRESENTATION_CONTEXT() REPRESENTATION_CONTEXT('2D SPACE',''
  ) );
#19678 = ADVANCED_FACE('',(#19679,#19727),#19591,.T.);
#19679 = FACE_BOUND('',#19680,.T.);
#19680 = EDGE_LOOP('',(#19681,#19682,#19683,#19706));
#19681 = ORIENTED_EDGE('',*,*,#19577,.F.);
#19682 = ORIENTED_EDGE('',*,*,#19630,.T.);
#19683 = ORIENTED_EDGE('',*,*,#19684,.T.);
#19684 = EDGE_CURVE('',#19631,#19685,#19687,.T.);
#19685 = VERTEX_POINT('',#19686);
#19686 = CARTESIAN_POINT('',(38.,-24.5,-13.4));
#19687 = SURFACE_CURVE('',#19688,(#19692,#19699),.PCURVE_S1.);
#19688 = LINE('',#19689,#19690);
#19689 = CARTESIAN_POINT('',(38.,-28.5,-13.4));
#19690 = VECTOR('',#19691,1.);
#19691 = DIRECTION('',(0.,1.,0.));
#19692 = PCURVE('',#19591,#19693);
#19693 = DEFINITIONAL_REPRESENTATION('',(#19694),#19698);
#19694 = LINE('',#19695,#19696);
#19695 = CARTESIAN_POINT('',(4.,0.));
#19696 = VECTOR('',#19697,1.);
#19697 = DIRECTION('',(0.,1.));
#19698 = ( GEOMETRIC_REPRESENTATION_CONTEXT(2) 
PARAMETRIC_REPRESENTATION_CONTEXT() REPRESENTATION_CONTEXT('2D SPACE',''
  ) );
#19699 = PCURVE('',#19667,#19700);
#19700 = DEFINITIONAL_REPRESENTATION('',(#19701),#19705);
#19701 = LINE('',#19702,#19703);
#19702 = CARTESIAN_POINT('',(1.2,0.));
#19703 = VECTOR('',#19704,1.);
#19704 = DIRECTION('',(0.,-1.));
#19705 = ( GEOMETRIC_REPRESENTATION_CONTEXT(2) 
PARAMETRIC_REPRESENTATION_CONTEXT() REPRESENTATION_CONTEXT('2D SPACE',''
  ) );
#19706 = ORIENTED_EDGE('',*,*,#19707,.F.);
#19707 = EDGE_CURVE('',#19550,#19685,#19708,.T.);
#19708 = SURFACE_CURVE('',#19709,(#19713,#19720),.PCURVE_S1.);
#19709 = LINE('',#19710,#19711);
#19710 = CARTESIAN_POINT('',(34.,-24.5,-13.4));
#19711 = VECTOR('',#19712,1.);
#19712 = DIRECTION('',(1.,0.,0.));
#19713 = PCURVE('',#19591,#19714);
#19714 = DEFINITIONAL_REPRESENTATION('',(#19715),#19719);
#19715 = LINE('',#19716,#19717);
#19716 = CARTESIAN_POINT('',(0.,4.));
#19717 = VECTOR('',#19718,1.);
#19718 = DIRECTION('',(1.,0.));
#19719 = ( GEOMETRIC_REPRESENTATION_CONTEXT(2) 
PARAMETRIC_REPRESENTATION_CONTEXT() REPRESENTATION_CONTEXT('2D SPACE',''
  ) );
#19720 = PCURVE('',#19565,#19721);
#19721 = DEFINITIONAL_REPRESENTATION('',(#19722),#19726);
#19722 = LINE('',#19723,#19724);
#19723 = CARTESIAN_POINT('',(1.2,0.));
#19724 = VECTOR('',#19725,1.);
#19725 = DIRECTION('',(0.,1.));
#19726 = ( GEOMETRIC_REPRESENTATION_CONTEXT(2) 
PARAMETRIC_REPRESENTATION_CONTEXT() REPRESENTATION_CONTEXT('2D SPACE',''
  ) );
#19727 = FACE_BOUND('',#19728,.T.);
#19728 = EDGE_LOOP('',(#19729));
#19729 = ORIENTED_EDGE('',*,*,#19730,.F.);
#19730 = EDGE_CURVE('',#19731,#19731,#19733,.T.);
#19731 = VERTEX_POINT('',#19732);
#19732 = CARTESIAN_POINT('',(37.,-26.5,-13.4));
#19733 = SURFACE_CURVE('',#19734,(#19739,#19746),.PCURVE_S1.);
#19734 = CIRCLE('',#19735,1.);
#19735 = AXIS2_PLACEMENT_3D('',#19736,#19737,#19738);
#19736 = CARTESIAN_POINT('',(36.,-26.5,-13.4));
#19737 = DIRECTION('',(0.,0.,1.));
#19738 = DIRECTION('',(1.,0.,-0.));
#19739 = PCURVE('',#19591,#19740);
#19740 = DEFINITIONAL_REPRESENTATION('',(#19741),#19745);
#19741 = CIRCLE('',#19742,1.);
#19742 = AXIS2_PLACEMENT_2D('',#19743,#19744);
#19743 = CARTESIAN_POINT('',(2.,2.));
#19744 = DIRECTION('',(1.,0.));
#19745 = ( GEOMETRIC_REPRESENTATION_CONTEXT(2) 
PARAMETRIC_REPRESENTATION_CONTEXT() REPRESENTATION_CONTEXT('2D SPACE',''
  ) );
#19746 = PCURVE('',#19747,#19752);
#19747 = CYLINDRICAL_SURFACE('',#19748,1.);
#19748 = AXIS2_PLACEMENT_3D('',#19749,#19750,#19751);
#19749 = CARTESIAN_POINT('',(36.,-26.5,-14.7));
#19750 = DIRECTION('',(0.,0.,1.));
#19751 = DIRECTION('',(1.,0.,-0.));
#19752 = DEFINITIONAL_REPRESENTATION('',(#19753),#19757);
#19753 = LINE('',#19754,#19755);
#19754 = CARTESIAN_POINT('',(0.,1.3));
#19755 = VECTOR('',#19756,1.);
#19756 = DIRECTION('',(1.,0.));
#19757 = ( GEOMETRIC_REPRESENTATION_CONTEXT(2) 
PARAMETRIC_REPRESENTATION_CONTEXT() REPRESENTATION_CONTEXT('2D SPACE',''
  ) );
#19758 = ADVANCED_FACE('',(#19759),#19565,.T.);
#19759 = FACE_BOUND('',#19760,.T.);
#19760 = EDGE_LOOP('',(#19761,#19784,#19785,#19786));
#19761 = ORIENTED_EDGE('',*,*,#19762,.F.);
#19762 = EDGE_CURVE('',#19522,#19763,#19765,.T.);
#19763 = VERTEX_POINT('',#19764);
#19764 = CARTESIAN_POINT('',(38.,-24.5,-14.6));
#19765 = SURFACE_CURVE('',#19766,(#19770,#19777),.PCURVE_S1.);
#19766 = LINE('',#19767,#19768);
#19767 = CARTESIAN_POINT('',(34.,-24.5,-14.6));
#19768 = VECTOR('',#19769,1.);
#19769 = DIRECTION('',(1.,0.,0.));
#19770 = PCURVE('',#19565,#19771);
#19771 = DEFINITIONAL_REPRESENTATION('',(#19772),#19776);
#19772 = LINE('',#19773,#19774);
#19773 = CARTESIAN_POINT('',(0.,0.));
#19774 = VECTOR('',#19775,1.);
#19775 = DIRECTION('',(0.,1.));
#19776 = ( GEOMETRIC_REPRESENTATION_CONTEXT(2) 
PARAMETRIC_REPRESENTATION_CONTEXT() REPRESENTATION_CONTEXT('2D SPACE',''
  ) );
#19777 = PCURVE('',#19537,#19778);
#19778 = DEFINITIONAL_REPRESENTATION('',(#19779),#19783);
#19779 = LINE('',#19780,#19781);
#19780 = CARTESIAN_POINT('',(0.,4.));
#19781 = VECTOR('',#19782,1.);
#19782 = DIRECTION('',(1.,0.));
#19783 = ( GEOMETRIC_REPRESENTATION_CONTEXT(2) 
PARAMETRIC_REPRESENTATION_CONTEXT() REPRESENTATION_CONTEXT('2D SPACE',''
  ) );
#19784 = ORIENTED_EDGE('',*,*,#19549,.T.);
#19785 = ORIENTED_EDGE('',*,*,#19707,.T.);
#19786 = ORIENTED_EDGE('',*,*,#19787,.F.);
#19787 = EDGE_CURVE('',#19763,#19685,#19788,.T.);
#19788 = SURFACE_CURVE('',#19789,(#19793,#19800),.PCURVE_S1.);
#19789 = LINE('',#19790,#19791);
#19790 = CARTESIAN_POINT('',(38.,-24.5,-14.6));
#19791 = VECTOR('',#19792,1.);
#19792 = DIRECTION('',(0.,0.,1.));
#19793 = PCURVE('',#19565,#19794);
#19794 = DEFINITIONAL_REPRESENTATION('',(#19795),#19799);
#19795 = LINE('',#19796,#19797);
#19796 = CARTESIAN_POINT('',(0.,4.));
#19797 = VECTOR('',#19798,1.);
#19798 = DIRECTION('',(1.,0.));
#19799 = ( GEOMETRIC_REPRESENTATION_CONTEXT(2) 
PARAMETRIC_REPRESENTATION_CONTEXT() REPRESENTATION_CONTEXT('2D SPACE',''
  ) );
#19800 = PCURVE('',#19667,#19801);
#19801 = DEFINITIONAL_REPRESENTATION('',(#19802),#19806);
#19802 = LINE('',#19803,#19804);
#19803 = CARTESIAN_POINT('',(0.,-4.));
#19804 = VECTOR('',#19805,1.);
#19805 = DIRECTION('',(1.,0.));
#19806 = ( GEOMETRIC_REPRESENTATION_CONTEXT(2) 
PARAMETRIC_REPRESENTATION_CONTEXT() REPRESENTATION_CONTEXT('2D SPACE',''
  ) );
#19807 = ADVANCED_FACE('',(#19808,#19834),#19537,.F.);
#19808 = FACE_BOUND('',#19809,.F.);
#19809 = EDGE_LOOP('',(#19810,#19811,#19812,#19833));
#19810 = ORIENTED_EDGE('',*,*,#19521,.F.);
#19811 = ORIENTED_EDGE('',*,*,#19606,.T.);
#19812 = ORIENTED_EDGE('',*,*,#19813,.T.);
#19813 = EDGE_CURVE('',#19607,#19763,#19814,.T.);
#19814 = SURFACE_CURVE('',#19815,(#19819,#19826),.PCURVE_S1.);
#19815 = LINE('',#19816,#19817);
#19816 = CARTESIAN_POINT('',(38.,-28.5,-14.6));
#19817 = VECTOR('',#19818,1.);
#19818 = DIRECTION('',(0.,1.,0.));
#19819 = PCURVE('',#19537,#19820);
#19820 = DEFINITIONAL_REPRESENTATION('',(#19821),#19825);
#19821 = LINE('',#19822,#19823);
#19822 = CARTESIAN_POINT('',(4.,0.));
#19823 = VECTOR('',#19824,1.);
#19824 = DIRECTION('',(0.,1.));
#19825 = ( GEOMETRIC_REPRESENTATION_CONTEXT(2) 
PARAMETRIC_REPRESENTATION_CONTEXT() REPRESENTATION_CONTEXT('2D SPACE',''
  ) );
#19826 = PCURVE('',#19667,#19827);
#19827 = DEFINITIONAL_REPRESENTATION('',(#19828),#19832);
#19828 = LINE('',#19829,#19830);
#19829 = CARTESIAN_POINT('',(0.,0.));
#19830 = VECTOR('',#19831,1.);
#19831 = DIRECTION('',(0.,-1.));
#19832 = ( GEOMETRIC_REPRESENTATION_CONTEXT(2) 
PARAMETRIC_REPRESENTATION_CONTEXT() REPRESENTATION_CONTEXT('2D SPACE',''
  ) );
#19833 = ORIENTED_EDGE('',*,*,#19762,.F.);
#19834 = FACE_BOUND('',#19835,.F.);
#19835 = EDGE_LOOP('',(#19836));
#19836 = ORIENTED_EDGE('',*,*,#19837,.F.);
#19837 = EDGE_CURVE('',#19838,#19838,#19840,.T.);
#19838 = VERTEX_POINT('',#19839);
#19839 = CARTESIAN_POINT('',(37.,-26.5,-14.6));
#19840 = SURFACE_CURVE('',#19841,(#19846,#19853),.PCURVE_S1.);
#19841 = CIRCLE('',#19842,1.);
#19842 = AXIS2_PLACEMENT_3D('',#19843,#19844,#19845);
#19843 = CARTESIAN_POINT('',(36.,-26.5,-14.6));
#19844 = DIRECTION('',(0.,0.,1.));
#19845 = DIRECTION('',(1.,0.,-0.));
#19846 = PCURVE('',#19537,#19847);
#19847 = DEFINITIONAL_REPRESENTATION('',(#19848),#19852);
#19848 = CIRCLE('',#19849,1.);
#19849 = AXIS2_PLACEMENT_2D('',#19850,#19851);
#19850 = CARTESIAN_POINT('',(2.,2.));
#19851 = DIRECTION('',(1.,0.));
#19852 = ( GEOMETRIC_REPRESENTATION_CONTEXT(2) 
PARAMETRIC_REPRESENTATION_CONTEXT() REPRESENTATION_CONTEXT('2D SPACE',''
  ) );
#19853 = PCURVE('',#19747,#19854);
#19854 = DEFINITIONAL_REPRESENTATION('',(#19855),#19859);
#19855 = LINE('',#19856,#19857);
#19856 = CARTESIAN_POINT('',(0.,0.1));
#19857 = VECTOR('',#19858,1.);
#19858 = DIRECTION('',(1.,0.));
#19859 = ( GEOMETRIC_REPRESENTATION_CONTEXT(2) 
PARAMETRIC_REPRESENTATION_CONTEXT() REPRESENTATION_CONTEXT('2D SPACE',''
  ) );
#19860 = ADVANCED_FACE('',(#19861),#19667,.T.);
#19861 = FACE_BOUND('',#19862,.T.);
#19862 = EDGE_LOOP('',(#19863,#19864,#19865,#19866));
#19863 = ORIENTED_EDGE('',*,*,#19653,.F.);
#19864 = ORIENTED_EDGE('',*,*,#19813,.T.);
#19865 = ORIENTED_EDGE('',*,*,#19787,.T.);
#19866 = ORIENTED_EDGE('',*,*,#19684,.F.);
#19867 = ADVANCED_FACE('',(#19868),#19747,.F.);
#19868 = FACE_BOUND('',#19869,.F.);
#19869 = EDGE_LOOP('',(#19870,#19871,#19892,#19893));
#19870 = ORIENTED_EDGE('',*,*,#19730,.F.);
#19871 = ORIENTED_EDGE('',*,*,#19872,.F.);
#19872 = EDGE_CURVE('',#19838,#19731,#19873,.T.);
#19873 = SEAM_CURVE('',#19874,(#19878,#19885),.PCURVE_S1.);
#19874 = LINE('',#19875,#19876);
#19875 = CARTESIAN_POINT('',(37.,-26.5,-14.7));
#19876 = VECTOR('',#19877,1.);
#19877 = DIRECTION('',(0.,0.,1.));
#19878 = PCURVE('',#19747,#19879);
#19879 = DEFINITIONAL_REPRESENTATION('',(#19880),#19884);
#19880 = LINE('',#19881,#19882);
#19881 = CARTESIAN_POINT('',(0.,-0.));
#19882 = VECTOR('',#19883,1.);
#19883 = DIRECTION('',(0.,1.));
#19884 = ( GEOMETRIC_REPRESENTATION_CONTEXT(2) 
PARAMETRIC_REPRESENTATION_CONTEXT() REPRESENTATION_CONTEXT('2D SPACE',''
  ) );
#19885 = PCURVE('',#19747,#19886);
#19886 = DEFINITIONAL_REPRESENTATION('',(#19887),#19891);
#19887 = LINE('',#19888,#19889);
#19888 = CARTESIAN_POINT('',(6.28318530718,-0.));
#19889 = VECTOR('',#19890,1.);
#19890 = DIRECTION('',(0.,1.));
#19891 = ( GEOMETRIC_REPRESENTATION_CONTEXT(2) 
PARAMETRIC_REPRESENTATION_CONTEXT() REPRESENTATION_CONTEXT('2D SPACE',''
  ) );
#19892 = ORIENTED_EDGE('',*,*,#19837,.T.);
#19893 = ORIENTED_EDGE('',*,*,#19872,.T.);
#19894 = ( GEOMETRIC_REPRESENTATION_CONTEXT(3) 
GLOBAL_UNCERTAINTY_ASSIGNED_CONTEXT((#19898)) 
GLOBAL_UNIT_ASSIGNED_CONTEXT((#19895,#19896,#19897)) 
REPRESENTATION_CONTEXT('Context #1',
  '3D Context with UNIT and UNCERTAINTY') );
#19895 = ( LENGTH_UNIT() NAMED_UNIT(*) SI_UNIT(.MILLI.,.METRE.) );
#19896 = ( NAMED_UNIT(*) PLANE_ANGLE_UNIT() SI_UNIT($,.RADIAN.) );
#19897 = ( NAMED_UNIT(*) SI_UNIT($,.STERADIAN.) SOLID_ANGLE_UNIT() );
#19898 = UNCERTAINTY_MEASURE_WITH_UNIT(LENGTH_MEASURE(1.E-07),#19895,
  'distance_accuracy_value','confusion accuracy');
#19899 = CONTEXT_DEPENDENT_SHAPE_REPRESENTATION(#19900,#19902);
#19900 = ( REPRESENTATION_RELATIONSHIP('','',#19479,#10) 
REPRESENTATION_RELATIONSHIP_WITH_TRANSFORMATION(#19901) 
SHAPE_REPRESENTATION_RELATIONSHIP() );
#19901 = ITEM_DEFINED_TRANSFORMATION('','',#11,#63);
#19902 = PRODUCT_DEFINITION_SHAPE('Placement','Placement of an item',
  #19903);
#19903 = NEXT_ASSEMBLY_USAGE_OCCURRENCE('28','boot_36_-26.5_nut','',#5,
  #19474,$);
#19904 = PRODUCT_RELATED_PRODUCT_CATEGORY('part',$,(#19476));
#19905 = SHAPE_DEFINITION_REPRESENTATION(#19906,#19912);
#19906 = PRODUCT_DEFINITION_SHAPE('','',#19907);
#19907 = PRODUCT_DEFINITION('design','',#19908,#19911);
#19908 = PRODUCT_DEFINITION_FORMATION('','',#19909);
#19909 = PRODUCT('boot_36_14.5_screw','boot_36_14.5_screw','',(#19910));
#19910 = PRODUCT_CONTEXT('',#2,'mechanical');
#19911 = PRODUCT_DEFINITION_CONTEXT('part definition',#2,'design');
#19912 = ADVANCED_BREP_SHAPE_REPRESENTATION('',(#11,#19913),#20101);
#19913 = MANIFOLD_SOLID_BREP('',#19914);
#19914 = CLOSED_SHELL('',(#19915,#20003,#20038,#20042,#20097));
#19915 = ADVANCED_FACE('',(#19916),#19929,.T.);
#19916 = FACE_BOUND('',#19917,.T.);
#19917 = EDGE_LOOP('',(#19918,#19952,#19975,#20002));
#19918 = ORIENTED_EDGE('',*,*,#19919,.F.);
#19919 = EDGE_CURVE('',#19920,#19920,#19922,.T.);
#19920 = VERTEX_POINT('',#19921);
#19921 = CARTESIAN_POINT('',(37.9,14.5,-19.));
#19922 = SURFACE_CURVE('',#19923,(#19928,#19940),.PCURVE_S1.);
#19923 = CIRCLE('',#19924,1.9);
#19924 = AXIS2_PLACEMENT_3D('',#19925,#19926,#19927);
#19925 = CARTESIAN_POINT('',(36.,14.5,-19.));
#19926 = DIRECTION('',(0.,0.,1.));
#19927 = DIRECTION('',(1.,0.,-0.));
#19928 = PCURVE('',#19929,#19934);
#19929 = CYLINDRICAL_SURFACE('',#19930,1.9);
#19930 = AXIS2_PLACEMENT_3D('',#19931,#19932,#19933);
#19931 = CARTESIAN_POINT('',(36.,14.5,-20.3));
#19932 = DIRECTION('',(0.,0.,1.));
#19933 = DIRECTION('',(1.,0.,-0.));
#19934 = DEFINITIONAL_REPRESENTATION('',(#19935),#19939);
#19935 = LINE('',#19936,#19937);
#19936 = CARTESIAN_POINT('',(0.,1.3));
#19937 = VECTOR('',#19938,1.);
#19938 = DIRECTION('',(1.,0.));
#19939 = ( GEOMETRIC_REPRESENTATION_CONTEXT(2) 
PARAMETRIC_REPRESENTATION_CONTEXT() REPRESENTATION_CONTEXT('2D SPACE',''
  ) );
#19940 = PCURVE('',#19941,#19946);
#19941 = PLANE('',#19942);
#19942 = AXIS2_PLACEMENT_3D('',#19943,#19944,#19945);
#19943 = CARTESIAN_POINT('',(36.,14.5,-19.));
#19944 = DIRECTION('',(0.,0.,1.));
#19945 = DIRECTION('',(1.,0.,-0.));
#19946 = DEFINITIONAL_REPRESENTATION('',(#19947),#19951);
#19947 = CIRCLE('',#19948,1.9);
#19948 = AXIS2_PLACEMENT_2D('',#19949,#19950);
#19949 = CARTESIAN_POINT('',(0.,0.));
#19950 = DIRECTION('',(1.,0.));
#19951 = ( GEOMETRIC_REPRESENTATION_CONTEXT(2) 
PARAMETRIC_REPRESENTATION_CONTEXT() REPRESENTATION_CONTEXT('2D SPACE',''
  ) );
#19952 = ORIENTED_EDGE('',*,*,#19953,.F.);
#19953 = EDGE_CURVE('',#19954,#19920,#19956,.T.);
#19954 = VERTEX_POINT('',#19955);
#19955 = CARTESIAN_POINT('',(37.9,14.5,-20.3));
#19956 = SEAM_CURVE('',#19957,(#19961,#19968),.PCURVE_S1.);
#19957 = LINE('',#19958,#19959);
#19958 = CARTESIAN_POINT('',(37.9,14.5,-20.3));
#19959 = VECTOR('',#19960,1.);
#19960 = DIRECTION('',(0.,0.,1.));
#19961 = PCURVE('',#19929,#19962);
#19962 = DEFINITIONAL_REPRESENTATION('',(#19963),#19967);
#19963 = LINE('',#19964,#19965);
#19964 = CARTESIAN_POINT('',(0.,-0.));
#19965 = VECTOR('',#19966,1.);
#19966 = DIRECTION('',(0.,1.));
#19967 = ( GEOMETRIC_REPRESENTATION_CONTEXT(2) 
PARAMETRIC_REPRESENTATION_CONTEXT() REPRESENTATION_CONTEXT('2D SPACE',''
  ) );
#19968 = PCURVE('',#19929,#19969);
#19969 = DEFINITIONAL_REPRESENTATION('',(#19970),#19974);
#19970 = LINE('',#19971,#19972);
#19971 = CARTESIAN_POINT('',(6.28318530718,-0.));
#19972 = VECTOR('',#19973,1.);
#19973 = DIRECTION('',(0.,1.));
#19974 = ( GEOMETRIC_REPRESENTATION_CONTEXT(2) 
PARAMETRIC_REPRESENTATION_CONTEXT() REPRESENTATION_CONTEXT('2D SPACE',''
  ) );
#19975 = ORIENTED_EDGE('',*,*,#19976,.T.);
#19976 = EDGE_CURVE('',#19954,#19954,#19977,.T.);
#19977 = SURFACE_CURVE('',#19978,(#19983,#19990),.PCURVE_S1.);
#19978 = CIRCLE('',#19979,1.9);
#19979 = AXIS2_PLACEMENT_3D('',#19980,#19981,#19982);
#19980 = CARTESIAN_POINT('',(36.,14.5,-20.3));
#19981 = DIRECTION('',(0.,0.,1.));
#19982 = DIRECTION('',(1.,0.,-0.));
#19983 = PCURVE('',#19929,#19984);
#19984 = DEFINITIONAL_REPRESENTATION('',(#19985),#19989);
#19985 = LINE('',#19986,#19987);
#19986 = CARTESIAN_POINT('',(0.,0.));
#19987 = VECTOR('',#19988,1.);
#19988 = DIRECTION('',(1.,0.));
#19989 = ( GEOMETRIC_REPRESENTATION_CONTEXT(2) 
PARAMETRIC_REPRESENTATION_CONTEXT() REPRESENTATION_CONTEXT('2D SPACE',''
  ) );
#19990 = PCURVE('',#19991,#19996);
#19991 = PLANE('',#19992);
#19992 = AXIS2_PLACEMENT_3D('',#19993,#19994,#19995);
#19993 = CARTESIAN_POINT('',(36.,14.5,-20.3));
#19994 = DIRECTION('',(0.,0.,1.));
#19995 = DIRECTION('',(1.,0.,-0.));
#19996 = DEFINITIONAL_REPRESENTATION('',(#19997),#20001);
#19997 = CIRCLE('',#19998,1.9);
#19998 = AXIS2_PLACEMENT_2D('',#19999,#20000);
#19999 = CARTESIAN_POINT('',(0.,0.));
#20000 = DIRECTION('',(1.,0.));
#20001 = ( GEOMETRIC_REPRESENTATION_CONTEXT(2) 
PARAMETRIC_REPRESENTATION_CONTEXT() REPRESENTATION_CONTEXT('2D SPACE',''
  ) );
#20002 = ORIENTED_EDGE('',*,*,#19953,.T.);
#20003 = ADVANCED_FACE('',(#20004,#20007),#19941,.T.);
#20004 = FACE_BOUND('',#20005,.T.);
#20005 = EDGE_LOOP('',(#20006));
#20006 = ORIENTED_EDGE('',*,*,#19919,.T.);
#20007 = FACE_BOUND('',#20008,.T.);
#20008 = EDGE_LOOP('',(#20009));
#20009 = ORIENTED_EDGE('',*,*,#20010,.F.);
#20010 = EDGE_CURVE('',#20011,#20011,#20013,.T.);
#20011 = VERTEX_POINT('',#20012);
#20012 = CARTESIAN_POINT('',(37.,14.5,-19.));
#20013 = SURFACE_CURVE('',#20014,(#20019,#20026),.PCURVE_S1.);
#20014 = CIRCLE('',#20015,1.);
#20015 = AXIS2_PLACEMENT_3D('',#20016,#20017,#20018);
#20016 = CARTESIAN_POINT('',(36.,14.5,-19.));
#20017 = DIRECTION('',(0.,0.,1.));
#20018 = DIRECTION('',(1.,0.,-0.));
#20019 = PCURVE('',#19941,#20020);
#20020 = DEFINITIONAL_REPRESENTATION('',(#20021),#20025);
#20021 = CIRCLE('',#20022,1.);
#20022 = AXIS2_PLACEMENT_2D('',#20023,#20024);
#20023 = CARTESIAN_POINT('',(0.,0.));
#20024 = DIRECTION('',(1.,0.));
#20025 = ( GEOMETRIC_REPRESENTATION_CONTEXT(2) 
PARAMETRIC_REPRESENTATION_CONTEXT() REPRESENTATION_CONTEXT('2D SPACE',''
  ) );
#20026 = PCURVE('',#20027,#20032);
#20027 = CYLINDRICAL_SURFACE('',#20028,1.);
#20028 = AXIS2_PLACEMENT_3D('',#20029,#20030,#20031);
#20029 = CARTESIAN_POINT('',(36.,14.5,-19.));
#20030 = DIRECTION('',(0.,0.,1.));
#20031 = DIRECTION('',(1.,0.,-0.));
#20032 = DEFINITIONAL_REPRESENTATION('',(#20033),#20037);
#20033 = LINE('',#20034,#20035);
#20034 = CARTESIAN_POINT('',(0.,0.));
#20035 = VECTOR('',#20036,1.);
#20036 = DIRECTION('',(1.,0.));
#20037 = ( GEOMETRIC_REPRESENTATION_CONTEXT(2) 
PARAMETRIC_REPRESENTATION_CONTEXT() REPRESENTATION_CONTEXT('2D SPACE',''
  ) );
#20038 = ADVANCED_FACE('',(#20039),#19991,.F.);
#20039 = FACE_BOUND('',#20040,.T.);
#20040 = EDGE_LOOP('',(#20041));
#20041 = ORIENTED_EDGE('',*,*,#19976,.F.);
#20042 = ADVANCED_FACE('',(#20043),#20027,.T.);
#20043 = FACE_BOUND('',#20044,.T.);
#20044 = EDGE_LOOP('',(#20045,#20074,#20095,#20096));
#20045 = ORIENTED_EDGE('',*,*,#20046,.F.);
#20046 = EDGE_CURVE('',#20047,#20047,#20049,.T.);
#20047 = VERTEX_POINT('',#20048);
#20048 = CARTESIAN_POINT('',(37.,14.5,-13.));
#20049 = SURFACE_CURVE('',#20050,(#20055,#20062),.PCURVE_S1.);
#20050 = CIRCLE('',#20051,1.);
#20051 = AXIS2_PLACEMENT_3D('',#20052,#20053,#20054);
#20052 = CARTESIAN_POINT('',(36.,14.5,-13.));
#20053 = DIRECTION('',(0.,0.,1.));
#20054 = DIRECTION('',(1.,0.,-0.));
#20055 = PCURVE('',#20027,#20056);
#20056 = DEFINITIONAL_REPRESENTATION('',(#20057),#20061);
#20057 = LINE('',#20058,#20059);
#20058 = CARTESIAN_POINT('',(0.,6.));
#20059 = VECTOR('',#20060,1.);
#20060 = DIRECTION('',(1.,0.));
#20061 = ( GEOMETRIC_REPRESENTATION_CONTEXT(2) 
PARAMETRIC_REPRESENTATION_CONTEXT() REPRESENTATION_CONTEXT('2D SPACE',''
  ) );
#20062 = PCURVE('',#20063,#20068);
#20063 = PLANE('',#20064);
#20064 = AXIS2_PLACEMENT_3D('',#20065,#20066,#20067);
#20065 = CARTESIAN_POINT('',(36.,14.5,-13.));
#20066 = DIRECTION('',(0.,0.,1.));
#20067 = DIRECTION('',(1.,0.,-0.));
#20068 = DEFINITIONAL_REPRESENTATION('',(#20069),#20073);
#20069 = CIRCLE('',#20070,1.);
#20070 = AXIS2_PLACEMENT_2D('',#20071,#20072);
#20071 = CARTESIAN_POINT('',(0.,0.));
#20072 = DIRECTION('',(1.,0.));
#20073 = ( GEOMETRIC_REPRESENTATION_CONTEXT(2) 
PARAMETRIC_REPRESENTATION_CONTEXT() REPRESENTATION_CONTEXT('2D SPACE',''
  ) );
#20074 = ORIENTED_EDGE('',*,*,#20075,.F.);
#20075 = EDGE_CURVE('',#20011,#20047,#20076,.T.);
#20076 = SEAM_CURVE('',#20077,(#20081,#20088),.PCURVE_S1.);
#20077 = LINE('',#20078,#20079);
#20078 = CARTESIAN_POINT('',(37.,14.5,-19.));
#20079 = VECTOR('',#20080,1.);
#20080 = DIRECTION('',(0.,0.,1.));
#20081 = PCURVE('',#20027,#20082);
#20082 = DEFINITIONAL_REPRESENTATION('',(#20083),#20087);
#20083 = LINE('',#20084,#20085);
#20084 = CARTESIAN_POINT('',(0.,-0.));
#20085 = VECTOR('',#20086,1.);
#20086 = DIRECTION('',(0.,1.));
#20087 = ( GEOMETRIC_REPRESENTATION_CONTEXT(2) 
PARAMETRIC_REPRESENTATION_CONTEXT() REPRESENTATION_CONTEXT('2D SPACE',''
  ) );
#20088 = PCURVE('',#20027,#20089);
#20089 = DEFINITIONAL_REPRESENTATION('',(#20090),#20094);
#20090 = LINE('',#20091,#20092);
#20091 = CARTESIAN_POINT('',(6.28318530718,-0.));
#20092 = VECTOR('',#20093,1.);
#20093 = DIRECTION('',(0.,1.));
#20094 = ( GEOMETRIC_REPRESENTATION_CONTEXT(2) 
PARAMETRIC_REPRESENTATION_CONTEXT() REPRESENTATION_CONTEXT('2D SPACE',''
  ) );
#20095 = ORIENTED_EDGE('',*,*,#20010,.T.);
#20096 = ORIENTED_EDGE('',*,*,#20075,.T.);
#20097 = ADVANCED_FACE('',(#20098),#20063,.T.);
#20098 = FACE_BOUND('',#20099,.T.);
#20099 = EDGE_LOOP('',(#20100));
#20100 = ORIENTED_EDGE('',*,*,#20046,.T.);
#20101 = ( GEOMETRIC_REPRESENTATION_CONTEXT(3) 
GLOBAL_UNCERTAINTY_ASSIGNED_CONTEXT((#20105)) 
GLOBAL_UNIT_ASSIGNED_CONTEXT((#20102,#20103,#20104)) 
REPRESENTATION_CONTEXT('Context #1',
  '3D Context with UNIT and UNCERTAINTY') );
#20102 = ( LENGTH_UNIT() NAMED_UNIT(*) SI_UNIT(.MILLI.,.METRE.) );
#20103 = ( NAMED_UNIT(*) PLANE_ANGLE_UNIT() SI_UNIT($,.RADIAN.) );
#20104 = ( NAMED_UNIT(*) SI_UNIT($,.STERADIAN.) SOLID_ANGLE_UNIT() );
#20105 = UNCERTAINTY_MEASURE_WITH_UNIT(LENGTH_MEASURE(1.E-07),#20102,
  'distance_accuracy_value','confusion accuracy');
#20106 = CONTEXT_DEPENDENT_SHAPE_REPRESENTATION(#20107,#20109);
#20107 = ( REPRESENTATION_RELATIONSHIP('','',#19912,#10) 
REPRESENTATION_RELATIONSHIP_WITH_TRANSFORMATION(#20108) 
SHAPE_REPRESENTATION_RELATIONSHIP() );
#20108 = ITEM_DEFINED_TRANSFORMATION('','',#11,#67);
#20109 = PRODUCT_DEFINITION_SHAPE('Placement','Placement of an item',
  #20110);
#20110 = NEXT_ASSEMBLY_USAGE_OCCURRENCE('29','boot_36_14.5_screw','',#5,
  #19907,$);
#20111 = PRODUCT_RELATED_PRODUCT_CATEGORY('part',$,(#19909));
#20112 = SHAPE_DEFINITION_REPRESENTATION(#20113,#20119);
#20113 = PRODUCT_DEFINITION_SHAPE('','',#20114);
#20114 = PRODUCT_DEFINITION('design','',#20115,#20118);
#20115 = PRODUCT_DEFINITION_FORMATION('','',#20116);
#20116 = PRODUCT('boot_36_14.5_nut','boot_36_14.5_nut','',(#20117));
#20117 = PRODUCT_CONTEXT('',#2,'mechanical');
#20118 = PRODUCT_DEFINITION_CONTEXT('part definition',#2,'design');
#20119 = ADVANCED_BREP_SHAPE_REPRESENTATION('',(#11,#20120),#20534);
#20120 = MANIFOLD_SOLID_BREP('',#20121);
#20121 = CLOSED_SHELL('',(#20122,#20242,#20318,#20398,#20447,#20500,
    #20507));
#20122 = ADVANCED_FACE('',(#20123),#20137,.F.);
#20123 = FACE_BOUND('',#20124,.F.);
#20124 = EDGE_LOOP('',(#20125,#20160,#20188,#20216));
#20125 = ORIENTED_EDGE('',*,*,#20126,.F.);
#20126 = EDGE_CURVE('',#20127,#20129,#20131,.T.);
#20127 = VERTEX_POINT('',#20128);
#20128 = CARTESIAN_POINT('',(34.,12.5,-14.6));
#20129 = VERTEX_POINT('',#20130);
#20130 = CARTESIAN_POINT('',(34.,12.5,-13.4));
#20131 = SURFACE_CURVE('',#20132,(#20136,#20148),.PCURVE_S1.);
#20132 = LINE('',#20133,#20134);
#20133 = CARTESIAN_POINT('',(34.,12.5,-14.6));
#20134 = VECTOR('',#20135,1.);
#20135 = DIRECTION('',(0.,0.,1.));
#20136 = PCURVE('',#20137,#20142);
#20137 = PLANE('',#20138);
#20138 = AXIS2_PLACEMENT_3D('',#20139,#20140,#20141);
#20139 = CARTESIAN_POINT('',(34.,12.5,-14.6));
#20140 = DIRECTION('',(1.,0.,0.));
#20141 = DIRECTION('',(0.,0.,1.));
#20142 = DEFINITIONAL_REPRESENTATION('',(#20143),#20147);
#20143 = LINE('',#20144,#20145);
#20144 = CARTESIAN_POINT('',(0.,0.));
#20145 = VECTOR('',#20146,1.);
#20146 = DIRECTION('',(1.,0.));
#20147 = ( GEOMETRIC_REPRESENTATION_CONTEXT(2) 
PARAMETRIC_REPRESENTATION_CONTEXT() REPRESENTATION_CONTEXT('2D SPACE',''
  ) );
#20148 = PCURVE('',#20149,#20154);
#20149 = PLANE('',#20150);
#20150 = AXIS2_PLACEMENT_3D('',#20151,#20152,#20153);
#20151 = CARTESIAN_POINT('',(34.,12.5,-14.6));
#20152 = DIRECTION('',(0.,1.,0.));
#20153 = DIRECTION('',(0.,-0.,1.));
#20154 = DEFINITIONAL_REPRESENTATION('',(#20155),#20159);
#20155 = LINE('',#20156,#20157);
#20156 = CARTESIAN_POINT('',(0.,0.));
#20157 = VECTOR('',#20158,1.);
#20158 = DIRECTION('',(1.,0.));
#20159 = ( GEOMETRIC_REPRESENTATION_CONTEXT(2) 
PARAMETRIC_REPRESENTATION_CONTEXT() REPRESENTATION_CONTEXT('2D SPACE',''
  ) );
#20160 = ORIENTED_EDGE('',*,*,#20161,.T.);
#20161 = EDGE_CURVE('',#20127,#20162,#20164,.T.);
#20162 = VERTEX_POINT('',#20163);
#20163 = CARTESIAN_POINT('',(34.,16.5,-14.6));
#20164 = SURFACE_CURVE('',#20165,(#20169,#20176),.PCURVE_S1.);
#20165 = LINE('',#20166,#20167);
#20166 = CARTESIAN_POINT('',(34.,12.5,-14.6));
#20167 = VECTOR('',#20168,1.);
#20168 = DIRECTION('',(0.,1.,0.));
#20169 = PCURVE('',#20137,#20170);
#20170 = DEFINITIONAL_REPRESENTATION('',(#20171),#20175);
#20171 = LINE('',#20172,#20173);
#20172 = CARTESIAN_POINT('',(0.,0.));
#20173 = VECTOR('',#20174,1.);
#20174 = DIRECTION('',(0.,-1.));
#20175 = ( GEOMETRIC_REPRESENTATION_CONTEXT(2) 
PARAMETRIC_REPRESENTATION_CONTEXT() REPRESENTATION_CONTEXT('2D SPACE',''
  ) );
#20176 = PCURVE('',#20177,#20182);
#20177 = PLANE('',#20178);
#20178 = AXIS2_PLACEMENT_3D('',#20179,#20180,#20181);
#20179 = CARTESIAN_POINT('',(34.,12.5,-14.6));
#20180 = DIRECTION('',(0.,0.,1.));
#20181 = DIRECTION('',(1.,0.,-0.));
#20182 = DEFINITIONAL_REPRESENTATION('',(#20183),#20187);
#20183 = LINE('',#20184,#20185);
#20184 = CARTESIAN_POINT('',(0.,0.));
#20185 = VECTOR('',#20186,1.);
#20186 = DIRECTION('',(0.,1.));
#20187 = ( GEOMETRIC_REPRESENTATION_CONTEXT(2) 
PARAMETRIC_REPRESENTATION_CONTEXT() REPRESENTATION_CONTEXT('2D SPACE',''
  ) );
#20188 = ORIENTED_EDGE('',*,*,#20189,.T.);
#20189 = EDGE_CURVE('',#20162,#20190,#20192,.T.);
#20190 = VERTEX_POINT('',#20191);
#20191 = CARTESIAN_POINT('',(34.,16.5,-13.4));
#20192 = SURFACE_CURVE('',#20193,(#20197,#20204),.PCURVE_S1.);
#20193 = LINE('',#20194,#20195);
#20194 = CARTESIAN_POINT('',(34.,16.5,-14.6));
#20195 = VECTOR('',#20196,1.);
#20196 = DIRECTION('',(0.,0.,1.));
#20197 = PCURVE('',#20137,#20198);
#20198 = DEFINITIONAL_REPRESENTATION('',(#20199),#20203);
#20199 = LINE('',#20200,#20201);
#20200 = CARTESIAN_POINT('',(0.,-4.));
#20201 = VECTOR('',#20202,1.);
#20202 = DIRECTION('',(1.,0.));
#20203 = ( GEOMETRIC_REPRESENTATION_CONTEXT(2) 
PARAMETRIC_REPRESENTATION_CONTEXT() REPRESENTATION_CONTEXT('2D SPACE',''
  ) );
#20204 = PCURVE('',#20205,#20210);
#20205 = PLANE('',#20206);
#20206 = AXIS2_PLACEMENT_3D('',#20207,#20208,#20209);
#20207 = CARTESIAN_POINT('',(34.,16.5,-14.6));
#20208 = DIRECTION('',(0.,1.,0.));
#20209 = DIRECTION('',(0.,-0.,1.));
#20210 = DEFINITIONAL_REPRESENTATION('',(#20211),#20215);
#20211 = LINE('',#20212,#20213);
#20212 = CARTESIAN_POINT('',(0.,0.));
#20213 = VECTOR('',#20214,1.);
#20214 = DIRECTION('',(1.,0.));
#20215 = ( GEOMETRIC_REPRESENTATION_CONTEXT(2) 
PARAMETRIC_REPRESENTATION_CONTEXT() REPRESENTATION_CONTEXT('2D SPACE',''
  ) );
#20216 = ORIENTED_EDGE('',*,*,#20217,.F.);
#20217 = EDGE_CURVE('',#20129,#20190,#20218,.T.);
#20218 = SURFACE_CURVE('',#20219,(#20223,#20230),.PCURVE_S1.);
#20219 = LINE('',#20220,#20221);
#20220 = CARTESIAN_POINT('',(34.,12.5,-13.4));
#20221 = VECTOR('',#20222,1.);
#20222 = DIRECTION('',(0.,1.,0.));
#20223 = PCURVE('',#20137,#20224);
#20224 = DEFINITIONAL_REPRESENTATION('',(#20225),#20229);
#20225 = LINE('',#20226,#20227);
#20226 = CARTESIAN_POINT('',(1.2,0.));
#20227 = VECTOR('',#20228,1.);
#20228 = DIRECTION('',(0.,-1.));
#20229 = ( GEOMETRIC_REPRESENTATION_CONTEXT(2) 
PARAMETRIC_REPRESENTATION_CONTEXT() REPRESENTATION_CONTEXT('2D SPACE',''
  ) );
#20230 = PCURVE('',#20231,#20236);
#20231 = PLANE('',#20232);
#20232 = AXIS2_PLACEMENT_3D('',#20233,#20234,#20235);
#20233 = CARTESIAN_POINT('',(34.,12.5,-13.4));
#20234 = DIRECTION('',(0.,0.,1.));
#20235 = DIRECTION('',(1.,0.,-0.));
#20236 = DEFINITIONAL_REPRESENTATION('',(#20237),#20241);
#20237 = LINE('',#20238,#20239);
#20238 = CARTESIAN_POINT('',(0.,0.));
#20239 = VECTOR('',#20240,1.);
#20240 = DIRECTION('',(0.,1.));
#20241 = ( GEOMETRIC_REPRESENTATION_CONTEXT(2) 
PARAMETRIC_REPRESENTATION_CONTEXT() REPRESENTATION_CONTEXT('2D SPACE',''
  ) );
#20242 = ADVANCED_FACE('',(#20243),#20149,.F.);
#20243 = FACE_BOUND('',#20244,.F.);
#20244 = EDGE_LOOP('',(#20245,#20268,#20269,#20292));
#20245 = ORIENTED_EDGE('',*,*,#20246,.F.);
#20246 = EDGE_CURVE('',#20127,#20247,#20249,.T.);
#20247 = VERTEX_POINT('',#20248);
#20248 = CARTESIAN_POINT('',(38.,12.5,-14.6));
#20249 = SURFACE_CURVE('',#20250,(#20254,#20261),.PCURVE_S1.);
#20250 = LINE('',#20251,#20252);
#20251 = CARTESIAN_POINT('',(34.,12.5,-14.6));
#20252 = VECTOR('',#20253,1.);
#20253 = DIRECTION('',(1.,0.,0.));
#20254 = PCURVE('',#20149,#20255);
#20255 = DEFINITIONAL_REPRESENTATION('',(#20256),#20260);
#20256 = LINE('',#20257,#20258);
#20257 = CARTESIAN_POINT('',(0.,0.));
#20258 = VECTOR('',#20259,1.);
#20259 = DIRECTION('',(0.,1.));
#20260 = ( GEOMETRIC_REPRESENTATION_CONTEXT(2) 
PARAMETRIC_REPRESENTATION_CONTEXT() REPRESENTATION_CONTEXT('2D SPACE',''
  ) );
#20261 = PCURVE('',#20177,#20262);
#20262 = DEFINITIONAL_REPRESENTATION('',(#20263),#20267);
#20263 = LINE('',#20264,#20265);
#20264 = CARTESIAN_POINT('',(0.,0.));
#20265 = VECTOR('',#20266,1.);
#20266 = DIRECTION('',(1.,0.));
#20267 = ( GEOMETRIC_REPRESENTATION_CONTEXT(2) 
PARAMETRIC_REPRESENTATION_CONTEXT() REPRESENTATION_CONTEXT('2D SPACE',''
  ) );
#20268 = ORIENTED_EDGE('',*,*,#20126,.T.);
#20269 = ORIENTED_EDGE('',*,*,#20270,.T.);
#20270 = EDGE_CURVE('',#20129,#20271,#20273,.T.);
#20271 = VERTEX_POINT('',#20272);
#20272 = CARTESIAN_POINT('',(38.,12.5,-13.4));
#20273 = SURFACE_CURVE('',#20274,(#20278,#20285),.PCURVE_S1.);
#20274 = LINE('',#20275,#20276);
#20275 = CARTESIAN_POINT('',(34.,12.5,-13.4));
#20276 = VECTOR('',#20277,1.);
#20277 = DIRECTION('',(1.,0.,0.));
#20278 = PCURVE('',#20149,#20279);
#20279 = DEFINITIONAL_REPRESENTATION('',(#20280),#20284);
#20280 = LINE('',#20281,#20282);
#20281 = CARTESIAN_POINT('',(1.2,0.));
#20282 = VECTOR('',#20283,1.);
#20283 = DIRECTION('',(0.,1.));
#20284 = ( GEOMETRIC_REPRESENTATION_CONTEXT(2) 
PARAMETRIC_REPRESENTATION_CONTEXT() REPRESENTATION_CONTEXT('2D SPACE',''
  ) );
#20285 = PCURVE('',#20231,#20286);
#20286 = DEFINITIONAL_REPRESENTATION('',(#20287),#20291);
#20287 = LINE('',#20288,#20289);
#20288 = CARTESIAN_POINT('',(0.,0.));
#20289 = VECTOR('',#20290,1.);
#20290 = DIRECTION('',(1.,0.));
#20291 = ( GEOMETRIC_REPRESENTATION_CONTEXT(2) 
PARAMETRIC_REPRESENTATION_CONTEXT() REPRESENTATION_CONTEXT('2D SPACE',''
  ) );
#20292 = ORIENTED_EDGE('',*,*,#20293,.F.);
#20293 = EDGE_CURVE('',#20247,#20271,#20294,.T.);
#20294 = SURFACE_CURVE('',#20295,(#20299,#20306),.PCURVE_S1.);
#20295 = LINE('',#20296,#20297);
#20296 = CARTESIAN_POINT('',(38.,12.5,-14.6));
#20297 = VECTOR('',#20298,1.);
#20298 = DIRECTION('',(0.,0.,1.));
#20299 = PCURVE('',#20149,#20300);
#20300 = DEFINITIONAL_REPRESENTATION('',(#20301),#20305);
#20301 = LINE('',#20302,#20303);
#20302 = CARTESIAN_POINT('',(0.,4.));
#20303 = VECTOR('',#20304,1.);
#20304 = DIRECTION('',(1.,0.));
#20305 = ( GEOMETRIC_REPRESENTATION_CONTEXT(2) 
PARAMETRIC_REPRESENTATION_CONTEXT() REPRESENTATION_CONTEXT('2D SPACE',''
  ) );
#20306 = PCURVE('',#20307,#20312);
#20307 = PLANE('',#20308);
#20308 = AXIS2_PLACEMENT_3D('',#20309,#20310,#20311);
#20309 = CARTESIAN_POINT('',(38.,12.5,-14.6));
#20310 = DIRECTION('',(1.,0.,0.));
#20311 = DIRECTION('',(0.,0.,1.));
#20312 = DEFINITIONAL_REPRESENTATION('',(#20313),#20317);
#20313 = LINE('',#20314,#20315);
#20314 = CARTESIAN_POINT('',(0.,0.));
#20315 = VECTOR('',#20316,1.);
#20316 = DIRECTION('',(1.,0.));
#20317 = ( GEOMETRIC_REPRESENTATION_CONTEXT(2) 
PARAMETRIC_REPRESENTATION_CONTEXT() REPRESENTATION_CONTEXT('2D SPACE',''
  ) );
#20318 = ADVANCED_FACE('',(#20319,#20367),#20231,.T.);
#20319 = FACE_BOUND('',#20320,.T.);
#20320 = EDGE_LOOP('',(#20321,#20322,#20323,#20346));
#20321 = ORIENTED_EDGE('',*,*,#20217,.F.);
#20322 = ORIENTED_EDGE('',*,*,#20270,.T.);
#20323 = ORIENTED_EDGE('',*,*,#20324,.T.);
#20324 = EDGE_CURVE('',#20271,#20325,#20327,.T.);
#20325 = VERTEX_POINT('',#20326);
#20326 = CARTESIAN_POINT('',(38.,16.5,-13.4));
#20327 = SURFACE_CURVE('',#20328,(#20332,#20339),.PCURVE_S1.);
#20328 = LINE('',#20329,#20330);
#20329 = CARTESIAN_POINT('',(38.,12.5,-13.4));
#20330 = VECTOR('',#20331,1.);
#20331 = DIRECTION('',(0.,1.,0.));
#20332 = PCURVE('',#20231,#20333);
#20333 = DEFINITIONAL_REPRESENTATION('',(#20334),#20338);
#20334 = LINE('',#20335,#20336);
#20335 = CARTESIAN_POINT('',(4.,0.));
#20336 = VECTOR('',#20337,1.);
#20337 = DIRECTION('',(0.,1.));
#20338 = ( GEOMETRIC_REPRESENTATION_CONTEXT(2) 
PARAMETRIC_REPRESENTATION_CONTEXT() REPRESENTATION_CONTEXT('2D SPACE',''
  ) );
#20339 = PCURVE('',#20307,#20340);
#20340 = DEFINITIONAL_REPRESENTATION('',(#20341),#20345);
#20341 = LINE('',#20342,#20343);
#20342 = CARTESIAN_POINT('',(1.2,0.));
#20343 = VECTOR('',#20344,1.);
#20344 = DIRECTION('',(0.,-1.));
#20345 = ( GEOMETRIC_REPRESENTATION_CONTEXT(2) 
PARAMETRIC_REPRESENTATION_CONTEXT() REPRESENTATION_CONTEXT('2D SPACE',''
  ) );
#20346 = ORIENTED_EDGE('',*,*,#20347,.F.);
#20347 = EDGE_CURVE('',#20190,#20325,#20348,.T.);
#20348 = SURFACE_CURVE('',#20349,(#20353,#20360),.PCURVE_S1.);
#20349 = LINE('',#20350,#20351);
#20350 = CARTESIAN_POINT('',(34.,16.5,-13.4));
#20351 = VECTOR('',#20352,1.);
#20352 = DIRECTION('',(1.,0.,0.));
#20353 = PCURVE('',#20231,#20354);
#20354 = DEFINITIONAL_REPRESENTATION('',(#20355),#20359);
#20355 = LINE('',#20356,#20357);
#20356 = CARTESIAN_POINT('',(0.,4.));
#20357 = VECTOR('',#20358,1.);
#20358 = DIRECTION('',(1.,0.));
#20359 = ( GEOMETRIC_REPRESENTATION_CONTEXT(2) 
PARAMETRIC_REPRESENTATION_CONTEXT() REPRESENTATION_CONTEXT('2D SPACE',''
  ) );
#20360 = PCURVE('',#20205,#20361);
#20361 = DEFINITIONAL_REPRESENTATION('',(#20362),#20366);
#20362 = LINE('',#20363,#20364);
#20363 = CARTESIAN_POINT('',(1.2,0.));
#20364 = VECTOR('',#20365,1.);
#20365 = DIRECTION('',(0.,1.));
#20366 = ( GEOMETRIC_REPRESENTATION_CONTEXT(2) 
PARAMETRIC_REPRESENTATION_CONTEXT() REPRESENTATION_CONTEXT('2D SPACE',''
  ) );
#20367 = FACE_BOUND('',#20368,.T.);
#20368 = EDGE_LOOP('',(#20369));
#20369 = ORIENTED_EDGE('',*,*,#20370,.F.);
#20370 = EDGE_CURVE('',#20371,#20371,#20373,.T.);
#20371 = VERTEX_POINT('',#20372);
#20372 = CARTESIAN_POINT('',(37.,14.5,-13.4));
#20373 = SURFACE_CURVE('',#20374,(#20379,#20386),.PCURVE_S1.);
#20374 = CIRCLE('',#20375,1.);
#20375 = AXIS2_PLACEMENT_3D('',#20376,#20377,#20378);
#20376 = CARTESIAN_POINT('',(36.,14.5,-13.4));
#20377 = DIRECTION('',(0.,0.,1.));
#20378 = DIRECTION('',(1.,0.,-0.));
#20379 = PCURVE('',#20231,#20380);
#20380 = DEFINITIONAL_REPRESENTATION('',(#20381),#20385);
#20381 = CIRCLE('',#20382,1.);
#20382 = AXIS2_PLACEMENT_2D('',#20383,#20384);
#20383 = CARTESIAN_POINT('',(2.,2.));
#20384 = DIRECTION('',(1.,0.));
#20385 = ( GEOMETRIC_REPRESENTATION_CONTEXT(2) 
PARAMETRIC_REPRESENTATION_CONTEXT() REPRESENTATION_CONTEXT('2D SPACE',''
  ) );
#20386 = PCURVE('',#20387,#20392);
#20387 = CYLINDRICAL_SURFACE('',#20388,1.);
#20388 = AXIS2_PLACEMENT_3D('',#20389,#20390,#20391);
#20389 = CARTESIAN_POINT('',(36.,14.5,-14.7));
#20390 = DIRECTION('',(0.,0.,1.));
#20391 = DIRECTION('',(1.,0.,-0.));
#20392 = DEFINITIONAL_REPRESENTATION('',(#20393),#20397);
#20393 = LINE('',#20394,#20395);
#20394 = CARTESIAN_POINT('',(0.,1.3));
#20395 = VECTOR('',#20396,1.);
#20396 = DIRECTION('',(1.,0.));
#20397 = ( GEOMETRIC_REPRESENTATION_CONTEXT(2) 
PARAMETRIC_REPRESENTATION_CONTEXT() REPRESENTATION_CONTEXT('2D SPACE',''
  ) );
#20398 = ADVANCED_FACE('',(#20399),#20205,.T.);
#20399 = FACE_BOUND('',#20400,.T.);
#20400 = EDGE_LOOP('',(#20401,#20424,#20425,#20426));
#20401 = ORIENTED_EDGE('',*,*,#20402,.F.);
#20402 = EDGE_CURVE('',#20162,#20403,#20405,.T.);
#20403 = VERTEX_POINT('',#20404);
#20404 = CARTESIAN_POINT('',(38.,16.5,-14.6));
#20405 = SURFACE_CURVE('',#20406,(#20410,#20417),.PCURVE_S1.);
#20406 = LINE('',#20407,#20408);
#20407 = CARTESIAN_POINT('',(34.,16.5,-14.6));
#20408 = VECTOR('',#20409,1.);
#20409 = DIRECTION('',(1.,0.,0.));
#20410 = PCURVE('',#20205,#20411);
#20411 = DEFINITIONAL_REPRESENTATION('',(#20412),#20416);
#20412 = LINE('',#20413,#20414);
#20413 = CARTESIAN_POINT('',(0.,0.));
#20414 = VECTOR('',#20415,1.);
#20415 = DIRECTION('',(0.,1.));
#20416 = ( GEOMETRIC_REPRESENTATION_CONTEXT(2) 
PARAMETRIC_REPRESENTATION_CONTEXT() REPRESENTATION_CONTEXT('2D SPACE',''
  ) );
#20417 = PCURVE('',#20177,#20418);
#20418 = DEFINITIONAL_REPRESENTATION('',(#20419),#20423);
#20419 = LINE('',#20420,#20421);
#20420 = CARTESIAN_POINT('',(0.,4.));
#20421 = VECTOR('',#20422,1.);
#20422 = DIRECTION('',(1.,0.));
#20423 = ( GEOMETRIC_REPRESENTATION_CONTEXT(2) 
PARAMETRIC_REPRESENTATION_CONTEXT() REPRESENTATION_CONTEXT('2D SPACE',''
  ) );
#20424 = ORIENTED_EDGE('',*,*,#20189,.T.);
#20425 = ORIENTED_EDGE('',*,*,#20347,.T.);
#20426 = ORIENTED_EDGE('',*,*,#20427,.F.);
#20427 = EDGE_CURVE('',#20403,#20325,#20428,.T.);
#20428 = SURFACE_CURVE('',#20429,(#20433,#20440),.PCURVE_S1.);
#20429 = LINE('',#20430,#20431);
#20430 = CARTESIAN_POINT('',(38.,16.5,-14.6));
#20431 = VECTOR('',#20432,1.);
#20432 = DIRECTION('',(0.,0.,1.));
#20433 = PCURVE('',#20205,#20434);
#20434 = DEFINITIONAL_REPRESENTATION('',(#20435),#20439);
#20435 = LINE('',#20436,#20437);
#20436 = CARTESIAN_POINT('',(0.,4.));
#20437 = VECTOR('',#20438,1.);
#20438 = DIRECTION('',(1.,0.));
#20439 = ( GEOMETRIC_REPRESENTATION_CONTEXT(2) 
PARAMETRIC_REPRESENTATION_CONTEXT() REPRESENTATION_CONTEXT('2D SPACE',''
  ) );
#20440 = PCURVE('',#20307,#20441);
#20441 = DEFINITIONAL_REPRESENTATION('',(#20442),#20446);
#20442 = LINE('',#20443,#20444);
#20443 = CARTESIAN_POINT('',(0.,-4.));
#20444 = VECTOR('',#20445,1.);
#20445 = DIRECTION('',(1.,0.));
#20446 = ( GEOMETRIC_REPRESENTATION_CONTEXT(2) 
PARAMETRIC_REPRESENTATION_CONTEXT() REPRESENTATION_CONTEXT('2D SPACE',''
  ) );
#20447 = ADVANCED_FACE('',(#20448,#20474),#20177,.F.);
#20448 = FACE_BOUND('',#20449,.F.);
#20449 = EDGE_LOOP('',(#20450,#20451,#20452,#20473));
#20450 = ORIENTED_EDGE('',*,*,#20161,.F.);
#20451 = ORIENTED_EDGE('',*,*,#20246,.T.);
#20452 = ORIENTED_EDGE('',*,*,#20453,.T.);
#20453 = EDGE_CURVE('',#20247,#20403,#20454,.T.);
#20454 = SURFACE_CURVE('',#20455,(#20459,#20466),.PCURVE_S1.);
#20455 = LINE('',#20456,#20457);
#20456 = CARTESIAN_POINT('',(38.,12.5,-14.6));
#20457 = VECTOR('',#20458,1.);
#20458 = DIRECTION('',(0.,1.,0.));
#20459 = PCURVE('',#20177,#20460);
#20460 = DEFINITIONAL_REPRESENTATION('',(#20461),#20465);
#20461 = LINE('',#20462,#20463);
#20462 = CARTESIAN_POINT('',(4.,0.));
#20463 = VECTOR('',#20464,1.);
#20464 = DIRECTION('',(0.,1.));
#20465 = ( GEOMETRIC_REPRESENTATION_CONTEXT(2) 
PARAMETRIC_REPRESENTATION_CONTEXT() REPRESENTATION_CONTEXT('2D SPACE',''
  ) );
#20466 = PCURVE('',#20307,#20467);
#20467 = DEFINITIONAL_REPRESENTATION('',(#20468),#20472);
#20468 = LINE('',#20469,#20470);
#20469 = CARTESIAN_POINT('',(0.,0.));
#20470 = VECTOR('',#20471,1.);
#20471 = DIRECTION('',(0.,-1.));
#20472 = ( GEOMETRIC_REPRESENTATION_CONTEXT(2) 
PARAMETRIC_REPRESENTATION_CONTEXT() REPRESENTATION_CONTEXT('2D SPACE',''
  ) );
#20473 = ORIENTED_EDGE('',*,*,#20402,.F.);
#20474 = FACE_BOUND('',#20475,.F.);
#20475 = EDGE_LOOP('',(#20476));
#20476 = ORIENTED_EDGE('',*,*,#20477,.F.);
#20477 = EDGE_CURVE('',#20478,#20478,#20480,.T.);
#20478 = VERTEX_POINT('',#20479);
#20479 = CARTESIAN_POINT('',(37.,14.5,-14.6));
#20480 = SURFACE_CURVE('',#20481,(#20486,#20493),.PCURVE_S1.);
#20481 = CIRCLE('',#20482,1.);
#20482 = AXIS2_PLACEMENT_3D('',#20483,#20484,#20485);
#20483 = CARTESIAN_POINT('',(36.,14.5,-14.6));
#20484 = DIRECTION('',(0.,0.,1.));
#20485 = DIRECTION('',(1.,0.,-0.));
#20486 = PCURVE('',#20177,#20487);
#20487 = DEFINITIONAL_REPRESENTATION('',(#20488),#20492);
#20488 = CIRCLE('',#20489,1.);
#20489 = AXIS2_PLACEMENT_2D('',#20490,#20491);
#20490 = CARTESIAN_POINT('',(2.,2.));
#20491 = DIRECTION('',(1.,0.));
#20492 = ( GEOMETRIC_REPRESENTATION_CONTEXT(2) 
PARAMETRIC_REPRESENTATION_CONTEXT() REPRESENTATION_CONTEXT('2D SPACE',''
  ) );
#20493 = PCURVE('',#20387,#20494);
#20494 = DEFINITIONAL_REPRESENTATION('',(#20495),#20499);
#20495 = LINE('',#20496,#20497);
#20496 = CARTESIAN_POINT('',(0.,0.1));
#20497 = VECTOR('',#20498,1.);
#20498 = DIRECTION('',(1.,0.));
#20499 = ( GEOMETRIC_REPRESENTATION_CONTEXT(2) 
PARAMETRIC_REPRESENTATION_CONTEXT() REPRESENTATION_CONTEXT('2D SPACE',''
  ) );
#20500 = ADVANCED_FACE('',(#20501),#20307,.T.);
#20501 = FACE_BOUND('',#20502,.T.);
#20502 = EDGE_LOOP('',(#20503,#20504,#20505,#20506));
#20503 = ORIENTED_EDGE('',*,*,#20293,.F.);
#20504 = ORIENTED_EDGE('',*,*,#20453,.T.);
#20505 = ORIENTED_EDGE('',*,*,#20427,.T.);
#20506 = ORIENTED_EDGE('',*,*,#20324,.F.);
#20507 = ADVANCED_FACE('',(#20508),#20387,.F.);
#20508 = FACE_BOUND('',#20509,.F.);
#20509 = EDGE_LOOP('',(#20510,#20511,#20532,#20533));
#20510 = ORIENTED_EDGE('',*,*,#20370,.F.);
#20511 = ORIENTED_EDGE('',*,*,#20512,.F.);
#20512 = EDGE_CURVE('',#20478,#20371,#20513,.T.);
#20513 = SEAM_CURVE('',#20514,(#20518,#20525),.PCURVE_S1.);
#20514 = LINE('',#20515,#20516);
#20515 = CARTESIAN_POINT('',(37.,14.5,-14.7));
#20516 = VECTOR('',#20517,1.);
#20517 = DIRECTION('',(0.,0.,1.));
#20518 = PCURVE('',#20387,#20519);
#20519 = DEFINITIONAL_REPRESENTATION('',(#20520),#20524);
#20520 = LINE('',#20521,#20522);
#20521 = CARTESIAN_POINT('',(0.,-0.));
#20522 = VECTOR('',#20523,1.);
#20523 = DIRECTION('',(0.,1.));
#20524 = ( GEOMETRIC_REPRESENTATION_CONTEXT(2) 
PARAMETRIC_REPRESENTATION_CONTEXT() REPRESENTATION_CONTEXT('2D SPACE',''
  ) );
#20525 = PCURVE('',#20387,#20526);
#20526 = DEFINITIONAL_REPRESENTATION('',(#20527),#20531);
#20527 = LINE('',#20528,#20529);
#20528 = CARTESIAN_POINT('',(6.28318530718,-0.));
#20529 = VECTOR('',#20530,1.);
#20530 = DIRECTION('',(0.,1.));
#20531 = ( GEOMETRIC_REPRESENTATION_CONTEXT(2) 
PARAMETRIC_REPRESENTATION_CONTEXT() REPRESENTATION_CONTEXT('2D SPACE',''
  ) );
#20532 = ORIENTED_EDGE('',*,*,#20477,.T.);
#20533 = ORIENTED_EDGE('',*,*,#20512,.T.);
#20534 = ( GEOMETRIC_REPRESENTATION_CONTEXT(3) 
GLOBAL_UNCERTAINTY_ASSIGNED_CONTEXT((#20538)) 
GLOBAL_UNIT_ASSIGNED_CONTEXT((#20535,#20536,#20537)) 
REPRESENTATION_CONTEXT('Context #1',
  '3D Context with UNIT and UNCERTAINTY') );
#20535 = ( LENGTH_UNIT() NAMED_UNIT(*) SI_UNIT(.MILLI.,.METRE.) );
#20536 = ( NAMED_UNIT(*) PLANE_ANGLE_UNIT() SI_UNIT($,.RADIAN.) );
#20537 = ( NAMED_UNIT(*) SI_UNIT($,.STERADIAN.) SOLID_ANGLE_UNIT() );
#20538 = UNCERTAINTY_MEASURE_WITH_UNIT(LENGTH_MEASURE(1.E-07),#20535,
  'distance_accuracy_value','confusion accuracy');
#20539 = CONTEXT_DEPENDENT_SHAPE_REPRESENTATION(#20540,#20542);
#20540 = ( REPRESENTATION_RELATIONSHIP('','',#20119,#10) 
REPRESENTATION_RELATIONSHIP_WITH_TRANSFORMATION(#20541) 
SHAPE_REPRESENTATION_RELATIONSHIP() );
#20541 = ITEM_DEFINED_TRANSFORMATION('','',#11,#71);
#20542 = PRODUCT_DEFINITION_SHAPE('Placement','Placement of an item',
  #20543);
#20543 = NEXT_ASSEMBLY_USAGE_OCCURRENCE('30','boot_36_14.5_nut','',#5,
  #20114,$);
#20544 = PRODUCT_RELATED_PRODUCT_CATEGORY('part',$,(#20116));
ENDSEC;
END-ISO-10303-21;
